reject_id,reason,duplicate_of_hash,source_csv,source_csv_row_index,item_id,page_index,candidate_text_candidate,source_norm_hash,mining_score,extraction_quality_proxy,categories_from_mining,risk_notes
MCT-UWINDSOR-365-REJECT-0001,same_item_page_near_duplicate,233841bc7bea6383,common_actor_struggles_quote_bucket_verified_draft.md,10,837,1,"The illusion of the whole is there but the real experience of the whole - the beginning and the end - is not. We must know that there are two feelings of the whole - one is the intellectual which we cannot apply to our art at all; and the other is that which feeds and leads our whole nature. It is the whole nature which participates in this rhythmical thing. The beginning must be connected with the end. When you begin the rhythmical event, you must anticipate the end. It is really the whole nature with all its functions.",ddfa6142bb37caf3,140,0.887,actor_struggle;daily_inspiration;directing_academic_footnote;method_terms,Not public cleared. Draft says punctuation/capitalization mostly follows visible typescript; second human/PDF read recommended. Previously seed-verified and re-rendered in this pass. Good readability.
MCT-UWINDSOR-365-REJECT-0002,exact_normalized_duplicate,79159b9ddd57d171,common_actor_struggles_quote_bucket_verified_draft.md,2,1077,4,"Secondly, the simple action, and the simple quality will appeal to our utmost inner life, as we are not touching our feelings first, we are not tearing our soul to pieces to find our feelings, which cannot be found in that way. When the actor cannot find his feelings - for instance, tender love for a child - if he tells the director that he has never had a child, the director can answer him that everyone can give the quality of tenderness and love to his actions. Simultaneously we take the action of moving the chair with the quality of ""care"". Neither is the result, they are only the springboard for awakening the two main things which actors must always use to the fullest extent - our will, or action, and our feelings. For action we must just choose what to do or the action, and for the future feelings, we must choose how to do it, or the quality.",79159b9ddd57d171,138,0.887,actor_struggle;daily_inspiration;directing_academic_footnote;method_terms,Not public cleared. Draft says punctuation/capitalization mostly follows visible typescript; second human/PDF read recommended. New visual check in this pass. Good readability.
MCT-UWINDSOR-365-REJECT-0003,same_item_page_near_duplicate,ec6c6005c88c3568,common_actor_struggles_quote_bucket_verified_draft.md,13,663,5,"It is wrong for a play to end when the curtain goes down as it does in the theatre today, because if we have acted for the whole evening the result of the performance is always after the curtain is down. The better the performance, the more the audience will feel that it does not want to move. The actors must remain for a few moments in the atmosphere at the end of the play. We must establish a new habit to act after the fall of the curtain. Gradually the audience will understand that this is the most precious moment.",c5b7d51a7cd166e9,137,0.892,actor_struggle;daily_inspiration;directing_academic_footnote,Not public cleared. Draft says punctuation/capitalization mostly follows visible typescript; second human/PDF read recommended. New visual check in this pass. Good readability.
MCT-UWINDSOR-365-REJECT-0004,substring_or_overlap_duplicate,c6766965dce09102,common_actor_struggles_quote_bucket_verified_draft.md,8,635,3,"Everyone brought a different style to the stage. We must somehow find the right style. The director will help you with this later on; but to begin with, we must be aware of the style of the fairy tale, and each one must try to find the style which will unite the whole. That which comes at the first moment will often remain in the character until the very end. You must keep these characters - try not to lose them. If you want to throw them away, it is all right but do not lose them unwittingly. You must decide whether you wish to have certain characters or not. Like eating and drinking, each day you must live with your images. Each day, each hour you must live with them and work with them.",ad31684c65c45e52,137,0.889,actor_struggle;daily_inspiration;directing_academic_footnote;method_terms,Not public cleared. Draft says punctuation/capitalization mostly follows visible typescript; second human/PDF read recommended. New visual check in this pass. Good readability.
MCT-UWINDSOR-365-REJECT-0005,same_item_page_near_duplicate,f365d44e87f62a48,common_actor_struggles_quote_bucket_verified_draft.md,9,665,7,"The main point of our Method is that we must not be afraid of the most important moments. Imagine the moment when John is trying, with his heavy wet boots, to jump out of the boat. We are able to touch this moment of the play without spoiling anything. You must find the most important points in the play. By finding the important points you will build a skeleton and this will be of great importance to the actor who will know the important point to which he is working.",62fdff68d38a1a91,134,0.892,actor_struggle;daily_inspiration;directing_academic_footnote;method_terms,Not public cleared. Draft says punctuation/capitalization mostly follows visible typescript; second human/PDF read recommended. New visual check in this pass. Good readability.
MCT-UWINDSOR-365-REJECT-0006,same_item_page_source_page_cap,233841bc7bea6383,chekhov_on_directing_footnote_targets_raw.csv,3,837,1,"OF THE IIHOLEI The beginning and the end. the feeling of the whole. must be experienced by our whole being in the same may as the objective. psychological gesture, etc. Between the beginning and the end, the life floweWe must feel everything that is going on between the beginning end the",01c9ac3a4c1e69a1,140,0.887,actor_struggle;daily_inspiration;directing_academic_footnote;method_terms,OCR/text-layer extraction candidate copied exactly from CSV field candidate_text_from_extraction_not_final; do not quote publicly until visually verified and cleared.
MCT-UWINDSOR-365-REJECT-0007,same_item_page_source_page_cap,233841bc7bea6383,chekhov_on_directing_footnote_targets_raw.csv,8,837,1,"The illusion of the whole is there but the real experience of the whole - the beginning and the end - is not. We must know that there are two feelings of the whole - one is the intellectual which we cannot apply to our art at all, and the other is that which feeds and lends’our whole nature.",7870de65d6ba7a5e,138,0.887,actor_struggle;daily_inspiration;directing_academic_footnote,OCR/text-layer extraction candidate copied exactly from CSV field candidate_text_from_extraction_not_final; do not quote publicly until visually verified and cleared.
MCT-UWINDSOR-365-REJECT-0008,same_item_page_source_page_cap,ec6c6005c88c3568,chekhov_on_directing_footnote_targets_raw.csv,9,663,5,These thrce points are the moments which will lead us through the whole play. tur play begins with a certain silence and ends with a silence. and between these two silences lies the whole play. Low we must try to find some technical mise en sccnc for the beginning and the end; as a frame.,f14f540342b2adc8,137,0.892,actor_struggle;daily_inspiration;directing_academic_footnote,OCR/text-layer extraction candidate copied exactly from CSV field candidate_text_from_extraction_not_final; do not quote publicly until visually verified and cleared.
MCT-UWINDSOR-365-REJECT-0009,same_item_page_source_page_cap,4d5c95255bc1c074,chekhov_on_directing_footnote_targets_raw.csv,6,847,1,"We will only take into consideration rhythm in general, only as a feeling of the whole, with the beginning. the middle and the end, and you will do this by moving one hand. Be very conscious about this — the beginning, the middle part, and the and.",363d6113982074f3,139,0.889,actor_struggle;daily_inspiration;directing_academic_footnote;method_terms,OCR/text-layer extraction candidate copied exactly from CSV field candidate_text_from_extraction_not_final; do not quote publicly until visually verified and cleared.
MCT-UWINDSOR-365-REJECT-0010,same_item_page_source_page_cap,c6766965dce09102,chekhov_on_directing_footnote_targets_raw.csv,12,635,3,"The director will help you with this later on»: but to begin with, we must be aware of the style of the fairy taile, tné each one must try to find the style which will unite the whole. That which comes at the first moment will often rommin in the character until the very end.",55834eafdb31269e,137,0.889,actor_struggle;daily_inspiration;directing_academic_footnote;method_terms,OCR/text-layer extraction candidate copied exactly from CSV field candidate_text_from_extraction_not_final; do not quote publicly until visually verified and cleared.
MCT-UWINDSOR-365-REJECT-0011,same_item_page_source_page_cap,ec99c2842e2c3283,chekhov_on_directing_footnote_targets_raw.csv,10,746,36,0n the other hand. the ending of the Two Kinza is weak and leaves the audience without any Idea of that it has been all about. l‘wo Kim's: The director should try to find a new psychological gesture for the whole play. one that would give the actors an idea or the whole play.,b36929e162b65755,137,0.887,actor_struggle;daily_inspiration;directing_academic_footnote;method_terms,OCR/text-layer extraction candidate copied exactly from CSV field candidate_text_from_extraction_not_final; do not quote publicly until visually verified and cleared.
MCT-UWINDSOR-365-REJECT-0012,same_item_page_source_page_cap,1f9e2cc0de5fb5cc,chekhov_on_directing_footnote_targets_raw.csv,1,857,3,"I went to call your attention to the following: when you have done this movement with the feeling of the whole, certain interpretation was there which came from the condition that we are psychologically embracing the whole. Now, I will give you another condition, and you will see that interpretation inevitably comes through this rhythmical chansing. will you new experience the second thing - the beginning and the end, and the middle part which binds the bo-» ginning and tho and. or as we call the first part. the last part, and the second part.",5a16b56f084aa695,145,0.886,actor_struggle;daily_inspiration;directing_academic_footnote;method_terms,OCR/text-layer extraction candidate copied exactly from CSV field candidate_text_from_extraction_not_final; do not quote publicly until visually verified and cleared.
MCT-UWINDSOR-365-REJECT-0013,same_item_page_source_page_cap,5eb65514d2d6e7ec,chekhov_on_directing_footnote_targets_raw.csv,2,680,12,"This was lacking in Paul's appearance, but this is the question of a very fine composition in the soul of the actor. and the director's task in to combine the elements of the beginning. sn that they will be absolutely opposite to the end. iho psychological gesture of the and must be done. as well as the psychological gesture of the beginning. let us take another case. when Beatrice. as Jew} has received the inupiration. lho young actor in not always able to hide his or her personal things which are not quite right for the moment.",be718a2854d29572,144,0.890,actor_struggle;daily_inspiration;directing_academic_footnote;method_terms,OCR/text-layer extraction candidate copied exactly from CSV field candidate_text_from_extraction_not_final; do not quote publicly until visually verified and cleared.
MCT-UWINDSOR-365-REJECT-0014,same_item_page_source_page_cap,4d5c95255bc1c074,chekhov_on_directing_footnote_targets_raw.csv,11,847,1,"1938 RHYTHM - FEELING OF THE WHOLE RHYTHMICAL INTERPRETATION TEUPO PSYCHOLOGICAL GESEURE INSPIRATION‘ E ng Lear RHYTHM - FEELING OF THE WHOLE: We will do rhythmical exercises which will help you to hring rhythm into the plays. We will only take into consideration rhythm in general, only as a feeling of the whole, with the beginning. the middle and the end, and you will do this by moving one hand.",d24ed66900e4a749,137,0.889,actor_struggle;daily_inspiration;directing_academic_footnote;method_terms,OCR/text-layer extraction candidate copied exactly from CSV field candidate_text_from_extraction_not_final; do not quote publicly until visually verified and cleared.
MCT-UWINDSOR-365-REJECT-0015,same_item_page_source_page_cap,f365d44e87f62a48,chekhov_on_directing_footnote_targets_raw.csv,16,665,7,1937 afraid of touching the most important moments. if you had only the old methods you wohld not be able to do this. out by touching on the play you are able to do everything. and your imagination will work simultaneously with the gesture. The climax of this play is a most tragic situation. it is at the moment when Jocelyn meets her husband.,3aa611db9062711b,134,0.892,actor_struggle;daily_inspiration;directing_academic_footnote;method_terms,OCR/text-layer extraction candidate copied exactly from CSV field candidate_text_from_extraction_not_final; do not quote publicly until visually verified and cleared.
MCT-UWINDSOR-365-REJECT-0016,same_item_page_source_page_cap,4d5c95255bc1c074,chekhov_on_directing_footnote_targets_raw.csv,5,847,1,"We will only take into consideration rhythm in general, only as a feeling of the whole, with the beginning. the middle and the end, and you will do this by moving one hand.",24c825d2f25b8b31,139,0.889,actor_struggle;daily_inspiration;directing_academic_footnote;method_terms,OCR/text-layer extraction candidate copied exactly from CSV field candidate_text_from_extraction_not_final; do not quote publicly until visually verified and cleared.
MCT-UWINDSOR-365-REJECT-0017,same_item_page_source_page_cap,79159b9ddd57d171,chekhov_on_directing_footnote_targets_raw.csv,7,1077,4,"Secondly. the simple action, and the simple quality will appeal to our utmost inner life, as wo are not touching our feelings first. we are not tearing our soul to pieces to find our feclings,iwhich cannot be found in that way. When the actor cannot find his feelings — for instance, tender love for a child - if he tells the director that ho has never had a child. the director can answer him that everyone can give the quality of tenderness and love to his actions.",2e00f4d21be9c12b,138,0.887,actor_struggle;daily_inspiration;directing_academic_footnote;method_terms,OCR/text-layer extraction candidate copied exactly from CSV field candidate_text_from_extraction_not_final; do not quote publicly until visually verified and cleared.
MCT-UWINDSOR-365-REJECT-0018,same_item_page_source_page_cap,85fb97af64a7bf0a,chekhov_on_directing_footnote_targets_raw.csv,13,659,5,"1937 The loss free the actor will he in doing his psychological gesture, the more free he will he later on. it depends upon the director what form of the gesture he gives. we are now working with the psychological gesture because we want to understand it. Later we will perhaps pay less attention to it, and will pay more attention to imagination and other things. iho director can find the whole play in the platonic world.",1846179b646719e4,135,0.892,actor_struggle;daily_inspiration;directing_academic_footnote;method_terms,OCR/text-layer extraction candidate copied exactly from CSV field candidate_text_from_extraction_not_final; do not quote publicly until visually verified and cleared.
MCT-UWINDSOR-365-REJECT-0019,same_item_page_source_page_cap,ec99c2842e2c3283,chekhov_on_directing_footnote_targets_raw.csv,20,746,36,The ending in Bnllndina II is a very good line; it should be elaborated and made more clear. 0n the other hand. the ending of the Two Kinza is weak and leaves the audience without any Idea of that it has been all about. l‘wo Kim's: The director should try to find a new psychological gesture for the whole play. one that would give the actors an idea or the whole play.,25a8332744088292,132,0.887,actor_struggle;daily_inspiration;directing_academic_footnote;method_terms,OCR/text-layer extraction candidate copied exactly from CSV field candidate_text_from_extraction_not_final; do not quote publicly until visually verified and cleared.
MCT-UWINDSOR-365-REJECT-0020,same_item_page_source_page_cap,233841bc7bea6383,chekhov_on_directing_footnote_targets_raw.csv,14,837,1,"BEGINNING AND THE END - FEELING. OF THE IIHOLEI The beginning and the end. the feeling of the whole. must be experienced by our whole being in the same may as the objective. psychological gesture, etc.",93a3e6d7f75afdf1,134,0.887,actor_struggle;daily_inspiration;directing_academic_footnote;method_terms,OCR/text-layer extraction candidate copied exactly from CSV field candidate_text_from_extraction_not_final; do not quote publicly until visually verified and cleared.
MCT-UWINDSOR-365-REJECT-0021,same_item_page_source_page_cap,85961fc400740636,chekhov_on_directing_footnote_targets_raw.csv,23,836,1,"i-‘xichael Chekhov February 2a., 1938 STYLE - RHYTHHICAL EVENTS CHARACTERIZATION PSYCHOLOGICAL GESTURE STYLE - RHYTHNICAL EVENTS: Style from the point of View of rhythm. Each rhythmical avcnt has, as we know, a beginning and an end — what is in the middle we will leave for tho_moment.",89ce121c7eed690b,129,0.891,actor_struggle;directing_academic_footnote;method_terms,OCR/text-layer extraction candidate copied exactly from CSV field candidate_text_from_extraction_not_final; do not quote publicly until visually verified and cleared.
MCT-UWINDSOR-365-REJECT-0022,same_item_page_source_page_cap,233841bc7bea6383,chekhov_on_directing_footnote_targets_raw.csv,15,837,1,"OF THE IIHOLEI The beginning and the end. the feeling of the whole. must be experienced by our whole being in the same may as the objective. psychological gesture, etc.",6d38aa02ae7e7cb8,134,0.887,actor_struggle;daily_inspiration;directing_academic_footnote;method_terms,OCR/text-layer extraction candidate copied exactly from CSV field candidate_text_from_extraction_not_final; do not quote publicly until visually verified and cleared.
MCT-UWINDSOR-365-REJECT-0023,same_item_page_source_page_cap,1f9e2cc0de5fb5cc,chekhov_on_directing_footnote_targets_raw.csv,17,857,3,"Now, I will give you another condition, and you will see that interpretation inevitably comes through this rhythmical chansing. will you new experience the second thing - the beginning and the end, and the middle part which binds the bo-» ginning and tho and. or as we call the first part. the last part, and the second part. The whole. in which is the first part. the transitional part. and the third part - quite definitely the beginning. transition. the end.",795710125faabb62,134,0.886,actor_struggle;daily_inspiration;directing_academic_footnote,OCR/text-layer extraction candidate copied exactly from CSV field candidate_text_from_extraction_not_final; do not quote publicly until visually verified and cleared.
MCT-UWINDSOR-365-REJECT-0024,same_item_page_source_page_cap,79159b9ddd57d171,chekhov_on_directing_footnote_targets_raw.csv,42,1077,4,"But really prepared. and not empty clichés which are always following us. Secondly. the simple action, and the simple quality will appeal to our utmost inner life, as wo are not touching our feelings first. we are not tearing our soul to pieces to find our feclings,iwhich cannot be found in that way.",9104e01512e93c49,126,0.887,actor_struggle;daily_inspiration;directing_academic_footnote;method_terms,OCR/text-layer extraction candidate copied exactly from CSV field candidate_text_from_extraction_not_final; do not quote publicly until visually verified and cleared.
MCT-UWINDSOR-365-REJECT-0025,same_item_page_source_page_cap,85961fc400740636,chekhov_on_directing_footnote_targets_raw.csv,29,836,1,"Each rhythmical avcnt has, as we know, a beginning and an end — what is in the middle we will leave for tho_moment. But there is a beginning and an end, and the feeling of the whole is absolutely connected with this feeling of the be— ginning and tho end.",10616b2fa07c5922,128,0.891,actor_struggle;daily_inspiration;directing_academic_footnote,OCR/text-layer extraction candidate copied exactly from CSV field candidate_text_from_extraction_not_final; do not quote publicly until visually verified and cleared.
MCT-UWINDSOR-365-REJECT-0026,same_item_page_source_page_cap,7dc797a6dd829b8c,chekhov_on_directing_footnote_targets_raw.csv,4,699,5,"1, Chekhov iay , 1937 his feeling of the whole will cive them in lime the feelin, for each detail which will Bbe in a certain place, because they feel the whole more or less and what detail must be where, and what ind of detail. Then I would proceed to part of the scene and rahcarse the beginning and the end, first with the gesture, then from the point of view of the objective, or atmesphere, etc., but some point of view must be siven, Then 1 would take a part of the scene — for example, the Smint and Salladina, and lot them act from different points of view, ihen you will come more and more to det@ils.",ccd5e5f41f627023,140,0.893,actor_struggle;daily_inspiration;directing_academic_footnote;method_terms,OCR/text-layer extraction candidate copied exactly from CSV field candidate_text_from_extraction_not_final; do not quote publicly until visually verified and cleared.
MCT-UWINDSOR-365-REJECT-0027,same_item_page_source_page_cap,8f3765bd457dcf13,chekhov_on_directing_footnote_targets_raw.csv,46,1074,10,"We must not git back and wait - that is fear which chokes us, First of all, because you are an actor you cannot sit and wait, except if you are embarrassed, then, of course, nothing happens, For example, let us take the moment when the sailors are drinking and talking to sach other in the atmosphere, theres ig so much to dol",51371bf95297a81c,126,0.887,actor_struggle;daily_inspiration;directing_academic_footnote;method_terms,OCR/text-layer extraction candidate copied exactly from CSV field candidate_text_from_extraction_not_final; do not quote publicly until visually verified and cleared.
MCT-UWINDSOR-365-REJECT-0028,overrepresented_item_cap_2,,chekhov_on_directing_footnote_targets_raw.csv,19,699,2,"Each immovable moment on the part of his cast must be considered by the director to be a pause, therefore, the di— rector must know what his actors are doing. lhis mmkes the question of the mise en scare very difficult. You must also keep in mind that the beginning and the end of a thing are entirely different, For example, cralon must enter absolutely freshly, because at the end he lies dead. lhe director can develop the whole thing if he knows the line and the development.",2c963191f048fb57,133,0.888,actor_struggle;daily_inspiration;directing_academic_footnote,OCR/text-layer extraction candidate copied exactly from CSV field candidate_text_from_extraction_not_final; do not quote publicly until visually verified and cleared.
MCT-UWINDSOR-365-REJECT-0029,same_item_page_source_page_cap,8a6dd1c99ea0e968,chekhov_on_directing_footnote_targets_raw.csv,28,584,3,"Feel the beginning and tho and and the whole complete action and always be conucious of radiating. At first, it will Boom like many things to do all at the some time, but all at once they will come together with each concentration exorcise.",7169e6ecaf2776cb,128,0.889,actor_struggle;daily_inspiration;directing_academic_footnote;method_terms,OCR/text-layer extraction candidate copied exactly from CSV field candidate_text_from_extraction_not_final; do not quote publicly until visually verified and cleared.
MCT-UWINDSOR-365-REJECT-0030,same_item_page_source_page_cap,1f9e2cc0de5fb5cc,chekhov_on_directing_footnote_targets_raw.csv,33,857,3,The whole. in which is the first part. the transitional part. and the third part - quite definitely the beginning. transition. the end. Do not confuse two things: The end. and the stop. which is the real stop (finish of the work).,92ae0eafb84eb8c9,128,0.886,actor_struggle;daily_inspiration;directing_academic_footnote,OCR/text-layer extraction candidate copied exactly from CSV field candidate_text_from_extraction_not_final; do not quote publicly until visually verified and cleared.
MCT-UWINDSOR-365-REJECT-0031,overrepresented_item_cap_2,,chekhov_on_directing_footnote_targets_raw.csv,37,837,3,"The beginning. in the sense that it is the first period of the whole process; the middle part, the middle period of the process; and the end, the last period of the process. Imagine it is like this: \W/ -m or em. a. rim Still there are three parts.",aad322ae63507baf,127,0.888,daily_inspiration;directing_academic_footnote,OCR/text-layer extraction candidate copied exactly from CSV field candidate_text_from_extraction_not_final; do not quote publicly until visually verified and cleared.
MCT-UWINDSOR-365-REJECT-0032,same_item_page_source_page_cap,6e904bda145df89f,chekhov_on_directing_footnote_targets_raw.csv,49,647,1,"Inr@gine that the curtain has come down @and try to think of the whole play. This gives us a special kind of ""spectacles"" through which we are able to find the main feeling, the main sction of the play. #From the end to the beginning, try to remember 211 the things we have spoken about.",99a0f531bee90088,125,0.880,actor_struggle;daily_inspiration;directing_academic_footnote,OCR/text-layer extraction candidate copied exactly from CSV field candidate_text_from_extraction_not_final; do not quote publicly until visually verified and cleared.
MCT-UWINDSOR-365-REJECT-0033,same_item_page_source_page_cap,2427669e51ca56cc,chekhov_on_directing_footnote_targets_raw.csv,52,837,8,"If an actor . . . \ . has a feeling of rhythm, these three pictures may some for him the whole world - not only from the beginning to the end. but from the end to the aeginning. As an actor I know how I have to sit on Lear's throne in the beginning, because I anticipate the end.",0a02d3ba9468cc23,125,0.890,actor_struggle;daily_inspiration;directing_academic_footnote;method_terms,OCR/text-layer extraction candidate copied exactly from CSV field candidate_text_from_extraction_not_final; do not quote publicly until visually verified and cleared.
MCT-UWINDSOR-365-REJECT-0034,same_item_page_source_page_cap,4917f26c7e57a107,chekhov_on_directing_footnote_targets_raw.csv,47,633,1,"*4 Hichael Chekhov hovember 27, 1936 RHYTHE — 3BBGINMNINC, END THE WHOLE | STYLEL ComPOsITION OF THE PLAY Ibseen Anton Chekhoy EBrand RHYTHMH — BEGINNING, XIDDLE, END : Every rhythmical movement consists of a beginning, a middle part, and an end in each case. When we have a feel— ing for the beginning, the middle, and the end, we will be sble to feel the whole movement,.",fd97be1437a6e3d1,126,0.884,actor_struggle;daily_inspiration;directing_academic_footnote,OCR/text-layer extraction candidate copied exactly from CSV field candidate_text_from_extraction_not_final; do not quote publicly until visually verified and cleared.
MCT-UWINDSOR-365-REJECT-0035,overrepresented_item_cap_2,,chekhov_on_directing_footnote_targets_raw.csv,41,847,7,"In the first part we must fool the anticipation of the end, and when we are coming to the end. we must not forget the beginning. Therefore. it is possible by creating tho finst part always to feel the counter-part. which is the end. and the more we are nearing the and. the more we are in‘counter-action to the beginning. and this contrast actuallyggives un the feeling of the beginning and the and.",2531a73d0dfb9982,127,0.892,actor_struggle;directing_academic_footnote;method_terms,OCR/text-layer extraction candidate copied exactly from CSV field candidate_text_from_extraction_not_final; do not quote publicly until visually verified and cleared.
MCT-UWINDSOR-365-REJECT-0036,same_item_page_source_page_cap,4917f26c7e57a107,chekhov_on_directing_footnote_targets_raw.csv,27,633,1,"When we have a feel— ing for the beginning, the middle, and the end, we will be sble to feel the whole movement,. When we start at the begin— ning, we must feel the middle and the end., wWwhoen we are in the middle, we must feel the past and the future; and when we are at the end, we must feel the middle and the beginning. when you have finished and are out of this pattern, then you have the fedling of the whole which has happensd.",172f925d5c4a76d1,129,0.884,actor_struggle;daily_inspiration;directing_academic_footnote,OCR/text-layer extraction candidate copied exactly from CSV field candidate_text_from_extraction_not_final; do not quote publicly until visually verified and cleared.
MCT-UWINDSOR-365-REJECT-0037,same_item_page_source_page_cap,79159b9ddd57d171,chekhov_on_directing_footnote_targets_raw.csv,68,1077,4,"When the actor cannot find his feelings — for instance, tender love for a child - if he tells the director that ho has never had a child. the director can answer him that everyone can give the quality of tenderness and love to his actions. Simultaneously we tako the action of moving the chair with the quality of ""care?.",357cb8d6c8ef59ba,123,0.887,actor_struggle;daily_inspiration;directing_academic_footnote;method_terms,OCR/text-layer extraction candidate copied exactly from CSV field candidate_text_from_extraction_not_final; do not quote publicly until visually verified and cleared.
MCT-UWINDSOR-365-REJECT-0038,same_item_page_source_page_cap,d7e294b70d55b5f0,chekhov_on_directing_footnote_targets_raw.csv,32,731,2,"Chekhov June 28. 1937 feeling of the whole. without this frame you will Stand as before an ocean: if it is to be an ocean which is rough, then it must have a beginning. a middle and an end.",d3c35024e03a1cf0,128,0.889,actor_struggle;daily_inspiration;directing_academic_footnote,OCR/text-layer extraction candidate copied exactly from CSV field candidate_text_from_extraction_not_final; do not quote publicly until visually verified and cleared.
MCT-UWINDSOR-365-REJECT-0039,same_item_page_source_page_cap,71d8688c263d7696,chekhov_on_directing_footnote_targets_raw.csv,73,839,1,"Radiation - this power of conquering the Space - must be a spiritual thi Q. lover depend upon your body or your voice, because they are too weak. iho Spiritual motivation must be there. If we do the psychological gosturo without this inLer spiritual 90 r. it is nothh ;ho psychological gesture is a lever for the actor‘s whole being.",a16ef0f0f3aa1f1f,123,0.884,actor_struggle;daily_inspiration;directing_academic_footnote;method_terms,OCR/text-layer extraction candidate copied exactly from CSV field candidate_text_from_extraction_not_final; do not quote publicly until visually verified and cleared.
MCT-UWINDSOR-365-REJECT-0040,same_item_page_source_page_cap,ec6c6005c88c3568,chekhov_on_directing_footnote_targets_raw.csv,91,663,5,"Chekhov february 3, 1937 AFTER TH?) CURTAIN IS TJOWN: 1hr: ’Enldon Stanly There are three mogcnts which we will later call climaxes. These thrce points are the moments which will lead us through the whole play. tur play begins with a certain silence and ends with a silence. and between these two silences lies the whole play.",696d2da0ea133a68,122,0.892,actor_struggle;daily_inspiration;directing_academic_footnote,OCR/text-layer extraction candidate copied exactly from CSV field candidate_text_from_extraction_not_final; do not quote publicly until visually verified and cleared.
MCT-UWINDSOR-365-REJECT-0041,same_item_page_source_page_cap,d7e294b70d55b5f0,chekhov_on_directing_footnote_targets_raw.csv,31,731,2,"1937 feeling of the whole. without this frame you will Stand as before an ocean: if it is to be an ocean which is rough, then it must have a beginning. a middle and an end.",4d04ff97db8573ee,128,0.889,actor_struggle;daily_inspiration;directing_academic_footnote,OCR/text-layer extraction candidate copied exactly from CSV field candidate_text_from_extraction_not_final; do not quote publicly until visually verified and cleared.
MCT-UWINDSOR-365-REJECT-0042,overrepresented_item_cap_2,,chekhov_on_directing_footnote_targets_raw.csv,65,699,2,"You must also keep in mind that the beginning and the end of a thing are entirely different, For example, cralon must enter absolutely freshly, because at the end he lies dead. lhe director can develop the whole thing if he knows the line and the development. Through a technical rehearsal you must find these themes, and from this you will gradually find the nuances.",5c9a1654f20ad5d0,124,0.888,actor_struggle;daily_inspiration;directing_academic_footnote,OCR/text-layer extraction candidate copied exactly from CSV field candidate_text_from_extraction_not_final; do not quote publicly until visually verified and cleared.
MCT-UWINDSOR-365-REJECT-0043,same_item_page_source_page_cap,c00719a8f1a21795,chekhov_on_directing_footnote_targets_raw.csv,96,859,1,"Secondly, we have tried to live in this one whole thing with a feeling that there is a beginning, there is an end and a beginning. and they are bound together and this link which binds them together we call the middle part. or the transitional part. Recall all those feelings.",33ad19efe2b36b3f,122,0.889,actor_struggle;daily_inspiration;directing_academic_footnote,OCR/text-layer extraction candidate copied exactly from CSV field candidate_text_from_extraction_not_final; do not quote publicly until visually verified and cleared.
MCT-UWINDSOR-365-REJECT-0044,overrepresented_item_cap_2,,chekhov_on_directing_footnote_targets_raw.csv,90,837,2,"Chekhov February 25, 1938 end as a t ansition - a Esychological. ohxsieal, or emotional bridge. It is quite natural if we have a feeling of the whole, we experience this middle part, but by studying these things we have to pay attention especially to this transitional part.",f5ac6f5f558eca37,122,0.889,actor_struggle;daily_inspiration;directing_academic_footnote;method_terms,OCR/text-layer extraction candidate copied exactly from CSV field candidate_text_from_extraction_not_final; do not quote publicly until visually verified and cleared.
MCT-UWINDSOR-365-REJECT-0045,same_item_page_source_page_cap,2427669e51ca56cc,chekhov_on_directing_footnote_targets_raw.csv,53,837,8,This is the rhythmical secret of the theatre - I have to act from the end to the beginning. This can be awakened only by a feeling of rhythm. when the future is the past. and the pre— sent time is everywhere.,4e936d49e2824e78,125,0.890,actor_struggle;daily_inspiration;directing_academic_footnote;method_terms,OCR/text-layer extraction candidate copied exactly from CSV field candidate_text_from_extraction_not_final; do not quote publicly until visually verified and cleared.
MCT-UWINDSOR-365-REJECT-0046,excessive_unusual_characters_ocr_noise,,chekhov_on_directing_footnote_targets_raw.csv,87,827,14,"Elnhirst and Miss Crowtherx __________.__________________________.______ Mrs, Elnhirstx I have one or two points propArcd. First, I wondercd if it would help you to see the whole scene more in terms of the outward form. so that we would get the feeling the character was working to a climax.",04d43fec5c18f619,122,0.857,actor_struggle;daily_inspiration;directing_academic_footnote;method_terms,OCR/text-layer extraction candidate copied exactly from CSV field candidate_text_from_extraction_not_final; do not quote publicly until visually verified and cleared.
MCT-UWINDSOR-365-REJECT-0047,same_item_page_source_page_cap,5eb65514d2d6e7ec,chekhov_on_directing_footnote_targets_raw.csv,64,680,12,"Chekhov ﬂarch 16, 1937 yet be n in m snirit, because that will be a prophecy for the future. {his image of an empty king's body will never disappear from the mind of the audience. uhcn i must make the metamorphosis to hear my soul and be king. without the smallest sign of being king in my body. 1 must not only know the end of my part, I must act the beginning period. showing the end in an opposite direction.",8949c8830d4f9abe,124,0.890,actor_struggle;daily_inspiration;directing_academic_footnote,OCR/text-layer extraction candidate copied exactly from CSV field candidate_text_from_extraction_not_final; do not quote publicly until visually verified and cleared.
MCT-UWINDSOR-365-REJECT-0048,overrepresented_item_cap_2,,chekhov_on_directing_footnote_targets_raw.csv,59,837,3,"It is more in the nature of a meter. The beginning. in the sense that it is the first period of the whole process; the middle part, the middle period of the process; and the end, the last period of the process.",46bd21fabb987213,124,0.888,daily_inspiration;directing_academic_footnote,OCR/text-layer extraction candidate copied exactly from CSV field candidate_text_from_extraction_not_final; do not quote publicly until visually verified and cleared.
MCT-UWINDSOR-365-REJECT-0049,overrepresented_item_cap_2,,chekhov_on_directing_footnote_targets_raw.csv,102,1078,22,"opHeE ie Chekhov | December 5, 1941 secret ways that we do not know why we cannot act a certain part. But if the body is free, then forever I am free in thig way, The bodily development is essential, FIRST APPROACH TO THE PLAY - THE ACTOR'S DREAMS OR INTUITION ugstions I understand what you mean by the archetype and the gesture, and it is a very releasing thing.",e4e9319bffcf8154,121,0.892,actor_struggle;daily_inspiration;directing_academic_footnote;method_terms,OCR/text-layer extraction candidate copied exactly from CSV field candidate_text_from_extraction_not_final; do not quote publicly until visually verified and cleared.
MCT-UWINDSOR-365-REJECT-0050,substring_or_overlap_duplicate,2427669e51ca56cc,chekhov_on_directing_footnote_targets_raw.csv,51,837,8,"If an actor . . . \ . has a feeling of rhythm, these three pictures may some for him the whole world - not only from the beginning to the end. but from the end to the aeginning.",b3ad720beda21b14,125,0.890,actor_struggle;daily_inspiration;directing_academic_footnote;method_terms,OCR/text-layer extraction candidate copied exactly from CSV field candidate_text_from_extraction_not_final; do not quote publicly until visually verified and cleared.
MCT-UWINDSOR-365-REJECT-0051,same_item_page_source_page_cap,8f3765bd457dcf13,chekhov_on_directing_footnote_targets_raw.csv,113,1074,10,"Angwer: I understand your question. We must not git back and wait - that is fear which chokes us, First of all, because you are an actor you cannot sit and wait, except if you are embarrassed, then, of course, nothing happens, For example, let us take the moment when the sailors are drinking and talking to sach other in the atmosphere, theres ig so much to dol",166b5b3421c62a9f,121,0.887,actor_struggle;daily_inspiration;directing_academic_footnote;method_terms,OCR/text-layer extraction candidate copied exactly from CSV field candidate_text_from_extraction_not_final; do not quote publicly until visually verified and cleared.
MCT-UWINDSOR-365-REJECT-0052,substring_or_overlap_duplicate,01d450b5aaf9d023,chekhov_on_directing_footnote_targets_raw.csv,71,670,2,Keep and develop the ability to be concentrated absolutely from the beginning to the end of the rehearsal. It will be tiring at first. but then you will find that without concentration you will be much more tired.,399a0a0335f07ca9,123,0.893,actor_struggle;directing_academic_footnote;method_terms,OCR/text-layer extraction candidate copied exactly from CSV field candidate_text_from_extraction_not_final; do not quote publicly until visually verified and cleared.
MCT-UWINDSOR-365-REJECT-0053,same_item_page_source_page_cap,85fb97af64a7bf0a,chekhov_on_directing_footnote_targets_raw.csv,107,659,5,"Later we will perhaps pay less attention to it, and will pay more attention to imagination and other things. iho director can find the whole play in the platonic world. The more harmonious your composition of psychological gestures in. the nearer you are to the platonic world. when the director has found a gesture with his actors he can change it and explore further.",cc07d94a1eb864c1,121,0.892,actor_struggle;daily_inspiration;directing_academic_footnote;method_terms,OCR/text-layer extraction candidate copied exactly from CSV field candidate_text_from_extraction_not_final; do not quote publicly until visually verified and cleared.
MCT-UWINDSOR-365-REJECT-0054,overrepresented_item_cap_2,,chekhov_on_directing_footnote_targets_raw.csv,126,847,3,"If you have the feeling at the whole; in three parts. nothing can dieturb you - nothimg can disturb this one, two, three. which is ahsoluto form. yet is absolutely flexible. This is the secret of rhythm; You can put in the first part whateveztyou like J everything. every detail will be in the right place? but it will be much clearer later on.",ca07a12893ab6fde,120,0.883,actor_struggle;daily_inspiration;directing_academic_footnote;method_terms,OCR/text-layer extraction candidate copied exactly from CSV field candidate_text_from_extraction_not_final; do not quote publicly until visually verified and cleared.
MCT-UWINDSOR-365-REJECT-0055,same_item_page_source_page_cap,f6ee3af69b1d6da9,chekhov_on_directing_footnote_targets_raw.csv,86,644,7,This heroism transforms the atmosphere of the Golden Steed. The beginning of this atmosphere is in the very begin— ning of the play in the voice of the Guard — this is the first hopg and the second hope is when Antin first appears.,79ffbd1be0765a03,122,0.887,actor_struggle;daily_inspiration;directing_academic_footnote;method_terms,OCR/text-layer extraction candidate copied exactly from CSV field candidate_text_from_extraction_not_final; do not quote publicly until visually verified and cleared.
MCT-UWINDSOR-365-REJECT-0056,same_item_page_source_page_cap,233841bc7bea6383,chekhov_on_directing_footnote_targets_raw.csv,103,837,1,"We must know that there are two feelings of the whole - one is the intellectual which we cannot apply to our art at all, and the other is that which feeds and lends’our whole nature. It is the yhglg nature which participates in this rhythmical thing.",1a08a7a28163351c,121,0.887,actor_struggle;daily_inspiration;directing_academic_footnote,OCR/text-layer extraction candidate copied exactly from CSV field candidate_text_from_extraction_not_final; do not quote publicly until visually verified and cleared.
MCT-UWINDSOR-365-REJECT-0057,substring_or_overlap_duplicate,c16eda2406dffdaf,chekhov_on_directing_footnote_targets_raw.csv,36,834,1,"But if the director gives some suggestions, and if he really appeals to the imagination. it is quite differ— ent. The first case is an intellectual one. and the second case is an artistic one: and the whole difference lies not in words of the director. but in the reception of the actor. when the actor receives the directions and instructions with inner action, it is quite different. and the director is able to describe things which will never be turned into dry in— tellectunl content.",23cd46144f91eedd,127,0.885,actor_struggle;daily_inspiration;directing_academic_footnote;method_terms,OCR/text-layer extraction candidate copied exactly from CSV field candidate_text_from_extraction_not_final; do not quote publicly until visually verified and cleared.
MCT-UWINDSOR-365-REJECT-0058,substring_or_overlap_duplicate,b381b7d07fc07be4,chekhov_on_directing_footnote_targets_raw.csv,34,1078,11,"Hy creating the gesture you are exploring the part, deeper and deeper. Nothing is forgotten, only you must not let the intellect play the first violin, Your own experience will show you what manner of uging the gesture you prefer - this is your free will, First eliminate the intellect, and start with the actor's means, which I call the ps Questions This psychological gesture which you speak about, do you feel that it would create the form of the whole performsnce and would give unity to it?",95e2730016b7c1e8,127,0.886,actor_struggle;daily_inspiration;directing_academic_footnote;method_terms,OCR/text-layer extraction candidate copied exactly from CSV field candidate_text_from_extraction_not_final; do not quote publicly until visually verified and cleared.
MCT-UWINDSOR-365-REJECT-0059,same_item_page_source_page_cap,7dc797a6dd829b8c,chekhov_on_directing_footnote_targets_raw.csv,112,699,5,"Then I would proceed to part of the scene and rahcarse the beginning and the end, first with the gesture, then from the point of view of the objective, or atmesphere, etc., but some point of view must be siven, Then 1 would take a part of the scene — for example, the Smint and Salladina, and lot them act from different points of view, ihen you will come more and more to det@ils.",17f6794011951bca,121,0.893,actor_struggle;directing_academic_footnote;method_terms,OCR/text-layer extraction candidate copied exactly from CSV field candidate_text_from_extraction_not_final; do not quote publicly until visually verified and cleared.
MCT-UWINDSOR-365-REJECT-0060,same_item_page_source_page_cap,233841bc7bea6383,chekhov_on_directing_footnote_targets_raw.csv,72,837,1,"Michael Chekhov February 25, 1938 RHYTHM \ RHYTHMICAL EVENTS BEGINNING AND END —- FEELING OF THE ”HOLE BRIDGES AND TRANSITION P THIGICAL COIv‘POSITION PERFORI-‘ANCE AFTER CURTAIN IS DOWN King Lear Leo Tolstoy RI'IYTHHI Riﬂl'l‘llf .1 CAL EVE-ITS I I have noticed with some of our etudents that the feeling of the beginning and the end, which is at the same time the feeling of the whole. was done sometimes intellectually.",92657a199aa7f08e,123,0.887,actor_struggle;daily_inspiration;directing_academic_footnote;method_terms,OCR/text-layer extraction candidate copied exactly from CSV field candidate_text_from_extraction_not_final; do not quote publicly until visually verified and cleared.
MCT-UWINDSOR-365-REJECT-0061,overrepresented_item_cap_2,,chekhov_on_directing_footnote_targets_raw.csv,60,837,3,"The beginning. in the sense that it is the first period of the whole process; the middle part, the middle period of the process; and the end, the last period of the process.",91ee01b543e7e998,124,0.888,daily_inspiration;directing_academic_footnote,OCR/text-layer extraction candidate copied exactly from CSV field candidate_text_from_extraction_not_final; do not quote publicly until visually verified and cleared.
MCT-UWINDSOR-365-REJECT-0062,overrepresented_item_cap_2,,chekhov_on_directing_footnote_targets_raw.csv,148,731,1,"It is difficult to get and it requireu time, but we have to get it. In order to have the feeling of the whole it means that firat of all each member of the cast must work apart from the rehearsals. and in their imaginations they must go through the whole play as if sitting in the audience room.",f6cba0d987ab046f,118,0.884,actor_struggle;daily_inspiration;directing_academic_footnote,OCR/text-layer extraction candidate copied exactly from CSV field candidate_text_from_extraction_not_final; do not quote publicly until visually verified and cleared.
MCT-UWINDSOR-365-REJECT-0063,overrepresented_item_cap_2,,chekhov_on_directing_footnote_targets_raw.csv,93,659,1,"To make the atmosphere and radiate it. to produce a paychological gesture inwardly. to Speak and fill the space - if you will try to do all of this,,you.will increase your power. This activity must have direction. ihc second rehearsal Has much better, which shows that we can do better. if you cannot. than the mistake would be with the director, but you can do better. therefore it is your_rosponsibility.",7b0601296f237fc2,122,0.885,actor_struggle;daily_inspiration;directing_academic_footnote;method_terms,OCR/text-layer extraction candidate copied exactly from CSV field candidate_text_from_extraction_not_final; do not quote publicly until visually verified and cleared.
MCT-UWINDSOR-365-REJECT-0064,same_item_page_source_page_cap,ed40f77563e94d47,chekhov_on_directing_footnote_targets_raw.csv,110,720,1,"In Che Fishiny Scone the director has draw: the main line, but I thirk it is not only expressing the idea of the play. because this main line must be the incorporation of what wc will call later on the rhythmical gesture of the whole play. 19 are now zpeaking about the idea which we will see in the future as the living gesture, the same pgycholcgical gssture embracihu everything.",766503236e07c70f,121,0.877,actor_struggle;daily_inspiration;directing_academic_footnote;method_terms,OCR/text-layer extraction candidate copied exactly from CSV field candidate_text_from_extraction_not_final; do not quote publicly until visually verified and cleared.
MCT-UWINDSOR-365-REJECT-0065,overrepresented_item_cap_2,,chekhov_on_directing_footnote_targets_raw.csv,118,837,2,"It is quite natural if we have a feeling of the whole, we experience this middle part, but by studying these things we have to pay attention especially to this transitional part. This is nothing new but we must be able to concentrate on this part.",5ff329997ad0dcd5,120,0.889,actor_struggle;daily_inspiration;directing_academic_footnote;method_terms,OCR/text-layer extraction candidate copied exactly from CSV field candidate_text_from_extraction_not_final; do not quote publicly until visually verified and cleared.
MCT-UWINDSOR-365-REJECT-0066,same_item_page_source_page_cap,2d538d0707e805eb,chekhov_on_directing_footnote_targets_raw.csv,173,699,4,"Then I would give them two or three atmospheres and let them act, with mistakes, but with atmosphere throughout. Jhen I would give them objectives and let them be incomplete, but let them have the feeling of the whole play from the point of view of objective, psychological gesture, atmosphere, etc., etc.",338122965249c444,117,0.888,actor_struggle;daily_inspiration;directing_academic_footnote;method_terms,OCR/text-layer extraction candidate copied exactly from CSV field candidate_text_from_extraction_not_final; do not quote publicly until visually verified and cleared.
MCT-UWINDSOR-365-REJECT-0067,substring_or_overlap_duplicate,e5cd733fcb79e577,chekhov_on_directing_footnote_targets_raw.csv,104,838,6,"Scenes from fir. Shdanoff's clam 21o will try to touch different moments from different scenes, by the condition that you will pay attention to this power of radiation which will fill tho whole audience room and tho stage, but I must make it clear that it is important to distinguish between two things: First. to carry our influcnco when speaking by the means of increasing the power of the voice.",04fd820a2c6ad4ec,121,0.884,actor_struggle;daily_inspiration;directing_academic_footnote;method_terms,OCR/text-layer extraction candidate copied exactly from CSV field candidate_text_from_extraction_not_final; do not quote publicly until visually verified and cleared.
MCT-UWINDSOR-365-REJECT-0068,substring_or_overlap_duplicate,ad812a41ad01c712,chekhov_on_directing_footnote_targets_raw.csv,92,652,2,"The task is very big, and the problems are difficult. and the future is very far. But we must start. ear-riot: IMAGINING THE PLAY: The Fishino Scone: ___________L_____ The first thing you must do is to imagine everything that the director or the designer will tell you. in order to hear. not with your brain or intellect, but with yolm imagination. you must train yourself to hear everything with your imagination.",c761507389702ba8,122,0.877,actor_struggle;daily_inspiration;directing_academic_footnote,OCR/text-layer extraction candidate copied exactly from CSV field candidate_text_from_extraction_not_final; do not quote publicly until visually verified and cleared.
MCT-UWINDSOR-365-REJECT-0069,same_item_page_source_page_cap,41bc16eb5b64e7c3,chekhov_on_directing_footnote_targets_raw.csv,106,665,5,"Therefore the director must concentrate not only on the beginning of the play because then only one part of the play is born. The reason that I have included thin flying over the play in the Method, is because all my life in tho theatre I suffered because we always started with tho first not and went over it again and again. and then remembered that no hud tho second and third act to create before the performance.",75d814fe60794f2b,121,0.895,actor_struggle;daily_inspiration;directing_academic_footnote,OCR/text-layer extraction candidate copied exactly from CSV field candidate_text_from_extraction_not_final; do not quote publicly until visually verified and cleared.
MCT-UWINDSOR-365-REJECT-0070,same_item_page_source_page_cap,85fb97af64a7bf0a,chekhov_on_directing_footnote_targets_raw.csv,161,659,5,"Chekhov v‘armary 23. 1937 The loss free the actor will he in doing his psychological gesture, the more free he will he later on. it depends upon the director what form of the gesture he gives. we are now working with the psychological gesture because we want to understand it.",eab3230028908fc2,117,0.892,actor_struggle;daily_inspiration;directing_academic_footnote;method_terms,OCR/text-layer extraction candidate copied exactly from CSV field candidate_text_from_extraction_not_final; do not quote publicly until visually verified and cleared.
MCT-UWINDSOR-365-REJECT-0071,overrepresented_item_cap_2,,chekhov_on_directing_footnote_targets_raw.csv,187,837,3,We must get accustomed to distinguishing the three parts - the beginning — the transition - the end. as if it is one family in three parts. what we call the beginning we must call the first part of the rhythmical whole. because the beginning in the sense of starting point. is something different.,41039f2426a7710b,116,0.888,daily_inspiration;directing_academic_footnote,OCR/text-layer extraction candidate copied exactly from CSV field candidate_text_from_extraction_not_final; do not quote publicly until visually verified and cleared.
MCT-UWINDSOR-365-REJECT-0072,same_item_page_source_page_cap,4917f26c7e57a107,chekhov_on_directing_footnote_targets_raw.csv,197,633,1,"When we start at the begin— ning, we must feel the middle and the end., wWwhoen we are in the middle, we must feel the past and the future; and when we are at the end, we must feel the middle and the beginning. when you have finished and are out of this pattern, then you have the fedling of the whole which has happensd.",208d9dc3137f6d81,116,0.884,daily_inspiration;directing_academic_footnote,OCR/text-layer extraction candidate copied exactly from CSV field candidate_text_from_extraction_not_final; do not quote publicly until visually verified and cleared.
MCT-UWINDSOR-365-REJECT-0073,substring_or_overlap_duplicate,f6ee3af69b1d6da9,chekhov_on_directing_footnote_targets_raw.csv,84,644,7,The beginning of this atmosphere is in the very begin— ning of the play in the voice of the Guard — this is the first hopg and the second hope is when Antin first appears.,137c3edcdd7a1c37,122,0.887,actor_struggle;daily_inspiration;directing_academic_footnote;method_terms,OCR/text-layer extraction candidate copied exactly from CSV field candidate_text_from_extraction_not_final; do not quote publicly until visually verified and cleared.
MCT-UWINDSOR-365-REJECT-0074,same_item_page_source_page_cap,4917f26c7e57a107,chekhov_on_directing_footnote_targets_raw.csv,57,633,1,"When we have a feel— ing for the beginning, the middle, and the end, we will be sble to feel the whole movement,.",140cbef979c1fb3f,125,0.884,actor_struggle;daily_inspiration;directing_academic_footnote,OCR/text-layer extraction candidate copied exactly from CSV field candidate_text_from_extraction_not_final; do not quote publicly until visually verified and cleared.
MCT-UWINDSOR-365-REJECT-0075,same_item_page_source_page_cap,f365d44e87f62a48,chekhov_on_directing_footnote_targets_raw.csv,159,665,7,Chekhov February 8. 1937 afraid of touching the most important moments. if you had only the old methods you wohld not be able to do this. out by touching on the play you are able to do everything. and your imagination will work simultaneously with the gesture.,a54cc711410261ae,117,0.892,actor_struggle;daily_inspiration;directing_academic_footnote;method_terms,OCR/text-layer extraction candidate copied exactly from CSV field candidate_text_from_extraction_not_final; do not quote publicly until visually verified and cleared.
MCT-UWINDSOR-365-REJECT-0076,overrepresented_item_cap_2,,chekhov_on_directing_footnote_targets_raw.csv,166,731,7,"It is good that the cast is able to keep the perform ' + 01 wore to ask professional actors to play the whole play with so many gaps in the atmosphere and rhythm. etc.. it would be very disturbing for them, but our students carry it through without any hysteria. This is a great achievement. and I know that you will be able to reach all that I have suggestod.",72a9697a5bbc59c6,117,0.891,actor_struggle;daily_inspiration;directing_academic_footnote;method_terms,OCR/text-layer extraction candidate copied exactly from CSV field candidate_text_from_extraction_not_final; do not quote publicly until visually verified and cleared.
MCT-UWINDSOR-365-REJECT-0077,substring_or_overlap_duplicate,220c5b7417580990,chekhov_on_directing_footnote_targets_raw.csv,144,1029,6,We cannot act with our head at all - only with cur being. and the head muot be the appendii. of our whole being and only the face. which is very subtle - not anatomical and psychological - will reflect our life and inner activity which coneo from the whole being first and then ie nbrrorcd.‘ Therefore. it io so ugly when the actor begine to make races inetead of ueing hie own body.,9d639595b465b0d0,118,0.890,actor_struggle;daily_inspiration;directing_academic_footnote,OCR/text-layer extraction candidate copied exactly from CSV field candidate_text_from_extraction_not_final; do not quote publicly until visually verified and cleared.
MCT-UWINDSOR-365-REJECT-0078,overrepresented_item_cap_2,,chekhov_on_directing_footnote_targets_raw.csv,83,1077,1,"0R FEELINGS ATMOSPHERE ORDER OF WORK - ATMOSPHERE - GESTURE WITH ' QUALITIES - CHARACTERIZATION TRANSFORMED FEELINGS TWO STATES OF CONSCIOUSNESS CMRACTERIZATION THE‘CREATIVE INDIVIDUALITX’ -. THE HIGHER INDIVIDUALITY - COLLABORATION 0F AUTHOR, ACTOR, AND DIRECTOR moncow Art Theatre Hamlet We; Bernard Shaw MEANS OF APPROACHING THE PLAY: To be able to go on with our sketch. we must investigate another point which will lead us to the next series of rehearsals.",7497980e151961e6,122,0.883,actor_struggle;daily_inspiration;directing_academic_footnote;method_terms,OCR/text-layer extraction candidate copied exactly from CSV field candidate_text_from_extraction_not_final; do not quote publicly until visually verified and cleared.
MCT-UWINDSOR-365-REJECT-0079,same_item_page_source_page_cap,4d5c95255bc1c074,chekhov_on_directing_footnote_targets_raw.csv,98,847,1,"Do not confuse the end with the ""stop"" - the end is the end of the creative work. Now do the beginning, then fifteen times the middle part. then the end.",19f0fa7760a5ac73,122,0.889,actor_struggle;daily_inspiration;directing_academic_footnote,OCR/text-layer extraction candidate copied exactly from CSV field candidate_text_from_extraction_not_final; do not quote publicly until visually verified and cleared.
MCT-UWINDSOR-365-REJECT-0080,substring_or_overlap_duplicate,8fb956211c570606,chekhov_on_directing_footnote_targets_raw.csv,88,827,14,"First, I wondercd if it would help you to see the whole scene more in terms of the outward form. so that we would get the feeling the character was working to a climax.",f1286e0ef600e994,122,0.857,actor_struggle;daily_inspiration;directing_academic_footnote;method_terms,OCR/text-layer extraction candidate copied exactly from CSV field candidate_text_from_extraction_not_final; do not quote publicly until visually verified and cleared.
MCT-UWINDSOR-365-REJECT-0081,same_item_page_source_page_cap,4d5c95255bc1c074,chekhov_on_directing_footnote_targets_raw.csv,99,847,1,"Now do the beginning, the middle part three times, and the and. Do not confuse the end with the ""stop"" - the end is the end of the creative work.",c9a43bd1671a9685,122,0.889,actor_struggle;daily_inspiration;directing_academic_footnote,OCR/text-layer extraction candidate copied exactly from CSV field candidate_text_from_extraction_not_final; do not quote publicly until visually verified and cleared.
MCT-UWINDSOR-365-REJECT-0082,overrepresented_item_cap_2,,chekhov_on_directing_footnote_targets_raw.csv,139,1078,22,"But if the body is free, then forever I am free in thig way, The bodily development is essential, FIRST APPROACH TO THE PLAY - THE ACTOR'S DREAMS OR INTUITION ugstions I understand what you mean by the archetype and the gesture, and it is a very releasing thing. But when I have finished reading a play, I have always come to certain intellectual conclusions about it, I don't feel it would be right to negate this.",0f8771a61f3e00e7,118,0.892,actor_struggle;daily_inspiration;directing_academic_footnote;method_terms,OCR/text-layer extraction candidate copied exactly from CSV field candidate_text_from_extraction_not_final; do not quote publicly until visually verified and cleared.
MCT-UWINDSOR-365-REJECT-0083,same_item_page_source_page_cap,362d6bf9f665908a,chekhov_on_directing_footnote_targets_raw.csv,66,1075,2,"THE METHOD: when we look upon this point which we call the creative process and tho inspiration. it is. of coursenour last and only aim, and we must look upon this point as though it were the center. and on tho periphery there are so many doors through which’ we had to look. By looking through these doors at the moment of inspiration, what will we go-ﬁftho end? we will get only the method. when we speak about the atmosphere, it is one of the doors which we can open and see there is the creative process. and there is the spark of inspiration.",38e61133f0db0b4d,124,0.891,actor_struggle;daily_inspiration;directing_academic_footnote;method_terms,OCR/text-layer extraction candidate copied exactly from CSV field candidate_text_from_extraction_not_final; do not quote publicly until visually verified and cleared.
MCT-UWINDSOR-365-REJECT-0084,same_item_page_source_page_cap,4ff5ddbd020f8e4e,chekhov_on_directing_footnote_targets_raw.csv,125,944,6,3‘1 5 I H.‘ Chekhov march 7 . 1939 .pointe - thin in the beginning and this is the end - perhaps in the middle there will be award in the style of the play.,024628a51ee93e02,120,0.881,actor_struggle;directing_academic_footnote;method_terms,OCR/text-layer extraction candidate copied exactly from CSV field candidate_text_from_extraction_not_final; do not quote publicly until visually verified and cleared.
MCT-UWINDSOR-365-REJECT-0085,substring_or_overlap_duplicate,d607a31c2891693e,chekhov_on_directing_footnote_targets_raw.csv,138,800,9,"I mq§t love my audience. my part. and everything which is in connection with it. Then I will be giving out in the finest may — which we call radiation: and by being able to radiate more and more, I cons to the highest ideal of sacrifice. €xercise for radiation: You must radiate an atmosphere - take it as a new exercise with the feeling of doing itfcr the first time. then you will get much from it - an atmosphere of expectation.",4a9a4ec6a9a4463d,118,0.888,actor_struggle;daily_inspiration;directing_academic_footnote;method_terms,OCR/text-layer extraction candidate copied exactly from CSV field candidate_text_from_extraction_not_final; do not quote publicly until visually verified and cleared.
MCT-UWINDSOR-365-REJECT-0086,same_item_page_source_page_cap,fe6f563548a63af2,chekhov_on_directing_footnote_targets_raw.csv,191,970,5,The moment when Rachel ‘onys she is free is one of giant aotoniuhmont - such a thing has never been heard of before -‘it is the first blow and it is an important moment for the whole play. Rachel is hysterical but in u soft nay.,94e20430bda73d94,116,0.888,daily_inspiration;directing_academic_footnote,OCR/text-layer extraction candidate copied exactly from CSV field candidate_text_from_extraction_not_final; do not quote publicly until visually verified and cleared.
MCT-UWINDSOR-365-REJECT-0087,same_item_page_source_page_cap,233841bc7bea6383,chekhov_on_directing_footnote_targets_raw.csv,141,837,1,"We must know that there are two feelings of the whole - one is the intellectual which we cannot apply to our art at all, and the other is that which feeds and lends’our whole nature.",641577053a7c9419,118,0.887,actor_struggle;daily_inspiration;directing_academic_footnote,OCR/text-layer extraction candidate copied exactly from CSV field candidate_text_from_extraction_not_final; do not quote publicly until visually verified and cleared.
MCT-UWINDSOR-365-REJECT-0088,same_item_page_source_page_cap,2d538d0707e805eb,chekhov_on_directing_footnote_targets_raw.csv,172,699,4,"Jhen I would give them objectives and let them be incomplete, but let them have the feeling of the whole play from the point of view of objective, psychological gesture, atmosphere, etc., etc.",48758845b20f3416,117,0.888,actor_struggle;daily_inspiration;directing_academic_footnote;method_terms,OCR/text-layer extraction candidate copied exactly from CSV field candidate_text_from_extraction_not_final; do not quote publicly until visually verified and cleared.
MCT-UWINDSOR-365-REJECT-0089,same_item_page_source_page_cap,d8e5fccc002d044e,chekhov_on_directing_footnote_targets_raw.csv,193,622,3,"Atmospheres : 1stAtmosphere: Starting with the atmosphere at the beginning of the play — the dirty blue—green light, the cold, stone~like people lying asleep for centuries in an atmosphere of endless soerrow.",ebe81ff105c22e22,116,0.886,actor_struggle;daily_inspiration;directing_academic_footnote;method_terms,OCR/text-layer extraction candidate copied exactly from CSV field candidate_text_from_extraction_not_final; do not quote publicly until visually verified and cleared.
MCT-UWINDSOR-365-REJECT-0090,substring_or_overlap_duplicate,4ff5ddbd020f8e4e,chekhov_on_directing_footnote_targets_raw.csv,124,944,6,1939 .pointe - thin in the beginning and this is the end - perhaps in the middle there will be award in the style of the play.,451f2952a08be7e6,120,0.881,actor_struggle;directing_academic_footnote;method_terms,OCR/text-layer extraction candidate copied exactly from CSV field candidate_text_from_extraction_not_final; do not quote publicly until visually verified and cleared.
MCT-UWINDSOR-365-REJECT-0091,substring_or_overlap_duplicate,fe6f563548a63af2,chekhov_on_directing_footnote_targets_raw.csv,190,970,5,The moment when Rachel ‘onys she is free is one of giant aotoniuhmont - such a thing has never been heard of before -‘it is the first blow and it is an important moment for the whole play.,76aca92127159e41,116,0.888,daily_inspiration;directing_academic_footnote,OCR/text-layer extraction candidate copied exactly from CSV field candidate_text_from_extraction_not_final; do not quote publicly until visually verified and cleared.
MCT-UWINDSOR-365-REJECT-0092,overrepresented_item_cap_2,,chekhov_on_directing_footnote_targets_raw.csv,165,746,20,"Comments of Paul Roger-m The directors should ""fly over"" the whole play much more often than they do. This will help to find tompo and rhythm.",a61d07ead5bd1802,117,0.884,actor_struggle;daily_inspiration;directing_academic_footnote;method_terms,OCR/text-layer extraction candidate copied exactly from CSV field candidate_text_from_extraction_not_final; do not quote publicly until visually verified and cleared.
MCT-UWINDSOR-365-REJECT-0093,same_item_page_source_page_cap,baac4fe69357f527,chekhov_on_directing_footnote_targets_raw.csv,171,843,4,The beginning of this feeling you will get at the end - to get rid of the whole world — therefore. you want to get rid of him.,a1440fca645a46f2,117,0.891,actor_struggle;daily_inspiration;directing_academic_footnote,OCR/text-layer extraction candidate copied exactly from CSV field candidate_text_from_extraction_not_final; do not quote publicly until visually verified and cleared.
MCT-UWINDSOR-365-REJECT-0094,overrepresented_item_cap_2,,chekhov_on_directing_footnote_targets_raw.csv,142,837,6,"How, will you please follow the imaginary form which is a little bit difficult - the earthy life of Lear expires. As the result of this expiration comes the second part which is death and emptiness. and when he and blind Gloucester meet each other on the heath and empty spaces, they are actually the reversal of the beginning, in which was the mighty king and his servant Gloucester. n0 , let us ask the questions as though we are intellectual people. what is this emptiness. this death expressed in madness, blindness?",23a0b5d4a742ae4c,118,0.888,actor_struggle;daily_inspiration;directing_academic_footnote;method_terms,OCR/text-layer extraction candidate copied exactly from CSV field candidate_text_from_extraction_not_final; do not quote publicly until visually verified and cleared.
MCT-UWINDSOR-365-REJECT-0095,substring_or_overlap_duplicate,87205da33f4923ec,chekhov_on_directing_footnote_targets_raw.csv,195,1075,1,"1/3 4‘: fr: (7 3 New York November 2k. 19Q1 HJCHAEL CHEKHDV'S SIXTH CIASS FOR PROFESSIONAL ACTORS ""THE CREATIVE PROCESS — THE INSPIRATION - THE METHOD"" THE CREATIVE PROCESS AND THE IYAGINATION THE METHOD OUTER EVENTS AND THE ACTOR'S INNER LIFE FEELING OF FORM - THE AGTOR'S BODY CHARACTERIZATION uovrmﬁmm AS FORM FEELING 0F EASE Leo Tolstoy when scientists today try to calculate the ability of the human heart to pump so muchlliquid which moves through the big and small channels of the body. they cannot see that it is mechanically impossible to imagine such a pump as our heart.",35a90b805f7fb742,116,0.887,actor_struggle;daily_inspiration;directing_academic_footnote;method_terms,OCR/text-layer extraction candidate copied exactly from CSV field candidate_text_from_extraction_not_final; do not quote publicly until visually verified and cleared.
MCT-UWINDSOR-365-REJECT-0096,substring_or_overlap_duplicate,859eca9cd1fbc2e8,chekhov_on_directing_footnote_targets_raw.csv,185,798,3,"Chekhov December 13. 1937 Old Students and ‘ Atmosphere Objective (with new conditions) Contact Four Brothers: Feeling of case Feeling of form Feeling of beauty Feeling of the whole Radiation The center of interest 01d Students onlx: Character éby use of the invisible body, center, ate.) Archetype trying to find it by all the means) Getting the feelings through Inspiration (technioue of preparing the ground, opening the doors, etc.§ Psychological gesture Significance Style I hope that when you come back from the holidays. you will be ‘mprovod in your ability to use the Hathod — to manage and govern it.",57f77b265e607f55,116,0.884,actor_struggle;daily_inspiration;directing_academic_footnote;method_terms,OCR/text-layer extraction candidate copied exactly from CSV field candidate_text_from_extraction_not_final; do not quote publicly until visually verified and cleared.
MCT-UWINDSOR-365-REJECT-0097,overrepresented_item_cap_2,,chekhov_on_directing_footnote_targets_raw.csv,186,1078,5,"The instru- ‘ment we play before the audience is ourselves, so we cannot increase our life as actors other than in ourselves. Therefore, this gesture which occupies the whole body and being, is the way to increase this life, perhaps after a long time of exercising, until our nature responds, To increase our own life of the stage means to be able to see everywhere - in'the written words, in the events around ug, and in our own psychology ~- gestures, gestures, and more gestures, but not states of mind: This is a very dangerous thing in the theatre, because the state of mind in the theatre is a fixed, dead, immovable psychology.",91db6f01d449f144,116,0.884,actor_struggle;daily_inspiration;directing_academic_footnote;method_terms,OCR/text-layer extraction candidate copied exactly from CSV field candidate_text_from_extraction_not_final; do not quote publicly until visually verified and cleared.
MCT-UWINDSOR-365-REJECT-0098,same_item_page_source_page_cap,233841bc7bea6383,common_actor_struggles_quote_bucket_raw.csv,1,837,1,"OF THE IIHOLEI The beginning and the end. the feeling of the whole. must be experienced by our whole being in the same may as the objective. psychological gesture, etc. Between the beginning and the end, the life floweWe must feel everything that is going on between the beginning end the",01c9ac3a4c1e69a1,140,0.887,actor_struggle;daily_inspiration;directing_academic_footnote;method_terms,OCR/text-layer extraction candidate copied exactly from CSV field candidate_text_from_extraction_not_final; do not quote publicly until visually verified and cleared.
MCT-UWINDSOR-365-REJECT-0099,same_item_page_source_page_cap,233841bc7bea6383,common_actor_struggles_quote_bucket_raw.csv,4,837,1,"The illusion of the whole is there but the real experience of the whole - the beginning and the end - is not. We must know that there are two feelings of the whole - one is the intellectual which we cannot apply to our art at all, and the other is that which feeds and lends’our whole nature.",7870de65d6ba7a5e,138,0.887,actor_struggle;daily_inspiration;directing_academic_footnote,OCR/text-layer extraction candidate copied exactly from CSV field candidate_text_from_extraction_not_final; do not quote publicly until visually verified and cleared.
MCT-UWINDSOR-365-REJECT-0100,same_item_page_source_page_cap,ec6c6005c88c3568,common_actor_struggles_quote_bucket_raw.csv,5,663,5,These thrce points are the moments which will lead us through the whole play. tur play begins with a certain silence and ends with a silence. and between these two silences lies the whole play. Low we must try to find some technical mise en sccnc for the beginning and the end; as a frame.,f14f540342b2adc8,137,0.892,actor_struggle;daily_inspiration;directing_academic_footnote,OCR/text-layer extraction candidate copied exactly from CSV field candidate_text_from_extraction_not_final; do not quote publicly until visually verified and cleared.
MCT-UWINDSOR-365-REJECT-0101,same_item_page_source_page_cap,4d5c95255bc1c074,common_actor_struggles_quote_bucket_raw.csv,3,847,1,"We will only take into consideration rhythm in general, only as a feeling of the whole, with the beginning. the middle and the end, and you will do this by moving one hand. Be very conscious about this — the beginning, the middle part, and the and.",363d6113982074f3,139,0.889,actor_struggle;daily_inspiration;directing_academic_footnote;method_terms,OCR/text-layer extraction candidate copied exactly from CSV field candidate_text_from_extraction_not_final; do not quote publicly until visually verified and cleared.
MCT-UWINDSOR-365-REJECT-0102,same_item_page_source_page_cap,c6766965dce09102,common_actor_struggles_quote_bucket_raw.csv,7,635,3,"The director will help you with this later on»: but to begin with, we must be aware of the style of the fairy taile, tné each one must try to find the style which will unite the whole. That which comes at the first moment will often rommin in the character until the very end.",55834eafdb31269e,137,0.889,actor_struggle;daily_inspiration;directing_academic_footnote;method_terms,OCR/text-layer extraction candidate copied exactly from CSV field candidate_text_from_extraction_not_final; do not quote publicly until visually verified and cleared.
MCT-UWINDSOR-365-REJECT-0103,same_item_page_source_page_cap,ec99c2842e2c3283,common_actor_struggles_quote_bucket_raw.csv,6,746,36,0n the other hand. the ending of the Two Kinza is weak and leaves the audience without any Idea of that it has been all about. l‘wo Kim's: The director should try to find a new psychological gesture for the whole play. one that would give the actors an idea or the whole play.,b36929e162b65755,137,0.887,actor_struggle;daily_inspiration;directing_academic_footnote;method_terms,OCR/text-layer extraction candidate copied exactly from CSV field candidate_text_from_extraction_not_final; do not quote publicly until visually verified and cleared.
MCT-UWINDSOR-365-REJECT-0104,same_item_page_source_page_cap,f365d44e87f62a48,common_actor_struggles_quote_bucket_raw.csv,10,665,7,1937 afraid of touching the most important moments. if you had only the old methods you wohld not be able to do this. out by touching on the play you are able to do everything. and your imagination will work simultaneously with the gesture. The climax of this play is a most tragic situation. it is at the moment when Jocelyn meets her husband.,3aa611db9062711b,134,0.892,actor_struggle;daily_inspiration;directing_academic_footnote;method_terms,OCR/text-layer extraction candidate copied exactly from CSV field candidate_text_from_extraction_not_final; do not quote publicly until visually verified and cleared.
MCT-UWINDSOR-365-REJECT-0105,same_item_page_source_page_cap,4d5c95255bc1c074,common_actor_struggles_quote_bucket_raw.csv,2,847,1,"We will only take into consideration rhythm in general, only as a feeling of the whole, with the beginning. the middle and the end, and you will do this by moving one hand.",24c825d2f25b8b31,139,0.889,actor_struggle;daily_inspiration;directing_academic_footnote;method_terms,OCR/text-layer extraction candidate copied exactly from CSV field candidate_text_from_extraction_not_final; do not quote publicly until visually verified and cleared.
MCT-UWINDSOR-365-REJECT-0106,exact_normalized_duplicate,baac4fe69357f527,common_actor_struggles_quote_bucket_raw.csv,11,843,4,It could bo turned into an objective but at the moment we will take it in imagination. The beginning of this feeling you will get at the end - to get rid of the whole world — therefore. you want to get rid of him.,baac4fe69357f527,134,0.891,actor_struggle;daily_inspiration;directing_academic_footnote;method_terms,OCR/text-layer extraction candidate copied exactly from CSV field candidate_text_from_extraction_not_final; do not quote publicly until visually verified and cleared.
MCT-UWINDSOR-365-REJECT-0107,same_item_page_source_page_cap,233841bc7bea6383,common_actor_struggles_quote_bucket_raw.csv,8,837,1,"BEGINNING AND THE END - FEELING. OF THE IIHOLEI The beginning and the end. the feeling of the whole. must be experienced by our whole being in the same may as the objective. psychological gesture, etc.",93a3e6d7f75afdf1,134,0.887,actor_struggle;daily_inspiration;directing_academic_footnote;method_terms,OCR/text-layer extraction candidate copied exactly from CSV field candidate_text_from_extraction_not_final; do not quote publicly until visually verified and cleared.
MCT-UWINDSOR-365-REJECT-0108,same_item_page_source_page_cap,85961fc400740636,common_actor_struggles_quote_bucket_raw.csv,13,836,1,"i-‘xichael Chekhov February 2a., 1938 STYLE - RHYTHHICAL EVENTS CHARACTERIZATION PSYCHOLOGICAL GESTURE STYLE - RHYTHNICAL EVENTS: Style from the point of View of rhythm. Each rhythmical avcnt has, as we know, a beginning and an end — what is in the middle we will leave for tho_moment.",89ce121c7eed690b,129,0.891,actor_struggle;directing_academic_footnote;method_terms,OCR/text-layer extraction candidate copied exactly from CSV field candidate_text_from_extraction_not_final; do not quote publicly until visually verified and cleared.
MCT-UWINDSOR-365-REJECT-0109,same_item_page_source_page_cap,233841bc7bea6383,common_actor_struggles_quote_bucket_raw.csv,9,837,1,"OF THE IIHOLEI The beginning and the end. the feeling of the whole. must be experienced by our whole being in the same may as the objective. psychological gesture, etc.",6d38aa02ae7e7cb8,134,0.887,actor_struggle;daily_inspiration;directing_academic_footnote;method_terms,OCR/text-layer extraction candidate copied exactly from CSV field candidate_text_from_extraction_not_final; do not quote publicly until visually verified and cleared.
MCT-UWINDSOR-365-REJECT-0110,exact_normalized_duplicate,668ce6a47aab5037,common_actor_struggles_quote_bucket_raw.csv,12,861,1,1933 RHYTHM THE PAUSE RHYTHM _ We shall try to do it first in the schematio way. then we will establish the oppositions. than as improvisation in E very condensed form. The beginning - the middle part.- the end.,668ce6a47aab5037,131,0.877,actor_struggle;directing_academic_footnote;method_terms,OCR/text-layer extraction candidate copied exactly from CSV field candidate_text_from_extraction_not_final; do not quote publicly until visually verified and cleared.
MCT-UWINDSOR-365-REJECT-0111,same_item_page_source_page_cap,79159b9ddd57d171,common_actor_struggles_quote_bucket_raw.csv,23,1077,4,"But really prepared. and not empty clichés which are always following us. Secondly. the simple action, and the simple quality will appeal to our utmost inner life, as wo are not touching our feelings first. we are not tearing our soul to pieces to find our feclings,iwhich cannot be found in that way.",9104e01512e93c49,126,0.887,actor_struggle;daily_inspiration;directing_academic_footnote;method_terms,OCR/text-layer extraction candidate copied exactly from CSV field candidate_text_from_extraction_not_final; do not quote publicly until visually verified and cleared.
MCT-UWINDSOR-365-REJECT-0112,same_item_page_source_page_cap,85961fc400740636,common_actor_struggles_quote_bucket_raw.csv,15,836,1,"Each rhythmical avcnt has, as we know, a beginning and an end — what is in the middle we will leave for tho_moment. But there is a beginning and an end, and the feeling of the whole is absolutely connected with this feeling of the be— ginning and tho end.",10616b2fa07c5922,128,0.891,actor_struggle;daily_inspiration;directing_academic_footnote,OCR/text-layer extraction candidate copied exactly from CSV field candidate_text_from_extraction_not_final; do not quote publicly until visually verified and cleared.
MCT-UWINDSOR-365-REJECT-0113,same_item_page_source_page_cap,8f3765bd457dcf13,common_actor_struggles_quote_bucket_raw.csv,26,1074,10,"We must not git back and wait - that is fear which chokes us, First of all, because you are an actor you cannot sit and wait, except if you are embarrassed, then, of course, nothing happens, For example, let us take the moment when the sailors are drinking and talking to sach other in the atmosphere, theres ig so much to dol",51371bf95297a81c,126,0.887,actor_struggle;daily_inspiration;directing_academic_footnote;method_terms,OCR/text-layer extraction candidate copied exactly from CSV field candidate_text_from_extraction_not_final; do not quote publicly until visually verified and cleared.
MCT-UWINDSOR-365-REJECT-0114,exact_normalized_duplicate,fe6f563548a63af2,common_actor_struggles_quote_bucket_raw.csv,22,970,5,The econe between the Pickwickinnn end Jinnlou Take the same gosturoo as before. The moment when Rachel ‘onys she is free is one of giant aotoniuhmont - such a thing has never been heard of before -‘it is the first blow and it is an important moment for the whole play.,fe6f563548a63af2,127,0.888,daily_inspiration;directing_academic_footnote,OCR/text-layer extraction candidate copied exactly from CSV field candidate_text_from_extraction_not_final; do not quote publicly until visually verified and cleared.
MCT-UWINDSOR-365-REJECT-0115,exact_normalized_duplicate,41bc16eb5b64e7c3,common_actor_struggles_quote_bucket_raw.csv,24,665,5,"FLYIEG OVER THE PLAY: Cur Method gives us the possibility to fly over the whole play and to touch any moment we want with our imagination, or by the incorporation of images, or by the othor moans which we have. Therefore the director must concentrate not only on the beginning of the play because then only one part of the play is born.",41bc16eb5b64e7c3,126,0.895,actor_struggle;daily_inspiration;directing_academic_footnote,OCR/text-layer extraction candidate copied exactly from CSV field candidate_text_from_extraction_not_final; do not quote publicly until visually verified and cleared.
MCT-UWINDSOR-365-REJECT-0116,same_item_page_source_page_cap,8a6dd1c99ea0e968,common_actor_struggles_quote_bucket_raw.csv,14,584,3,"Feel the beginning and tho and and the whole complete action and always be conucious of radiating. At first, it will Boom like many things to do all at the some time, but all at once they will come together with each concentration exorcise.",7169e6ecaf2776cb,128,0.889,actor_struggle;daily_inspiration;directing_academic_footnote;method_terms,OCR/text-layer extraction candidate copied exactly from CSV field candidate_text_from_extraction_not_final; do not quote publicly until visually verified and cleared.
MCT-UWINDSOR-365-REJECT-0117,exact_normalized_duplicate,2427669e51ca56cc,common_actor_struggles_quote_bucket_raw.csv,16,837,8,"Chekhov February 25, 1938 The gesture through three rictures. If an actor . . . \ . has a feeling of rhythm, these three pictures may some for him the whole world - not only from the beginning to the end. but from the end to the aeginning.",2427669e51ca56cc,128,0.890,actor_struggle;daily_inspiration;directing_academic_footnote;method_terms,OCR/text-layer extraction candidate copied exactly from CSV field candidate_text_from_extraction_not_final; do not quote publicly until visually verified and cleared.
MCT-UWINDSOR-365-REJECT-0118,exact_normalized_duplicate,3c36ef267c2a1219,common_actor_struggles_quote_bucket_raw.csv,25,731,5,"As the director, you. must find I the transitions between the parts. and show your cast and then ask them to meditate on the whole play. If‘you were producing B. big play in four acts. you would have to do the same thing by bringing the pieces together. when you get the play into a more rim/tinnical fom, you will see that the end is weak.",3c36ef267c2a1219,126,0.886,actor_struggle;daily_inspiration;directing_academic_footnote,OCR/text-layer extraction candidate copied exactly from CSV field candidate_text_from_extraction_not_final; do not quote publicly until visually verified and cleared.
MCT-UWINDSOR-365-REJECT-0119,same_item_page_source_page_cap,1f9e2cc0de5fb5cc,common_actor_struggles_quote_bucket_raw.csv,19,857,3,The whole. in which is the first part. the transitional part. and the third part - quite definitely the beginning. transition. the end. Do not confuse two things: The end. and the stop. which is the real stop (finish of the work).,92ae0eafb84eb8c9,128,0.886,actor_struggle;daily_inspiration;directing_academic_footnote,OCR/text-layer extraction candidate copied exactly from CSV field candidate_text_from_extraction_not_final; do not quote publicly until visually verified and cleared.
MCT-UWINDSOR-365-REJECT-0120,overrepresented_item_cap_2,,common_actor_struggles_quote_bucket_raw.csv,20,837,3,"The beginning. in the sense that it is the first period of the whole process; the middle part, the middle period of the process; and the end, the last period of the process. Imagine it is like this: \W/ -m or em. a. rim Still there are three parts.",aad322ae63507baf,127,0.888,daily_inspiration;directing_academic_footnote,OCR/text-layer extraction candidate copied exactly from CSV field candidate_text_from_extraction_not_final; do not quote publicly until visually verified and cleared.
MCT-UWINDSOR-365-REJECT-0121,exact_normalized_duplicate,0c8d280a3a0d68ab,common_actor_struggles_quote_bucket_raw.csv,29,815,7,"Do the same thing only in your imagination from begilming to end, but your imagination must be on tho ground of the style this time. The whole play will be successful only if wé got this fooling - half exclamationo. half words, small and big explosions. sparkly. and not long sentences.",0c8d280a3a0d68ab,125,0.886,actor_struggle;daily_inspiration;directing_academic_footnote;method_terms,OCR/text-layer extraction candidate copied exactly from CSV field candidate_text_from_extraction_not_final; do not quote publicly until visually verified and cleared.
MCT-UWINDSOR-365-REJECT-0122,exact_normalized_duplicate,ed655e0a91b6a9fe,common_actor_struggles_quote_bucket_raw.csv,21,926,22,"Exercise: Walk from one side to another and when you cross the middle of the room. dr0p something and pick it up and then walk to the wall - one whole thing - beginning. anticipation - end,: sustaining. Now do it again with the feeling of form.",ed655e0a91b6a9fe,127,0.885,actor_struggle;daily_inspiration;directing_academic_footnote;method_terms,OCR/text-layer extraction candidate copied exactly from CSV field candidate_text_from_extraction_not_final; do not quote publicly until visually verified and cleared.
MCT-UWINDSOR-365-REJECT-0123,same_item_page_source_page_cap,6e904bda145df89f,common_actor_struggles_quote_bucket_raw.csv,28,647,1,"Inr@gine that the curtain has come down @and try to think of the whole play. This gives us a special kind of ""spectacles"" through which we are able to find the main feeling, the main sction of the play. #From the end to the beginning, try to remember 211 the things we have spoken about.",99a0f531bee90088,125,0.880,actor_struggle;daily_inspiration;directing_academic_footnote,OCR/text-layer extraction candidate copied exactly from CSV field candidate_text_from_extraction_not_final; do not quote publicly until visually verified and cleared.
MCT-UWINDSOR-365-REJECT-0124,same_item_page_source_page_cap,2427669e51ca56cc,common_actor_struggles_quote_bucket_raw.csv,31,837,8,"If an actor . . . \ . has a feeling of rhythm, these three pictures may some for him the whole world - not only from the beginning to the end. but from the end to the aeginning. As an actor I know how I have to sit on Lear's throne in the beginning, because I anticipate the end.",0a02d3ba9468cc23,125,0.890,actor_struggle;daily_inspiration;directing_academic_footnote;method_terms,OCR/text-layer extraction candidate copied exactly from CSV field candidate_text_from_extraction_not_final; do not quote publicly until visually verified and cleared.
MCT-UWINDSOR-365-REJECT-0125,exact_normalized_duplicate,9180592c89a1641c,common_actor_struggles_quote_bucket_raw.csv,37,594,1,"Chekhov COctober 5, 1936 CPENING DAY — CHEKHOY THEATRE STVDIO Dartington Hall, Totnes, Devon, ingland First THE ACTOR—ARTIST CONCENTRATION THE ACTOR®S MARCH THE ACTOR—ARTIST: It is very important that during the lessons you must be very active at all times. Your figure body must be beau— tiful during the whole lesson.",9180592c89a1641c,123,0.890,actor_struggle;daily_inspiration;directing_academic_footnote;method_terms,OCR/text-layer extraction candidate copied exactly from CSV field candidate_text_from_extraction_not_final; do not quote publicly until visually verified and cleared.
MCT-UWINDSOR-365-REJECT-0126,same_item_page_source_page_cap,79159b9ddd57d171,common_actor_struggles_quote_bucket_raw.csv,38,1077,4,"When the actor cannot find his feelings — for instance, tender love for a child - if he tells the director that ho has never had a child. the director can answer him that everyone can give the quality of tenderness and love to his actions. Simultaneously we tako the action of moving the chair with the quality of ""care?.",357cb8d6c8ef59ba,123,0.887,actor_struggle;daily_inspiration;directing_academic_footnote;method_terms,OCR/text-layer extraction candidate copied exactly from CSV field candidate_text_from_extraction_not_final; do not quote publicly until visually verified and cleared.
MCT-UWINDSOR-365-REJECT-0127,same_item_page_source_page_cap,d7e294b70d55b5f0,common_actor_struggles_quote_bucket_raw.csv,18,731,2,"Chekhov June 28. 1937 feeling of the whole. without this frame you will Stand as before an ocean: if it is to be an ocean which is rough, then it must have a beginning. a middle and an end.",d3c35024e03a1cf0,128,0.889,actor_struggle;daily_inspiration;directing_academic_footnote,OCR/text-layer extraction candidate copied exactly from CSV field candidate_text_from_extraction_not_final; do not quote publicly until visually verified and cleared.
MCT-UWINDSOR-365-REJECT-0128,same_item_page_source_page_cap,71d8688c263d7696,common_actor_struggles_quote_bucket_raw.csv,41,839,1,"Radiation - this power of conquering the Space - must be a spiritual thi Q. lover depend upon your body or your voice, because they are too weak. iho Spiritual motivation must be there. If we do the psychological gosturo without this inLer spiritual 90 r. it is nothh ;ho psychological gesture is a lever for the actor‘s whole being.",a16ef0f0f3aa1f1f,123,0.884,actor_struggle;daily_inspiration;directing_academic_footnote;method_terms,OCR/text-layer extraction candidate copied exactly from CSV field candidate_text_from_extraction_not_final; do not quote publicly until visually verified and cleared.
MCT-UWINDSOR-365-REJECT-0129,exact_normalized_duplicate,c63838f86bdc0291,common_actor_struggles_quote_bucket_raw.csv,33,852,1,"Iszeoting scena with ""Soy"" as Chairman: _In this speech. first of all we must E06 this clever ""machine—gun"" person, without any idea. of heart - a. clever. sly machine. Secondly. i? must be at the same time the style of the whole play - threatening.",c63838f86bdc0291,125,0.878,actor_struggle;daily_inspiration;directing_academic_footnote;method_terms,OCR/text-layer extraction candidate copied exactly from CSV field candidate_text_from_extraction_not_final; do not quote publicly until visually verified and cleared.
MCT-UWINDSOR-365-REJECT-0130,same_item_page_source_page_cap,ec6c6005c88c3568,common_actor_struggles_quote_bucket_raw.csv,58,663,5,"Chekhov february 3, 1937 AFTER TH?) CURTAIN IS TJOWN: 1hr: ’Enldon Stanly There are three mogcnts which we will later call climaxes. These thrce points are the moments which will lead us through the whole play. tur play begins with a certain silence and ends with a silence. and between these two silences lies the whole play.",696d2da0ea133a68,122,0.892,actor_struggle;daily_inspiration;directing_academic_footnote,OCR/text-layer extraction candidate copied exactly from CSV field candidate_text_from_extraction_not_final; do not quote publicly until visually verified and cleared.
MCT-UWINDSOR-365-REJECT-0131,exact_normalized_duplicate,faeea7bf1d5496ae,common_actor_struggles_quote_bucket_raw.csv,46,855,1,"0 Michael Chekhov Larch 15, 1938 ATHOSPHERE STYLE \ FEELING 0F TRUTH PSYCHOLOGICAL GESTURE ATMOSPHERE! Shdanoff Flax: [Ehe Possessed]: meatlng‘scono: We must remember the psychological moments and bridges from the very beginning to the point whore we try to speak the real text.",faeea7bf1d5496ae,123,0.886,actor_struggle;daily_inspiration;directing_academic_footnote;method_terms,OCR/text-layer extraction candidate copied exactly from CSV field candidate_text_from_extraction_not_final; do not quote publicly until visually verified and cleared.
MCT-UWINDSOR-365-REJECT-0132,exact_normalized_duplicate,977deb46ad5a92f4,common_actor_struggles_quote_bucket_raw.csv,42,746,6,"I say three because of the three parts: the beginning. the middle, and the end. In canon whore tho firat and last part are so close to each other that the transition is only one moment, this is another question. whothor there is a climax or not. but wo will not touch on this problém new.",977deb46ad5a92f4,123,0.871,actor_struggle;directing_academic_footnote,OCR/text-layer extraction candidate copied exactly from CSV field candidate_text_from_extraction_not_final; do not quote publicly until visually verified and cleared.
MCT-UWINDSOR-365-REJECT-0133,exact_normalized_duplicate,c00719a8f1a21795,common_actor_struggles_quote_bucket_raw.csv,60,859,1,"Awaken this ability in you, psychologically. Secondly, we have tried to live in this one whole thing with a feeling that there is a beginning, there is an end and a beginning. and they are bound together and this link which binds them together we call the middle part. or the transitional part.",c00719a8f1a21795,122,0.889,actor_struggle;daily_inspiration;directing_academic_footnote,OCR/text-layer extraction candidate copied exactly from CSV field candidate_text_from_extraction_not_final; do not quote publicly until visually verified and cleared.
MCT-UWINDSOR-365-REJECT-0134,same_item_page_source_page_cap,d7e294b70d55b5f0,common_actor_struggles_quote_bucket_raw.csv,17,731,2,"1937 feeling of the whole. without this frame you will Stand as before an ocean: if it is to be an ocean which is rough, then it must have a beginning. a middle and an end.",4d04ff97db8573ee,128,0.889,actor_struggle;daily_inspiration;directing_academic_footnote,OCR/text-layer extraction candidate copied exactly from CSV field candidate_text_from_extraction_not_final; do not quote publicly until visually verified and cleared.
MCT-UWINDSOR-365-REJECT-0135,exact_normalized_duplicate,04e658476c1dd784,common_actor_struggles_quote_bucket_raw.csv,45,733,1,"For example, in M3}; the division in the play will depend upon the director's imagination. In the beginning a ghost force, in tho second part the play is opening up. and in the third part so many people are dead, it is more than open. it has disappeared Mm the stage.",04e658476c1dd784,123,0.880,actor_struggle;daily_inspiration;directing_academic_footnote,OCR/text-layer extraction candidate copied exactly from CSV field candidate_text_from_extraction_not_final; do not quote publicly until visually verified and cleared.
MCT-UWINDSOR-365-REJECT-0136,exact_normalized_duplicate,74bdcca823e82a7e,common_actor_struggles_quote_bucket_raw.csv,39,1078,4,"oR pe Ke Chekhov December 5, 1941 an absolutely free field for expressing this, and there is an endless variety of gestures, We can take radiation as another point. I can ""radiate my admiration™ in any number of waya, We can take any point of the kethod and turn it into a — While rehearsing, we must turn it into a physical gesture, using our whole body.",74bdcca823e82a7e,123,0.881,actor_struggle;daily_inspiration;directing_academic_footnote;method_terms,OCR/text-layer extraction candidate copied exactly from CSV field candidate_text_from_extraction_not_final; do not quote publicly until visually verified and cleared.
MCT-UWINDSOR-365-REJECT-0137,overrepresented_item_cap_2,,common_actor_struggles_quote_bucket_raw.csv,48,699,2,"You must also keep in mind that the beginning and the end of a thing are entirely different, For example, cralon must enter absolutely freshly, because at the end he lies dead. lhe director can develop the whole thing if he knows the line and the development.",f4172fa7e8e259ae,123,0.888,actor_struggle;daily_inspiration;directing_academic_footnote,OCR/text-layer extraction candidate copied exactly from CSV field candidate_text_from_extraction_not_final; do not quote publicly until visually verified and cleared.
MCT-UWINDSOR-365-REJECT-0138,same_item_page_source_page_cap,c00719a8f1a21795,common_actor_struggles_quote_bucket_raw.csv,61,859,1,"Secondly, we have tried to live in this one whole thing with a feeling that there is a beginning, there is an end and a beginning. and they are bound together and this link which binds them together we call the middle part. or the transitional part. Recall all those feelings.",33ad19efe2b36b3f,122,0.889,actor_struggle;daily_inspiration;directing_academic_footnote,OCR/text-layer extraction candidate copied exactly from CSV field candidate_text_from_extraction_not_final; do not quote publicly until visually verified and cleared.
MCT-UWINDSOR-365-REJECT-0139,overrepresented_item_cap_2,,common_actor_struggles_quote_bucket_raw.csv,57,837,2,"Chekhov February 25, 1938 end as a t ansition - a Esychological. ohxsieal, or emotional bridge. It is quite natural if we have a feeling of the whole, we experience this middle part, but by studying these things we have to pay attention especially to this transitional part.",f5ac6f5f558eca37,122,0.889,actor_struggle;daily_inspiration;directing_academic_footnote;method_terms,OCR/text-layer extraction candidate copied exactly from CSV field candidate_text_from_extraction_not_final; do not quote publicly until visually verified and cleared.
MCT-UWINDSOR-365-REJECT-0140,exact_normalized_duplicate,498707be9566407e,common_actor_struggles_quote_bucket_raw.csv,50,748,13,"Your soul will be so flexible and so accustomed to this kind of work on the stage that you will take an objective on entering the stage. or psychological gesture. or atmosphere. etc. Therefore, at the beginning you must be pedantic with yourselves.",498707be9566407e,123,0.892,actor_struggle;daily_inspiration;directing_academic_footnote;method_terms,OCR/text-layer extraction candidate copied exactly from CSV field candidate_text_from_extraction_not_final; do not quote publicly until visually verified and cleared.
MCT-UWINDSOR-365-REJECT-0141,exact_normalized_duplicate,f6ee3af69b1d6da9,common_actor_struggles_quote_bucket_raw.csv,52,644,7,"The beginning of this atmosphere is in the very begin— ning of the play in the voice of the Guard — this is the first hopg and the second hope is when Antin first appears. The third hope is Antin‘s second appesrance, and the fourth hope is the flower in the Golden Steed.",f6ee3af69b1d6da9,122,0.887,actor_struggle;daily_inspiration;directing_academic_footnote;method_terms,OCR/text-layer extraction candidate copied exactly from CSV field candidate_text_from_extraction_not_final; do not quote publicly until visually verified and cleared.
MCT-UWINDSOR-365-REJECT-0142,exact_normalized_duplicate,ae506b75935e4f07,common_actor_struggles_quote_bucket_raw.csv,27,754,6,"He does not hide his feelings. rRho face of the characters, the make—up, must be composed under the inspiration of the psychological gesture. If the beginning is right then the whole scene will",ae506b75935e4f07,126,0.884,actor_struggle;daily_inspiration;directing_academic_footnote;method_terms,OCR/text-layer extraction candidate copied exactly from CSV field candidate_text_from_extraction_not_final; do not quote publicly until visually verified and cleared.
MCT-UWINDSOR-365-REJECT-0143,same_item_page_source_page_cap,2427669e51ca56cc,common_actor_struggles_quote_bucket_raw.csv,32,837,8,This is the rhythmical secret of the theatre - I have to act from the end to the beginning. This can be awakened only by a feeling of rhythm. when the future is the past. and the pre— sent time is everywhere.,4e936d49e2824e78,125,0.890,actor_struggle;daily_inspiration;directing_academic_footnote;method_terms,OCR/text-layer extraction candidate copied exactly from CSV field candidate_text_from_extraction_not_final; do not quote publicly until visually verified and cleared.
MCT-UWINDSOR-365-REJECT-0144,excessive_unusual_characters_ocr_noise,,common_actor_struggles_quote_bucket_raw.csv,54,827,14,"Elnhirst and Miss Crowtherx __________.__________________________.______ Mrs, Elnhirstx I have one or two points propArcd. First, I wondercd if it would help you to see the whole scene more in terms of the outward form. so that we would get the feeling the character was working to a climax.",04d43fec5c18f619,122,0.857,actor_struggle;daily_inspiration;directing_academic_footnote;method_terms,OCR/text-layer extraction candidate copied exactly from CSV field candidate_text_from_extraction_not_final; do not quote publicly until visually verified and cleared.
MCT-UWINDSOR-365-REJECT-0145,exact_normalized_duplicate,2bbeb364f707c314,common_actor_struggles_quote_bucket_raw.csv,69,1077,9,"He combines so many characters in the one atmosphere of a scene, an act. or the whole play. But whether you, as - a character. are cynical towards the atmosphere of awe. or are sympathetic to it. you must accept it. otherwise you will be out of the style of the play, or you will not belong to the scene.",2bbeb364f707c314,120,0.892,actor_struggle;daily_inspiration;directing_academic_footnote;method_terms,OCR/text-layer extraction candidate copied exactly from CSV field candidate_text_from_extraction_not_final; do not quote publicly until visually verified and cleared.
MCT-UWINDSOR-365-REJECT-0146,exact_normalized_duplicate,607a60563d271ddd,common_actor_struggles_quote_bucket_raw.csv,84,1072,9,"It is a moment of such greatness and strength that it cannot be mistaken for anything else. INSPIRED ACTING: It is the moment of inspiration when the character. being promyted by the right atmosphere, being prepared by careful imagining, being friends with the creative individuality is not there and we here.",607a60563d271ddd,120,0.881,actor_struggle;daily_inspiration;directing_academic_footnote;method_terms,OCR/text-layer extraction candidate copied exactly from CSV field candidate_text_from_extraction_not_final; do not quote publicly until visually verified and cleared.
MCT-UWINDSOR-365-REJECT-0147,exact_normalized_duplicate,f9987c54873680cc,common_actor_struggles_quote_bucket_raw.csv,70,828,6,"Although at first this work of rhythm may seem to us quite mechanical and not really rhythmical. this is only the fern. It is u staircase on which we can clinb to the next level. which is the real rhythm based on this form. ”he real form will never kill the real life, but will increase it.",f9987c54873680cc,120,0.889,actor_struggle;daily_inspiration;directing_academic_footnote;method_terms,OCR/text-layer extraction candidate copied exactly from CSV field candidate_text_from_extraction_not_final; do not quote publicly until visually verified and cleared.
MCT-UWINDSOR-365-REJECT-0148,overrepresented_item_cap_2,,common_actor_struggles_quote_bucket_raw.csv,35,837,3,"It is more in the nature of a meter. The beginning. in the sense that it is the first period of the whole process; the middle part, the middle period of the process; and the end, the last period of the process.",46bd21fabb987213,124,0.888,daily_inspiration;directing_academic_footnote,OCR/text-layer extraction candidate copied exactly from CSV field candidate_text_from_extraction_not_final; do not quote publicly until visually verified and cleared.
MCT-UWINDSOR-365-REJECT-0149,exact_normalized_duplicate,8fb956211c570606,common_actor_struggles_quote_bucket_raw.csv,56,827,14,"First, I wondercd if it would help you to see the whole scene more in terms of the outward form. so that we would get the feeling the character was working to a climax. For instance, when you drink the poison. the drinking had no more importance than any other movement.",8fb956211c570606,122,0.857,actor_struggle;daily_inspiration;directing_academic_footnote;method_terms,OCR/text-layer extraction candidate copied exactly from CSV field candidate_text_from_extraction_not_final; do not quote publicly until visually verified and cleared.
MCT-UWINDSOR-365-REJECT-0150,exact_normalized_duplicate,2ac11665db80929e,common_actor_struggles_quote_bucket_raw.csv,71,1085,19,The creative prqogee. which the actor of the future will know from inside. conniote of four definite ctnuen which the actor will love. The first stage is when he foole that the part he is going to perform. the play he in going to perform. is something which he can embrace entirely an a general atmosphere which comes nearer and nearer.,2ac11665db80929e,120,0.891,actor_struggle;daily_inspiration;directing_academic_footnote;method_terms,OCR/text-layer extraction candidate copied exactly from CSV field candidate_text_from_extraction_not_final; do not quote publicly until visually verified and cleared.
MCT-UWINDSOR-365-REJECT-0151,exact_normalized_duplicate,ed40f77563e94d47,common_actor_struggles_quote_bucket_raw.csv,75,720,1,"In Balladiha I , yau must try to find the same lino. In Che Fishiny Scone the director has draw: the main line, but I thirk it is not only expressing the idea of the play. because this main line must be the incorporation of what wc will call later on the rhythmical gesture of the whole play.",ed40f77563e94d47,120,0.877,actor_struggle;daily_inspiration;directing_academic_footnote;method_terms,OCR/text-layer extraction candidate copied exactly from CSV field candidate_text_from_extraction_not_final; do not quote publicly until visually verified and cleared.
MCT-UWINDSOR-365-REJECT-0152,exact_normalized_duplicate,4e744cd98e489b2c,common_actor_struggles_quote_bucket_raw.csv,89,615,1,"The second step is to find the speech for the play., We must speak to croate the atmosphere, and we must speak out of the atmosphere. First, try to ima— gine the picture of this world of the fairy tale with the mountain and everything we have done in our imasination, and try to feel the and send it out.",4e744cd98e489b2c,119,0.888,actor_struggle;daily_inspiration;directing_academic_footnote;method_terms,OCR/text-layer extraction candidate copied exactly from CSV field candidate_text_from_extraction_not_final; do not quote publicly until visually verified and cleared.
MCT-UWINDSOR-365-REJECT-0153,exact_normalized_duplicate,3fc0f6bc4b588d61,common_actor_struggles_quote_bucket_raw.csv,87,769,3,"This was the first Sign this morning. and you must appreciate it as I do. When you were playing, at once contact, fooling of beauty. feeling of ease. and concentration wore there because they are all one mysterious, beautiful thing which we call the artist's soul, or ability. or spirit.",3fc0f6bc4b588d61,120,0.882,actor_struggle;daily_inspiration;directing_academic_footnote;method_terms,OCR/text-layer extraction candidate copied exactly from CSV field candidate_text_from_extraction_not_final; do not quote publicly until visually verified and cleared.
MCT-UWINDSOR-365-REJECT-0154,exact_normalized_duplicate,ae815b0fc826b460,common_actor_struggles_quote_bucket_raw.csv,82,922,4,"When we have not yet got the feeling of the style of the play. the tempo in wrong, and where we mostly lose our time is betwoon wordo. between aotione. and this in why I recommend to Peter to do everything in one big wave. If you will get this feeling of the whole. you will see that there is no time to make dead pauaae or dregeinSide you.",ae815b0fc826b460,120,0.888,actor_struggle;daily_inspiration;directing_academic_footnote;method_terms,OCR/text-layer extraction candidate copied exactly from CSV field candidate_text_from_extraction_not_final; do not quote publicly until visually verified and cleared.
MCT-UWINDSOR-365-REJECT-0155,substring_or_overlap_duplicate,2427669e51ca56cc,common_actor_struggles_quote_bucket_raw.csv,30,837,8,"If an actor . . . \ . has a feeling of rhythm, these three pictures may some for him the whole world - not only from the beginning to the end. but from the end to the aeginning.",b3ad720beda21b14,125,0.890,actor_struggle;daily_inspiration;directing_academic_footnote;method_terms,OCR/text-layer extraction candidate copied exactly from CSV field candidate_text_from_extraction_not_final; do not quote publicly until visually verified and cleared.
MCT-UWINDSOR-365-REJECT-0156,substring_or_overlap_duplicate,01d450b5aaf9d023,common_actor_struggles_quote_bucket_raw.csv,40,670,2,Keep and develop the ability to be concentrated absolutely from the beginning to the end of the rehearsal. It will be tiring at first. but then you will find that without concentration you will be much more tired.,399a0a0335f07ca9,123,0.893,actor_struggle;directing_academic_footnote;method_terms,OCR/text-layer extraction candidate copied exactly from CSV field candidate_text_from_extraction_not_final; do not quote publicly until visually verified and cleared.
MCT-UWINDSOR-365-REJECT-0157,exact_normalized_duplicate,76bbfec85981f0c7,common_actor_struggles_quote_bucket_raw.csv,77,883,6,"If your imagination is ottong enough you will see Electra with your uind'n eye. At the beginning you can force yourself to one her oyon. her movemente, her voice. what she feels - this is good for the beginning to call upon her, but it is only the first part. the beginning.",76bbfec85981f0c7,120,0.891,actor_struggle;daily_inspiration;directing_academic_footnote,OCR/text-layer extraction candidate copied exactly from CSV field candidate_text_from_extraction_not_final; do not quote publicly until visually verified and cleared.
MCT-UWINDSOR-365-REJECT-0158,exact_normalized_duplicate,362d6bf9f665908a,common_actor_struggles_quote_bucket_raw.csv,85,1075,2,"By looking through these doors at the moment of inspiration, what will we go-ﬁftho end? we will get only the method. when we speak about the atmosphere, it is one of the doors which we can open and see there is the creative process. and there is the spark of inspiration.",362d6bf9f665908a,120,0.891,actor_struggle;daily_inspiration;directing_academic_footnote;method_terms,OCR/text-layer extraction candidate copied exactly from CSV field candidate_text_from_extraction_not_final; do not quote publicly until visually verified and cleared.
MCT-UWINDSOR-365-REJECT-0159,overrepresented_item_cap_2,,common_actor_struggles_quote_bucket_raw.csv,81,847,3,"If you have the feeling at the whole; in three parts. nothing can dieturb you - nothimg can disturb this one, two, three. which is ahsoluto form. yet is absolutely flexible. This is the secret of rhythm; You can put in the first part whateveztyou like J everything. every detail will be in the right place? but it will be much clearer later on.",ca07a12893ab6fde,120,0.883,actor_struggle;daily_inspiration;directing_academic_footnote;method_terms,OCR/text-layer extraction candidate copied exactly from CSV field candidate_text_from_extraction_not_final; do not quote publicly until visually verified and cleared.
MCT-UWINDSOR-365-REJECT-0160,exact_normalized_duplicate,cd91381894bb1c72,common_actor_struggles_quote_bucket_raw.csv,88,758,7,"There was nothing of the feeling of ensemble about it. ile must be above the thing we are going to do or ime provise, and ag artists we must get a feeling for the beginning and end. You must have felt that your audience was. suffering under this long, endless development of nothing.",cd91381894bb1c72,120,0.872,actor_struggle;daily_inspiration;directing_academic_footnote,OCR/text-layer extraction candidate copied exactly from CSV field candidate_text_from_extraction_not_final; do not quote publicly until visually verified and cleared.
MCT-UWINDSOR-365-REJECT-0161,exact_normalized_duplicate,9797998c12d06523,common_actor_struggles_quote_bucket_raw.csv,43,978,10,It is a law which you cannot eucupo. And if you will look at thin group. you will see there are definitely three ports. the beginningand tho and. and the space between in the middle part - a harmonious whole. .,9797998c12d06523,123,0.889,actor_struggle;daily_inspiration;directing_academic_footnote,OCR/text-layer extraction candidate copied exactly from CSV field candidate_text_from_extraction_not_final; do not quote publicly until visually verified and cleared.
MCT-UWINDSOR-365-REJECT-0162,same_item_page_source_page_cap,f6ee3af69b1d6da9,common_actor_struggles_quote_bucket_raw.csv,53,644,7,This heroism transforms the atmosphere of the Golden Steed. The beginning of this atmosphere is in the very begin— ning of the play in the voice of the Guard — this is the first hopg and the second hope is when Antin first appears.,79ffbd1be0765a03,122,0.887,actor_struggle;daily_inspiration;directing_academic_footnote;method_terms,OCR/text-layer extraction candidate copied exactly from CSV field candidate_text_from_extraction_not_final; do not quote publicly until visually verified and cleared.
MCT-UWINDSOR-365-REJECT-0163,exact_normalized_duplicate,3c0ad302649eb059,common_actor_struggles_quote_bucket_raw.csv,78,855,2,"You must develop the atmosphere itself and then all the action and speeches will grow out of it. The order of the scene was the following: First, the moment of depression after the spy's first speech. then the moment of relief. like air. when the old professor spoke,",3c0ad302649eb059,120,0.892,actor_struggle;daily_inspiration;directing_academic_footnote;method_terms,OCR/text-layer extraction candidate copied exactly from CSV field candidate_text_from_extraction_not_final; do not quote publicly until visually verified and cleared.
MCT-UWINDSOR-365-REJECT-0164,same_item_page_source_page_cap,233841bc7bea6383,common_actor_struggles_quote_bucket_raw.csv,66,837,1,"We must know that there are two feelings of the whole - one is the intellectual which we cannot apply to our art at all, and the other is that which feeds and lends’our whole nature. It is the yhglg nature which participates in this rhythmical thing.",1a08a7a28163351c,121,0.887,actor_struggle;daily_inspiration;directing_academic_footnote,OCR/text-layer extraction candidate copied exactly from CSV field candidate_text_from_extraction_not_final; do not quote publicly until visually verified and cleared.
MCT-UWINDSOR-365-REJECT-0165,exact_normalized_duplicate,bfd569e6d2507372,common_actor_struggles_quote_bucket_raw.csv,44,980,1,STYLE: General criticism and suggestion; In each stage of rehearsing. there are different periods for receiving'tho general suggestions of the director. In the first stage. general suggestions cannot be taken.,bfd569e6d2507372,123,0.888,actor_struggle;daily_inspiration;directing_academic_footnote;method_terms,OCR/text-layer extraction candidate copied exactly from CSV field candidate_text_from_extraction_not_final; do not quote publicly until visually verified and cleared.
MCT-UWINDSOR-365-REJECT-0166,exact_normalized_duplicate,3c4f5cfb8b30eeb9,common_actor_struggles_quote_bucket_raw.csv,74,659,4,If you will build the whole scene by means of you: psychological gesture. you uill at the same time rehearse the play. but on a level which is much richer. The richness of mo performance in the real world depends upon how high you can reach the “platonic world;.,3c4f5cfb8b30eeb9,120,0.890,actor_struggle;daily_inspiration;directing_academic_footnote;method_terms,OCR/text-layer extraction candidate copied exactly from CSV field candidate_text_from_extraction_not_final; do not quote publicly until visually verified and cleared.
MCT-UWINDSOR-365-REJECT-0167,exact_normalized_duplicate,9ec9b7e5462925bc,common_actor_struggles_quote_bucket_raw.csv,83,781,2,"In order to perform the play on tho stage. it is only possible if the play is. from beginning to end. a long conflict - g_2251£§§gg§_ggg§ligt - g The novelist may allow himself to write many pages describing his characters and their feelings, their past and future, but we, as actors. are not allowed to describe the characters: - we must show them - act them.",9ec9b7e5462925bc,120,0.883,actor_struggle;daily_inspiration;directing_academic_footnote,OCR/text-layer extraction candidate copied exactly from CSV field candidate_text_from_extraction_not_final; do not quote publicly until visually verified and cleared.
MCT-UWINDSOR-365-REJECT-0168,exact_normalized_duplicate,047acfdc8b0e9ccf,common_actor_struggles_quote_bucket_raw.csv,49,633,2,"Rach person requires a different amount of preparation for the beginning and the end. In order to fuse your will and the rhythmical pattern, you must feel your whole body and use your whole body.",047acfdc8b0e9ccf,123,0.887,actor_struggle;daily_inspiration;directing_academic_footnote,OCR/text-layer extraction candidate copied exactly from CSV field candidate_text_from_extraction_not_final; do not quote publicly until visually verified and cleared.
MCT-UWINDSOR-365-REJECT-0169,overrepresented_item_cap_2,,common_actor_struggles_quote_bucket_raw.csv,36,837,3,"The beginning. in the sense that it is the first period of the whole process; the middle part, the middle period of the process; and the end, the last period of the process.",91ee01b543e7e998,124,0.888,daily_inspiration;directing_academic_footnote,OCR/text-layer extraction candidate copied exactly from CSV field candidate_text_from_extraction_not_final; do not quote publicly until visually verified and cleared.
MCT-UWINDSOR-365-REJECT-0170,overrepresented_item_cap_2,,common_actor_struggles_quote_bucket_raw.csv,96,731,1,"It is difficult to get and it requireu time, but we have to get it. In order to have the feeling of the whole it means that firat of all each member of the cast must work apart from the rehearsals. and in their imaginations they must go through the whole play as if sitting in the audience room.",f6cba0d987ab046f,118,0.884,actor_struggle;daily_inspiration;directing_academic_footnote,OCR/text-layer extraction candidate copied exactly from CSV field candidate_text_from_extraction_not_final; do not quote publicly until visually verified and cleared.
MCT-UWINDSOR-365-REJECT-0171,exact_normalized_duplicate,4ff5ddbd020f8e4e,common_actor_struggles_quote_bucket_raw.csv,47,944,6,1939 .pointe - thin in the beginning and this is the end - perhaps in the middle there will be award in the style of the play. If it is too vague. then give another condition which will lend them.,4ff5ddbd020f8e4e,123,0.881,actor_struggle;directing_academic_footnote;method_terms,OCR/text-layer extraction candidate copied exactly from CSV field candidate_text_from_extraction_not_final; do not quote publicly until visually verified and cleared.
MCT-UWINDSOR-365-REJECT-0172,exact_normalized_duplicate,ff919c820fd9f6b0,common_actor_struggles_quote_bucket_raw.csv,59,885,2,"Then try to do it many times. at first in general. and then gradually add more and soho details. Now try to oxporionoo it with your whole body, in a sense try to find tho psychological gesture for the whole play.",ff919c820fd9f6b0,122,0.886,actor_struggle;daily_inspiration;directing_academic_footnote;method_terms,OCR/text-layer extraction candidate copied exactly from CSV field candidate_text_from_extraction_not_final; do not quote publicly until visually verified and cleared.
MCT-UWINDSOR-365-REJECT-0173,exact_normalized_duplicate,78c0019aa52663d7,common_actor_struggles_quote_bucket_raw.csv,102,834,5,"It is right, of course, that tho tosturo is not at once quite clear, because :3 know that on principle all gestures must be discovered. as all art has to be discovered. Therefore some geaturon will come only at the end of a long period of work: and in this case I think it is very difficult to find the gesture.",78c0019aa52663d7,117,0.889,actor_struggle;daily_inspiration;directing_academic_footnote;method_terms,OCR/text-layer extraction candidate copied exactly from CSV field candidate_text_from_extraction_not_final; do not quote publicly until visually verified and cleared.
MCT-UWINDSOR-365-REJECT-0174,overrepresented_item_cap_2,,common_actor_struggles_quote_bucket_raw.csv,73,837,2,"It is quite natural if we have a feeling of the whole, we experience this middle part, but by studying these things we have to pay attention especially to this transitional part. This is nothing new but we must be able to concentrate on this part.",5ff329997ad0dcd5,120,0.889,actor_struggle;daily_inspiration;directing_academic_footnote;method_terms,OCR/text-layer extraction candidate copied exactly from CSV field candidate_text_from_extraction_not_final; do not quote publicly until visually verified and cleared.
MCT-UWINDSOR-365-REJECT-0175,same_item_page_source_page_cap,2d538d0707e805eb,common_actor_struggles_quote_bucket_raw.csv,120,699,4,"Then I would give them two or three atmospheres and let them act, with mistakes, but with atmosphere throughout. Jhen I would give them objectives and let them be incomplete, but let them have the feeling of the whole play from the point of view of objective, psychological gesture, atmosphere, etc., etc.",338122965249c444,117,0.888,actor_struggle;daily_inspiration;directing_academic_footnote;method_terms,OCR/text-layer extraction candidate copied exactly from CSV field candidate_text_from_extraction_not_final; do not quote publicly until visually verified and cleared.
MCT-UWINDSOR-365-REJECT-0176,exact_normalized_duplicate,f9c5231d60747f1b,common_actor_struggles_quote_bucket_raw.csv,124,773,7,"This kind of imagining will coax the archetypal values into the soul, and what kind of archetype we have to penetrate into is always very clear, because as artists when first reading the play or imagining the part. we guess these archetypes and that is why we want to act. So we must penetrate into them quite consciously.",f9c5231d60747f1b,117,0.894,actor_struggle;daily_inspiration;directing_academic_footnote;method_terms,OCR/text-layer extraction candidate copied exactly from CSV field candidate_text_from_extraction_not_final; do not quote publicly until visually verified and cleared.
MCT-UWINDSOR-365-REJECT-0177,exact_normalized_duplicate,ad812a41ad01c712,common_actor_struggles_quote_bucket_raw.csv,95,652,2,"But we must start. ear-riot: IMAGINING THE PLAY: The Fishino Scone: ___________L_____ The first thing you must do is to imagine everything that the director or the designer will tell you. in order to hear. not with your brain or intellect, but with yolm imagination. you must train yourself to hear everything with your imagination.",ad812a41ad01c712,118,0.877,actor_struggle;daily_inspiration;directing_academic_footnote,OCR/text-layer extraction candidate copied exactly from CSV field candidate_text_from_extraction_not_final; do not quote publicly until visually verified and cleared.
MCT-UWINDSOR-365-REJECT-0178,exact_normalized_duplicate,4f49207f197efd04,common_actor_struggles_quote_bucket_raw.csv,123,921,6,"But you must do it by appealing first to your imagination. just as you did the excreieeo for this streaming. now you must eee Pierrot noting with fire. Do it thirty times technically. as an actor, then you will know what it is. and tempo. speech. the wave movement. all these things eheuld come together.",4f49207f197efd04,117,0.881,actor_struggle;daily_inspiration;directing_academic_footnote;method_terms,OCR/text-layer extraction candidate copied exactly from CSV field candidate_text_from_extraction_not_final; do not quote publicly until visually verified and cleared.
MCT-UWINDSOR-365-REJECT-0179,exact_normalized_duplicate,c6c8a0d8350eebb5,common_actor_struggles_quote_bucket_raw.csv,116,853,1,"1938 CONCEi’i‘RATION IP'AGINATION AND \‘lILL‘ PRESIa‘XCE - THE CREATIVE INDIVIDUALITY CONTACT Today we shall start with the very first exercises. as if they were now. The real artist has to dovolop many abilities in his spirit and soul and body, and one of the most important abilities is the ability of concentration.",c6c8a0d8350eebb5,117,0.883,actor_struggle;daily_inspiration;directing_academic_footnote;method_terms,OCR/text-layer extraction candidate copied exactly from CSV field candidate_text_from_extraction_not_final; do not quote publicly until visually verified and cleared.
MCT-UWINDSOR-365-REJECT-0180,exact_normalized_duplicate,7a8bf268f5cddbb3,common_actor_struggles_quote_bucket_raw.csv,121,784,5,"You must be able to fill tremendous rooms and space, which you will find in American theatres, not only with your voices but with your radiation - there are no other means. You can move as wide as you like. but if it is without radiation the audience will not be able to see it with opera glasses.",7a8bf268f5cddbb3,117,0.890,actor_struggle;daily_inspiration;directing_academic_footnote;method_terms,OCR/text-layer extraction candidate copied exactly from CSV field candidate_text_from_extraction_not_final; do not quote publicly until visually verified and cleared.
MCT-UWINDSOR-365-REJECT-0181,exact_normalized_duplicate,4f606a94d6e97bec,common_actor_struggles_quote_bucket_raw.csv,101,825,6,"I have known only one theatre \Iith a really good contact. not only on the stage but in the theatre life - the first Moscow Art Theatre. The}, have always sought for this contact on the stage. in Chekhov plays, atmosphere, mood, etc.. and thoy developed this feeling of contact and z-rhst 2-1:: the result in their life?",4f606a94d6e97bec,117,0.884,actor_struggle;daily_inspiration;directing_academic_footnote;method_terms,OCR/text-layer extraction candidate copied exactly from CSV field candidate_text_from_extraction_not_final; do not quote publicly until visually verified and cleared.
MCT-UWINDSOR-365-REJECT-0182,exact_normalized_duplicate,c11ddd3bf130e914,common_actor_struggles_quote_bucket_raw.csv,117,859,6,"""nor to. and not be afraid of all these small things.‘ This stage must be gone through. -Tho problem is difficult: Contraction: cold : ﬁiano presto Expansion: fire ‘ forte adagio in the beginning. (All these dfforta we make to overcome these obvious thingsvand to cppbine enemies and friends. It will give great freedom).",c11ddd3bf130e914,117,0.885,actor_struggle;daily_inspiration;directing_academic_footnote,OCR/text-layer extraction candidate copied exactly from CSV field candidate_text_from_extraction_not_final; do not quote publicly until visually verified and cleared.
MCT-UWINDSOR-365-REJECT-0183,substring_or_overlap_duplicate,ed40f77563e94d47,common_actor_struggles_quote_bucket_raw.csv,76,720,1,"In Che Fishiny Scone the director has draw: the main line, but I thirk it is not only expressing the idea of the play. because this main line must be the incorporation of what wc will call later on the rhythmical gesture of the whole play.",637066d3334cc97b,120,0.877,actor_struggle;daily_inspiration;directing_academic_footnote;method_terms,OCR/text-layer extraction candidate copied exactly from CSV field candidate_text_from_extraction_not_final; do not quote publicly until visually verified and cleared.
MCT-UWINDSOR-365-REJECT-0184,overrepresented_item_cap_2,,common_actor_struggles_quote_bucket_raw.csv,94,664,1,"When the gesture is weak you bcgin to confuse it with imagination, misc on segue. ctc. You must undcr~ stand that the psychological gesture is somofhing which cannot be compcrcd to tho misc on scone or other things, bocausc it is a basic thing which inoludoc everything - atmosphere, movement. objective, misc an scéne,spcoch. ~ everything.",bbbfdce631e4e5ab,118,0.871,actor_struggle;daily_inspiration;directing_academic_footnote;method_terms,OCR/text-layer extraction candidate copied exactly from CSV field candidate_text_from_extraction_not_final; do not quote publicly until visually verified and cleared.
MCT-UWINDSOR-365-REJECT-0185,same_item_page_source_page_cap,79159b9ddd57d171,common_actor_struggles_quote_bucket_raw.csv,68,1077,4,"Secondly. the simple action, and the simple quality will appeal to our utmost inner life, as wo are not touching our feelings first. we are not tearing our soul to pieces to find our feclings,iwhich cannot be found in that way.",ecd40943ff7eb741,120,0.887,actor_struggle;daily_inspiration;directing_academic_footnote;method_terms,OCR/text-layer extraction candidate copied exactly from CSV field candidate_text_from_extraction_not_final; do not quote publicly until visually verified and cleared.
MCT-UWINDSOR-365-REJECT-0186,exact_normalized_duplicate,9b271ccc4979e24f,common_actor_struggles_quote_bucket_raw.csv,105,820,8,"We do not even guess that this whole structure makes a tremendous gesture. If you take it in you can not, you can speak. or move - there is a whole story~ to act, describe. move in this, We are blind to this gesture because we do not need it in our everyday life. or in our profession now.",9b271ccc4979e24f,117,0.883,actor_struggle;daily_inspiration;directing_academic_footnote;method_terms,OCR/text-layer extraction candidate copied exactly from CSV field candidate_text_from_extraction_not_final; do not quote publicly until visually verified and cleared.
MCT-UWINDSOR-365-REJECT-0187,same_item_page_source_page_cap,85fb97af64a7bf0a,common_actor_struggles_quote_bucket_raw.csv,109,659,5,"Chekhov v‘armary 23. 1937 The loss free the actor will he in doing his psychological gesture, the more free he will he later on. it depends upon the director what form of the gesture he gives. we are now working with the psychological gesture because we want to understand it.",eab3230028908fc2,117,0.892,actor_struggle;daily_inspiration;directing_academic_footnote;method_terms,OCR/text-layer extraction candidate copied exactly from CSV field candidate_text_from_extraction_not_final; do not quote publicly until visually verified and cleared.
MCT-UWINDSOR-365-REJECT-0188,exact_normalized_duplicate,9fd53bb99895b52a,common_actor_struggles_quote_bucket_raw.csv,111,811,2,"It must be something definite, and first of All it must be filled with certain qualities. will you please do this gesture: From the center of our chest we are going to move our whole being = we move our arms, our heads, but streams are zoing through our legs as well. ‘Will you open your whole being by doing this psychological gesture.",9fd53bb99895b52a,117,0.880,actor_struggle;daily_inspiration;directing_academic_footnote;method_terms,OCR/text-layer extraction candidate copied exactly from CSV field candidate_text_from_extraction_not_final; do not quote publicly until visually verified and cleared.
MCT-UWINDSOR-365-REJECT-0189,exact_normalized_duplicate,eed79eb13f256d63,common_actor_struggles_quote_bucket_raw.csv,110,807,3,"If our psychology. in spite of this division in three parts, is one. and if our 1306an spite of three ports:7 is one which is permeated with the first whole thing. then we have to draw the following conclusion: The psychological gesture must be produced by the means oi our whole body, and never by the means of one of the parts of our body.",eed79eb13f256d63,117,0.887,actor_struggle;daily_inspiration;directing_academic_footnote;method_terms,OCR/text-layer extraction candidate copied exactly from CSV field candidate_text_from_extraction_not_final; do not quote publicly until visually verified and cleared.
MCT-UWINDSOR-365-REJECT-0190,overrepresented_item_cap_2,,common_actor_struggles_quote_bucket_raw.csv,130,837,3,We must get accustomed to distinguishing the three parts - the beginning — the transition - the end. as if it is one family in three parts. what we call the beginning we must call the first part of the rhythmical whole. because the beginning in the sense of starting point. is something different.,41039f2426a7710b,116,0.888,daily_inspiration;directing_academic_footnote,OCR/text-layer extraction candidate copied exactly from CSV field candidate_text_from_extraction_not_final; do not quote publicly until visually verified and cleared.
MCT-UWINDSOR-365-REJECT-0191,same_item_page_source_page_cap,4917f26c7e57a107,common_actor_struggles_quote_bucket_raw.csv,138,633,1,"When we start at the begin— ning, we must feel the middle and the end., wWwhoen we are in the middle, we must feel the past and the future; and when we are at the end, we must feel the middle and the beginning. when you have finished and are out of this pattern, then you have the fedling of the whole which has happensd.",208d9dc3137f6d81,116,0.884,daily_inspiration;directing_academic_footnote,OCR/text-layer extraction candidate copied exactly from CSV field candidate_text_from_extraction_not_final; do not quote publicly until visually verified and cleared.
MCT-UWINDSOR-365-REJECT-0192,exact_normalized_duplicate,7ebc200228cd8f58,common_actor_struggles_quote_bucket_raw.csv,91,1019,4,Mthout thin kind of experiment I cannot tell you anything more a’onut H2. . _ In Karen'a interpretation of the Shrew; one showed curtain dovolupnont. but am: did not have the feeling of style. it damn not no in the text or tho mine on ocbno. but purely in the psychology or the actor. The scene is so short that the beginning and/Che end must' be very clear.,7ebc200228cd8f58,118,0.876,actor_struggle;directing_academic_footnote;method_terms,OCR/text-layer extraction candidate copied exactly from CSV field candidate_text_from_extraction_not_final; do not quote publicly until visually verified and cleared.
MCT-UWINDSOR-365-REJECT-0193,exact_normalized_duplicate,f74354e73903d2b6,common_actor_struggles_quote_bucket_raw.csv,65,920,2,Try to find where the first. second and third parts are in the play. and the transitions. and try to read the whole play from this point of View. The next task will be tempo.,f74354e73903d2b6,122,0.886,actor_struggle;daily_inspiration;directing_academic_footnote;method_terms,OCR/text-layer extraction candidate copied exactly from CSV field candidate_text_from_extraction_not_final; do not quote publicly until visually verified and cleared.
MCT-UWINDSOR-365-REJECT-0194,same_item_page_source_page_cap,427f26a8bda232bf,common_actor_struggles_quote_bucket_raw.csv,149,664,3,"The director must tell his coat whether they are to do the action through imagination or through the objective. There are two ways for the actor s to imagine what his character is doing and then incorporate it. or without any imagination ask him to find out what it is he in doing, and then he is quite free.",6ef806f64152bfd7,115,0.894,actor_struggle;daily_inspiration;directing_academic_footnote;method_terms,OCR/text-layer extraction candidate copied exactly from CSV field candidate_text_from_extraction_not_final; do not quote publicly until visually verified and cleared.
MCT-UWINDSOR-365-REJECT-0195,substring_or_overlap_duplicate,f6ee3af69b1d6da9,common_actor_struggles_quote_bucket_raw.csv,51,644,7,The beginning of this atmosphere is in the very begin— ning of the play in the voice of the Guard — this is the first hopg and the second hope is when Antin first appears.,137c3edcdd7a1c37,122,0.887,actor_struggle;daily_inspiration;directing_academic_footnote;method_terms,OCR/text-layer extraction candidate copied exactly from CSV field candidate_text_from_extraction_not_final; do not quote publicly until visually verified and cleared.
MCT-UWINDSOR-365-REJECT-0196,same_item_page_source_page_cap,4917f26c7e57a107,common_actor_struggles_quote_bucket_raw.csv,34,633,1,"When we have a feel— ing for the beginning, the middle, and the end, we will be sble to feel the whole movement,.",140cbef979c1fb3f,125,0.884,actor_struggle;daily_inspiration;directing_academic_footnote,OCR/text-layer extraction candidate copied exactly from CSV field candidate_text_from_extraction_not_final; do not quote publicly until visually verified and cleared.
MCT-UWINDSOR-365-REJECT-0197,exact_normalized_duplicate,d607a31c2891693e,common_actor_struggles_quote_bucket_raw.csv,99,800,9,"Then I will be giving out in the finest may — which we call radiation: and by being able to radiate more and more, I cons to the highest ideal of sacrifice. €xercise for radiation: You must radiate an atmosphere - take it as a new exercise with the feeling of doing itfcr the first time. then you will get much from it - an atmosphere of expectation.",d607a31c2891693e,117,0.888,actor_struggle;daily_inspiration;directing_academic_footnote;method_terms,OCR/text-layer extraction candidate copied exactly from CSV field candidate_text_from_extraction_not_final; do not quote publicly until visually verified and cleared.
MCT-UWINDSOR-365-REJECT-0198,exact_normalized_duplicate,fcbe8bb45334d3e6,common_actor_struggles_quote_bucket_raw.csv,86,1008,3,‘ h This creative quality in Vorkhovenski goes through the whole ploy. lrhis charm of madness stays with him always '— as in the end of the meeting scene. He can call it his croative ability - ho is possessed.,fcbe8bb45334d3e6,120,0.886,actor_struggle;daily_inspiration;directing_academic_footnote;method_terms,OCR/text-layer extraction candidate copied exactly from CSV field candidate_text_from_extraction_not_final; do not quote publicly until visually verified and cleared.
MCT-UWINDSOR-365-REJECT-0199,overrepresented_item_cap_2,,common_actor_struggles_quote_bucket_raw.csv,100,1078,22,"But if the body is free, then forever I am free in thig way, The bodily development is essential, FIRST APPROACH TO THE PLAY - THE ACTOR'S DREAMS OR INTUITION ugstions I understand what you mean by the archetype and the gesture, and it is a very releasing thing.",6a4e6654d4fa39be,117,0.892,actor_struggle;daily_inspiration;directing_academic_footnote;method_terms,OCR/text-layer extraction candidate copied exactly from CSV field candidate_text_from_extraction_not_final; do not quote publicly until visually verified and cleared.
MCT-UWINDSOR-365-REJECT-0200,same_item_page_source_page_cap,5cd247f3bea3638d,common_actor_struggles_quote_bucket_raw.csv,146,832,1,"A spiritually-tuned consciousness will understand things which the earthly-tuned human consciousneso cannot. Therefore, if we try with purely intellectual means to solve the problem of the contradiction of the endleaoness of rhythm and continuous movanent and the stopped beginning and end, we will not find the way.",f5a3a0589e153f32,115,0.887,actor_struggle;directing_academic_footnote;method_terms,OCR/text-layer extraction candidate copied exactly from CSV field candidate_text_from_extraction_not_final; do not quote publicly until visually verified and cleared.
MCT-UWINDSOR-365-REJECT-0201,same_item_page_source_page_cap,f365d44e87f62a48,common_actor_struggles_quote_bucket_raw.csv,106,665,7,Chekhov February 8. 1937 afraid of touching the most important moments. if you had only the old methods you wohld not be able to do this. out by touching on the play you are able to do everything. and your imagination will work simultaneously with the gesture.,a54cc711410261ae,117,0.892,actor_struggle;daily_inspiration;directing_academic_footnote;method_terms,OCR/text-layer extraction candidate copied exactly from CSV field candidate_text_from_extraction_not_final; do not quote publicly until visually verified and cleared.
MCT-UWINDSOR-365-REJECT-0202,exact_normalized_duplicate,427f26a8bda232bf,common_actor_struggles_quote_bucket_raw.csv,103,664,3,If they are vague at the beginning. they will lose heart very soon. (Directog'e exoroinnn) Create the atmosphere through your imagination. You have been given an action and with these conditions you must explore the possibilities of what you have been given.,427f26a8bda232bf,117,0.894,actor_struggle;daily_inspiration;directing_academic_footnote;method_terms,OCR/text-layer extraction candidate copied exactly from CSV field candidate_text_from_extraction_not_final; do not quote publicly until visually verified and cleared.
MCT-UWINDSOR-365-REJECT-0203,overrepresented_item_cap_2,,common_actor_struggles_quote_bucket_raw.csv,114,731,7,"It is good that the cast is able to keep the perform ' + 01 wore to ask professional actors to play the whole play with so many gaps in the atmosphere and rhythm. etc.. it would be very disturbing for them, but our students carry it through without any hysteria. This is a great achievement. and I know that you will be able to reach all that I have suggestod.",72a9697a5bbc59c6,117,0.891,actor_struggle;daily_inspiration;directing_academic_footnote;method_terms,OCR/text-layer extraction candidate copied exactly from CSV field candidate_text_from_extraction_not_final; do not quote publicly until visually verified and cleared.
MCT-UWINDSOR-365-REJECT-0204,exact_normalized_duplicate,5f15cd52c0f7fce4,common_actor_struggles_quote_bucket_raw.csv,115,849,5,"Chekhov , Larch 10, 1938 bodies free. \ How. try to imagine in the style of tho play;imagination and style in the speech - this is the main idea today. At the end of the scene when Nicholas is sitting speaking with the invisible Spy — this invisible gentleman in spectacles - about ""usual and unusual"" people. imagine in the style of the play. how he speaks.",5f15cd52c0f7fce4,117,0.885,actor_struggle;daily_inspiration;directing_academic_footnote;method_terms,OCR/text-layer extraction candidate copied exactly from CSV field candidate_text_from_extraction_not_final; do not quote publicly until visually verified and cleared.
MCT-UWINDSOR-365-REJECT-0205,same_item_page_source_page_cap,85fb97af64a7bf0a,common_actor_struggles_quote_bucket_raw.csv,108,659,5,"1937 The loss free the actor will he in doing his psychological gesture, the more free he will he later on. it depends upon the director what form of the gesture he gives. we are now working with the psychological gesture because we want to understand it.",c92a404242e6f195,117,0.892,actor_struggle;daily_inspiration;directing_academic_footnote;method_terms,OCR/text-layer extraction candidate copied exactly from CSV field candidate_text_from_extraction_not_final; do not quote publicly until visually verified and cleared.
MCT-UWINDSOR-365-REJECT-0206,exact_normalized_duplicate,ccd022de8d801f1a,common_actor_struggles_quote_bucket_raw.csv,107,937,5,"810 have to understand the objective with our whole beingthis in the trick we must show them devllo. . If you will analyse it, you will find that it in not peoeible to have a. real desire only in your head - you will find that your desired and objectivoo are living in your arms and hendea Ln younlogo. and in your cheat and back; in your neck and. ever-where.",ccd022de8d801f1a,117,0.882,actor_struggle;daily_inspiration;directing_academic_footnote;method_terms,OCR/text-layer extraction candidate copied exactly from CSV field candidate_text_from_extraction_not_final; do not quote publicly until visually verified and cleared.
MCT-UWINDSOR-365-REJECT-0207,exact_normalized_duplicate,d8e5fccc002d044e,common_actor_struggles_quote_bucket_raw.csv,137,622,3,"Imagine that you are lying at the foot of the mountain at the beginning of the play — you have been lying there for hundreds of years. Atmospheres : 1stAtmosphere: Starting with the atmosphere at the beginning of the play — the dirty blue—green light, the cold, stone~like people lying asleep for centuries in an atmosphere of endless soerrow.",d8e5fccc002d044e,116,0.886,actor_struggle;daily_inspiration;directing_academic_footnote;method_terms,OCR/text-layer extraction candidate copied exactly from CSV field candidate_text_from_extraction_not_final; do not quote publicly until visually verified and cleared.
MCT-UWINDSOR-365-REJECT-0208,same_item_page_source_page_cap,4d5c95255bc1c074,common_actor_struggles_quote_bucket_raw.csv,63,847,1,"Do not confuse the end with the ""stop"" - the end is the end of the creative work. Now do the beginning, then fifteen times the middle part. then the end.",19f0fa7760a5ac73,122,0.889,actor_struggle;daily_inspiration;directing_academic_footnote,OCR/text-layer extraction candidate copied exactly from CSV field candidate_text_from_extraction_not_final; do not quote publicly until visually verified and cleared.
MCT-UWINDSOR-365-REJECT-0209,exact_normalized_duplicate,e3e5551e3ae5bf7b,common_actor_struggles_quote_bucket_raw.csv,72,672,1,"After the first and second ahowingo tho sketches will be much clearer and nearer to the director's ideal. The director may show psychological gestures. actions, imagination. atmosphere, etc.",e3e5551e3ae5bf7b,120,0.885,actor_struggle;daily_inspiration;directing_academic_footnote;method_terms,OCR/text-layer extraction candidate copied exactly from CSV field candidate_text_from_extraction_not_final; do not quote publicly until visually verified and cleared.
MCT-UWINDSOR-365-REJECT-0210,substring_or_overlap_duplicate,8fb956211c570606,common_actor_struggles_quote_bucket_raw.csv,55,827,14,"First, I wondercd if it would help you to see the whole scene more in terms of the outward form. so that we would get the feeling the character was working to a climax.",f1286e0ef600e994,122,0.857,actor_struggle;daily_inspiration;directing_academic_footnote;method_terms,OCR/text-layer extraction candidate copied exactly from CSV field candidate_text_from_extraction_not_final; do not quote publicly until visually verified and cleared.
MCT-UWINDSOR-365-REJECT-0211,same_item_page_source_page_cap,4d5c95255bc1c074,common_actor_struggles_quote_bucket_raw.csv,64,847,1,"Now do the beginning, the middle part three times, and the and. Do not confuse the end with the ""stop"" - the end is the end of the creative work.",c9a43bd1671a9685,122,0.889,actor_struggle;daily_inspiration;directing_academic_footnote,OCR/text-layer extraction candidate copied exactly from CSV field candidate_text_from_extraction_not_final; do not quote publicly until visually verified and cleared.
MCT-UWINDSOR-365-REJECT-0212,exact_normalized_duplicate,5725f80dd5e02037,common_actor_struggles_quote_bucket_raw.csv,139,773,9,"They offend them, but having twinges of conscience they find peace among themselves. on the basis of atmogheres - first an atmosphere of depression and than one of quarroling. It is not tragedy or even drama - it is simply a. play between comedy and drama. but it will be interesting to develop the atmospheres. when the ( theme is an insigxificant one.",5725f80dd5e02037,116,0.880,actor_struggle;daily_inspiration;directing_academic_footnote;method_terms,OCR/text-layer extraction candidate copied exactly from CSV field candidate_text_from_extraction_not_final; do not quote publicly until visually verified and cleared.
MCT-UWINDSOR-365-REJECT-0213,exact_normalized_duplicate,d20454f35694e7c0,common_actor_struggles_quote_bucket_raw.csv,62,861,2,"The theme is very simple — in the beginning we are enemies. and in the end we are friends. Pay attention to this ""individuality in the group!",d20454f35694e7c0,122,0.887,actor_struggle;daily_inspiration;directing_academic_footnote;method_terms,OCR/text-layer extraction candidate copied exactly from CSV field candidate_text_from_extraction_not_final; do not quote publicly until visually verified and cleared.
MCT-UWINDSOR-365-REJECT-0214,exact_normalized_duplicate,0917c16b7f8cc504,common_actor_struggles_quote_bucket_raw.csv,92,832,9,"If it seems to he sometimes only outer shape and form, it does not matter. it will be filled later. But we must not forget that there are real means to keep the inner life: objective. imagination. feeling of the whole.",0917c16b7f8cc504,118,0.887,actor_struggle;daily_inspiration;directing_academic_footnote;method_terms,OCR/text-layer extraction candidate copied exactly from CSV field candidate_text_from_extraction_not_final; do not quote publicly until visually verified and cleared.
MCT-UWINDSOR-365-REJECT-0215,exact_normalized_duplicate,6d5563e9f2801037,common_actor_struggles_quote_bucket_raw.csv,90,622,1,"Our second step is to start again from the beginning and try to find the right atmosphere. Then, out of the right atmosphere, and the right gestures, we will find the first idea of acting.",6d5563e9f2801037,119,0.894,actor_struggle;daily_inspiration;directing_academic_footnote;method_terms,OCR/text-layer extraction candidate copied exactly from CSV field candidate_text_from_extraction_not_final; do not quote publicly until visually verified and cleared.
MCT-UWINDSOR-365-REJECT-0216,exact_normalized_duplicate,45babcf3364c21c0,common_actor_struggles_quote_bucket_raw.csv,125,909,4,"Thou when I am going to rehearse it in my imagination I will first may to myself. ""I will never give in with my dcsirc to act, with my feeling that I an an actor."" Then I will take the psychological gesture and apply it carefully.",45babcf3364c21c0,117,0.885,actor_struggle;daily_inspiration;directing_academic_footnote;method_terms,OCR/text-layer extraction candidate copied exactly from CSV field candidate_text_from_extraction_not_final; do not quote publicly until visually verified and cleared.
MCT-UWINDSOR-365-REJECT-0217,exact_normalized_duplicate,bbcc990cf3c9f751,common_actor_struggles_quote_bucket_raw.csv,131,664,5,"If there are two climaxes it means that in order to form the transition between the two, one climax must lose its power and the other must gain ita power. The first climax is in the sphere 01 the Copper atmosphere, from the moment the crowd sayo.",bbcc990cf3c9f751,116,0.887,daily_inspiration;directing_academic_footnote;method_terms,OCR/text-layer extraction candidate copied exactly from CSV field candidate_text_from_extraction_not_final; do not quote publicly until visually verified and cleared.
MCT-UWINDSOR-365-REJECT-0218,exact_normalized_duplicate,c8b57726e79c9dd6,common_actor_struggles_quote_bucket_raw.csv,127,1056,2,'Becaune the performance itself hao feelings - its own feeling: - and the feelings of the Enrformaneo - not of tho acter — we call atmosphere. The atmosphere of the whole play. of certain definize scenes. of moments. of acts. etc.,c8b57726e79c9dd6,117,0.881,actor_struggle;daily_inspiration;directing_academic_footnote;method_terms,OCR/text-layer extraction candidate copied exactly from CSV field candidate_text_from_extraction_not_final; do not quote publicly until visually verified and cleared.
MCT-UWINDSOR-365-REJECT-0219,same_item_page_source_page_cap,f9987c54873680cc,common_actor_struggles_quote_bucket_raw.csv,143,828,6,"It is u staircase on which we can clinb to the next level. which is the real rhythm based on this form. ”he real form will never kill the real life, but will increase it. For a short time it may seem dead. this form, but when we overcome it and reach the ""after-form."" then it will be rhythmical. we must not be afrAid of this stage and run 4, away from it.",0f17075d161dd690,115,0.889,actor_struggle;daily_inspiration;directing_academic_footnote;method_terms,OCR/text-layer extraction candidate copied exactly from CSV field candidate_text_from_extraction_not_final; do not quote publicly until visually verified and cleared.
MCT-UWINDSOR-365-REJECT-0220,same_item_page_source_page_cap,0917c16b7f8cc504,common_actor_struggles_quote_bucket_raw.csv,147,832,9,"But we must not forget that there are real means to keep the inner life: objective. imagination. feeling of the whole. Therefore. we must not allow dead forms. ~ I want to remind you about words. when you are speaking your sentences, they are part of the whole.",f8915f39b020ad3d,115,0.887,actor_struggle;daily_inspiration;directing_academic_footnote;method_terms,OCR/text-layer extraction candidate copied exactly from CSV field candidate_text_from_extraction_not_final; do not quote publicly until visually verified and cleared.
MCT-UWINDSOR-365-REJECT-0221,same_item_page_source_page_cap,4ff5ddbd020f8e4e,common_actor_struggles_quote_bucket_raw.csv,80,944,6,3‘1 5 I H.‘ Chekhov march 7 . 1939 .pointe - thin in the beginning and this is the end - perhaps in the middle there will be award in the style of the play.,024628a51ee93e02,120,0.881,actor_struggle;directing_academic_footnote;method_terms,OCR/text-layer extraction candidate copied exactly from CSV field candidate_text_from_extraction_not_final; do not quote publicly until visually verified and cleared.
MCT-UWINDSOR-365-REJECT-0222,same_item_page_source_page_cap,fe6f563548a63af2,common_actor_struggles_quote_bucket_raw.csv,134,970,5,The moment when Rachel ‘onys she is free is one of giant aotoniuhmont - such a thing has never been heard of before -‘it is the first blow and it is an important moment for the whole play. Rachel is hysterical but in u soft nay.,94e20430bda73d94,116,0.888,daily_inspiration;directing_academic_footnote,OCR/text-layer extraction candidate copied exactly from CSV field candidate_text_from_extraction_not_final; do not quote publicly until visually verified and cleared.
MCT-UWINDSOR-365-REJECT-0223,exact_normalized_duplicate,97b55dae0df17e9c,common_actor_struggles_quote_bucket_raw.csv,140,909,9,"To awaken this feeling of freedom in the sense in which we are trying to understand it, try to do the following thing. First do it as it I have imposed it on you. end then make an inner gesture and do it quite freely.",97b55dae0df17e9c,116,0.896,actor_struggle;daily_inspiration;directing_academic_footnote;method_terms,OCR/text-layer extraction candidate copied exactly from CSV field candidate_text_from_extraction_not_final; do not quote publicly until visually verified and cleared.
MCT-UWINDSOR-365-REJECT-0224,same_item_page_source_page_cap,233841bc7bea6383,common_actor_struggles_quote_bucket_raw.csv,93,837,1,"We must know that there are two feelings of the whole - one is the intellectual which we cannot apply to our art at all, and the other is that which feeds and lends’our whole nature.",641577053a7c9419,118,0.887,actor_struggle;daily_inspiration;directing_academic_footnote,OCR/text-layer extraction candidate copied exactly from CSV field candidate_text_from_extraction_not_final; do not quote publicly until visually verified and cleared.
MCT-UWINDSOR-365-REJECT-0225,exact_normalized_duplicate,2fa45285cfc2d5be,common_actor_struggles_quote_bucket_raw.csv,126,755,6,"Pay attention to the moment when you start end when you finish, as this is very important for the feeling of the whole. It must be a great experience for you, then you will awaken your actor's",2fa45285cfc2d5be,117,0.890,actor_struggle;daily_inspiration;directing_academic_footnote;method_terms,OCR/text-layer extraction candidate copied exactly from CSV field candidate_text_from_extraction_not_final; do not quote publicly until visually verified and cleared.
MCT-UWINDSOR-365-REJECT-0226,same_item_page_source_page_cap,2d538d0707e805eb,common_actor_struggles_quote_bucket_raw.csv,119,699,4,"Jhen I would give them objectives and let them be incomplete, but let them have the feeling of the whole play from the point of view of objective, psychological gesture, atmosphere, etc., etc.",48758845b20f3416,117,0.888,actor_struggle;daily_inspiration;directing_academic_footnote;method_terms,OCR/text-layer extraction candidate copied exactly from CSV field candidate_text_from_extraction_not_final; do not quote publicly until visually verified and cleared.
MCT-UWINDSOR-365-REJECT-0227,same_item_page_source_page_cap,d8e5fccc002d044e,common_actor_struggles_quote_bucket_raw.csv,136,622,3,"Atmospheres : 1stAtmosphere: Starting with the atmosphere at the beginning of the play — the dirty blue—green light, the cold, stone~like people lying asleep for centuries in an atmosphere of endless soerrow.",ebe81ff105c22e22,116,0.886,actor_struggle;daily_inspiration;directing_academic_footnote;method_terms,OCR/text-layer extraction candidate copied exactly from CSV field candidate_text_from_extraction_not_final; do not quote publicly until visually verified and cleared.
MCT-UWINDSOR-365-REJECT-0228,exact_normalized_duplicate,1ecd9e7ce77331cf,common_actor_struggles_quote_bucket_raw.csv,128,752,21,"1937 In acting such a sketch we will pay attention. for example, first to concentration. You must then find the points. throughout the whole sketch, in which you must be concentrated.",1ecd9e7ce77331cf,117,0.890,actor_struggle;daily_inspiration;directing_academic_footnote;method_terms,OCR/text-layer extraction candidate copied exactly from CSV field candidate_text_from_extraction_not_final; do not quote publicly until visually verified and cleared.
MCT-UWINDSOR-365-REJECT-0229,exact_normalized_duplicate,90c1a6755d3f0e9b,common_actor_struggles_quote_bucket_raw.csv,104,819,6,Then you will feel at once that your whole being is full of this atmosphere: you are full of the feeling wo want to have. But first we must create it around us. and iheu it is ours.,90c1a6755d3f0e9b,117,0.890,actor_struggle;daily_inspiration;directing_academic_footnote;method_terms,OCR/text-layer extraction candidate copied exactly from CSV field candidate_text_from_extraction_not_final; do not quote publicly until visually verified and cleared.
MCT-UWINDSOR-365-REJECT-0230,substring_or_overlap_duplicate,4ff5ddbd020f8e4e,common_actor_struggles_quote_bucket_raw.csv,79,944,6,1939 .pointe - thin in the beginning and this is the end - perhaps in the middle there will be award in the style of the play.,451f2952a08be7e6,120,0.881,actor_struggle;directing_academic_footnote;method_terms,OCR/text-layer extraction candidate copied exactly from CSV field candidate_text_from_extraction_not_final; do not quote publicly until visually verified and cleared.
MCT-UWINDSOR-365-REJECT-0231,exact_normalized_duplicate,f254cccf7ba7396c,common_actor_struggles_quote_bucket_raw.csv,135,775,1,"And third, the ability to make a cressendo from one atmosphere to another. and to find all the links leading from one atmosnhoro to the other. When we have this we will be actors of the first class.",f254cccf7ba7396c,116,0.889,actor_struggle;daily_inspiration;directing_academic_footnote;method_terms,OCR/text-layer extraction candidate copied exactly from CSV field candidate_text_from_extraction_not_final; do not quote publicly until visually verified and cleared.
MCT-UWINDSOR-365-REJECT-0232,exact_normalized_duplicate,1ef29b70f3c66db3,common_actor_struggles_quote_bucket_raw.csv,129,592,8,"That is the first exercise. To imagine that svery space can be filled with atmosphere, which has an objective presence like a human being, but it is atmosphere because it exigsts independently.",1ef29b70f3c66db3,116,0.885,actor_struggle;daily_inspiration;directing_academic_footnote;method_terms,OCR/text-layer extraction candidate copied exactly from CSV field candidate_text_from_extraction_not_final; do not quote publicly until visually verified and cleared.
MCT-UWINDSOR-365-REJECT-0233,substring_or_overlap_duplicate,fe6f563548a63af2,common_actor_struggles_quote_bucket_raw.csv,133,970,5,The moment when Rachel ‘onys she is free is one of giant aotoniuhmont - such a thing has never been heard of before -‘it is the first blow and it is an important moment for the whole play.,76aca92127159e41,116,0.888,daily_inspiration;directing_academic_footnote,OCR/text-layer extraction candidate copied exactly from CSV field candidate_text_from_extraction_not_final; do not quote publicly until visually verified and cleared.
MCT-UWINDSOR-365-REJECT-0234,exact_normalized_duplicate,4e210b5fd9783b81,common_actor_struggles_quote_bucket_raw.csv,112,743,2,As a condition. the tempo is given: the beginning is very slow. the middle part very quick. and very slow at the end. Use these movements to awaken your feelings.,4e210b5fd9783b81,117,0.884,actor_struggle;directing_academic_footnote;method_terms,OCR/text-layer extraction candidate copied exactly from CSV field candidate_text_from_extraction_not_final; do not quote publicly until visually verified and cleared.
MCT-UWINDSOR-365-REJECT-0235,exact_normalized_duplicate,caaca652a61775c4,common_actor_struggles_quote_bucket_raw.csv,132,666,1,First create the atmosphere when the two sisters are talking about Kirkov. This is a moment of climax for Alina because she has taken her sister completely into her confidence.,caaca652a61775c4,116,0.890,actor_struggle;daily_inspiration;directing_academic_footnote;method_terms,OCR/text-layer extraction candidate copied exactly from CSV field candidate_text_from_extraction_not_final; do not quote publicly until visually verified and cleared.
MCT-UWINDSOR-365-REJECT-0236,overrepresented_item_cap_2,,common_actor_struggles_quote_bucket_raw.csv,113,746,20,"Comments of Paul Roger-m The directors should ""fly over"" the whole play much more often than they do. This will help to find tompo and rhythm.",a61d07ead5bd1802,117,0.884,actor_struggle;daily_inspiration;directing_academic_footnote;method_terms,OCR/text-layer extraction candidate copied exactly from CSV field candidate_text_from_extraction_not_final; do not quote publicly until visually verified and cleared.
MCT-UWINDSOR-365-REJECT-0237,same_item_page_source_page_cap,baac4fe69357f527,common_actor_struggles_quote_bucket_raw.csv,118,843,4,The beginning of this feeling you will get at the end - to get rid of the whole world — therefore. you want to get rid of him.,a1440fca645a46f2,117,0.891,actor_struggle;daily_inspiration;directing_academic_footnote,OCR/text-layer extraction candidate copied exactly from CSV field candidate_text_from_extraction_not_final; do not quote publicly until visually verified and cleared.
MCT-UWINDSOR-365-REJECT-0238,overrepresented_item_cap_2,,common_actor_struggles_quote_bucket_raw.csv,148,837,5,The moment where all these beautiful illusions of the first part stop. It is not possible to define the beginning and where the end of the beginning is.,23e4283f1334fa0f,115,0.888,actor_struggle;directing_academic_footnote,OCR/text-layer extraction candidate copied exactly from CSV field candidate_text_from_extraction_not_final; do not quote publicly until visually verified and cleared.
MCT-UWINDSOR-365-REJECT-0239,exact_normalized_duplicate,632eb24abbe28f11,common_actor_struggles_quote_bucket_raw.csv,122,632,5,This work will give you the first feeling fot form. We must have fire and joy in doing each exercise.,632eb24abbe28f11,117,0.888,actor_struggle;daily_inspiration;directing_academic_footnote;method_terms,OCR/text-layer extraction candidate copied exactly from CSV field candidate_text_from_extraction_not_final; do not quote publicly until visually verified and cleared.
MCT-UWINDSOR-365-REJECT-0240,same_item_page_source_page_cap,233841bc7bea6383,quote_candidates_priority.csv,3,837,1,"OF THE IIHOLEI The beginning and the end. the feeling of the whole. must be experienced by our whole being in the same may as the objective. psychological gesture, etc. Between the beginning and the end, the life floweWe must feel everything that is going on between the beginning end the",01c9ac3a4c1e69a1,140,0.887,actor_struggle;daily_inspiration;directing_academic_footnote;method_terms,OCR/text-layer extraction candidate copied exactly from CSV field candidate_text_from_extraction_not_final; do not quote publicly until visually verified and cleared.
MCT-UWINDSOR-365-REJECT-0241,same_item_page_source_page_cap,233841bc7bea6383,quote_candidates_priority.csv,8,837,1,"The illusion of the whole is there but the real experience of the whole - the beginning and the end - is not. We must know that there are two feelings of the whole - one is the intellectual which we cannot apply to our art at all, and the other is that which feeds and lends’our whole nature.",7870de65d6ba7a5e,138,0.887,actor_struggle;daily_inspiration;directing_academic_footnote,OCR/text-layer extraction candidate copied exactly from CSV field candidate_text_from_extraction_not_final; do not quote publicly until visually verified and cleared.
MCT-UWINDSOR-365-REJECT-0242,same_item_page_source_page_cap,ec6c6005c88c3568,quote_candidates_priority.csv,9,663,5,These thrce points are the moments which will lead us through the whole play. tur play begins with a certain silence and ends with a silence. and between these two silences lies the whole play. Low we must try to find some technical mise en sccnc for the beginning and the end; as a frame.,f14f540342b2adc8,137,0.892,actor_struggle;daily_inspiration;directing_academic_footnote,OCR/text-layer extraction candidate copied exactly from CSV field candidate_text_from_extraction_not_final; do not quote publicly until visually verified and cleared.
MCT-UWINDSOR-365-REJECT-0243,same_item_page_source_page_cap,4d5c95255bc1c074,quote_candidates_priority.csv,6,847,1,"We will only take into consideration rhythm in general, only as a feeling of the whole, with the beginning. the middle and the end, and you will do this by moving one hand. Be very conscious about this — the beginning, the middle part, and the and.",363d6113982074f3,139,0.889,actor_struggle;daily_inspiration;directing_academic_footnote;method_terms,OCR/text-layer extraction candidate copied exactly from CSV field candidate_text_from_extraction_not_final; do not quote publicly until visually verified and cleared.
MCT-UWINDSOR-365-REJECT-0244,same_item_page_source_page_cap,c6766965dce09102,quote_candidates_priority.csv,12,635,3,"The director will help you with this later on»: but to begin with, we must be aware of the style of the fairy taile, tné each one must try to find the style which will unite the whole. That which comes at the first moment will often rommin in the character until the very end.",55834eafdb31269e,137,0.889,actor_struggle;daily_inspiration;directing_academic_footnote;method_terms,OCR/text-layer extraction candidate copied exactly from CSV field candidate_text_from_extraction_not_final; do not quote publicly until visually verified and cleared.
MCT-UWINDSOR-365-REJECT-0245,same_item_page_source_page_cap,ec99c2842e2c3283,quote_candidates_priority.csv,10,746,36,0n the other hand. the ending of the Two Kinza is weak and leaves the audience without any Idea of that it has been all about. l‘wo Kim's: The director should try to find a new psychological gesture for the whole play. one that would give the actors an idea or the whole play.,b36929e162b65755,137,0.887,actor_struggle;daily_inspiration;directing_academic_footnote;method_terms,OCR/text-layer extraction candidate copied exactly from CSV field candidate_text_from_extraction_not_final; do not quote publicly until visually verified and cleared.
MCT-UWINDSOR-365-REJECT-0246,same_item_page_source_page_cap,1f9e2cc0de5fb5cc,quote_candidates_priority.csv,1,857,3,"I went to call your attention to the following: when you have done this movement with the feeling of the whole, certain interpretation was there which came from the condition that we are psychologically embracing the whole. Now, I will give you another condition, and you will see that interpretation inevitably comes through this rhythmical chansing. will you new experience the second thing - the beginning and the end, and the middle part which binds the bo-» ginning and tho and. or as we call the first part. the last part, and the second part.",5a16b56f084aa695,145,0.886,actor_struggle;daily_inspiration;directing_academic_footnote;method_terms,OCR/text-layer extraction candidate copied exactly from CSV field candidate_text_from_extraction_not_final; do not quote publicly until visually verified and cleared.
MCT-UWINDSOR-365-REJECT-0247,same_item_page_source_page_cap,5eb65514d2d6e7ec,quote_candidates_priority.csv,2,680,12,"This was lacking in Paul's appearance, but this is the question of a very fine composition in the soul of the actor. and the director's task in to combine the elements of the beginning. sn that they will be absolutely opposite to the end. iho psychological gesture of the and must be done. as well as the psychological gesture of the beginning. let us take another case. when Beatrice. as Jew} has received the inupiration. lho young actor in not always able to hide his or her personal things which are not quite right for the moment.",be718a2854d29572,144,0.890,actor_struggle;daily_inspiration;directing_academic_footnote;method_terms,OCR/text-layer extraction candidate copied exactly from CSV field candidate_text_from_extraction_not_final; do not quote publicly until visually verified and cleared.
MCT-UWINDSOR-365-REJECT-0248,same_item_page_source_page_cap,4d5c95255bc1c074,quote_candidates_priority.csv,11,847,1,"1938 RHYTHM - FEELING OF THE WHOLE RHYTHMICAL INTERPRETATION TEUPO PSYCHOLOGICAL GESEURE INSPIRATION‘ E ng Lear RHYTHM - FEELING OF THE WHOLE: We will do rhythmical exercises which will help you to hring rhythm into the plays. We will only take into consideration rhythm in general, only as a feeling of the whole, with the beginning. the middle and the end, and you will do this by moving one hand.",d24ed66900e4a749,137,0.889,actor_struggle;daily_inspiration;directing_academic_footnote;method_terms,OCR/text-layer extraction candidate copied exactly from CSV field candidate_text_from_extraction_not_final; do not quote publicly until visually verified and cleared.
MCT-UWINDSOR-365-REJECT-0249,same_item_page_source_page_cap,f365d44e87f62a48,quote_candidates_priority.csv,16,665,7,1937 afraid of touching the most important moments. if you had only the old methods you wohld not be able to do this. out by touching on the play you are able to do everything. and your imagination will work simultaneously with the gesture. The climax of this play is a most tragic situation. it is at the moment when Jocelyn meets her husband.,3aa611db9062711b,134,0.892,actor_struggle;daily_inspiration;directing_academic_footnote;method_terms,OCR/text-layer extraction candidate copied exactly from CSV field candidate_text_from_extraction_not_final; do not quote publicly until visually verified and cleared.
MCT-UWINDSOR-365-REJECT-0250,same_item_page_source_page_cap,4d5c95255bc1c074,quote_candidates_priority.csv,5,847,1,"We will only take into consideration rhythm in general, only as a feeling of the whole, with the beginning. the middle and the end, and you will do this by moving one hand.",24c825d2f25b8b31,139,0.889,actor_struggle;daily_inspiration;directing_academic_footnote;method_terms,OCR/text-layer extraction candidate copied exactly from CSV field candidate_text_from_extraction_not_final; do not quote publicly until visually verified and cleared.
MCT-UWINDSOR-365-REJECT-0251,same_item_page_source_page_cap,79159b9ddd57d171,quote_candidates_priority.csv,7,1077,4,"Secondly. the simple action, and the simple quality will appeal to our utmost inner life, as wo are not touching our feelings first. we are not tearing our soul to pieces to find our feclings,iwhich cannot be found in that way. When the actor cannot find his feelings — for instance, tender love for a child - if he tells the director that ho has never had a child. the director can answer him that everyone can give the quality of tenderness and love to his actions.",2e00f4d21be9c12b,138,0.887,actor_struggle;daily_inspiration;directing_academic_footnote;method_terms,OCR/text-layer extraction candidate copied exactly from CSV field candidate_text_from_extraction_not_final; do not quote publicly until visually verified and cleared.
MCT-UWINDSOR-365-REJECT-0252,same_item_page_source_page_cap,85fb97af64a7bf0a,quote_candidates_priority.csv,13,659,5,"1937 The loss free the actor will he in doing his psychological gesture, the more free he will he later on. it depends upon the director what form of the gesture he gives. we are now working with the psychological gesture because we want to understand it. Later we will perhaps pay less attention to it, and will pay more attention to imagination and other things. iho director can find the whole play in the platonic world.",1846179b646719e4,135,0.892,actor_struggle;daily_inspiration;directing_academic_footnote;method_terms,OCR/text-layer extraction candidate copied exactly from CSV field candidate_text_from_extraction_not_final; do not quote publicly until visually verified and cleared.
MCT-UWINDSOR-365-REJECT-0253,exact_normalized_duplicate,baac4fe69357f527,quote_candidates_priority.csv,18,843,4,It could bo turned into an objective but at the moment we will take it in imagination. The beginning of this feeling you will get at the end - to get rid of the whole world — therefore. you want to get rid of him.,baac4fe69357f527,134,0.891,actor_struggle;daily_inspiration;directing_academic_footnote;method_terms,OCR/text-layer extraction candidate copied exactly from CSV field candidate_text_from_extraction_not_final; do not quote publicly until visually verified and cleared.
MCT-UWINDSOR-365-REJECT-0254,same_item_page_source_page_cap,ec99c2842e2c3283,quote_candidates_priority.csv,21,746,36,The ending in Bnllndina II is a very good line; it should be elaborated and made more clear. 0n the other hand. the ending of the Two Kinza is weak and leaves the audience without any Idea of that it has been all about. l‘wo Kim's: The director should try to find a new psychological gesture for the whole play. one that would give the actors an idea or the whole play.,25a8332744088292,132,0.887,actor_struggle;daily_inspiration;directing_academic_footnote;method_terms,OCR/text-layer extraction candidate copied exactly from CSV field candidate_text_from_extraction_not_final; do not quote publicly until visually verified and cleared.
MCT-UWINDSOR-365-REJECT-0255,same_item_page_source_page_cap,233841bc7bea6383,quote_candidates_priority.csv,14,837,1,"BEGINNING AND THE END - FEELING. OF THE IIHOLEI The beginning and the end. the feeling of the whole. must be experienced by our whole being in the same may as the objective. psychological gesture, etc.",93a3e6d7f75afdf1,134,0.887,actor_struggle;daily_inspiration;directing_academic_footnote;method_terms,OCR/text-layer extraction candidate copied exactly from CSV field candidate_text_from_extraction_not_final; do not quote publicly until visually verified and cleared.
MCT-UWINDSOR-365-REJECT-0256,same_item_page_source_page_cap,85961fc400740636,quote_candidates_priority.csv,24,836,1,"i-‘xichael Chekhov February 2a., 1938 STYLE - RHYTHHICAL EVENTS CHARACTERIZATION PSYCHOLOGICAL GESTURE STYLE - RHYTHNICAL EVENTS: Style from the point of View of rhythm. Each rhythmical avcnt has, as we know, a beginning and an end — what is in the middle we will leave for tho_moment.",89ce121c7eed690b,129,0.891,actor_struggle;directing_academic_footnote;method_terms,OCR/text-layer extraction candidate copied exactly from CSV field candidate_text_from_extraction_not_final; do not quote publicly until visually verified and cleared.
MCT-UWINDSOR-365-REJECT-0257,exact_normalized_duplicate,5cd247f3bea3638d,quote_candidates_priority.csv,22,832,1,"Rudolf Steiner Goethe Albert Steffen YTHuh There must be a definite beginning, middle part, and end, al‘hough it seems to be continuous movement and endlessnesa. It ia a very important question and can be explained only by changing our ability or thinking because rhythm belongs to the world of spiritual life, whether it is human spiritual life or objective spiritual life.",5cd247f3bea3638d,131,0.887,actor_struggle;daily_inspiration;directing_academic_footnote;method_terms,OCR/text-layer extraction candidate copied exactly from CSV field candidate_text_from_extraction_not_final; do not quote publicly until visually verified and cleared.
MCT-UWINDSOR-365-REJECT-0258,same_item_page_source_page_cap,233841bc7bea6383,quote_candidates_priority.csv,15,837,1,"OF THE IIHOLEI The beginning and the end. the feeling of the whole. must be experienced by our whole being in the same may as the objective. psychological gesture, etc.",6d38aa02ae7e7cb8,134,0.887,actor_struggle;daily_inspiration;directing_academic_footnote;method_terms,OCR/text-layer extraction candidate copied exactly from CSV field candidate_text_from_extraction_not_final; do not quote publicly until visually verified and cleared.
MCT-UWINDSOR-365-REJECT-0259,same_item_page_source_page_cap,1f9e2cc0de5fb5cc,quote_candidates_priority.csv,17,857,3,"Now, I will give you another condition, and you will see that interpretation inevitably comes through this rhythmical chansing. will you new experience the second thing - the beginning and the end, and the middle part which binds the bo-» ginning and tho and. or as we call the first part. the last part, and the second part. The whole. in which is the first part. the transitional part. and the third part - quite definitely the beginning. transition. the end.",795710125faabb62,134,0.886,actor_struggle;daily_inspiration;directing_academic_footnote,OCR/text-layer extraction candidate copied exactly from CSV field candidate_text_from_extraction_not_final; do not quote publicly until visually verified and cleared.
MCT-UWINDSOR-365-REJECT-0260,exact_normalized_duplicate,d7e294b70d55b5f0,quote_candidates_priority.csv,25,731,2,"1937 feeling of the whole. without this frame you will Stand as before an ocean: if it is to be an ocean which is rough, then it must have a beginning. a middle and an end. Each member of the cant must see the performance many. many times in his imagination. and gradually there will grow up in his actor's nature this feeling of the whole, and this will inspire him.",d7e294b70d55b5f0,129,0.889,actor_struggle;daily_inspiration;directing_academic_footnote,OCR/text-layer extraction candidate copied exactly from CSV field candidate_text_from_extraction_not_final; do not quote publicly until visually verified and cleared.
MCT-UWINDSOR-365-REJECT-0261,exact_normalized_duplicate,bb9a3eb9f1de4264,quote_candidates_priority.csv,27,1074,18,"Let us repeat the exercise, first it is quick, annoyed, and loud, then at the end, slow, interested, and soft, These qualities or contrasts will entice certain feelings in us. Por instance, if we imagine that our individuality is longing to express itself, but the means which we place at its desposal are so even, so uninteresting, that the indive iduality cannot use them.",bb9a3eb9f1de4264,129,0.891,actor_struggle;daily_inspiration;directing_academic_footnote;method_terms,OCR/text-layer extraction candidate copied exactly from CSV field candidate_text_from_extraction_not_final; do not quote publicly until visually verified and cleared.
MCT-UWINDSOR-365-REJECT-0262,same_item_page_source_page_cap,ec99c2842e2c3283,quote_candidates_priority.csv,20,746,36,0n the other hand. the ending of the Two Kinza is weak and leaves the audience without any Idea of that it has been all about. l‘wo Kim's: The director should try to find a new psychological gesture for the whole play. one that would give the actors an idea or the whole play. The Golden Steed: If the director continues along the Home line. he nuet find the connection between the setting. the text. the costumes. the characters. etc.,7fe7ea774883e410,132,0.887,actor_struggle;daily_inspiration;directing_academic_footnote;method_terms,OCR/text-layer extraction candidate copied exactly from CSV field candidate_text_from_extraction_not_final; do not quote publicly until visually verified and cleared.
MCT-UWINDSOR-365-REJECT-0263,exact_normalized_duplicate,668ce6a47aab5037,quote_candidates_priority.csv,23,861,1,1933 RHYTHM THE PAUSE RHYTHM _ We shall try to do it first in the schematio way. then we will establish the oppositions. than as improvisation in E very condensed form. The beginning - the middle part.- the end.,668ce6a47aab5037,131,0.877,actor_struggle;directing_academic_footnote;method_terms,OCR/text-layer extraction candidate copied exactly from CSV field candidate_text_from_extraction_not_final; do not quote publicly until visually verified and cleared.
MCT-UWINDSOR-365-REJECT-0264,exact_normalized_duplicate,2d538d0707e805eb,quote_candidates_priority.csv,26,699,4,"Jhen I would give them objectives and let them be incomplete, but let them have the feeling of the whole play from the point of view of objective, psychological gesture, atmosphere, etc., etc. That would be very good for your cast because first of all they will feel how many mistakes they have made in details, and this is a good preparation for fighting with quch bad details.",2d538d0707e805eb,129,0.888,actor_struggle;daily_inspiration;directing_academic_footnote;method_terms,OCR/text-layer extraction candidate copied exactly from CSV field candidate_text_from_extraction_not_final; do not quote publicly until visually verified and cleared.
MCT-UWINDSOR-365-REJECT-0265,same_item_page_source_page_cap,79159b9ddd57d171,quote_candidates_priority.csv,43,1077,4,"But really prepared. and not empty clichés which are always following us. Secondly. the simple action, and the simple quality will appeal to our utmost inner life, as wo are not touching our feelings first. we are not tearing our soul to pieces to find our feclings,iwhich cannot be found in that way.",9104e01512e93c49,126,0.887,actor_struggle;daily_inspiration;directing_academic_footnote;method_terms,OCR/text-layer extraction candidate copied exactly from CSV field candidate_text_from_extraction_not_final; do not quote publicly until visually verified and cleared.
MCT-UWINDSOR-365-REJECT-0266,same_item_page_source_page_cap,85961fc400740636,quote_candidates_priority.csv,30,836,1,"Each rhythmical avcnt has, as we know, a beginning and an end — what is in the middle we will leave for tho_moment. But there is a beginning and an end, and the feeling of the whole is absolutely connected with this feeling of the be— ginning and tho end.",10616b2fa07c5922,128,0.891,actor_struggle;daily_inspiration;directing_academic_footnote,OCR/text-layer extraction candidate copied exactly from CSV field candidate_text_from_extraction_not_final; do not quote publicly until visually verified and cleared.
MCT-UWINDSOR-365-REJECT-0267,same_item_page_source_page_cap,7dc797a6dd829b8c,quote_candidates_priority.csv,4,699,5,"1, Chekhov iay , 1937 his feeling of the whole will cive them in lime the feelin, for each detail which will Bbe in a certain place, because they feel the whole more or less and what detail must be where, and what ind of detail. Then I would proceed to part of the scene and rahcarse the beginning and the end, first with the gesture, then from the point of view of the objective, or atmesphere, etc., but some point of view must be siven, Then 1 would take a part of the scene — for example, the Smint and Salladina, and lot them act from different points of view, ihen you will come more and more to det@ils.",ccd5e5f41f627023,140,0.893,actor_struggle;daily_inspiration;directing_academic_footnote;method_terms,OCR/text-layer extraction candidate copied exactly from CSV field candidate_text_from_extraction_not_final; do not quote publicly until visually verified and cleared.
MCT-UWINDSOR-365-REJECT-0268,same_item_page_source_page_cap,8f3765bd457dcf13,quote_candidates_priority.csv,47,1074,10,"We must not git back and wait - that is fear which chokes us, First of all, because you are an actor you cannot sit and wait, except if you are embarrassed, then, of course, nothing happens, For example, let us take the moment when the sailors are drinking and talking to sach other in the atmosphere, theres ig so much to dol",51371bf95297a81c,126,0.887,actor_struggle;daily_inspiration;directing_academic_footnote;method_terms,OCR/text-layer extraction candidate copied exactly from CSV field candidate_text_from_extraction_not_final; do not quote publicly until visually verified and cleared.
MCT-UWINDSOR-365-REJECT-0269,exact_normalized_duplicate,fe6f563548a63af2,quote_candidates_priority.csv,41,970,5,The econe between the Pickwickinnn end Jinnlou Take the same gosturoo as before. The moment when Rachel ‘onys she is free is one of giant aotoniuhmont - such a thing has never been heard of before -‘it is the first blow and it is an important moment for the whole play.,fe6f563548a63af2,127,0.888,daily_inspiration;directing_academic_footnote,OCR/text-layer extraction candidate copied exactly from CSV field candidate_text_from_extraction_not_final; do not quote publicly until visually verified and cleared.
MCT-UWINDSOR-365-REJECT-0270,exact_normalized_duplicate,41bc16eb5b64e7c3,quote_candidates_priority.csv,44,665,5,"FLYIEG OVER THE PLAY: Cur Method gives us the possibility to fly over the whole play and to touch any moment we want with our imagination, or by the incorporation of images, or by the othor moans which we have. Therefore the director must concentrate not only on the beginning of the play because then only one part of the play is born.",41bc16eb5b64e7c3,126,0.895,actor_struggle;daily_inspiration;directing_academic_footnote,OCR/text-layer extraction candidate copied exactly from CSV field candidate_text_from_extraction_not_final; do not quote publicly until visually verified and cleared.
MCT-UWINDSOR-365-REJECT-0271,overrepresented_item_cap_2,,quote_candidates_priority.csv,19,699,2,"Each immovable moment on the part of his cast must be considered by the director to be a pause, therefore, the di— rector must know what his actors are doing. lhis mmkes the question of the mise en scare very difficult. You must also keep in mind that the beginning and the end of a thing are entirely different, For example, cralon must enter absolutely freshly, because at the end he lies dead. lhe director can develop the whole thing if he knows the line and the development.",2c963191f048fb57,133,0.888,actor_struggle;daily_inspiration;directing_academic_footnote,OCR/text-layer extraction candidate copied exactly from CSV field candidate_text_from_extraction_not_final; do not quote publicly until visually verified and cleared.
MCT-UWINDSOR-365-REJECT-0272,same_item_page_source_page_cap,8a6dd1c99ea0e968,quote_candidates_priority.csv,29,584,3,"Feel the beginning and tho and and the whole complete action and always be conucious of radiating. At first, it will Boom like many things to do all at the some time, but all at once they will come together with each concentration exorcise.",7169e6ecaf2776cb,128,0.889,actor_struggle;daily_inspiration;directing_academic_footnote;method_terms,OCR/text-layer extraction candidate copied exactly from CSV field candidate_text_from_extraction_not_final; do not quote publicly until visually verified and cleared.
MCT-UWINDSOR-365-REJECT-0273,exact_normalized_duplicate,2427669e51ca56cc,quote_candidates_priority.csv,31,837,8,"Chekhov February 25, 1938 The gesture through three rictures. If an actor . . . \ . has a feeling of rhythm, these three pictures may some for him the whole world - not only from the beginning to the end. but from the end to the aeginning.",2427669e51ca56cc,128,0.890,actor_struggle;daily_inspiration;directing_academic_footnote;method_terms,OCR/text-layer extraction candidate copied exactly from CSV field candidate_text_from_extraction_not_final; do not quote publicly until visually verified and cleared.
MCT-UWINDSOR-365-REJECT-0274,exact_normalized_duplicate,3c36ef267c2a1219,quote_candidates_priority.csv,45,731,5,"As the director, you. must find I the transitions between the parts. and show your cast and then ask them to meditate on the whole play. If‘you were producing B. big play in four acts. you would have to do the same thing by bringing the pieces together. when you get the play into a more rim/tinnical fom, you will see that the end is weak.",3c36ef267c2a1219,126,0.886,actor_struggle;daily_inspiration;directing_academic_footnote,OCR/text-layer extraction candidate copied exactly from CSV field candidate_text_from_extraction_not_final; do not quote publicly until visually verified and cleared.
MCT-UWINDSOR-365-REJECT-0275,same_item_page_source_page_cap,1f9e2cc0de5fb5cc,quote_candidates_priority.csv,34,857,3,The whole. in which is the first part. the transitional part. and the third part - quite definitely the beginning. transition. the end. Do not confuse two things: The end. and the stop. which is the real stop (finish of the work).,92ae0eafb84eb8c9,128,0.886,actor_struggle;daily_inspiration;directing_academic_footnote,OCR/text-layer extraction candidate copied exactly from CSV field candidate_text_from_extraction_not_final; do not quote publicly until visually verified and cleared.
MCT-UWINDSOR-365-REJECT-0276,overrepresented_item_cap_2,,quote_candidates_priority.csv,38,837,3,"The beginning. in the sense that it is the first period of the whole process; the middle part, the middle period of the process; and the end, the last period of the process. Imagine it is like this: \W/ -m or em. a. rim Still there are three parts.",aad322ae63507baf,127,0.888,daily_inspiration;directing_academic_footnote,OCR/text-layer extraction candidate copied exactly from CSV field candidate_text_from_extraction_not_final; do not quote publicly until visually verified and cleared.
MCT-UWINDSOR-365-REJECT-0277,exact_normalized_duplicate,0c8d280a3a0d68ab,quote_candidates_priority.csv,51,815,7,"Do the same thing only in your imagination from begilming to end, but your imagination must be on tho ground of the style this time. The whole play will be successful only if wé got this fooling - half exclamationo. half words, small and big explosions. sparkly. and not long sentences.",0c8d280a3a0d68ab,125,0.886,actor_struggle;daily_inspiration;directing_academic_footnote;method_terms,OCR/text-layer extraction candidate copied exactly from CSV field candidate_text_from_extraction_not_final; do not quote publicly until visually verified and cleared.
MCT-UWINDSOR-365-REJECT-0278,exact_normalized_duplicate,ed655e0a91b6a9fe,quote_candidates_priority.csv,40,926,22,"Exercise: Walk from one side to another and when you cross the middle of the room. dr0p something and pick it up and then walk to the wall - one whole thing - beginning. anticipation - end,: sustaining. Now do it again with the feeling of form.",ed655e0a91b6a9fe,127,0.885,actor_struggle;daily_inspiration;directing_academic_footnote;method_terms,OCR/text-layer extraction candidate copied exactly from CSV field candidate_text_from_extraction_not_final; do not quote publicly until visually verified and cleared.
MCT-UWINDSOR-365-REJECT-0279,same_item_page_source_page_cap,6e904bda145df89f,quote_candidates_priority.csv,50,647,1,"Inr@gine that the curtain has come down @and try to think of the whole play. This gives us a special kind of ""spectacles"" through which we are able to find the main feeling, the main sction of the play. #From the end to the beginning, try to remember 211 the things we have spoken about.",99a0f531bee90088,125,0.880,actor_struggle;daily_inspiration;directing_academic_footnote,OCR/text-layer extraction candidate copied exactly from CSV field candidate_text_from_extraction_not_final; do not quote publicly until visually verified and cleared.
MCT-UWINDSOR-365-REJECT-0280,same_item_page_source_page_cap,2427669e51ca56cc,quote_candidates_priority.csv,53,837,8,"If an actor . . . \ . has a feeling of rhythm, these three pictures may some for him the whole world - not only from the beginning to the end. but from the end to the aeginning. As an actor I know how I have to sit on Lear's throne in the beginning, because I anticipate the end.",0a02d3ba9468cc23,125,0.890,actor_struggle;daily_inspiration;directing_academic_footnote;method_terms,OCR/text-layer extraction candidate copied exactly from CSV field candidate_text_from_extraction_not_final; do not quote publicly until visually verified and cleared.
MCT-UWINDSOR-365-REJECT-0281,same_item_page_source_page_cap,4917f26c7e57a107,quote_candidates_priority.csv,48,633,1,"*4 Hichael Chekhov hovember 27, 1936 RHYTHE — 3BBGINMNINC, END THE WHOLE | STYLEL ComPOsITION OF THE PLAY Ibseen Anton Chekhoy EBrand RHYTHMH — BEGINNING, XIDDLE, END : Every rhythmical movement consists of a beginning, a middle part, and an end in each case. When we have a feel— ing for the beginning, the middle, and the end, we will be sble to feel the whole movement,.",fd97be1437a6e3d1,126,0.884,actor_struggle;daily_inspiration;directing_academic_footnote,OCR/text-layer extraction candidate copied exactly from CSV field candidate_text_from_extraction_not_final; do not quote publicly until visually verified and cleared.
MCT-UWINDSOR-365-REJECT-0282,overrepresented_item_cap_2,,quote_candidates_priority.csv,42,847,7,"In the first part we must fool the anticipation of the end, and when we are coming to the end. we must not forget the beginning. Therefore. it is possible by creating tho finst part always to feel the counter-part. which is the end. and the more we are nearing the and. the more we are in‘counter-action to the beginning. and this contrast actuallyggives un the feeling of the beginning and the and.",2531a73d0dfb9982,127,0.892,actor_struggle;directing_academic_footnote;method_terms,OCR/text-layer extraction candidate copied exactly from CSV field candidate_text_from_extraction_not_final; do not quote publicly until visually verified and cleared.
MCT-UWINDSOR-365-REJECT-0283,exact_normalized_duplicate,9180592c89a1641c,quote_candidates_priority.csv,68,594,1,"Chekhov COctober 5, 1936 CPENING DAY — CHEKHOY THEATRE STVDIO Dartington Hall, Totnes, Devon, ingland First THE ACTOR—ARTIST CONCENTRATION THE ACTOR®S MARCH THE ACTOR—ARTIST: It is very important that during the lessons you must be very active at all times. Your figure body must be beau— tiful during the whole lesson.",9180592c89a1641c,123,0.890,actor_struggle;daily_inspiration;directing_academic_footnote;method_terms,OCR/text-layer extraction candidate copied exactly from CSV field candidate_text_from_extraction_not_final; do not quote publicly until visually verified and cleared.
MCT-UWINDSOR-365-REJECT-0284,same_item_page_source_page_cap,4917f26c7e57a107,quote_candidates_priority.csv,28,633,1,"When we have a feel— ing for the beginning, the middle, and the end, we will be sble to feel the whole movement,. When we start at the begin— ning, we must feel the middle and the end., wWwhoen we are in the middle, we must feel the past and the future; and when we are at the end, we must feel the middle and the beginning. when you have finished and are out of this pattern, then you have the fedling of the whole which has happensd.",172f925d5c4a76d1,129,0.884,actor_struggle;daily_inspiration;directing_academic_footnote,OCR/text-layer extraction candidate copied exactly from CSV field candidate_text_from_extraction_not_final; do not quote publicly until visually verified and cleared.
MCT-UWINDSOR-365-REJECT-0285,same_item_page_source_page_cap,79159b9ddd57d171,quote_candidates_priority.csv,69,1077,4,"When the actor cannot find his feelings — for instance, tender love for a child - if he tells the director that ho has never had a child. the director can answer him that everyone can give the quality of tenderness and love to his actions. Simultaneously we tako the action of moving the chair with the quality of ""care?.",357cb8d6c8ef59ba,123,0.887,actor_struggle;daily_inspiration;directing_academic_footnote;method_terms,OCR/text-layer extraction candidate copied exactly from CSV field candidate_text_from_extraction_not_final; do not quote publicly until visually verified and cleared.
MCT-UWINDSOR-365-REJECT-0286,same_item_page_source_page_cap,d7e294b70d55b5f0,quote_candidates_priority.csv,33,731,2,"Chekhov June 28. 1937 feeling of the whole. without this frame you will Stand as before an ocean: if it is to be an ocean which is rough, then it must have a beginning. a middle and an end.",d3c35024e03a1cf0,128,0.889,actor_struggle;daily_inspiration;directing_academic_footnote,OCR/text-layer extraction candidate copied exactly from CSV field candidate_text_from_extraction_not_final; do not quote publicly until visually verified and cleared.
MCT-UWINDSOR-365-REJECT-0287,same_item_page_source_page_cap,71d8688c263d7696,quote_candidates_priority.csv,74,839,1,"Radiation - this power of conquering the Space - must be a spiritual thi Q. lover depend upon your body or your voice, because they are too weak. iho Spiritual motivation must be there. If we do the psychological gosturo without this inLer spiritual 90 r. it is nothh ;ho psychological gesture is a lever for the actor‘s whole being.",a16ef0f0f3aa1f1f,123,0.884,actor_struggle;daily_inspiration;directing_academic_footnote;method_terms,OCR/text-layer extraction candidate copied exactly from CSV field candidate_text_from_extraction_not_final; do not quote publicly until visually verified and cleared.
MCT-UWINDSOR-365-REJECT-0288,exact_normalized_duplicate,c63838f86bdc0291,quote_candidates_priority.csv,55,852,1,"Iszeoting scena with ""Soy"" as Chairman: _In this speech. first of all we must E06 this clever ""machine—gun"" person, without any idea. of heart - a. clever. sly machine. Secondly. i? must be at the same time the style of the whole play - threatening.",c63838f86bdc0291,125,0.878,actor_struggle;daily_inspiration;directing_academic_footnote;method_terms,OCR/text-layer extraction candidate copied exactly from CSV field candidate_text_from_extraction_not_final; do not quote publicly until visually verified and cleared.
MCT-UWINDSOR-365-REJECT-0289,same_item_page_source_page_cap,ec6c6005c88c3568,quote_candidates_priority.csv,93,663,5,"Chekhov february 3, 1937 AFTER TH?) CURTAIN IS TJOWN: 1hr: ’Enldon Stanly There are three mogcnts which we will later call climaxes. These thrce points are the moments which will lead us through the whole play. tur play begins with a certain silence and ends with a silence. and between these two silences lies the whole play.",696d2da0ea133a68,122,0.892,actor_struggle;daily_inspiration;directing_academic_footnote,OCR/text-layer extraction candidate copied exactly from CSV field candidate_text_from_extraction_not_final; do not quote publicly until visually verified and cleared.
MCT-UWINDSOR-365-REJECT-0290,exact_normalized_duplicate,faeea7bf1d5496ae,quote_candidates_priority.csv,79,855,1,"0 Michael Chekhov Larch 15, 1938 ATHOSPHERE STYLE \ FEELING 0F TRUTH PSYCHOLOGICAL GESTURE ATMOSPHERE! Shdanoff Flax: [Ehe Possessed]: meatlng‘scono: We must remember the psychological moments and bridges from the very beginning to the point whore we try to speak the real text.",faeea7bf1d5496ae,123,0.886,actor_struggle;daily_inspiration;directing_academic_footnote;method_terms,OCR/text-layer extraction candidate copied exactly from CSV field candidate_text_from_extraction_not_final; do not quote publicly until visually verified and cleared.
MCT-UWINDSOR-365-REJECT-0291,exact_normalized_duplicate,977deb46ad5a92f4,quote_candidates_priority.csv,75,746,6,"I say three because of the three parts: the beginning. the middle, and the end. In canon whore tho firat and last part are so close to each other that the transition is only one moment, this is another question. whothor there is a climax or not. but wo will not touch on this problém new.",977deb46ad5a92f4,123,0.871,actor_struggle;directing_academic_footnote,OCR/text-layer extraction candidate copied exactly from CSV field candidate_text_from_extraction_not_final; do not quote publicly until visually verified and cleared.
MCT-UWINDSOR-365-REJECT-0292,exact_normalized_duplicate,c00719a8f1a21795,quote_candidates_priority.csv,97,859,1,"Awaken this ability in you, psychologically. Secondly, we have tried to live in this one whole thing with a feeling that there is a beginning, there is an end and a beginning. and they are bound together and this link which binds them together we call the middle part. or the transitional part.",c00719a8f1a21795,122,0.889,actor_struggle;daily_inspiration;directing_academic_footnote,OCR/text-layer extraction candidate copied exactly from CSV field candidate_text_from_extraction_not_final; do not quote publicly until visually verified and cleared.
MCT-UWINDSOR-365-REJECT-0293,exact_normalized_duplicate,b381b7d07fc07be4,quote_candidates_priority.csv,36,1078,11,"Nothing is forgotten, only you must not let the intellect play the first violin, Your own experience will show you what manner of uging the gesture you prefer - this is your free will, First eliminate the intellect, and start with the actor's means, which I call the ps Questions This psychological gesture which you speak about, do you feel that it would create the form of the whole performsnce and would give unity to it?",b381b7d07fc07be4,127,0.886,actor_struggle;daily_inspiration;directing_academic_footnote;method_terms,OCR/text-layer extraction candidate copied exactly from CSV field candidate_text_from_extraction_not_final; do not quote publicly until visually verified and cleared.
MCT-UWINDSOR-365-REJECT-0294,same_item_page_source_page_cap,d7e294b70d55b5f0,quote_candidates_priority.csv,32,731,2,"1937 feeling of the whole. without this frame you will Stand as before an ocean: if it is to be an ocean which is rough, then it must have a beginning. a middle and an end.",4d04ff97db8573ee,128,0.889,actor_struggle;daily_inspiration;directing_academic_footnote,OCR/text-layer extraction candidate copied exactly from CSV field candidate_text_from_extraction_not_final; do not quote publicly until visually verified and cleared.
MCT-UWINDSOR-365-REJECT-0295,overrepresented_item_cap_2,,quote_candidates_priority.csv,66,699,2,"You must also keep in mind that the beginning and the end of a thing are entirely different, For example, cralon must enter absolutely freshly, because at the end he lies dead. lhe director can develop the whole thing if he knows the line and the development. Through a technical rehearsal you must find these themes, and from this you will gradually find the nuances.",5c9a1654f20ad5d0,124,0.888,actor_struggle;daily_inspiration;directing_academic_footnote,OCR/text-layer extraction candidate copied exactly from CSV field candidate_text_from_extraction_not_final; do not quote publicly until visually verified and cleared.
MCT-UWINDSOR-365-REJECT-0296,exact_normalized_duplicate,c16eda2406dffdaf,quote_candidates_priority.csv,59,834,1,"The first case is an intellectual one. and the second case is an artistic one: and the whole difference lies not in words of the director. but in the reception of the actor. when the actor receives the directions and instructions with inner action, it is quite different. and the director is able to describe things which will never be turned into dry in— tellectunl content.",c16eda2406dffdaf,124,0.885,actor_struggle;daily_inspiration;directing_academic_footnote;method_terms,OCR/text-layer extraction candidate copied exactly from CSV field candidate_text_from_extraction_not_final; do not quote publicly until visually verified and cleared.
MCT-UWINDSOR-365-REJECT-0297,exact_normalized_duplicate,04e658476c1dd784,quote_candidates_priority.csv,78,733,1,"For example, in M3}; the division in the play will depend upon the director's imagination. In the beginning a ghost force, in tho second part the play is opening up. and in the third part so many people are dead, it is more than open. it has disappeared Mm the stage.",04e658476c1dd784,123,0.880,actor_struggle;daily_inspiration;directing_academic_footnote,OCR/text-layer extraction candidate copied exactly from CSV field candidate_text_from_extraction_not_final; do not quote publicly until visually verified and cleared.
MCT-UWINDSOR-365-REJECT-0298,exact_normalized_duplicate,74bdcca823e82a7e,quote_candidates_priority.csv,71,1078,4,"oR pe Ke Chekhov December 5, 1941 an absolutely free field for expressing this, and there is an endless variety of gestures, We can take radiation as another point. I can ""radiate my admiration™ in any number of waya, We can take any point of the kethod and turn it into a — While rehearsing, we must turn it into a physical gesture, using our whole body.",74bdcca823e82a7e,123,0.881,actor_struggle;daily_inspiration;directing_academic_footnote;method_terms,OCR/text-layer extraction candidate copied exactly from CSV field candidate_text_from_extraction_not_final; do not quote publicly until visually verified and cleared.
MCT-UWINDSOR-365-REJECT-0299,overrepresented_item_cap_2,,quote_candidates_priority.csv,81,699,2,"You must also keep in mind that the beginning and the end of a thing are entirely different, For example, cralon must enter absolutely freshly, because at the end he lies dead. lhe director can develop the whole thing if he knows the line and the development.",f4172fa7e8e259ae,123,0.888,actor_struggle;daily_inspiration;directing_academic_footnote,OCR/text-layer extraction candidate copied exactly from CSV field candidate_text_from_extraction_not_final; do not quote publicly until visually verified and cleared.
MCT-UWINDSOR-365-REJECT-0300,same_item_page_source_page_cap,c00719a8f1a21795,quote_candidates_priority.csv,98,859,1,"Secondly, we have tried to live in this one whole thing with a feeling that there is a beginning, there is an end and a beginning. and they are bound together and this link which binds them together we call the middle part. or the transitional part. Recall all those feelings.",33ad19efe2b36b3f,122,0.889,actor_struggle;daily_inspiration;directing_academic_footnote,OCR/text-layer extraction candidate copied exactly from CSV field candidate_text_from_extraction_not_final; do not quote publicly until visually verified and cleared.
MCT-UWINDSOR-365-REJECT-0301,overrepresented_item_cap_2,,quote_candidates_priority.csv,92,837,2,"Chekhov February 25, 1938 end as a t ansition - a Esychological. ohxsieal, or emotional bridge. It is quite natural if we have a feeling of the whole, we experience this middle part, but by studying these things we have to pay attention especially to this transitional part.",f5ac6f5f558eca37,122,0.889,actor_struggle;daily_inspiration;directing_academic_footnote;method_terms,OCR/text-layer extraction candidate copied exactly from CSV field candidate_text_from_extraction_not_final; do not quote publicly until visually verified and cleared.
MCT-UWINDSOR-365-REJECT-0302,exact_normalized_duplicate,498707be9566407e,quote_candidates_priority.csv,84,748,13,"Your soul will be so flexible and so accustomed to this kind of work on the stage that you will take an objective on entering the stage. or psychological gesture. or atmosphere. etc. Therefore, at the beginning you must be pedantic with yourselves.",498707be9566407e,123,0.892,actor_struggle;daily_inspiration;directing_academic_footnote;method_terms,OCR/text-layer extraction candidate copied exactly from CSV field candidate_text_from_extraction_not_final; do not quote publicly until visually verified and cleared.
MCT-UWINDSOR-365-REJECT-0303,exact_normalized_duplicate,f6ee3af69b1d6da9,quote_candidates_priority.csv,87,644,7,"The beginning of this atmosphere is in the very begin— ning of the play in the voice of the Guard — this is the first hopg and the second hope is when Antin first appears. The third hope is Antin‘s second appesrance, and the fourth hope is the flower in the Golden Steed.",f6ee3af69b1d6da9,122,0.887,actor_struggle;daily_inspiration;directing_academic_footnote;method_terms,OCR/text-layer extraction candidate copied exactly from CSV field candidate_text_from_extraction_not_final; do not quote publicly until visually verified and cleared.
MCT-UWINDSOR-365-REJECT-0304,exact_normalized_duplicate,ae506b75935e4f07,quote_candidates_priority.csv,49,754,6,"He does not hide his feelings. rRho face of the characters, the make—up, must be composed under the inspiration of the psychological gesture. If the beginning is right then the whole scene will",ae506b75935e4f07,126,0.884,actor_struggle;daily_inspiration;directing_academic_footnote;method_terms,OCR/text-layer extraction candidate copied exactly from CSV field candidate_text_from_extraction_not_final; do not quote publicly until visually verified and cleared.
MCT-UWINDSOR-365-REJECT-0305,same_item_page_source_page_cap,2427669e51ca56cc,quote_candidates_priority.csv,54,837,8,This is the rhythmical secret of the theatre - I have to act from the end to the beginning. This can be awakened only by a feeling of rhythm. when the future is the past. and the pre— sent time is everywhere.,4e936d49e2824e78,125,0.890,actor_struggle;daily_inspiration;directing_academic_footnote;method_terms,OCR/text-layer extraction candidate copied exactly from CSV field candidate_text_from_extraction_not_final; do not quote publicly until visually verified and cleared.
MCT-UWINDSOR-365-REJECT-0306,excessive_unusual_characters_ocr_noise,,quote_candidates_priority.csv,89,827,14,"Elnhirst and Miss Crowtherx __________.__________________________.______ Mrs, Elnhirstx I have one or two points propArcd. First, I wondercd if it would help you to see the whole scene more in terms of the outward form. so that we would get the feeling the character was working to a climax.",04d43fec5c18f619,122,0.857,actor_struggle;daily_inspiration;directing_academic_footnote;method_terms,OCR/text-layer extraction candidate copied exactly from CSV field candidate_text_from_extraction_not_final; do not quote publicly until visually verified and cleared.
MCT-UWINDSOR-365-REJECT-0307,exact_normalized_duplicate,2bbeb364f707c314,quote_candidates_priority.csv,119,1077,9,"He combines so many characters in the one atmosphere of a scene, an act. or the whole play. But whether you, as - a character. are cynical towards the atmosphere of awe. or are sympathetic to it. you must accept it. otherwise you will be out of the style of the play, or you will not belong to the scene.",2bbeb364f707c314,120,0.892,actor_struggle;daily_inspiration;directing_academic_footnote;method_terms,OCR/text-layer extraction candidate copied exactly from CSV field candidate_text_from_extraction_not_final; do not quote publicly until visually verified and cleared.
MCT-UWINDSOR-365-REJECT-0308,exact_normalized_duplicate,607a60563d271ddd,quote_candidates_priority.csv,135,1072,9,"It is a moment of such greatness and strength that it cannot be mistaken for anything else. INSPIRED ACTING: It is the moment of inspiration when the character. being promyted by the right atmosphere, being prepared by careful imagining, being friends with the creative individuality is not there and we here.",607a60563d271ddd,120,0.881,actor_struggle;daily_inspiration;directing_academic_footnote;method_terms,OCR/text-layer extraction candidate copied exactly from CSV field candidate_text_from_extraction_not_final; do not quote publicly until visually verified and cleared.
MCT-UWINDSOR-365-REJECT-0309,exact_normalized_duplicate,7027a9e7fe28060d,quote_candidates_priority.csv,39,663,2,"The cast must be patient and very attentive even if it is dull, because it is the pre— paration for a future creation. The director will lead the play and will reach a complete form. and will lead the east through this form to the acting. iho director will be Toroncc,‘uho will also be ablo to aotlio part. dhon the director comes to tho stage Where he muut establish the form of the play. he must start with the most important moments. and lead his east through them.",7027a9e7fe28060d,127,0.890,actor_struggle;daily_inspiration;directing_academic_footnote;method_terms,OCR/text-layer extraction candidate copied exactly from CSV field candidate_text_from_extraction_not_final; do not quote publicly until visually verified and cleared.
MCT-UWINDSOR-365-REJECT-0310,exact_normalized_duplicate,f9987c54873680cc,quote_candidates_priority.csv,120,828,6,"Although at first this work of rhythm may seem to us quite mechanical and not really rhythmical. this is only the fern. It is u staircase on which we can clinb to the next level. which is the real rhythm based on this form. ”he real form will never kill the real life, but will increase it.",f9987c54873680cc,120,0.889,actor_struggle;daily_inspiration;directing_academic_footnote;method_terms,OCR/text-layer extraction candidate copied exactly from CSV field candidate_text_from_extraction_not_final; do not quote publicly until visually verified and cleared.
MCT-UWINDSOR-365-REJECT-0311,same_item_page_source_page_cap,5eb65514d2d6e7ec,quote_candidates_priority.csv,65,680,12,"Chekhov ﬂarch 16, 1937 yet be n in m snirit, because that will be a prophecy for the future. {his image of an empty king's body will never disappear from the mind of the audience. uhcn i must make the metamorphosis to hear my soul and be king. without the smallest sign of being king in my body. 1 must not only know the end of my part, I must act the beginning period. showing the end in an opposite direction.",8949c8830d4f9abe,124,0.890,actor_struggle;daily_inspiration;directing_academic_footnote,OCR/text-layer extraction candidate copied exactly from CSV field candidate_text_from_extraction_not_final; do not quote publicly until visually verified and cleared.
MCT-UWINDSOR-365-REJECT-0312,overrepresented_item_cap_2,,quote_candidates_priority.csv,60,837,3,"It is more in the nature of a meter. The beginning. in the sense that it is the first period of the whole process; the middle part, the middle period of the process; and the end, the last period of the process.",46bd21fabb987213,124,0.888,daily_inspiration;directing_academic_footnote,OCR/text-layer extraction candidate copied exactly from CSV field candidate_text_from_extraction_not_final; do not quote publicly until visually verified and cleared.
MCT-UWINDSOR-365-REJECT-0313,exact_normalized_duplicate,8fb956211c570606,quote_candidates_priority.csv,91,827,14,"First, I wondercd if it would help you to see the whole scene more in terms of the outward form. so that we would get the feeling the character was working to a climax. For instance, when you drink the poison. the drinking had no more importance than any other movement.",8fb956211c570606,122,0.857,actor_struggle;daily_inspiration;directing_academic_footnote;method_terms,OCR/text-layer extraction candidate copied exactly from CSV field candidate_text_from_extraction_not_final; do not quote publicly until visually verified and cleared.
MCT-UWINDSOR-365-REJECT-0314,exact_normalized_duplicate,2ac11665db80929e,quote_candidates_priority.csv,121,1085,19,The creative prqogee. which the actor of the future will know from inside. conniote of four definite ctnuen which the actor will love. The first stage is when he foole that the part he is going to perform. the play he in going to perform. is something which he can embrace entirely an a general atmosphere which comes nearer and nearer.,2ac11665db80929e,120,0.891,actor_struggle;daily_inspiration;directing_academic_footnote;method_terms,OCR/text-layer extraction candidate copied exactly from CSV field candidate_text_from_extraction_not_final; do not quote publicly until visually verified and cleared.
MCT-UWINDSOR-365-REJECT-0315,exact_normalized_duplicate,ed40f77563e94d47,quote_candidates_priority.csv,126,720,1,"In Balladiha I , yau must try to find the same lino. In Che Fishiny Scone the director has draw: the main line, but I thirk it is not only expressing the idea of the play. because this main line must be the incorporation of what wc will call later on the rhythmical gesture of the whole play.",ed40f77563e94d47,120,0.877,actor_struggle;daily_inspiration;directing_academic_footnote;method_terms,OCR/text-layer extraction candidate copied exactly from CSV field candidate_text_from_extraction_not_final; do not quote publicly until visually verified and cleared.
MCT-UWINDSOR-365-REJECT-0316,exact_normalized_duplicate,4e744cd98e489b2c,quote_candidates_priority.csv,140,615,1,"The second step is to find the speech for the play., We must speak to croate the atmosphere, and we must speak out of the atmosphere. First, try to ima— gine the picture of this world of the fairy tale with the mountain and everything we have done in our imasination, and try to feel the and send it out.",4e744cd98e489b2c,119,0.888,actor_struggle;daily_inspiration;directing_academic_footnote;method_terms,OCR/text-layer extraction candidate copied exactly from CSV field candidate_text_from_extraction_not_final; do not quote publicly until visually verified and cleared.
MCT-UWINDSOR-365-REJECT-0317,exact_normalized_duplicate,3fc0f6bc4b588d61,quote_candidates_priority.csv,138,769,3,"This was the first Sign this morning. and you must appreciate it as I do. When you were playing, at once contact, fooling of beauty. feeling of ease. and concentration wore there because they are all one mysterious, beautiful thing which we call the artist's soul, or ability. or spirit.",3fc0f6bc4b588d61,120,0.882,actor_struggle;daily_inspiration;directing_academic_footnote;method_terms,OCR/text-layer extraction candidate copied exactly from CSV field candidate_text_from_extraction_not_final; do not quote publicly until visually verified and cleared.
MCT-UWINDSOR-365-REJECT-0318,exact_normalized_duplicate,ae815b0fc826b460,quote_candidates_priority.csv,133,922,4,"When we have not yet got the feeling of the style of the play. the tempo in wrong, and where we mostly lose our time is betwoon wordo. between aotione. and this in why I recommend to Peter to do everything in one big wave. If you will get this feeling of the whole. you will see that there is no time to make dead pauaae or dregeinSide you.",ae815b0fc826b460,120,0.888,actor_struggle;daily_inspiration;directing_academic_footnote;method_terms,OCR/text-layer extraction candidate copied exactly from CSV field candidate_text_from_extraction_not_final; do not quote publicly until visually verified and cleared.
MCT-UWINDSOR-365-REJECT-0319,overrepresented_item_cap_2,,quote_candidates_priority.csv,104,1078,22,"opHeE ie Chekhov | December 5, 1941 secret ways that we do not know why we cannot act a certain part. But if the body is free, then forever I am free in thig way, The bodily development is essential, FIRST APPROACH TO THE PLAY - THE ACTOR'S DREAMS OR INTUITION ugstions I understand what you mean by the archetype and the gesture, and it is a very releasing thing.",e4e9319bffcf8154,121,0.892,actor_struggle;daily_inspiration;directing_academic_footnote;method_terms,OCR/text-layer extraction candidate copied exactly from CSV field candidate_text_from_extraction_not_final; do not quote publicly until visually verified and cleared.
MCT-UWINDSOR-365-REJECT-0320,substring_or_overlap_duplicate,2427669e51ca56cc,quote_candidates_priority.csv,52,837,8,"If an actor . . . \ . has a feeling of rhythm, these three pictures may some for him the whole world - not only from the beginning to the end. but from the end to the aeginning.",b3ad720beda21b14,125,0.890,actor_struggle;daily_inspiration;directing_academic_footnote;method_terms,OCR/text-layer extraction candidate copied exactly from CSV field candidate_text_from_extraction_not_final; do not quote publicly until visually verified and cleared.
MCT-UWINDSOR-365-REJECT-0321,same_item_page_source_page_cap,8f3765bd457dcf13,quote_candidates_priority.csv,115,1074,10,"Angwer: I understand your question. We must not git back and wait - that is fear which chokes us, First of all, because you are an actor you cannot sit and wait, except if you are embarrassed, then, of course, nothing happens, For example, let us take the moment when the sailors are drinking and talking to sach other in the atmosphere, theres ig so much to dol",166b5b3421c62a9f,121,0.887,actor_struggle;daily_inspiration;directing_academic_footnote;method_terms,OCR/text-layer extraction candidate copied exactly from CSV field candidate_text_from_extraction_not_final; do not quote publicly until visually verified and cleared.
MCT-UWINDSOR-365-REJECT-0322,substring_or_overlap_duplicate,01d450b5aaf9d023,quote_candidates_priority.csv,72,670,2,Keep and develop the ability to be concentrated absolutely from the beginning to the end of the rehearsal. It will be tiring at first. but then you will find that without concentration you will be much more tired.,399a0a0335f07ca9,123,0.893,actor_struggle;directing_academic_footnote;method_terms,OCR/text-layer extraction candidate copied exactly from CSV field candidate_text_from_extraction_not_final; do not quote publicly until visually verified and cleared.
MCT-UWINDSOR-365-REJECT-0323,exact_normalized_duplicate,76bbfec85981f0c7,quote_candidates_priority.csv,128,883,6,"If your imagination is ottong enough you will see Electra with your uind'n eye. At the beginning you can force yourself to one her oyon. her movemente, her voice. what she feels - this is good for the beginning to call upon her, but it is only the first part. the beginning.",76bbfec85981f0c7,120,0.891,actor_struggle;daily_inspiration;directing_academic_footnote,OCR/text-layer extraction candidate copied exactly from CSV field candidate_text_from_extraction_not_final; do not quote publicly until visually verified and cleared.
MCT-UWINDSOR-365-REJECT-0324,same_item_page_source_page_cap,85fb97af64a7bf0a,quote_candidates_priority.csv,109,659,5,"Later we will perhaps pay less attention to it, and will pay more attention to imagination and other things. iho director can find the whole play in the platonic world. The more harmonious your composition of psychological gestures in. the nearer you are to the platonic world. when the director has found a gesture with his actors he can change it and explore further.",cc07d94a1eb864c1,121,0.892,actor_struggle;daily_inspiration;directing_academic_footnote;method_terms,OCR/text-layer extraction candidate copied exactly from CSV field candidate_text_from_extraction_not_final; do not quote publicly until visually verified and cleared.
MCT-UWINDSOR-365-REJECT-0325,exact_normalized_duplicate,362d6bf9f665908a,quote_candidates_priority.csv,136,1075,2,"By looking through these doors at the moment of inspiration, what will we go-ﬁftho end? we will get only the method. when we speak about the atmosphere, it is one of the doors which we can open and see there is the creative process. and there is the spark of inspiration.",362d6bf9f665908a,120,0.891,actor_struggle;daily_inspiration;directing_academic_footnote;method_terms,OCR/text-layer extraction candidate copied exactly from CSV field candidate_text_from_extraction_not_final; do not quote publicly until visually verified and cleared.
MCT-UWINDSOR-365-REJECT-0326,overrepresented_item_cap_2,,quote_candidates_priority.csv,132,847,3,"If you have the feeling at the whole; in three parts. nothing can dieturb you - nothimg can disturb this one, two, three. which is ahsoluto form. yet is absolutely flexible. This is the secret of rhythm; You can put in the first part whateveztyou like J everything. every detail will be in the right place? but it will be much clearer later on.",ca07a12893ab6fde,120,0.883,actor_struggle;daily_inspiration;directing_academic_footnote;method_terms,OCR/text-layer extraction candidate copied exactly from CSV field candidate_text_from_extraction_not_final; do not quote publicly until visually verified and cleared.
MCT-UWINDSOR-365-REJECT-0327,exact_normalized_duplicate,cd91381894bb1c72,quote_candidates_priority.csv,139,758,7,"There was nothing of the feeling of ensemble about it. ile must be above the thing we are going to do or ime provise, and ag artists we must get a feeling for the beginning and end. You must have felt that your audience was. suffering under this long, endless development of nothing.",cd91381894bb1c72,120,0.872,actor_struggle;daily_inspiration;directing_academic_footnote,OCR/text-layer extraction candidate copied exactly from CSV field candidate_text_from_extraction_not_final; do not quote publicly until visually verified and cleared.
MCT-UWINDSOR-365-REJECT-0328,exact_normalized_duplicate,9797998c12d06523,quote_candidates_priority.csv,76,978,10,It is a law which you cannot eucupo. And if you will look at thin group. you will see there are definitely three ports. the beginningand tho and. and the space between in the middle part - a harmonious whole. .,9797998c12d06523,123,0.889,actor_struggle;daily_inspiration;directing_academic_footnote,OCR/text-layer extraction candidate copied exactly from CSV field candidate_text_from_extraction_not_final; do not quote publicly until visually verified and cleared.
MCT-UWINDSOR-365-REJECT-0329,same_item_page_source_page_cap,f6ee3af69b1d6da9,quote_candidates_priority.csv,88,644,7,This heroism transforms the atmosphere of the Golden Steed. The beginning of this atmosphere is in the very begin— ning of the play in the voice of the Guard — this is the first hopg and the second hope is when Antin first appears.,79ffbd1be0765a03,122,0.887,actor_struggle;daily_inspiration;directing_academic_footnote;method_terms,OCR/text-layer extraction candidate copied exactly from CSV field candidate_text_from_extraction_not_final; do not quote publicly until visually verified and cleared.
MCT-UWINDSOR-365-REJECT-0330,exact_normalized_duplicate,3c0ad302649eb059,quote_candidates_priority.csv,129,855,2,"You must develop the atmosphere itself and then all the action and speeches will grow out of it. The order of the scene was the following: First, the moment of depression after the spy's first speech. then the moment of relief. like air. when the old professor spoke,",3c0ad302649eb059,120,0.892,actor_struggle;daily_inspiration;directing_academic_footnote;method_terms,OCR/text-layer extraction candidate copied exactly from CSV field candidate_text_from_extraction_not_final; do not quote publicly until visually verified and cleared.
MCT-UWINDSOR-365-REJECT-0331,same_item_page_source_page_cap,233841bc7bea6383,quote_candidates_priority.csv,105,837,1,"We must know that there are two feelings of the whole - one is the intellectual which we cannot apply to our art at all, and the other is that which feeds and lends’our whole nature. It is the yhglg nature which participates in this rhythmical thing.",1a08a7a28163351c,121,0.887,actor_struggle;daily_inspiration;directing_academic_footnote,OCR/text-layer extraction candidate copied exactly from CSV field candidate_text_from_extraction_not_final; do not quote publicly until visually verified and cleared.
MCT-UWINDSOR-365-REJECT-0332,exact_normalized_duplicate,bfd569e6d2507372,quote_candidates_priority.csv,77,980,1,STYLE: General criticism and suggestion; In each stage of rehearsing. there are different periods for receiving'tho general suggestions of the director. In the first stage. general suggestions cannot be taken.,bfd569e6d2507372,123,0.888,actor_struggle;daily_inspiration;directing_academic_footnote;method_terms,OCR/text-layer extraction candidate copied exactly from CSV field candidate_text_from_extraction_not_final; do not quote publicly until visually verified and cleared.
MCT-UWINDSOR-365-REJECT-0333,substring_or_overlap_duplicate,c16eda2406dffdaf,quote_candidates_priority.csv,37,834,1,"But if the director gives some suggestions, and if he really appeals to the imagination. it is quite differ— ent. The first case is an intellectual one. and the second case is an artistic one: and the whole difference lies not in words of the director. but in the reception of the actor. when the actor receives the directions and instructions with inner action, it is quite different. and the director is able to describe things which will never be turned into dry in— tellectunl content.",23cd46144f91eedd,127,0.885,actor_struggle;daily_inspiration;directing_academic_footnote;method_terms,OCR/text-layer extraction candidate copied exactly from CSV field candidate_text_from_extraction_not_final; do not quote publicly until visually verified and cleared.
MCT-UWINDSOR-365-REJECT-0334,substring_or_overlap_duplicate,b381b7d07fc07be4,quote_candidates_priority.csv,35,1078,11,"Hy creating the gesture you are exploring the part, deeper and deeper. Nothing is forgotten, only you must not let the intellect play the first violin, Your own experience will show you what manner of uging the gesture you prefer - this is your free will, First eliminate the intellect, and start with the actor's means, which I call the ps Questions This psychological gesture which you speak about, do you feel that it would create the form of the whole performsnce and would give unity to it?",95e2730016b7c1e8,127,0.886,actor_struggle;daily_inspiration;directing_academic_footnote;method_terms,OCR/text-layer extraction candidate copied exactly from CSV field candidate_text_from_extraction_not_final; do not quote publicly until visually verified and cleared.
MCT-UWINDSOR-365-REJECT-0335,exact_normalized_duplicate,3d1e11f59a09589f,quote_candidates_priority.csv,160,619,2,"That is why we must create a new speech and gesture and theatre. Children have this quality, but through their education, all their living qualities are logt. fven the smallest whisper must be foilt asgs a gesture so that the audience will live with the actor every one of the gestures in his speech.",3d1e11f59a09589f,118,0.893,actor_struggle;daily_inspiration;directing_academic_footnote;method_terms,OCR/text-layer extraction candidate copied exactly from CSV field candidate_text_from_extraction_not_final; do not quote publicly until visually verified and cleared.
MCT-UWINDSOR-365-REJECT-0336,exact_normalized_duplicate,3c4f5cfb8b30eeb9,quote_candidates_priority.csv,124,659,4,If you will build the whole scene by means of you: psychological gesture. you uill at the same time rehearse the play. but on a level which is much richer. The richness of mo performance in the real world depends upon how high you can reach the “platonic world;.,3c4f5cfb8b30eeb9,120,0.890,actor_struggle;daily_inspiration;directing_academic_footnote;method_terms,OCR/text-layer extraction candidate copied exactly from CSV field candidate_text_from_extraction_not_final; do not quote publicly until visually verified and cleared.
MCT-UWINDSOR-365-REJECT-0337,same_item_page_source_page_cap,7dc797a6dd829b8c,quote_candidates_priority.csv,114,699,5,"Then I would proceed to part of the scene and rahcarse the beginning and the end, first with the gesture, then from the point of view of the objective, or atmesphere, etc., but some point of view must be siven, Then 1 would take a part of the scene — for example, the Smint and Salladina, and lot them act from different points of view, ihen you will come more and more to det@ils.",17f6794011951bca,121,0.893,actor_struggle;directing_academic_footnote;method_terms,OCR/text-layer extraction candidate copied exactly from CSV field candidate_text_from_extraction_not_final; do not quote publicly until visually verified and cleared.
MCT-UWINDSOR-365-REJECT-0338,same_item_page_source_page_cap,233841bc7bea6383,quote_candidates_priority.csv,73,837,1,"Michael Chekhov February 25, 1938 RHYTHM \ RHYTHMICAL EVENTS BEGINNING AND END —- FEELING OF THE ”HOLE BRIDGES AND TRANSITION P THIGICAL COIv‘POSITION PERFORI-‘ANCE AFTER CURTAIN IS DOWN King Lear Leo Tolstoy RI'IYTHHI Riﬂl'l‘llf .1 CAL EVE-ITS I I have noticed with some of our etudents that the feeling of the beginning and the end, which is at the same time the feeling of the whole. was done sometimes intellectually.",92657a199aa7f08e,123,0.887,actor_struggle;daily_inspiration;directing_academic_footnote;method_terms,OCR/text-layer extraction candidate copied exactly from CSV field candidate_text_from_extraction_not_final; do not quote publicly until visually verified and cleared.
MCT-UWINDSOR-365-REJECT-0339,exact_normalized_duplicate,9ec9b7e5462925bc,quote_candidates_priority.csv,134,781,2,"In order to perform the play on tho stage. it is only possible if the play is. from beginning to end. a long conflict - g_2251£§§gg§_ggg§ligt - g The novelist may allow himself to write many pages describing his characters and their feelings, their past and future, but we, as actors. are not allowed to describe the characters: - we must show them - act them.",9ec9b7e5462925bc,120,0.883,actor_struggle;daily_inspiration;directing_academic_footnote,OCR/text-layer extraction candidate copied exactly from CSV field candidate_text_from_extraction_not_final; do not quote publicly until visually verified and cleared.
MCT-UWINDSOR-365-REJECT-0340,exact_normalized_duplicate,e5cd733fcb79e577,quote_candidates_priority.csv,107,838,6,"Shdanoff's clam 21o will try to touch different moments from different scenes, by the condition that you will pay attention to this power of radiation which will fill tho whole audience room and tho stage, but I must make it clear that it is important to distinguish between two things: First. to carry our influcnco when speaking by the means of increasing the power of the voice.",e5cd733fcb79e577,121,0.884,actor_struggle;daily_inspiration;directing_academic_footnote;method_terms,OCR/text-layer extraction candidate copied exactly from CSV field candidate_text_from_extraction_not_final; do not quote publicly until visually verified and cleared.
MCT-UWINDSOR-365-REJECT-0341,exact_normalized_duplicate,047acfdc8b0e9ccf,quote_candidates_priority.csv,82,633,2,"Rach person requires a different amount of preparation for the beginning and the end. In order to fuse your will and the rhythmical pattern, you must feel your whole body and use your whole body.",047acfdc8b0e9ccf,123,0.887,actor_struggle;daily_inspiration;directing_academic_footnote,OCR/text-layer extraction candidate copied exactly from CSV field candidate_text_from_extraction_not_final; do not quote publicly until visually verified and cleared.
MCT-UWINDSOR-365-REJECT-0342,exact_normalized_duplicate,1d04e029c9302a7c,quote_candidates_priority.csv,159,878,8,"Chekhov May 21, 1936 is there but we must realize that the objective is never a possessive power. In hyanotism there is always a certain element of annihilation without which it cannot be fulfilled. because the whole trick is that the individuality of the other person falls asleep under my power, and he is no longer there.",1d04e029c9302a7c,118,0.884,actor_struggle;daily_inspiration;directing_academic_footnote;method_terms,OCR/text-layer extraction candidate copied exactly from CSV field candidate_text_from_extraction_not_final; do not quote publicly until visually verified and cleared.
MCT-UWINDSOR-365-REJECT-0343,overrepresented_item_cap_2,,quote_candidates_priority.csv,61,837,3,"The beginning. in the sense that it is the first period of the whole process; the middle part, the middle period of the process; and the end, the last period of the process.",91ee01b543e7e998,124,0.888,daily_inspiration;directing_academic_footnote,OCR/text-layer extraction candidate copied exactly from CSV field candidate_text_from_extraction_not_final; do not quote publicly until visually verified and cleared.
MCT-UWINDSOR-365-REJECT-0344,overrepresented_item_cap_2,,quote_candidates_priority.csv,156,731,1,"It is difficult to get and it requireu time, but we have to get it. In order to have the feeling of the whole it means that firat of all each member of the cast must work apart from the rehearsals. and in their imaginations they must go through the whole play as if sitting in the audience room.",f6cba0d987ab046f,118,0.884,actor_struggle;daily_inspiration;directing_academic_footnote,OCR/text-layer extraction candidate copied exactly from CSV field candidate_text_from_extraction_not_final; do not quote publicly until visually verified and cleared.
MCT-UWINDSOR-365-REJECT-0345,overrepresented_item_cap_2,,quote_candidates_priority.csv,95,659,1,"To make the atmosphere and radiate it. to produce a paychological gesture inwardly. to Speak and fill the space - if you will try to do all of this,,you.will increase your power. This activity must have direction. ihc second rehearsal Has much better, which shows that we can do better. if you cannot. than the mistake would be with the director, but you can do better. therefore it is your_rosponsibility.",7b0601296f237fc2,122,0.885,actor_struggle;daily_inspiration;directing_academic_footnote;method_terms,OCR/text-layer extraction candidate copied exactly from CSV field candidate_text_from_extraction_not_final; do not quote publicly until visually verified and cleared.
MCT-UWINDSOR-365-REJECT-0346,exact_normalized_duplicate,4ff5ddbd020f8e4e,quote_candidates_priority.csv,80,944,6,1939 .pointe - thin in the beginning and this is the end - perhaps in the middle there will be award in the style of the play. If it is too vague. then give another condition which will lend them.,4ff5ddbd020f8e4e,123,0.881,actor_struggle;directing_academic_footnote;method_terms,OCR/text-layer extraction candidate copied exactly from CSV field candidate_text_from_extraction_not_final; do not quote publicly until visually verified and cleared.
MCT-UWINDSOR-365-REJECT-0347,exact_normalized_duplicate,ff919c820fd9f6b0,quote_candidates_priority.csv,96,885,2,"Then try to do it many times. at first in general. and then gradually add more and soho details. Now try to oxporionoo it with your whole body, in a sense try to find tho psychological gesture for the whole play.",ff919c820fd9f6b0,122,0.886,actor_struggle;daily_inspiration;directing_academic_footnote;method_terms,OCR/text-layer extraction candidate copied exactly from CSV field candidate_text_from_extraction_not_final; do not quote publicly until visually verified and cleared.
MCT-UWINDSOR-365-REJECT-0348,same_item_page_source_page_cap,ed40f77563e94d47,quote_candidates_priority.csv,112,720,1,"In Che Fishiny Scone the director has draw: the main line, but I thirk it is not only expressing the idea of the play. because this main line must be the incorporation of what wc will call later on the rhythmical gesture of the whole play. 19 are now zpeaking about the idea which we will see in the future as the living gesture, the same pgycholcgical gssture embracihu everything.",766503236e07c70f,121,0.877,actor_struggle;daily_inspiration;directing_academic_footnote;method_terms,OCR/text-layer extraction candidate copied exactly from CSV field candidate_text_from_extraction_not_final; do not quote publicly until visually verified and cleared.
MCT-UWINDSOR-365-REJECT-0349,exact_normalized_duplicate,78c0019aa52663d7,quote_candidates_priority.csv,167,834,5,"It is right, of course, that tho tosturo is not at once quite clear, because :3 know that on principle all gestures must be discovered. as all art has to be discovered. Therefore some geaturon will come only at the end of a long period of work: and in this case I think it is very difficult to find the gesture.",78c0019aa52663d7,117,0.889,actor_struggle;daily_inspiration;directing_academic_footnote;method_terms,OCR/text-layer extraction candidate copied exactly from CSV field candidate_text_from_extraction_not_final; do not quote publicly until visually verified and cleared.
MCT-UWINDSOR-365-REJECT-0350,overrepresented_item_cap_2,,quote_candidates_priority.csv,123,837,2,"It is quite natural if we have a feeling of the whole, we experience this middle part, but by studying these things we have to pay attention especially to this transitional part. This is nothing new but we must be able to concentrate on this part.",5ff329997ad0dcd5,120,0.889,actor_struggle;daily_inspiration;directing_academic_footnote;method_terms,OCR/text-layer extraction candidate copied exactly from CSV field candidate_text_from_extraction_not_final; do not quote publicly until visually verified and cleared.
MCT-UWINDSOR-365-REJECT-0351,same_item_page_source_page_cap,2d538d0707e805eb,quote_candidates_priority.csv,187,699,4,"Then I would give them two or three atmospheres and let them act, with mistakes, but with atmosphere throughout. Jhen I would give them objectives and let them be incomplete, but let them have the feeling of the whole play from the point of view of objective, psychological gesture, atmosphere, etc., etc.",338122965249c444,117,0.888,actor_struggle;daily_inspiration;directing_academic_footnote;method_terms,OCR/text-layer extraction candidate copied exactly from CSV field candidate_text_from_extraction_not_final; do not quote publicly until visually verified and cleared.
MCT-UWINDSOR-365-REJECT-0352,exact_normalized_duplicate,f9c5231d60747f1b,quote_candidates_priority.csv,191,773,7,"This kind of imagining will coax the archetypal values into the soul, and what kind of archetype we have to penetrate into is always very clear, because as artists when first reading the play or imagining the part. we guess these archetypes and that is why we want to act. So we must penetrate into them quite consciously.",f9c5231d60747f1b,117,0.894,actor_struggle;daily_inspiration;directing_academic_footnote;method_terms,OCR/text-layer extraction candidate copied exactly from CSV field candidate_text_from_extraction_not_final; do not quote publicly until visually verified and cleared.
MCT-UWINDSOR-365-REJECT-0353,exact_normalized_duplicate,ad812a41ad01c712,quote_candidates_priority.csv,153,652,2,"But we must start. ear-riot: IMAGINING THE PLAY: The Fishino Scone: ___________L_____ The first thing you must do is to imagine everything that the director or the designer will tell you. in order to hear. not with your brain or intellect, but with yolm imagination. you must train yourself to hear everything with your imagination.",ad812a41ad01c712,118,0.877,actor_struggle;daily_inspiration;directing_academic_footnote,OCR/text-layer extraction candidate copied exactly from CSV field candidate_text_from_extraction_not_final; do not quote publicly until visually verified and cleared.
MCT-UWINDSOR-365-REJECT-0354,substring_or_overlap_duplicate,e5cd733fcb79e577,quote_candidates_priority.csv,106,838,6,"Scenes from fir. Shdanoff's clam 21o will try to touch different moments from different scenes, by the condition that you will pay attention to this power of radiation which will fill tho whole audience room and tho stage, but I must make it clear that it is important to distinguish between two things: First. to carry our influcnco when speaking by the means of increasing the power of the voice.",04fd820a2c6ad4ec,121,0.884,actor_struggle;daily_inspiration;directing_academic_footnote;method_terms,OCR/text-layer extraction candidate copied exactly from CSV field candidate_text_from_extraction_not_final; do not quote publicly until visually verified and cleared.
MCT-UWINDSOR-365-REJECT-0355,exact_normalized_duplicate,4f49207f197efd04,quote_candidates_priority.csv,190,921,6,"But you must do it by appealing first to your imagination. just as you did the excreieeo for this streaming. now you must eee Pierrot noting with fire. Do it thirty times technically. as an actor, then you will know what it is. and tempo. speech. the wave movement. all these things eheuld come together.",4f49207f197efd04,117,0.881,actor_struggle;daily_inspiration;directing_academic_footnote;method_terms,OCR/text-layer extraction candidate copied exactly from CSV field candidate_text_from_extraction_not_final; do not quote publicly until visually verified and cleared.
MCT-UWINDSOR-365-REJECT-0356,exact_normalized_duplicate,c6c8a0d8350eebb5,quote_candidates_priority.csv,183,853,1,"1938 CONCEi’i‘RATION IP'AGINATION AND \‘lILL‘ PRESIa‘XCE - THE CREATIVE INDIVIDUALITY CONTACT Today we shall start with the very first exercises. as if they were now. The real artist has to dovolop many abilities in his spirit and soul and body, and one of the most important abilities is the ability of concentration.",c6c8a0d8350eebb5,117,0.883,actor_struggle;daily_inspiration;directing_academic_footnote;method_terms,OCR/text-layer extraction candidate copied exactly from CSV field candidate_text_from_extraction_not_final; do not quote publicly until visually verified and cleared.
MCT-UWINDSOR-365-REJECT-0357,exact_normalized_duplicate,7a8bf268f5cddbb3,quote_candidates_priority.csv,188,784,5,"You must be able to fill tremendous rooms and space, which you will find in American theatres, not only with your voices but with your radiation - there are no other means. You can move as wide as you like. but if it is without radiation the audience will not be able to see it with opera glasses.",7a8bf268f5cddbb3,117,0.890,actor_struggle;daily_inspiration;directing_academic_footnote;method_terms,OCR/text-layer extraction candidate copied exactly from CSV field candidate_text_from_extraction_not_final; do not quote publicly until visually verified and cleared.
MCT-UWINDSOR-365-REJECT-0358,same_item_page_source_page_cap,79159b9ddd57d171,quote_candidates_priority.csv,118,1077,4,"When the actor cannot find his feelings — for instance, tender love for a child - if he tells the director that ho has never had a child. the director can answer him that everyone can give the quality of tenderness and love to his actions.",5ec0f431e2618317,120,0.887,actor_struggle;daily_inspiration;directing_academic_footnote;method_terms,OCR/text-layer extraction candidate copied exactly from CSV field candidate_text_from_extraction_not_final; do not quote publicly until visually verified and cleared.
MCT-UWINDSOR-365-REJECT-0359,substring_or_overlap_duplicate,ad812a41ad01c712,quote_candidates_priority.csv,94,652,2,"The task is very big, and the problems are difficult. and the future is very far. But we must start. ear-riot: IMAGINING THE PLAY: The Fishino Scone: ___________L_____ The first thing you must do is to imagine everything that the director or the designer will tell you. in order to hear. not with your brain or intellect, but with yolm imagination. you must train yourself to hear everything with your imagination.",c761507389702ba8,122,0.877,actor_struggle;daily_inspiration;directing_academic_footnote,OCR/text-layer extraction candidate copied exactly from CSV field candidate_text_from_extraction_not_final; do not quote publicly until visually verified and cleared.
MCT-UWINDSOR-365-REJECT-0360,exact_normalized_duplicate,220c5b7417580990,quote_candidates_priority.csv,62,1029,6,"But actors have no right to be powerful in the brain end weak everywhere 93,230. We cannot act with our head at all - only with cur being. and the head muot be the appendii. of our whole being and only the face. which is very subtle - not anatomical and psychological - will reflect our life and inner activity which coneo from the whole being first and then ie nbrrorcd.‘ Therefore. it io so ugly when the actor begine to make races inetead of ueing hie own body.",220c5b7417580990,124,0.890,actor_struggle;daily_inspiration;directing_academic_footnote,OCR/text-layer extraction candidate copied exactly from CSV field candidate_text_from_extraction_not_final; do not quote publicly until visually verified and cleared.
MCT-UWINDSOR-365-REJECT-0361,exact_normalized_duplicate,4f606a94d6e97bec,quote_candidates_priority.csv,166,825,6,"I have known only one theatre \Iith a really good contact. not only on the stage but in the theatre life - the first Moscow Art Theatre. The}, have always sought for this contact on the stage. in Chekhov plays, atmosphere, mood, etc.. and thoy developed this feeling of contact and z-rhst 2-1:: the result in their life?",4f606a94d6e97bec,117,0.884,actor_struggle;daily_inspiration;directing_academic_footnote;method_terms,OCR/text-layer extraction candidate copied exactly from CSV field candidate_text_from_extraction_not_final; do not quote publicly until visually verified and cleared.
MCT-UWINDSOR-365-REJECT-0362,exact_normalized_duplicate,c11ddd3bf130e914,quote_candidates_priority.csv,184,859,6,"""nor to. and not be afraid of all these small things.‘ This stage must be gone through. -Tho problem is difficult: Contraction: cold : ﬁiano presto Expansion: fire ‘ forte adagio in the beginning. (All these dfforta we make to overcome these obvious thingsvand to cppbine enemies and friends. It will give great freedom).",c11ddd3bf130e914,117,0.885,actor_struggle;daily_inspiration;directing_academic_footnote,OCR/text-layer extraction candidate copied exactly from CSV field candidate_text_from_extraction_not_final; do not quote publicly until visually verified and cleared.
MCT-UWINDSOR-365-REJECT-0363,exact_normalized_duplicate,3ae3d1d4a6d19c07,quote_candidates_priority.csv,46,885,3,"Do one wrestling movement in the style of comedy near to vaudeville. and receive it together. Then do it altogether as a group - first contact - tiret the feeling of the group - then the feeling of the whole; then the feeling of truth: then the etyle in the movement and in the voice when saying, ""We are wrestling."" De the whole gamut of wreetling exercises. no this same pattern in the first “eppresecd‘ part. then in the last part which in ""victoriouaf. then in the middle part which in ""conflict.""",3ae3d1d4a6d19c07,126,0.883,actor_struggle;daily_inspiration;directing_academic_footnote;method_terms,OCR/text-layer extraction candidate copied exactly from CSV field candidate_text_from_extraction_not_final; do not quote publicly until visually verified and cleared.
MCT-UWINDSOR-365-REJECT-0364,substring_or_overlap_duplicate,ed40f77563e94d47,quote_candidates_priority.csv,127,720,1,"In Che Fishiny Scone the director has draw: the main line, but I thirk it is not only expressing the idea of the play. because this main line must be the incorporation of what wc will call later on the rhythmical gesture of the whole play.",637066d3334cc97b,120,0.877,actor_struggle;daily_inspiration;directing_academic_footnote;method_terms,OCR/text-layer extraction candidate copied exactly from CSV field candidate_text_from_extraction_not_final; do not quote publicly until visually verified and cleared.
MCT-UWINDSOR-365-REJECT-0365,substring_or_overlap_duplicate,c00719a8f1a21795,quote_candidates_priority.csv,142,859,1,"Secondly, we have tried to live in this one whole thing with a feeling that there is a beginning, there is an end and a beginning. and they are bound together and this link which binds them together we call the middle part. or the transitional part.",697f362548f395da,119,0.889,actor_struggle;daily_inspiration;directing_academic_footnote,OCR/text-layer extraction candidate copied exactly from CSV field candidate_text_from_extraction_not_final; do not quote publicly until visually verified and cleared.
MCT-UWINDSOR-365-REJECT-0366,overrepresented_item_cap_2,,quote_candidates_priority.csv,151,664,1,"When the gesture is weak you bcgin to confuse it with imagination, misc on segue. ctc. You must undcr~ stand that the psychological gesture is somofhing which cannot be compcrcd to tho misc on scone or other things, bocausc it is a basic thing which inoludoc everything - atmosphere, movement. objective, misc an scéne,spcoch. ~ everything.",bbbfdce631e4e5ab,118,0.871,actor_struggle;daily_inspiration;directing_academic_footnote;method_terms,OCR/text-layer extraction candidate copied exactly from CSV field candidate_text_from_extraction_not_final; do not quote publicly until visually verified and cleared.
MCT-UWINDSOR-365-REJECT-0367,same_item_page_source_page_cap,41bc16eb5b64e7c3,quote_candidates_priority.csv,108,665,5,"Therefore the director must concentrate not only on the beginning of the play because then only one part of the play is born. The reason that I have included thin flying over the play in the Method, is because all my life in tho theatre I suffered because we always started with tho first not and went over it again and again. and then remembered that no hud tho second and third act to create before the performance.",75d814fe60794f2b,121,0.895,actor_struggle;daily_inspiration;directing_academic_footnote,OCR/text-layer extraction candidate copied exactly from CSV field candidate_text_from_extraction_not_final; do not quote publicly until visually verified and cleared.
MCT-UWINDSOR-365-REJECT-0368,same_item_page_source_page_cap,79159b9ddd57d171,quote_candidates_priority.csv,117,1077,4,"Secondly. the simple action, and the simple quality will appeal to our utmost inner life, as wo are not touching our feelings first. we are not tearing our soul to pieces to find our feclings,iwhich cannot be found in that way.",ecd40943ff7eb741,120,0.887,actor_struggle;daily_inspiration;directing_academic_footnote;method_terms,OCR/text-layer extraction candidate copied exactly from CSV field candidate_text_from_extraction_not_final; do not quote publicly until visually verified and cleared.
MCT-UWINDSOR-365-REJECT-0369,exact_normalized_duplicate,9b271ccc4979e24f,quote_candidates_priority.csv,170,820,8,"We do not even guess that this whole structure makes a tremendous gesture. If you take it in you can not, you can speak. or move - there is a whole story~ to act, describe. move in this, We are blind to this gesture because we do not need it in our everyday life. or in our profession now.",9b271ccc4979e24f,117,0.883,actor_struggle;daily_inspiration;directing_academic_footnote;method_terms,OCR/text-layer extraction candidate copied exactly from CSV field candidate_text_from_extraction_not_final; do not quote publicly until visually verified and cleared.
MCT-UWINDSOR-365-REJECT-0370,same_item_page_source_page_cap,85fb97af64a7bf0a,quote_candidates_priority.csv,175,659,5,"Chekhov v‘armary 23. 1937 The loss free the actor will he in doing his psychological gesture, the more free he will he later on. it depends upon the director what form of the gesture he gives. we are now working with the psychological gesture because we want to understand it.",eab3230028908fc2,117,0.892,actor_struggle;daily_inspiration;directing_academic_footnote;method_terms,OCR/text-layer extraction candidate copied exactly from CSV field candidate_text_from_extraction_not_final; do not quote publicly until visually verified and cleared.
MCT-UWINDSOR-365-REJECT-0371,exact_normalized_duplicate,9fd53bb99895b52a,quote_candidates_priority.csv,177,811,2,"It must be something definite, and first of All it must be filled with certain qualities. will you please do this gesture: From the center of our chest we are going to move our whole being = we move our arms, our heads, but streams are zoing through our legs as well. ‘Will you open your whole being by doing this psychological gesture.",9fd53bb99895b52a,117,0.880,actor_struggle;daily_inspiration;directing_academic_footnote;method_terms,OCR/text-layer extraction candidate copied exactly from CSV field candidate_text_from_extraction_not_final; do not quote publicly until visually verified and cleared.
MCT-UWINDSOR-365-REJECT-0372,exact_normalized_duplicate,eed79eb13f256d63,quote_candidates_priority.csv,176,807,3,"If our psychology. in spite of this division in three parts, is one. and if our 1306an spite of three ports:7 is one which is permeated with the first whole thing. then we have to draw the following conclusion: The psychological gesture must be produced by the means oi our whole body, and never by the means of one of the parts of our body.",eed79eb13f256d63,117,0.887,actor_struggle;daily_inspiration;directing_academic_footnote;method_terms,OCR/text-layer extraction candidate copied exactly from CSV field candidate_text_from_extraction_not_final; do not quote publicly until visually verified and cleared.
MCT-UWINDSOR-365-REJECT-0373,overrepresented_item_cap_2,,quote_candidates_priority.csv,202,837,3,We must get accustomed to distinguishing the three parts - the beginning — the transition - the end. as if it is one family in three parts. what we call the beginning we must call the first part of the rhythmical whole. because the beginning in the sense of starting point. is something different.,41039f2426a7710b,116,0.888,daily_inspiration;directing_academic_footnote,OCR/text-layer extraction candidate copied exactly from CSV field candidate_text_from_extraction_not_final; do not quote publicly until visually verified and cleared.
MCT-UWINDSOR-365-REJECT-0374,same_item_page_source_page_cap,4917f26c7e57a107,quote_candidates_priority.csv,216,633,1,"When we start at the begin— ning, we must feel the middle and the end., wWwhoen we are in the middle, we must feel the past and the future; and when we are at the end, we must feel the middle and the beginning. when you have finished and are out of this pattern, then you have the fedling of the whole which has happensd.",208d9dc3137f6d81,116,0.884,daily_inspiration;directing_academic_footnote,OCR/text-layer extraction candidate copied exactly from CSV field candidate_text_from_extraction_not_final; do not quote publicly until visually verified and cleared.
MCT-UWINDSOR-365-REJECT-0375,exact_normalized_duplicate,b92d731e3e7d9040,quote_candidates_priority.csv,125,1022,2,The whole human being hne to be taken by this act of concentration and with all these invisible powers tend fo'rcee which we poeeeee. we have to make this grip. If we gill‘got thie ability and develop it. the ability to uee out whoie being for gripping an objective - whether it in n phy'eicel one or m imaginative one - than we will get the first idea of what it means to be concentrated on something.,b92d731e3e7d9040,120,0.884,actor_struggle;daily_inspiration;directing_academic_footnote;method_terms,OCR/text-layer extraction candidate copied exactly from CSV field candidate_text_from_extraction_not_final; do not quote publicly until visually verified and cleared.
MCT-UWINDSOR-365-REJECT-0376,exact_normalized_duplicate,7ebc200228cd8f58,quote_candidates_priority.csv,144,1019,4,Mthout thin kind of experiment I cannot tell you anything more a’onut H2. . _ In Karen'a interpretation of the Shrew; one showed curtain dovolupnont. but am: did not have the feeling of style. it damn not no in the text or tho mine on ocbno. but purely in the psychology or the actor. The scene is so short that the beginning and/Che end must' be very clear.,7ebc200228cd8f58,118,0.876,actor_struggle;directing_academic_footnote;method_terms,OCR/text-layer extraction candidate copied exactly from CSV field candidate_text_from_extraction_not_final; do not quote publicly until visually verified and cleared.
MCT-UWINDSOR-365-REJECT-0377,exact_normalized_duplicate,f74354e73903d2b6,quote_candidates_priority.csv,102,920,2,Try to find where the first. second and third parts are in the play. and the transitions. and try to read the whole play from this point of View. The next task will be tempo.,f74354e73903d2b6,122,0.886,actor_struggle;daily_inspiration;directing_academic_footnote;method_terms,OCR/text-layer extraction candidate copied exactly from CSV field candidate_text_from_extraction_not_final; do not quote publicly until visually verified and cleared.
MCT-UWINDSOR-365-REJECT-0378,same_item_page_source_page_cap,427f26a8bda232bf,quote_candidates_priority.csv,238,664,3,"The director must tell his coat whether they are to do the action through imagination or through the objective. There are two ways for the actor s to imagine what his character is doing and then incorporate it. or without any imagination ask him to find out what it is he in doing, and then he is quite free.",6ef806f64152bfd7,115,0.894,actor_struggle;daily_inspiration;directing_academic_footnote;method_terms,OCR/text-layer extraction candidate copied exactly from CSV field candidate_text_from_extraction_not_final; do not quote publicly until visually verified and cleared.
MCT-UWINDSOR-365-REJECT-0379,substring_or_overlap_duplicate,f6ee3af69b1d6da9,quote_candidates_priority.csv,86,644,7,The beginning of this atmosphere is in the very begin— ning of the play in the voice of the Guard — this is the first hopg and the second hope is when Antin first appears.,137c3edcdd7a1c37,122,0.887,actor_struggle;daily_inspiration;directing_academic_footnote;method_terms,OCR/text-layer extraction candidate copied exactly from CSV field candidate_text_from_extraction_not_final; do not quote publicly until visually verified and cleared.
MCT-UWINDSOR-365-REJECT-0380,same_item_page_source_page_cap,4917f26c7e57a107,quote_candidates_priority.csv,58,633,1,"When we have a feel— ing for the beginning, the middle, and the end, we will be sble to feel the whole movement,.",140cbef979c1fb3f,125,0.884,actor_struggle;daily_inspiration;directing_academic_footnote,OCR/text-layer extraction candidate copied exactly from CSV field candidate_text_from_extraction_not_final; do not quote publicly until visually verified and cleared.
MCT-UWINDSOR-365-REJECT-0381,exact_normalized_duplicate,d607a31c2891693e,quote_candidates_priority.csv,164,800,9,"Then I will be giving out in the finest may — which we call radiation: and by being able to radiate more and more, I cons to the highest ideal of sacrifice. €xercise for radiation: You must radiate an atmosphere - take it as a new exercise with the feeling of doing itfcr the first time. then you will get much from it - an atmosphere of expectation.",d607a31c2891693e,117,0.888,actor_struggle;daily_inspiration;directing_academic_footnote;method_terms,OCR/text-layer extraction candidate copied exactly from CSV field candidate_text_from_extraction_not_final; do not quote publicly until visually verified and cleared.
MCT-UWINDSOR-365-REJECT-0382,exact_normalized_duplicate,fcbe8bb45334d3e6,quote_candidates_priority.csv,137,1008,3,‘ h This creative quality in Vorkhovenski goes through the whole ploy. lrhis charm of madness stays with him always '— as in the end of the meeting scene. He can call it his croative ability - ho is possessed.,fcbe8bb45334d3e6,120,0.886,actor_struggle;daily_inspiration;directing_academic_footnote;method_terms,OCR/text-layer extraction candidate copied exactly from CSV field candidate_text_from_extraction_not_final; do not quote publicly until visually verified and cleared.
MCT-UWINDSOR-365-REJECT-0383,overrepresented_item_cap_2,,quote_candidates_priority.csv,165,1078,22,"But if the body is free, then forever I am free in thig way, The bodily development is essential, FIRST APPROACH TO THE PLAY - THE ACTOR'S DREAMS OR INTUITION ugstions I understand what you mean by the archetype and the gesture, and it is a very releasing thing.",6a4e6654d4fa39be,117,0.892,actor_struggle;daily_inspiration;directing_academic_footnote;method_terms,OCR/text-layer extraction candidate copied exactly from CSV field candidate_text_from_extraction_not_final; do not quote publicly until visually verified and cleared.
MCT-UWINDSOR-365-REJECT-0384,exact_normalized_duplicate,0880f7cdbf64daab,quote_candidates_priority.csv,70,797,1,"It means that the will rises and fills the whole being with a certain desire. This desire is led by a certain picture, which is the anticipation of the fulfillment of the objective — as a last moment or a series of moments; it depends on the actor or the nature of the objective; This describes the objective in general, but we know that in exercising the objective from the very beginning, we speak of it as ""I want"" or ""I wish"" - bx the condition €§i§3. what does this mean?",0880f7cdbf64daab,123,0.888,actor_struggle;daily_inspiration;directing_academic_footnote;method_terms,OCR/text-layer extraction candidate copied exactly from CSV field candidate_text_from_extraction_not_final; do not quote publicly until visually verified and cleared.
MCT-UWINDSOR-365-REJECT-0385,same_item_page_source_page_cap,5cd247f3bea3638d,quote_candidates_priority.csv,233,832,1,"A spiritually-tuned consciousness will understand things which the earthly-tuned human consciousneso cannot. Therefore, if we try with purely intellectual means to solve the problem of the contradiction of the endleaoness of rhythm and continuous movanent and the stopped beginning and end, we will not find the way.",f5a3a0589e153f32,115,0.887,actor_struggle;directing_academic_footnote;method_terms,OCR/text-layer extraction candidate copied exactly from CSV field candidate_text_from_extraction_not_final; do not quote publicly until visually verified and cleared.
MCT-UWINDSOR-365-REJECT-0386,same_item_page_source_page_cap,f365d44e87f62a48,quote_candidates_priority.csv,172,665,7,Chekhov February 8. 1937 afraid of touching the most important moments. if you had only the old methods you wohld not be able to do this. out by touching on the play you are able to do everything. and your imagination will work simultaneously with the gesture.,a54cc711410261ae,117,0.892,actor_struggle;daily_inspiration;directing_academic_footnote;method_terms,OCR/text-layer extraction candidate copied exactly from CSV field candidate_text_from_extraction_not_final; do not quote publicly until visually verified and cleared.
MCT-UWINDSOR-365-REJECT-0387,exact_normalized_duplicate,427f26a8bda232bf,quote_candidates_priority.csv,168,664,3,If they are vague at the beginning. they will lose heart very soon. (Directog'e exoroinnn) Create the atmosphere through your imagination. You have been given an action and with these conditions you must explore the possibilities of what you have been given.,427f26a8bda232bf,117,0.894,actor_struggle;daily_inspiration;directing_academic_footnote;method_terms,OCR/text-layer extraction candidate copied exactly from CSV field candidate_text_from_extraction_not_final; do not quote publicly until visually verified and cleared.
MCT-UWINDSOR-365-REJECT-0388,overrepresented_item_cap_2,,quote_candidates_priority.csv,180,731,7,"It is good that the cast is able to keep the perform ' + 01 wore to ask professional actors to play the whole play with so many gaps in the atmosphere and rhythm. etc.. it would be very disturbing for them, but our students carry it through without any hysteria. This is a great achievement. and I know that you will be able to reach all that I have suggestod.",72a9697a5bbc59c6,117,0.891,actor_struggle;daily_inspiration;directing_academic_footnote;method_terms,OCR/text-layer extraction candidate copied exactly from CSV field candidate_text_from_extraction_not_final; do not quote publicly until visually verified and cleared.
MCT-UWINDSOR-365-REJECT-0389,exact_normalized_duplicate,8a613936ae7f17d9,quote_candidates_priority.csv,231,669,1,"The whole point of the Method is the gesture and the imagination, as a result of which the feelings will grow and the poison of the intellect will be avoided. Your actors were empty before you, and they were living in an illusion that they were doing something. uhen the director does this he is blind.",8a613936ae7f17d9,115,0.888,actor_struggle;daily_inspiration;directing_academic_footnote;method_terms,OCR/text-layer extraction candidate copied exactly from CSV field candidate_text_from_extraction_not_final; do not quote publicly until visually verified and cleared.
MCT-UWINDSOR-365-REJECT-0390,exact_normalized_duplicate,bfbe1d574fc89388,quote_candidates_priority.csv,223,1083,1,"""CONTINUOUS ACTING oo CONTINUOUS ACTING IMPROVISATION THE ACTOR'S CREATIVE INDIVIDUALITY THE ACTOR IZ THE THEATRE BRIDGES AND TRANSITIONS PERFORMING ARCHETYPAL PSYCHOLOGY, NOT PERSONAL FEELINGS THE ARCHETYPE RHYTHM. Bernard Shaw Stanislavsky ‘We must at least believe that there is something going on in us continuously.",bfbe1d574fc89388,115,0.890,actor_struggle;daily_inspiration;directing_academic_footnote;method_terms,OCR/text-layer extraction candidate copied exactly from CSV field candidate_text_from_extraction_not_final; do not quote publicly until visually verified and cleared.
MCT-UWINDSOR-365-REJECT-0391,exact_normalized_duplicate,5f15cd52c0f7fce4,quote_candidates_priority.csv,181,849,5,"Chekhov , Larch 10, 1938 bodies free. \ How. try to imagine in the style of tho play;imagination and style in the speech - this is the main idea today. At the end of the scene when Nicholas is sitting speaking with the invisible Spy — this invisible gentleman in spectacles - about ""usual and unusual"" people. imagine in the style of the play. how he speaks.",5f15cd52c0f7fce4,117,0.885,actor_struggle;daily_inspiration;directing_academic_footnote;method_terms,OCR/text-layer extraction candidate copied exactly from CSV field candidate_text_from_extraction_not_final; do not quote publicly until visually verified and cleared.
MCT-UWINDSOR-365-REJECT-0392,substring_or_overlap_duplicate,220c5b7417580990,quote_candidates_priority.csv,152,1029,6,We cannot act with our head at all - only with cur being. and the head muot be the appendii. of our whole being and only the face. which is very subtle - not anatomical and psychological - will reflect our life and inner activity which coneo from the whole being first and then ie nbrrorcd.‘ Therefore. it io so ugly when the actor begine to make races inetead of ueing hie own body.,9d639595b465b0d0,118,0.890,actor_struggle;daily_inspiration;directing_academic_footnote,OCR/text-layer extraction candidate copied exactly from CSV field candidate_text_from_extraction_not_final; do not quote publicly until visually verified and cleared.
MCT-UWINDSOR-365-REJECT-0393,same_item_page_source_page_cap,85fb97af64a7bf0a,quote_candidates_priority.csv,174,659,5,"1937 The loss free the actor will he in doing his psychological gesture, the more free he will he later on. it depends upon the director what form of the gesture he gives. we are now working with the psychological gesture because we want to understand it.",c92a404242e6f195,117,0.892,actor_struggle;daily_inspiration;directing_academic_footnote;method_terms,OCR/text-layer extraction candidate copied exactly from CSV field candidate_text_from_extraction_not_final; do not quote publicly until visually verified and cleared.
MCT-UWINDSOR-365-REJECT-0394,overrepresented_item_cap_2,,quote_candidates_priority.csv,255,731,1,In order to have the feeling of the whole it means that firat of all each member of the cast must work apart from the rehearsals. and in their imaginations they must go through the whole play as if sitting in the audience room. In this way they will get tho impromion of being in the audience room during the porfonrance.,0e01cc001c7865bf,115,0.884,actor_struggle;daily_inspiration;directing_academic_footnote,OCR/text-layer extraction candidate copied exactly from CSV field candidate_text_from_extraction_not_final; do not quote publicly until visually verified and cleared.
MCT-UWINDSOR-365-REJECT-0395,exact_normalized_duplicate,ccd022de8d801f1a,quote_candidates_priority.csv,173,937,5,"810 have to understand the objective with our whole beingthis in the trick we must show them devllo. . If you will analyse it, you will find that it in not peoeible to have a. real desire only in your head - you will find that your desired and objectivoo are living in your arms and hendea Ln younlogo. and in your cheat and back; in your neck and. ever-where.",ccd022de8d801f1a,117,0.882,actor_struggle;daily_inspiration;directing_academic_footnote;method_terms,OCR/text-layer extraction candidate copied exactly from CSV field candidate_text_from_extraction_not_final; do not quote publicly until visually verified and cleared.
MCT-UWINDSOR-365-REJECT-0396,exact_normalized_duplicate,d8e5fccc002d044e,quote_candidates_priority.csv,213,622,3,"Imagine that you are lying at the foot of the mountain at the beginning of the play — you have been lying there for hundreds of years. Atmospheres : 1stAtmosphere: Starting with the atmosphere at the beginning of the play — the dirty blue—green light, the cold, stone~like people lying asleep for centuries in an atmosphere of endless soerrow.",d8e5fccc002d044e,116,0.886,actor_struggle;daily_inspiration;directing_academic_footnote;method_terms,OCR/text-layer extraction candidate copied exactly from CSV field candidate_text_from_extraction_not_final; do not quote publicly until visually verified and cleared.
MCT-UWINDSOR-365-REJECT-0397,overrepresented_item_cap_2,,quote_candidates_priority.csv,85,1077,1,"0R FEELINGS ATMOSPHERE ORDER OF WORK - ATMOSPHERE - GESTURE WITH ' QUALITIES - CHARACTERIZATION TRANSFORMED FEELINGS TWO STATES OF CONSCIOUSNESS CMRACTERIZATION THE‘CREATIVE INDIVIDUALITX’ -. THE HIGHER INDIVIDUALITY - COLLABORATION 0F AUTHOR, ACTOR, AND DIRECTOR moncow Art Theatre Hamlet We; Bernard Shaw MEANS OF APPROACHING THE PLAY: To be able to go on with our sketch. we must investigate another point which will lead us to the next series of rehearsals.",7497980e151961e6,122,0.883,actor_struggle;daily_inspiration;directing_academic_footnote;method_terms,OCR/text-layer extraction candidate copied exactly from CSV field candidate_text_from_extraction_not_final; do not quote publicly until visually verified and cleared.
MCT-UWINDSOR-365-REJECT-0398,exact_normalized_duplicate,e503d621c285e149,quote_candidates_priority.csv,240,656,1,Firﬁt of all. the director gave some material for the imagination - to speak without imagination has no aenso. therefore it won for imagination. but the beginning of the rehearsal cannot be full. The beginning of the imagination must be very clearly pointed out. otherwino we will begin in a vacuum.,e503d621c285e149,115,0.882,actor_struggle;daily_inspiration;directing_academic_footnote,OCR/text-layer extraction candidate copied exactly from CSV field candidate_text_from_extraction_not_final; do not quote publicly until visually verified and cleared.
MCT-UWINDSOR-365-REJECT-0399,exact_normalized_duplicate,79e7640f4224b4b0,quote_candidates_priority.csv,63,933,2,"Bo pedontic about it at first. then it will come as a netuml thing — Hg; and 3113. _ What does this menu? Before you start to imagine your scene, you have to ask, ""what aml going to seen my imagination?"" You must as}: yourself what you are [going to see for your characterization - his body, or his inner life or certain movements or speech, how the scene develops. what the tempo oi‘ tho scene can suggost - if the tempo is slow. it is one psychological picture and if it is quick. it is quite anothor.",79e7640f4224b4b0,124,0.884,actor_struggle;daily_inspiration;directing_academic_footnote;method_terms,OCR/text-layer extraction candidate copied exactly from CSV field candidate_text_from_extraction_not_final; do not quote publicly until visually verified and cleared.
MCT-UWINDSOR-365-REJECT-0400,same_item_page_source_page_cap,4d5c95255bc1c074,quote_candidates_priority.csv,100,847,1,"Do not confuse the end with the ""stop"" - the end is the end of the creative work. Now do the beginning, then fifteen times the middle part. then the end.",19f0fa7760a5ac73,122,0.889,actor_struggle;daily_inspiration;directing_academic_footnote,OCR/text-layer extraction candidate copied exactly from CSV field candidate_text_from_extraction_not_final; do not quote publicly until visually verified and cleared.
MCT-UWINDSOR-365-REJECT-0401,overrepresented_item_cap_2,,quote_candidates_priority.csv,268,633,4,"CCMPOSITION OF THE PLAY: Eefore the style can be found, you must do the work of finding the go;turou for each individual, for sach speech, for each scene, for the whole performance; and then you will find the ground on which the style for the play can be based. There is a law of repetition.",8901483138d9812b,115,0.884,actor_struggle;daily_inspiration;directing_academic_footnote;method_terms,OCR/text-layer extraction candidate copied exactly from CSV field candidate_text_from_extraction_not_final; do not quote publicly until visually verified and cleared.
MCT-UWINDSOR-365-REJECT-0402,exact_normalized_duplicate,e3e5551e3ae5bf7b,quote_candidates_priority.csv,122,672,1,"After the first and second ahowingo tho sketches will be much clearer and nearer to the director's ideal. The director may show psychological gestures. actions, imagination. atmosphere, etc.",e3e5551e3ae5bf7b,120,0.885,actor_struggle;daily_inspiration;directing_academic_footnote;method_terms,OCR/text-layer extraction candidate copied exactly from CSV field candidate_text_from_extraction_not_final; do not quote publicly until visually verified and cleared.
MCT-UWINDSOR-365-REJECT-0403,substring_or_overlap_duplicate,8fb956211c570606,quote_candidates_priority.csv,90,827,14,"First, I wondercd if it would help you to see the whole scene more in terms of the outward form. so that we would get the feeling the character was working to a climax.",f1286e0ef600e994,122,0.857,actor_struggle;daily_inspiration;directing_academic_footnote;method_terms,OCR/text-layer extraction candidate copied exactly from CSV field candidate_text_from_extraction_not_final; do not quote publicly until visually verified and cleared.
MCT-UWINDSOR-365-REJECT-0404,same_item_page_source_page_cap,4d5c95255bc1c074,quote_candidates_priority.csv,101,847,1,"Now do the beginning, the middle part three times, and the and. Do not confuse the end with the ""stop"" - the end is the end of the creative work.",c9a43bd1671a9685,122,0.889,actor_struggle;daily_inspiration;directing_academic_footnote,OCR/text-layer extraction candidate copied exactly from CSV field candidate_text_from_extraction_not_final; do not quote publicly until visually verified and cleared.
MCT-UWINDSOR-365-REJECT-0405,same_item_page_source_page_cap,f365d44e87f62a48,quote_candidates_priority.csv,171,665,7,1937 afraid of touching the most important moments. if you had only the old methods you wohld not be able to do this. out by touching on the play you are able to do everything. and your imagination will work simultaneously with the gesture.,de1ccc620795e098,117,0.892,actor_struggle;daily_inspiration;directing_academic_footnote;method_terms,OCR/text-layer extraction candidate copied exactly from CSV field candidate_text_from_extraction_not_final; do not quote publicly until visually verified and cleared.
MCT-UWINDSOR-365-REJECT-0406,exact_normalized_duplicate,5725f80dd5e02037,quote_candidates_priority.csv,217,773,9,"They offend them, but having twinges of conscience they find peace among themselves. on the basis of atmogheres - first an atmosphere of depression and than one of quarroling. It is not tragedy or even drama - it is simply a. play between comedy and drama. but it will be interesting to develop the atmospheres. when the ( theme is an insigxificant one.",5725f80dd5e02037,116,0.880,actor_struggle;daily_inspiration;directing_academic_footnote;method_terms,OCR/text-layer extraction candidate copied exactly from CSV field candidate_text_from_extraction_not_final; do not quote publicly until visually verified and cleared.
MCT-UWINDSOR-365-REJECT-0407,exact_normalized_duplicate,db6fd94fb0f1cecd,quote_candidates_priority.csv,220,616,2,"Through atmosphere we will find speech as gesture, and through the study of our images we will find our characters. We must be very clear in our images and must accept from the director, the scene designer, etc., new qualities for our images . «e must be able to incorporate them.",db6fd94fb0f1cecd,115,0.890,actor_struggle;daily_inspiration;directing_academic_footnote;method_terms,OCR/text-layer extraction candidate copied exactly from CSV field candidate_text_from_extraction_not_final; do not quote publicly until visually verified and cleared.
MCT-UWINDSOR-365-REJECT-0408,exact_normalized_duplicate,31b8041cdef01b15,quote_candidates_priority.csv,116,772,2,The director always knows where the at— tention of the audience will be. We must awaken this feeling that the center of attention is walking about. but the whole,31b8041cdef01b15,121,0.888,actor_struggle;daily_inspiration;directing_academic_footnote;method_terms,OCR/text-layer extraction candidate copied exactly from CSV field candidate_text_from_extraction_not_final; do not quote publicly until visually verified and cleared.
MCT-UWINDSOR-365-REJECT-0409,exact_normalized_duplicate,d20454f35694e7c0,quote_candidates_priority.csv,99,861,2,"The theme is very simple — in the beginning we are enemies. and in the end we are friends. Pay attention to this ""individuality in the group!",d20454f35694e7c0,122,0.887,actor_struggle;daily_inspiration;directing_academic_footnote;method_terms,OCR/text-layer extraction candidate copied exactly from CSV field candidate_text_from_extraction_not_final; do not quote publicly until visually verified and cleared.
MCT-UWINDSOR-365-REJECT-0410,exact_normalized_duplicate,6e6b4a863e58648e,quote_candidates_priority.csv,110,811,3,"It is a miracle for uSe We cannot command ourselves to be full of love, or full of hatred, but we can always do the gesture. ‘This isin our power, and when we are masters we are able to feel this small secret, which is really a big secret, and if we are able to do a gesture and to fill it, then we are able to command our soul to get the quality of caution, First of all, it is possible by doing tho gesture to fill it with certain qualities.",6e6b4a863e58648e,121,0.864,actor_struggle;daily_inspiration;directing_academic_footnote;method_terms,OCR/text-layer extraction candidate copied exactly from CSV field candidate_text_from_extraction_not_final; do not quote publicly until visually verified and cleared.
MCT-UWINDSOR-365-REJECT-0411,exact_normalized_duplicate,0917c16b7f8cc504,quote_candidates_priority.csv,147,832,9,"If it seems to he sometimes only outer shape and form, it does not matter. it will be filled later. But we must not forget that there are real means to keep the inner life: objective. imagination. feeling of the whole.",0917c16b7f8cc504,118,0.887,actor_struggle;daily_inspiration;directing_academic_footnote;method_terms,OCR/text-layer extraction candidate copied exactly from CSV field candidate_text_from_extraction_not_final; do not quote publicly until visually verified and cleared.
MCT-UWINDSOR-365-REJECT-0412,exact_normalized_duplicate,d647865434dd65b2,quote_candidates_priority.csv,219,911,2,"Then at the opposite point. the gesture at the end when they are mocking Don Quixote. the gesture ends in a sort of etiff stupidity, with the arms raised wide above the head. This ability to transform the director's suggestions into your own desire is the only way for an actor to approach the reading of the play for the first time. or the liotening to a new play.",d647865434dd65b2,116,0.887,actor_struggle;directing_academic_footnote;method_terms,OCR/text-layer extraction candidate copied exactly from CSV field candidate_text_from_extraction_not_final; do not quote publicly until visually verified and cleared.
MCT-UWINDSOR-365-REJECT-0413,exact_normalized_duplicate,6d5563e9f2801037,quote_candidates_priority.csv,143,622,1,"Our second step is to start again from the beginning and try to find the right atmosphere. Then, out of the right atmosphere, and the right gestures, we will find the first idea of acting.",6d5563e9f2801037,119,0.894,actor_struggle;daily_inspiration;directing_academic_footnote;method_terms,OCR/text-layer extraction candidate copied exactly from CSV field candidate_text_from_extraction_not_final; do not quote publicly until visually verified and cleared.
MCT-UWINDSOR-365-REJECT-0414,overrepresented_item_cap_2,,quote_candidates_priority.csv,297,746,30,"In Balledina I the style was mins1ng and it was much too slow. \ ’Pho Golden Steed x There ""an no feeling for the whole, and the style did not seem to be there. Pear Gzntx The actual moment of the mother's death Hun not clear. l‘inn (comments) 1 Enllndinn II: Why does Koutrin so on and off at the beginning without any reauon?",20147a72b956ed9b,114,0.884,actor_struggle;daily_inspiration;directing_academic_footnote;method_terms,OCR/text-layer extraction candidate copied exactly from CSV field candidate_text_from_extraction_not_final; do not quote publicly until visually verified and cleared.
MCT-UWINDSOR-365-REJECT-0415,exact_normalized_duplicate,083e93cd4fbce953,quote_candidates_priority.csv,103,985,2,"It cannot be taken no pedentiéelly - everything Whimust be taken into. conqidoratioh by your hum}; feeling of .,...:,,.tx~uth. and by your artistic inntinct oveh boa-fern the director tolls you the different objectives and tempo. 'otc.'- To a I cumin extent it it: always the truth in given circumo’cencoo. end when you are over this limit. you are two and yet not tme‘boceuue you should have in your ooul eoncthinguliko-a ingrained. a. madam of Dickcn'e humer.",083e93cd4fbce953,121,0.875,actor_struggle;daily_inspiration;directing_academic_footnote;method_terms,OCR/text-layer extraction candidate copied exactly from CSV field candidate_text_from_extraction_not_final; do not quote publicly until visually verified and cleared.
MCT-UWINDSOR-365-REJECT-0416,same_item_page_source_page_cap,2fa45285cfc2d5be,quote_candidates_priority.csv,321,755,6,"Run and touch a post and then come back with the feeling that this is one big movement on the stage; don't break it anywhere. ﬁhile watching. others must g9 it inside. Pay attention to the moment when you start end when you finish, as this is very important for the feeling of the whole.",bec3c74d5d0df54d,114,0.890,actor_struggle;daily_inspiration;directing_academic_footnote;method_terms,OCR/text-layer extraction candidate copied exactly from CSV field candidate_text_from_extraction_not_final; do not quote publicly until visually verified and cleared.
MCT-UWINDSOR-365-REJECT-0417,exact_normalized_duplicate,45babcf3364c21c0,quote_candidates_priority.csv,192,909,4,"Thou when I am going to rehearse it in my imagination I will first may to myself. ""I will never give in with my dcsirc to act, with my feeling that I an an actor."" Then I will take the psychological gesture and apply it carefully.",45babcf3364c21c0,117,0.885,actor_struggle;daily_inspiration;directing_academic_footnote;method_terms,OCR/text-layer extraction candidate copied exactly from CSV field candidate_text_from_extraction_not_final; do not quote publicly until visually verified and cleared.
MCT-UWINDSOR-365-REJECT-0418,overrepresented_item_cap_2,,quote_candidates_priority.csv,146,1078,22,"But if the body is free, then forever I am free in thig way, The bodily development is essential, FIRST APPROACH TO THE PLAY - THE ACTOR'S DREAMS OR INTUITION ugstions I understand what you mean by the archetype and the gesture, and it is a very releasing thing. But when I have finished reading a play, I have always come to certain intellectual conclusions about it, I don't feel it would be right to negate this.",0f8771a61f3e00e7,118,0.892,actor_struggle;daily_inspiration;directing_academic_footnote;method_terms,OCR/text-layer extraction candidate copied exactly from CSV field candidate_text_from_extraction_not_final; do not quote publicly until visually verified and cleared.
MCT-UWINDSOR-365-REJECT-0419,exact_normalized_duplicate,bfa68395665ca103,quote_candidates_priority.csv,111,1084,30,But still there is a little door through which we can enter a small tech. and having very little time but a strong will and the desire to do something which may later on grow into something which we cannot even forooco. gueotion: Regarding this future actor. If he has mastered the technique of concentration and imagination and in confronted by a script. would you say that he would be developed in such a way that he would be able to give a perfect reading on the first day?,bfa68395665ca103,121,0.893,actor_struggle;daily_inspiration;directing_academic_footnote;method_terms,OCR/text-layer extraction candidate copied exactly from CSV field candidate_text_from_extraction_not_final; do not quote publicly until visually verified and cleared.
MCT-UWINDSOR-365-REJECT-0420,overrepresented_item_cap_2,,quote_candidates_priority.csv,246,746,1,"1937 THE ART or THE ""2mm; vs. NATURALISH THE 1mm OF THE PLOT \ - SUGGESTIONS FOR DIRECTORS sxzmum mm DISCARD TEMPO - BEGINNING - MIDDLE — END - CLIL'AXBS 2.31573 EN schus SUGGESTIONS mom msms .3 STYLE CHARACTERIZATIOi-I Chaliopin StanirJJAvoky THE ART OF THE ﬁiEATRE VS.",1e858f2a37703858,115,0.884,daily_inspiration;directing_academic_footnote;method_terms,OCR/text-layer extraction candidate copied exactly from CSV field candidate_text_from_extraction_not_final; do not quote publicly until visually verified and cleared.
MCT-UWINDSOR-365-REJECT-0421,substring_or_overlap_duplicate,362d6bf9f665908a,quote_candidates_priority.csv,162,1075,2,"By looking through these doors at the moment of inspiration, what will we go-ﬁftho end? we will get only the method. when we speak about the atmosphere, it is one of the doors which we can open and see there is the creative process. and there is the spark of inspiration. We open another door, which may be the fooling of 0350 perhaps. than the door of the imagination - all the points of our Method are theao doors.",ab2eb2dd6a443048,118,0.891,actor_struggle;daily_inspiration;directing_academic_footnote;method_terms,OCR/text-layer extraction candidate copied exactly from CSV field candidate_text_from_extraction_not_final; do not quote publicly until visually verified and cleared.
MCT-UWINDSOR-365-REJECT-0422,exact_normalized_duplicate,ff0b4593568a3c70,quote_candidates_priority.csv,230,1085,2,And we can help him by our belief in his ability to create the theatre of the future. I mean we. the audience. and his colleagues and friends. or course. it will be difficult for him because there are so many things which stop the actor's doveIOpmcnt in our times.,ff0b4593568a3c70,115,0.890,actor_struggle;daily_inspiration;directing_academic_footnote,OCR/text-layer extraction candidate copied exactly from CSV field candidate_text_from_extraction_not_final; do not quote publicly until visually verified and cleared.
MCT-UWINDSOR-365-REJECT-0423,exact_normalized_duplicate,bbcc990cf3c9f751,quote_candidates_priority.csv,203,664,5,"If there are two climaxes it means that in order to form the transition between the two, one climax must lose its power and the other must gain ita power. The first climax is in the sphere 01 the Copper atmosphere, from the moment the crowd sayo.",bbcc990cf3c9f751,116,0.887,daily_inspiration;directing_academic_footnote;method_terms,OCR/text-layer extraction candidate copied exactly from CSV field candidate_text_from_extraction_not_final; do not quote publicly until visually verified and cleared.
MCT-UWINDSOR-365-REJECT-0424,exact_normalized_duplicate,c8b57726e79c9dd6,quote_candidates_priority.csv,194,1056,2,'Becaune the performance itself hao feelings - its own feeling: - and the feelings of the Enrformaneo - not of tho acter — we call atmosphere. The atmosphere of the whole play. of certain definize scenes. of moments. of acts. etc.,c8b57726e79c9dd6,117,0.881,actor_struggle;daily_inspiration;directing_academic_footnote;method_terms,OCR/text-layer extraction candidate copied exactly from CSV field candidate_text_from_extraction_not_final; do not quote publicly until visually verified and cleared.
MCT-UWINDSOR-365-REJECT-0425,overrepresented_item_cap_2,,quote_candidates_priority.csv,302,885,1,"W: Michael Chekhov Morning June 7: 1938 FEELING OF THE WHOLE COHSERUCTIDN OF THE PLAY - RHYTHM ""GBOSTS”- RHYTHMICAL PATTERNS Kine‘gnlu‘ FEELING OF THE WHOLE! Sgnninh Evening: In approaching the play. we are not required to begin our work at the beginning of the play and go right through it.",08a0b5a5f7d72860,114,0.878,actor_struggle;daily_inspiration;directing_academic_footnote;method_terms,OCR/text-layer extraction candidate copied exactly from CSV field candidate_text_from_extraction_not_final; do not quote publicly until visually verified and cleared.
MCT-UWINDSOR-365-REJECT-0426,same_item_page_source_page_cap,f9987c54873680cc,quote_candidates_priority.csv,229,828,6,"It is u staircase on which we can clinb to the next level. which is the real rhythm based on this form. ”he real form will never kill the real life, but will increase it. For a short time it may seem dead. this form, but when we overcome it and reach the ""after-form."" then it will be rhythmical. we must not be afrAid of this stage and run 4, away from it.",0f17075d161dd690,115,0.889,actor_struggle;daily_inspiration;directing_academic_footnote;method_terms,OCR/text-layer extraction candidate copied exactly from CSV field candidate_text_from_extraction_not_final; do not quote publicly until visually verified and cleared.
MCT-UWINDSOR-365-REJECT-0427,same_item_page_source_page_cap,0917c16b7f8cc504,quote_candidates_priority.csv,234,832,9,"But we must not forget that there are real means to keep the inner life: objective. imagination. feeling of the whole. Therefore. we must not allow dead forms. ~ I want to remind you about words. when you are speaking your sentences, they are part of the whole.",f8915f39b020ad3d,115,0.887,actor_struggle;daily_inspiration;directing_academic_footnote;method_terms,OCR/text-layer extraction candidate copied exactly from CSV field candidate_text_from_extraction_not_final; do not quote publicly until visually verified and cleared.
MCT-UWINDSOR-365-REJECT-0428,same_item_page_source_page_cap,e87c7deed632a31d,quote_candidates_priority.csv,305,850,4,"Very short whole. This will give us two things — first of all quite a new interpretation. and secondly, by making it shorter (having it as a feeling of the whole). he must be open to this new interpretation because of the change in tempo (change in tempo as a change in the means).",6825027ee2f4ce2b,114,0.883,actor_struggle;daily_inspiration;directing_academic_footnote;method_terms,OCR/text-layer extraction candidate copied exactly from CSV field candidate_text_from_extraction_not_final; do not quote publicly until visually verified and cleared.
MCT-UWINDSOR-365-REJECT-0429,overrepresented_item_cap_2,,quote_candidates_priority.csv,256,731,7,"The impression in the drawings will always he changed on the stage. and this is the process or growing. It is good that the cast is able to keep the perform ' + 01 wore to ask professional actors to play the whole play with so many gaps in the atmosphere and rhythm. etc.. it would be very disturbing for them, but our students carry it through without any hysteria.",e71cca9e8b746d82,115,0.891,actor_struggle;daily_inspiration;directing_academic_footnote;method_terms,OCR/text-layer extraction candidate copied exactly from CSV field candidate_text_from_extraction_not_final; do not quote publicly until visually verified and cleared.
MCT-UWINDSOR-365-REJECT-0430,overrepresented_item_cap_2,,quote_candidates_priority.csv,298,746,32,This could be done by having tho people come in vdth longer pauses in between: thoy could Just some in and sit and wait; this would give a sullen and heavy quality. rho oocno should be played on a lower cot. and the whole play might to much lower and heavier in every respect. Poor Gvntl Tho catamorphonio of Fear is not clear throughout the scene.,d89e8147018626c4,114,0.893,actor_struggle;daily_inspiration;directing_academic_footnote;method_terms,OCR/text-layer extraction candidate copied exactly from CSV field candidate_text_from_extraction_not_final; do not quote publicly until visually verified and cleared.
MCT-UWINDSOR-365-REJECT-0431,same_item_page_source_page_cap,362d6bf9f665908a,quote_candidates_priority.csv,67,1075,2,"THE METHOD: when we look upon this point which we call the creative process and tho inspiration. it is. of coursenour last and only aim, and we must look upon this point as though it were the center. and on tho periphery there are so many doors through which’ we had to look. By looking through these doors at the moment of inspiration, what will we go-ﬁftho end? we will get only the method. when we speak about the atmosphere, it is one of the doors which we can open and see there is the creative process. and there is the spark of inspiration.",38e61133f0db0b4d,124,0.891,actor_struggle;daily_inspiration;directing_academic_footnote;method_terms,OCR/text-layer extraction candidate copied exactly from CSV field candidate_text_from_extraction_not_final; do not quote publicly until visually verified and cleared.
MCT-UWINDSOR-365-REJECT-0432,exact_normalized_duplicate,425aa1b579481ca5,quote_candidates_priority.csv,195,748,9,"If you will do this exorcise for five minutes every day. it will be enough for the beginning. when you have penetrated more and more into the soul of the person you do not like and hoVe found good qualities and abilities and intentions in than, you will get another this feeli Instead of nausea, you W111 be fed by touchin soul which you do not like. It is quite another feelir will feel yoursolf, first of all.",425aa1b579481ca5,117,0.891,actor_struggle;daily_inspiration;directing_academic_footnote;method_terms,OCR/text-layer extraction candidate copied exactly from CSV field candidate_text_from_extraction_not_final; do not quote publicly until visually verified and cleared.
MCT-UWINDSOR-365-REJECT-0433,same_item_page_source_page_cap,4ff5ddbd020f8e4e,quote_candidates_priority.csv,131,944,6,3‘1 5 I H.‘ Chekhov march 7 . 1939 .pointe - thin in the beginning and this is the end - perhaps in the middle there will be award in the style of the play.,024628a51ee93e02,120,0.881,actor_struggle;directing_academic_footnote;method_terms,OCR/text-layer extraction candidate copied exactly from CSV field candidate_text_from_extraction_not_final; do not quote publicly until visually verified and cleared.
MCT-UWINDSOR-365-REJECT-0434,same_item_page_source_page_cap,f9c5231d60747f1b,quote_candidates_priority.csv,320,773,7,"Enter into this factory in your imagination and you will feel Balladina's devils. This kind of imagining will coax the archetypal values into the soul, and what kind of archetype we have to penetrate into is always very clear, because as artists when first reading the play or imagining the part. we guess these archetypes and that is why we want to act.",d6f25b8d462595c0,114,0.894,actor_struggle;daily_inspiration;directing_academic_footnote;method_terms,OCR/text-layer extraction candidate copied exactly from CSV field candidate_text_from_extraction_not_final; do not quote publicly until visually verified and cleared.
MCT-UWINDSOR-365-REJECT-0435,exact_normalized_duplicate,ee45000762cf24f7,quote_candidates_priority.csv,158,873,7,"You are blind and dear to everything else. \ If you Judge yourself now from the point of View of the future performance thero in nothing — it is impossible from the point of truth or justification perhaps, but in such rehearsals. at the very beginning when we are only concerned with the style, it will be vmong but let it be wrong - we have time to repair it. Actors of the old school try to act the whole part at once - from where?",ee45000762cf24f7,118,0.892,actor_struggle;daily_inspiration;directing_academic_footnote;method_terms,OCR/text-layer extraction candidate copied exactly from CSV field candidate_text_from_extraction_not_final; do not quote publicly until visually verified and cleared.
MCT-UWINDSOR-365-REJECT-0436,substring_or_overlap_duplicate,d607a31c2891693e,quote_candidates_priority.csv,145,800,9,"I mq§t love my audience. my part. and everything which is in connection with it. Then I will be giving out in the finest may — which we call radiation: and by being able to radiate more and more, I cons to the highest ideal of sacrifice. €xercise for radiation: You must radiate an atmosphere - take it as a new exercise with the feeling of doing itfcr the first time. then you will get much from it - an atmosphere of expectation.",4a9a4ec6a9a4463d,118,0.888,actor_struggle;daily_inspiration;directing_academic_footnote;method_terms,OCR/text-layer extraction candidate copied exactly from CSV field candidate_text_from_extraction_not_final; do not quote publicly until visually verified and cleared.
MCT-UWINDSOR-365-REJECT-0437,same_item_page_source_page_cap,fe6f563548a63af2,quote_candidates_priority.csv,207,970,5,The moment when Rachel ‘onys she is free is one of giant aotoniuhmont - such a thing has never been heard of before -‘it is the first blow and it is an important moment for the whole play. Rachel is hysterical but in u soft nay.,94e20430bda73d94,116,0.888,daily_inspiration;directing_academic_footnote,OCR/text-layer extraction candidate copied exactly from CSV field candidate_text_from_extraction_not_final; do not quote publicly until visually verified and cleared.
MCT-UWINDSOR-365-REJECT-0438,substring_or_overlap_duplicate,b5a51215348bf1d0,quote_candidates_priority.csv,295,930,4,"Therefore, we must appeal to our body. must stmighten it. and expand it in every Ian-action, amiss): it to help no to awoken our feelings. h'hen we are doing ""Ah,“ the whole body must be in tho state of ""Ah,"" in which you send streams out and get some streams from oomewhero.",35b822c38f39ba0e,114,0.876,actor_struggle;daily_inspiration;directing_academic_footnote;method_terms,OCR/text-layer extraction candidate copied exactly from CSV field candidate_text_from_extraction_not_final; do not quote publicly until visually verified and cleared.
MCT-UWINDSOR-365-REJECT-0439,overrepresented_item_cap_2,,quote_candidates_priority.csv,426,633,3,"By developing a feeling for style, a love for style, we will be able to create a noew style for each play. laturally, the styles are very close to one inother, but the style of the tragedy of H!amlet is different from the style of Othello. If there is 2 fine feelings for style, thege two plays cannot be",3761867d76764013,112,0.891,actor_struggle;daily_inspiration;directing_academic_footnote;method_terms,OCR/text-layer extraction candidate copied exactly from CSV field candidate_text_from_extraction_not_final; do not quote publicly until visually verified and cleared.
MCT-UWINDSOR-365-REJECT-0440,overrepresented_item_cap_2,,quote_candidates_priority.csv,408,680,30,"In time, by finding that the tree must do this gesture, and by rehearsing more and more, the director will feel the fine difference in the movement. iherefore, the creating of the setting is not a thing which can be created somewhere else and then be brought to the theatre. Also it cannot be done before it can be done.",995c32a13dc910d9,112,0.894,actor_struggle;daily_inspiration;directing_academic_footnote;method_terms,OCR/text-layer extraction candidate copied exactly from CSV field candidate_text_from_extraction_not_final; do not quote publicly until visually verified and cleared.
MCT-UWINDSOR-365-REJECT-0441,same_item_page_source_page_cap,71d8688c263d7696,quote_candidates_priority.csv,373,839,1,If we do the psychological gosturo without this inLer spiritual 90 r. it is nothh ;ho psychological gesture is a lever for the actor‘s whole being. Each slight movement from radiation and inner power must be like an event. ﬂithout any touoion. isychological tension is the sane as physical tension — it stops you.,65be6bdc994da57f,112,0.884,actor_struggle;daily_inspiration;directing_academic_footnote;method_terms,OCR/text-layer extraction candidate copied exactly from CSV field candidate_text_from_extraction_not_final; do not quote publicly until visually verified and cleared.
MCT-UWINDSOR-365-REJECT-0442,exact_normalized_duplicate,97b55dae0df17e9c,quote_candidates_priority.csv,218,909,9,"To awaken this feeling of freedom in the sense in which we are trying to understand it, try to do the following thing. First do it as it I have imposed it on you. end then make an inner gesture and do it quite freely.",97b55dae0df17e9c,116,0.896,actor_struggle;daily_inspiration;directing_academic_footnote;method_terms,OCR/text-layer extraction candidate copied exactly from CSV field candidate_text_from_extraction_not_final; do not quote publicly until visually verified and cleared.
MCT-UWINDSOR-365-REJECT-0443,substring_or_overlap_duplicate,9fd53bb99895b52a,quote_candidates_priority.csv,296,811,2,"It must be something definite, and first of All it must be filled with certain qualities. will you please do this gesture: From the center of our chest we are going to move our whole being = we move our arms, our heads, but streams are zoing through our legs as well.",191600a8cbc892fb,114,0.880,actor_struggle;daily_inspiration;directing_academic_footnote;method_terms,OCR/text-layer extraction candidate copied exactly from CSV field candidate_text_from_extraction_not_final; do not quote publicly until visually verified and cleared.
MCT-UWINDSOR-365-REJECT-0444,overrepresented_item_cap_2,,quote_candidates_priority.csv,353,558,4,And just as the soul of a lad falls in love with the creative themed of life itself. so will the soul of the actor and director fall in love with the creative theme of the forthcoeling work. This first creative period in the period of firat love. and woe to the artist wha'ilaea not know this period.,a7f1f2dc83b6ecea,112,0.890,actor_struggle;daily_inspiration;directing_academic_footnote,OCR/text-layer extraction candidate copied exactly from CSV field candidate_text_from_extraction_not_final; do not quote publicly until visually verified and cleared.
MCT-UWINDSOR-365-REJECT-0445,same_item_page_source_page_cap,233841bc7bea6383,quote_candidates_priority.csv,148,837,1,"We must know that there are two feelings of the whole - one is the intellectual which we cannot apply to our art at all, and the other is that which feeds and lends’our whole nature.",641577053a7c9419,118,0.887,actor_struggle;daily_inspiration;directing_academic_footnote,OCR/text-layer extraction candidate copied exactly from CSV field candidate_text_from_extraction_not_final; do not quote publicly until visually verified and cleared.
MCT-UWINDSOR-365-REJECT-0446,substring_or_overlap_duplicate,e87c7deed632a31d,quote_candidates_priority.csv,303,850,4,"This will give us two things — first of all quite a new interpretation. and secondly, by making it shorter (having it as a feeling of the whole). he must be open to this new interpretation because of the change in tempo (change in tempo as a change in the means).",e7375e80099567b2,114,0.883,actor_struggle;daily_inspiration;directing_academic_footnote;method_terms,OCR/text-layer extraction candidate copied exactly from CSV field candidate_text_from_extraction_not_final; do not quote publicly until visually verified and cleared.
MCT-UWINDSOR-365-REJECT-0447,overrepresented_item_cap_2,,quote_candidates_priority.csv,328,1077,1,"19% MICHAEL CHEKHOV'S EIGHTH CLASS FOR PROFESSIONAL ACTORS ""THE ROLE OF THE DIRECTOR"" MEANS OF APPROACHING THE PLAY WILL, 0R ACTION AND QUALITIES. 0R FEELINGS ATMOSPHERE ORDER OF WORK - ATMOSPHERE - GESTURE WITH ' QUALITIES - CHARACTERIZATION TRANSFORMED FEELINGS TWO STATES OF CONSCIOUSNESS CMRACTERIZATION THE‘CREATIVE INDIVIDUALITX’ -.",510445c48dffaebd,113,0.883,actor_struggle;daily_inspiration;directing_academic_footnote;method_terms,OCR/text-layer extraction candidate copied exactly from CSV field candidate_text_from_extraction_not_final; do not quote publicly until visually verified and cleared.
MCT-UWINDSOR-365-REJECT-0448,same_item_page_source_page_cap,668ce6a47aab5037,quote_candidates_priority.csv,341,861,1,"We shall establish this feel— ing of the whole. with qualities for beginning. and end of this improvisationx Beginning - Heavy legato concentric End — Light staccato (expansion) eccentric The theme must never be lost ~ different interpretations but never different theme - in this play you are always enemies, you never becomo friends.",4fcec54347330fb5,113,0.877,daily_inspiration;directing_academic_footnote;method_terms,OCR/text-layer extraction candidate copied exactly from CSV field candidate_text_from_extraction_not_final; do not quote publicly until visually verified and cleared.
MCT-UWINDSOR-365-REJECT-0449,overrepresented_item_cap_2,,quote_candidates_priority.csv,247,746,1,NATURALISH THE 1mm OF THE PLOT \ - SUGGESTIONS FOR DIRECTORS sxzmum mm DISCARD TEMPO - BEGINNING - MIDDLE — END - CLIL'AXBS 2.31573 EN schus SUGGESTIONS mom msms .3 STYLE CHARACTERIZATIOi-I Chaliopin StanirJJAvoky THE ART OF THE ﬁiEATRE VS.,d770fdf6731c920d,115,0.884,daily_inspiration;directing_academic_footnote;method_terms,OCR/text-layer extraction candidate copied exactly from CSV field candidate_text_from_extraction_not_final; do not quote publicly until visually verified and cleared.
MCT-UWINDSOR-365-REJECT-0450,same_item_page_source_page_cap,ec6c6005c88c3568,quote_candidates_priority.csv,377,663,5,"It is xmong for a play to end when the curtain goes down as it does in the theatre today. because if we have acted for the whole evening the result of the performance is always after the curtain is down. The better the perraraance, the more the audience will feel that it does not want to move.",8ef48dbcecd119cb,112,0.892,actor_struggle;daily_inspiration;directing_academic_footnote,OCR/text-layer extraction candidate copied exactly from CSV field candidate_text_from_extraction_not_final; do not quote publicly until visually verified and cleared.
MCT-UWINDSOR-365-REJECT-0451,overrepresented_item_cap_2,,quote_candidates_priority.csv,388,659,3,"Gradually this geeturo will be transformed into feeling, but you will never reach this transformation of-the simple gesture if you are doing the gesture half-way. Iho director's mistake was that she did not point out this weakness on the part of her cast. iho gesture to take in is not enough.",da92b15ca1ff45c6,112,0.892,actor_struggle;daily_inspiration;directing_academic_footnote;method_terms,OCR/text-layer extraction candidate copied exactly from CSV field candidate_text_from_extraction_not_final; do not quote publicly until visually verified and cleared.
MCT-UWINDSOR-365-REJECT-0452,overrepresented_item_cap_2,,quote_candidates_priority.csv,407,680,19,"'Hm whole character 01' 20L Quixote is pathos, but it must be the right pathos. how can the director help in this case? first of all he can give objectives - this wrora and empty pathos cones because the actor has nothing to do. what is he doing on the st’d ? John nade another mistake with his voice — it is not yet ready.",ba7c0d26581b2bef,112,0.885,actor_struggle;daily_inspiration;directing_academic_footnote,OCR/text-layer extraction candidate copied exactly from CSV field candidate_text_from_extraction_not_final; do not quote publicly until visually verified and cleared.
MCT-UWINDSOR-365-REJECT-0453,same_item_page_source_page_cap,bb9a3eb9f1de4264,quote_candidates_priority.csv,424,1074,18,"If we ean do such things in this simple exercise, how wonderful it would be to do such things with Shakespeare, whose plays are full of these contrasts. Let us repeat the exercise, first it is quick, annoyed, and loud, then at the end, slow, interested, and soft, These qualities or contrasts will entice certain feelings in us.",ee10c9b684e6b11b,112,0.891,actor_struggle;directing_academic_footnote;method_terms,OCR/text-layer extraction candidate copied exactly from CSV field candidate_text_from_extraction_not_final; do not quote publicly until visually verified and cleared.
MCT-UWINDSOR-365-REJECT-0454,exact_normalized_duplicate,2fa45285cfc2d5be,quote_candidates_priority.csv,193,755,6,"Pay attention to the moment when you start end when you finish, as this is very important for the feeling of the whole. It must be a great experience for you, then you will awaken your actor's",2fa45285cfc2d5be,117,0.890,actor_struggle;daily_inspiration;directing_academic_footnote;method_terms,OCR/text-layer extraction candidate copied exactly from CSV field candidate_text_from_extraction_not_final; do not quote publicly until visually verified and cleared.
MCT-UWINDSOR-365-REJECT-0455,same_item_page_source_page_cap,2d538d0707e805eb,quote_candidates_priority.csv,186,699,4,"Jhen I would give them objectives and let them be incomplete, but let them have the feeling of the whole play from the point of view of objective, psychological gesture, atmosphere, etc., etc.",48758845b20f3416,117,0.888,actor_struggle;daily_inspiration;directing_academic_footnote;method_terms,OCR/text-layer extraction candidate copied exactly from CSV field candidate_text_from_extraction_not_final; do not quote publicly until visually verified and cleared.
MCT-UWINDSOR-365-REJECT-0456,same_item_page_source_page_cap,ff919c820fd9f6b0,quote_candidates_priority.csv,257,885,2,Take this as the first frame in which you will put the feeling of the whole. because this is one of tho foundation-stones on which we must work. Concnntrntn ahd fly over the play in your imagination. having this fooling of the whole.,efb567525a745119,115,0.886,actor_struggle;daily_inspiration;directing_academic_footnote,OCR/text-layer extraction candidate copied exactly from CSV field candidate_text_from_extraction_not_final; do not quote publicly until visually verified and cleared.
MCT-UWINDSOR-365-REJECT-0457,overrepresented_item_cap_2,,quote_candidates_priority.csv,428,633,4,"It will only grow with time. CCMPOSITION OF THE PLAY: Eefore the style can be found, you must do the work of finding the go;turou for each individual, for sach speech, for each scene, for the whole performance; and then you will find the ground on which the style for the play can be based.",53744f64e65ea157,112,0.884,actor_struggle;daily_inspiration;directing_academic_footnote;method_terms,OCR/text-layer extraction candidate copied exactly from CSV field candidate_text_from_extraction_not_final; do not quote publicly until visually verified and cleared.
MCT-UWINDSOR-365-REJECT-0458,same_item_page_source_page_cap,d8e5fccc002d044e,quote_candidates_priority.csv,212,622,3,"Atmospheres : 1stAtmosphere: Starting with the atmosphere at the beginning of the play — the dirty blue—green light, the cold, stone~like people lying asleep for centuries in an atmosphere of endless soerrow.",ebe81ff105c22e22,116,0.886,actor_struggle;daily_inspiration;directing_academic_footnote;method_terms,OCR/text-layer extraction candidate copied exactly from CSV field candidate_text_from_extraction_not_final; do not quote publicly until visually verified and cleared.
MCT-UWINDSOR-365-REJECT-0459,same_item_page_source_page_cap,024582e4216e5ab5,quote_candidates_priority.csv,520,1070,7,"And I think we muot do everything we can to mke the theatre more noble. more complicated. as it were. because this will serve our human culture more than anything else. All the moral preaching is nothing, in comparison with the theatre, if one has the vision as to what will be the end of this beginning.",67d8905ea85c660e,111,0.890,actor_struggle;daily_inspiration;directing_academic_footnote,OCR/text-layer extraction candidate copied exactly from CSV field candidate_text_from_extraction_not_final; do not quote publicly until visually verified and cleared.
MCT-UWINDSOR-365-REJECT-0460,overrepresented_item_cap_2,,quote_candidates_priority.csv,402,731,4,"You must appeal to tho imagination of your cast, and than your cast will get this depth from two sides - first from meditating on what is going on in the audience when the curtain has ‘ come dorm. and second from the meditation of fairy tales. rl‘he director must ask his coat to feel more deeply about the play than they do now. e.",8b3ee66aa67239b2,112,0.884,actor_struggle;daily_inspiration;directing_academic_footnote,OCR/text-layer extraction candidate copied exactly from CSV field candidate_text_from_extraction_not_final; do not quote publicly until visually verified and cleared.
MCT-UWINDSOR-365-REJECT-0461,exact_normalized_duplicate,1ecd9e7ce77331cf,quote_candidates_priority.csv,196,752,21,"1937 In acting such a sketch we will pay attention. for example, first to concentration. You must then find the points. throughout the whole sketch, in which you must be concentrated.",1ecd9e7ce77331cf,117,0.890,actor_struggle;daily_inspiration;directing_academic_footnote;method_terms,OCR/text-layer extraction candidate copied exactly from CSV field candidate_text_from_extraction_not_final; do not quote publicly until visually verified and cleared.
MCT-UWINDSOR-365-REJECT-0462,same_item_page_source_page_cap,d7e294b70d55b5f0,quote_candidates_priority.csv,401,731,2,"Each member of the cant must see the performance many. many times in his imagination. and gradually there will grow up in his actor's nature this feeling of the whole, and this will inspire him. STYLEI This is the second important point - you have not reached the style of the play.",32d3c2e14546c972,112,0.889,actor_struggle;daily_inspiration;directing_academic_footnote;method_terms,OCR/text-layer extraction candidate copied exactly from CSV field candidate_text_from_extraction_not_final; do not quote publicly until visually verified and cleared.
MCT-UWINDSOR-365-REJECT-0463,same_item_page_source_page_cap,d8e5fccc002d044e,quote_candidates_priority.csv,312,622,3,"Atmospheres : 1stAtmosphere: Starting with the atmosphere at the beginning of the play — the dirty blue—green light, the cold, stone~like people lying asleep for centuries in an atmosphere of endless soerrow. They begin to stir at the sgsound of the Guard‘s voice, they move 2 little and are still again. gngdgj.ggﬁagggp The appearance of the Copper Rider on the mountainside.",cb6316c67cf46203,114,0.886,actor_struggle;daily_inspiration;directing_academic_footnote;method_terms,OCR/text-layer extraction candidate copied exactly from CSV field candidate_text_from_extraction_not_final; do not quote publicly until visually verified and cleared.
MCT-UWINDSOR-365-REJECT-0464,same_item_page_source_page_cap,f5e1b174deedaa43,quote_candidates_priority.csv,489,678,4,"Low let everyone join the group on the Stage and pass various objects frpm one to the other. increasing the tempo with a feeling of ensemble, reaching a climax and then slowing down thzough the feeling 3f ensemble. Then for one moment realize the whgln - one stage, one family. one group, one dialogue - the wholo.",888cdb2fa8e66fc8,111,0.883,actor_struggle;daily_inspiration;directing_academic_footnote;method_terms,OCR/text-layer extraction candidate copied exactly from CSV field candidate_text_from_extraction_not_final; do not quote publicly until visually verified and cleared.
MCT-UWINDSOR-365-REJECT-0465,exact_normalized_duplicate,90c1a6755d3f0e9b,quote_candidates_priority.csv,169,819,6,Then you will feel at once that your whole being is full of this atmosphere: you are full of the feeling wo want to have. But first we must create it around us. and iheu it is ours.,90c1a6755d3f0e9b,117,0.890,actor_struggle;daily_inspiration;directing_academic_footnote;method_terms,OCR/text-layer extraction candidate copied exactly from CSV field candidate_text_from_extraction_not_final; do not quote publicly until visually verified and cleared.
MCT-UWINDSOR-365-REJECT-0466,overrepresented_item_cap_2,,quote_candidates_priority.csv,337,659,1,"This activity must have direction. ihc second rehearsal Has much better, which shows that we can do better. if you cannot. than the mistake would be with the director, but you can do better. therefore it is your_rosponsibility. PQYCHOLOGIGAL GWSTURW: Abyss exercise: The world of the real life and the world r lnavination are two entirely different worlds.",69402b4708cc343a,113,0.885,actor_struggle;daily_inspiration;directing_academic_footnote,OCR/text-layer extraction candidate copied exactly from CSV field candidate_text_from_extraction_not_final; do not quote publicly until visually verified and cleared.
MCT-UWINDSOR-365-REJECT-0467,substring_or_overlap_duplicate,4ff5ddbd020f8e4e,quote_candidates_priority.csv,130,944,6,1939 .pointe - thin in the beginning and this is the end - perhaps in the middle there will be award in the style of the play.,451f2952a08be7e6,120,0.881,actor_struggle;directing_academic_footnote;method_terms,OCR/text-layer extraction candidate copied exactly from CSV field candidate_text_from_extraction_not_final; do not quote publicly until visually verified and cleared.
MCT-UWINDSOR-365-REJECT-0468,overrepresented_item_cap_2,,quote_candidates_priority.csv,261,680,19,"Because the director does not yet .ow the gesture of the whole scene. lhe mise en scéne must £2 a gesture. just as everything must. You can distribute your actors perfectly, but it will be chaos if the whole has no ¢esture.",82519175ab103ace,115,0.885,actor_struggle;daily_inspiration;directing_academic_footnote;method_terms,OCR/text-layer extraction candidate copied exactly from CSV field candidate_text_from_extraction_not_final; do not quote publicly until visually verified and cleared.
MCT-UWINDSOR-365-REJECT-0469,exact_normalized_duplicate,a421210d23c129cd,quote_candidates_priority.csv,57,873,9,Justification and fooling\of truth is required to be there in everything. he must go through this torture. otherwise we_will always rely upon the director. and this in not oesoiblo because the director can give direction only if the actors are able to give him enough material; The second point to remember is that you must get accustomed to the method absolutely. otherwise we cannot even prepare the play. ;We have to so through this torture and understand once and for all what it means to justify. ihero is no other way to make it easier. The first rough mistake must be justified as feel has done.,a421210d23c129cd,125,0.890,actor_struggle;daily_inspiration;directing_academic_footnote,OCR/text-layer extraction candidate copied exactly from CSV field candidate_text_from_extraction_not_final; do not quote publicly until visually verified and cleared.
MCT-UWINDSOR-365-REJECT-0470,exact_normalized_duplicate,f254cccf7ba7396c,quote_candidates_priority.csv,211,775,1,"And third, the ability to make a cressendo from one atmosphere to another. and to find all the links leading from one atmosnhoro to the other. When we have this we will be actors of the first class.",f254cccf7ba7396c,116,0.889,actor_struggle;daily_inspiration;directing_academic_footnote;method_terms,OCR/text-layer extraction candidate copied exactly from CSV field candidate_text_from_extraction_not_final; do not quote publicly until visually verified and cleared.
MCT-UWINDSOR-365-REJECT-0471,exact_normalized_duplicate,d3e01e75feeec514,quote_candidates_priority.csv,56,680,20,"The beginning and the end are. in a certain way. always opposite to each other. if you will repeat the beginning and the end. nothing will have happened. lhe audience needs to start with something and to end with something opposite, and this is what the two figures of the beggars lack, and perhaps this Imakes their being on the stage groundless. Joan of Age: Let us remember the psychological gesture exercises - they were so strong and so impressive, but in perfornance it was very weak. it is again another form of losinb the gram The director gave a beautiful ground, but did not carry it through.",d3e01e75feeec514,125,0.887,actor_struggle;directing_academic_footnote;method_terms,OCR/text-layer extraction candidate copied exactly from CSV field candidate_text_from_extraction_not_final; do not quote publicly until visually verified and cleared.
MCT-UWINDSOR-365-REJECT-0472,same_item_page_source_page_cap,ae53de660708552b,quote_candidates_priority.csv,281,924,2,"Thin time we will combine these things: the flying over the play. the feeling of the whole play. and the feeling for the style of the play which in light, easy. butterfly, sparkling. chillike qualities. All the character: are like children.",166bae28a647642d,114,0.883,actor_struggle;daily_inspiration;directing_academic_footnote;method_terms,OCR/text-layer extraction candidate copied exactly from CSV field candidate_text_from_extraction_not_final; do not quote publicly until visually verified and cleared.
MCT-UWINDSOR-365-REJECT-0473,same_item_page_source_page_cap,86d7c0bab71261b0,quote_candidates_priority.csv,429,789,7,This fooling of center is very important for the future feeling of rhythm - to mold the space and make cubes. circles. squares. etc.. with the space. This play of space is absolutely an obvious feeling. and it is one of the most important feelings for the rhythm in the future. because the rhythm is life which goes on in different spaces and times.,c7fa7a8bf9eb6e61,112,0.895,actor_struggle;daily_inspiration;directing_academic_footnote;method_terms,OCR/text-layer extraction candidate copied exactly from CSV field candidate_text_from_extraction_not_final; do not quote publicly until visually verified and cleared.
MCT-UWINDSOR-365-REJECT-0474,exact_normalized_duplicate,f5e1b174deedaa43,quote_candidates_priority.csv,64,678,4,"Speak the word in the quality of the object. for instance, heavy, light, cold, *ake the quality and transform it into the movement, the word - you must do this by the feeling of the whole space, the whole group, the wholu action. when you are tired from this wogk you must make an effort and you will reach another level, and on this other level are beautiful things. Low let everyone join the group on the Stage and pass various objects frpm one to the other. increasing the tempo with a feeling of ensemble, reaching a climax and then slowing down thzough the feeling 3f ensemble.",f5e1b174deedaa43,124,0.883,actor_struggle;daily_inspiration;directing_academic_footnote;method_terms,OCR/text-layer extraction candidate copied exactly from CSV field candidate_text_from_extraction_not_final; do not quote publicly until visually verified and cleared.
MCT-UWINDSOR-365-REJECT-0475,overrepresented_item_cap_2,,quote_candidates_priority.csv,413,847,7,Therefore. it is possible by creating tho finst part always to feel the counter-part. which is the end. and the more we are nearing the and. the more we are in‘counter-action to the beginning. and this contrast actuallyggives un the feeling of the beginning and the and.,c56499b3b01c3c33,112,0.892,actor_struggle;directing_academic_footnote;method_terms,OCR/text-layer extraction candidate copied exactly from CSV field candidate_text_from_extraction_not_final; do not quote publicly until visually verified and cleared.
MCT-UWINDSOR-365-REJECT-0476,overrepresented_item_cap_2,,quote_candidates_priority.csv,327,558,4,"They will knot: that thin is characteristic of tm firat period, the period of the first impregnation of the soul. which will later give birth to a work of art in all its detaila. And just as the soul of a lad falls in love with the creative themed of life itself. so will the soul of the actor and director fall in love with the creative theme of the forthcoeling work.",b5c33cc15165f509,113,0.890,actor_struggle;daily_inspiration;directing_academic_footnote,OCR/text-layer extraction candidate copied exactly from CSV field candidate_text_from_extraction_not_final; do not quote publicly until visually verified and cleared.
MCT-UWINDSOR-365-REJECT-0477,same_item_page_source_page_cap,85961fc400740636,quote_candidates_priority.csv,284,836,1,"But there is a beginning and an end, and the feeling of the whole is absolutely connected with this feeling of the be— ginning and tho end. The rhythmical event can embrace everything, or it canto one small movement of the thinr.",60a2c4502b24326e,114,0.891,actor_struggle;daily_inspiration;directing_academic_footnote,OCR/text-layer extraction candidate copied exactly from CSV field candidate_text_from_extraction_not_final; do not quote publicly until visually verified and cleared.
MCT-UWINDSOR-365-REJECT-0478,exact_normalized_duplicate,1ef29b70f3c66db3,quote_candidates_priority.csv,197,592,8,"That is the first exercise. To imagine that svery space can be filled with atmosphere, which has an objective presence like a human being, but it is atmosphere because it exigsts independently.",1ef29b70f3c66db3,116,0.885,actor_struggle;daily_inspiration;directing_academic_footnote;method_terms,OCR/text-layer extraction candidate copied exactly from CSV field candidate_text_from_extraction_not_final; do not quote publicly until visually verified and cleared.
MCT-UWINDSOR-365-REJECT-0479,overrepresented_item_cap_2,,quote_candidates_priority.csv,468,820,10,"Chekhov February 7, 1938 preaches chaos with the ability to make gestures ~ psychological gestures, and then chaos at once becomes obedient to his creative spirit end mind. As an example. if we approach this chaos, with the idea of making a gesture out of it we will find so many gestures.",b66f2265c93d782e,111,0.890,actor_struggle;daily_inspiration;directing_academic_footnote;method_terms,OCR/text-layer extraction candidate copied exactly from CSV field candidate_text_from_extraction_not_final; do not quote publicly until visually verified and cleared.
MCT-UWINDSOR-365-REJECT-0480,overrepresented_item_cap_2,,quote_candidates_priority.csv,335,656,14,"Performance The director must always try to give the purest form of the psychological gesture, otherwise you will develop many bad habits and ideas which will have to be uprooted later on. At the moment you have a psychological gesture you can put on it every word. and the words will be living. without the gesture you will only get‘the dry meaning of the word.",07ef944016b3a3dd,113,0.877,actor_struggle;daily_inspiration;directing_academic_footnote;method_terms,OCR/text-layer extraction candidate copied exactly from CSV field candidate_text_from_extraction_not_final; do not quote publicly until visually verified and cleared.
MCT-UWINDSOR-365-REJECT-0481,substring_or_overlap_duplicate,3ae3d1d4a6d19c07,quote_candidates_priority.csv,258,885,3,"Then do it altogether as a group - first contact - tiret the feeling of the group - then the feeling of the whole; then the feeling of truth: then the etyle in the movement and in the voice when saying, ""We are wrestling."" De the whole gamut of wreetling exercises. no this same pattern in the first “eppresecd‘ part. then in the last part which in ""victoriouaf. then in the middle part which in ""conflict.""",a861f3a232c297a7,115,0.883,actor_struggle;daily_inspiration;directing_academic_footnote,OCR/text-layer extraction candidate copied exactly from CSV field candidate_text_from_extraction_not_final; do not quote publicly until visually verified and cleared.
MCT-UWINDSOR-365-REJECT-0482,overrepresented_item_cap_2,,quote_candidates_priority.csv,494,853,5,"When I move my body in the style of staccato or legutc this in quite another thing, but I have to send out my artistic creative activity always on the stage. and I hove to develop a very fine feeling that my body moves because of my ability to mend out my activity. I am not moving my body.",b5ee6b91c16d5e4a,111,0.887,actor_struggle;daily_inspiration;directing_academic_footnote;method_terms,OCR/text-layer extraction candidate copied exactly from CSV field candidate_text_from_extraction_not_final; do not quote publicly until visually verified and cleared.
MCT-UWINDSOR-365-REJECT-0483,overrepresented_item_cap_2,,quote_candidates_priority.csv,399,731,1,"1937 REHEARSAL FEELZmG OF THE WHOLE \ STYLE ATf-COSPHERE DEPTH] IDFA) AND RHYTW‘SICAL FORM OF THE PIA! LIGHTING, SPEECH, COSTUMES CRO'I'IDS - INDIVIDUALS DIRECTORS TAKE SUGGESTIONS FROM CAST FEWNG OF THE WHOLE: Criticism '10 cursul of The Golden Stood: _ There was something wrong with all the points — atmosphere. rhythmical part0. chamcters. etc.",99c100a5ed22ae1f,112,0.884,actor_struggle;daily_inspiration;directing_academic_footnote;method_terms,OCR/text-layer extraction candidate copied exactly from CSV field candidate_text_from_extraction_not_final; do not quote publicly until visually verified and cleared.
MCT-UWINDSOR-365-REJECT-0484,substring_or_overlap_duplicate,fe6f563548a63af2,quote_candidates_priority.csv,206,970,5,The moment when Rachel ‘onys she is free is one of giant aotoniuhmont - such a thing has never been heard of before -‘it is the first blow and it is an important moment for the whole play.,76aca92127159e41,116,0.888,daily_inspiration;directing_academic_footnote,OCR/text-layer extraction candidate copied exactly from CSV field candidate_text_from_extraction_not_final; do not quote publicly until visually verified and cleared.
MCT-UWINDSOR-365-REJECT-0485,same_item_page_source_page_cap,caaca652a61775c4,quote_candidates_priority.csv,381,666,1,It is absolutely necessary to do as much as possible each day — the principle of direction is to fly over the whole play. Each director should tell his cast just how much they have reached each day. and this will help the cast to realize what progress has been made.,753cdb6279f05cad,112,0.890,actor_struggle;daily_inspiration;directing_academic_footnote,OCR/text-layer extraction candidate copied exactly from CSV field candidate_text_from_extraction_not_final; do not quote publicly until visually verified and cleared.
MCT-UWINDSOR-365-REJECT-0486,same_item_page_source_page_cap,04e658476c1dd784,quote_candidates_priority.csv,301,733,1,"BEGINNING. MIDDLE, AND END: No one can say where these divisions comm the first part can be very clover and intellectual, the second part very mu of foolings and passions, and the third part can be absolutely slow - killing, dying.",39aa0806a6dca3e9,114,0.880,actor_struggle;directing_academic_footnote,OCR/text-layer extraction candidate copied exactly from CSV field candidate_text_from_extraction_not_final; do not quote publicly until visually verified and cleared.
MCT-UWINDSOR-365-REJECT-0487,overrepresented_item_cap_2,,quote_candidates_priority.csv,452,1083,6,"Exercise: The first landmark will be that with a strong gesture and a stamp of the foot you will say, ""Yes,"" then leave it to your inner life to make the bridge and transition and go on to the other landmark, when you will say, ""No,"" with the quality of lovingly and a little ashamed and with the gesture of your hand on your chest.",f69318c2a2e2770b,111,0.881,actor_struggle;daily_inspiration;directing_academic_footnote;method_terms,OCR/text-layer extraction candidate copied exactly from CSV field candidate_text_from_extraction_not_final; do not quote publicly until visually verified and cleared.
MCT-UWINDSOR-365-REJECT-0488,exact_normalized_duplicate,455699710d3a0074,quote_candidates_priority.csv,113,895,6,"‘ with ﬁle feeling of case. fooling of form. feeling of beauty. fueling of the whole Hhich'uill embrace the whole prbcokgs. build the otrﬁcturcc - group fooling - froc handohgnd brains.” RHYTHMICAL QUALITIES AND CLIP:’i‘XESI We shall now do exorcism with the theme of '_‘:___ho Flood Elm Dn1uq5].Th1cz zinc wo-'L-hall do it as apapumjipn fqr our future ’cheory of rhythm, on we shall start with the very first cxorogsoa landing to thin rhythm idea. Difforbnt qualities can be applied no a composition for tho whole.",455699710d3a0074,121,0.855,actor_struggle;daily_inspiration;directing_academic_footnote;method_terms,OCR/text-layer extraction candidate copied exactly from CSV field candidate_text_from_extraction_not_final; do not quote publicly until visually verified and cleared.
MCT-UWINDSOR-365-REJECT-0489,same_item_page_source_page_cap,5f0c8e05e8921360,quote_candidates_priority.csv,299,970,2,The prison scene in where we hear the first sign of this half-drama half-tragedy. imagine the scene with the feeling of the whole. Hinges of Peace: The old ladies are filled with real devotion to the teacher end loader.,6d09372b41706f1a,114,0.889,actor_struggle;daily_inspiration;directing_academic_footnote,OCR/text-layer extraction candidate copied exactly from CSV field candidate_text_from_extraction_not_final; do not quote publicly until visually verified and cleared.
MCT-UWINDSOR-365-REJECT-0490,exact_normalized_duplicate,4e210b5fd9783b81,quote_candidates_priority.csv,178,743,2,As a condition. the tempo is given: the beginning is very slow. the middle part very quick. and very slow at the end. Use these movements to awaken your feelings.,4e210b5fd9783b81,117,0.884,actor_struggle;directing_academic_footnote;method_terms,OCR/text-layer extraction candidate copied exactly from CSV field candidate_text_from_extraction_not_final; do not quote publicly until visually verified and cleared.
MCT-UWINDSOR-365-REJECT-0491,overrepresented_item_cap_2,,quote_candidates_priority.csv,528,909,7,"Here I will remind you of the story of the man, living in the middle egee, who heggggt in prison and placed in an iron frame which gradually compresﬁod hle limbo until it crushed him. But before he reached this point. he philoj_ sophicelly sold to himself that he had no legs, no arms, no body, and so within himself he died before the end come.",697290b80c2ef00f,111,0.894,actor_struggle;daily_inspiration;directing_academic_footnote,OCR/text-layer extraction candidate copied exactly from CSV field candidate_text_from_extraction_not_final; do not quote publicly until visually verified and cleared.
MCT-UWINDSOR-365-REJECT-0492,overrepresented_item_cap_2,,quote_candidates_priority.csv,491,853,4,We have to do it in tremendous tempo - creative legato. i want you to give everything out so that you will get the feeling of certain warmth and life moving in atroame.~ Do it with your inner activity. and the body will follow it. Do the same in quicker tempo and try to realize,065b158aafb42274,111,0.889,actor_struggle;daily_inspiration;directing_academic_footnote;method_terms,OCR/text-layer extraction candidate copied exactly from CSV field candidate_text_from_extraction_not_final; do not quote publicly until visually verified and cleared.
MCT-UWINDSOR-365-REJECT-0493,overrepresented_item_cap_2,,quote_candidates_priority.csv,427,633,4,"CCMPOSITION OF THE PLAY: Eefore the style can be found, you must do the work of finding the go;turou for each individual, for sach speech, for each scene, for the whole performance; and then you will find the ground on which the style for the play can be based.",5d380e231e53e345,112,0.884,actor_struggle;daily_inspiration;directing_academic_footnote;method_terms,OCR/text-layer extraction candidate copied exactly from CSV field candidate_text_from_extraction_not_final; do not quote publicly until visually verified and cleared.
MCT-UWINDSOR-365-REJECT-0494,overrepresented_item_cap_2,,quote_candidates_priority.csv,461,837,4,"How, will you please do, ""How I am living in the middle part."" in the manner of ,\then 2. Imaging pleas , that this in tho right figure: \/ Now, Hill you‘gg::;;:;:g:ne \tha the rhythmical event is the following one: If it has a rhythmical form it is unlimited - everything is possible.",78b486c4a1da4f8f,111,0.878,actor_struggle;daily_inspiration;directing_academic_footnote;method_terms,OCR/text-layer extraction candidate copied exactly from CSV field candidate_text_from_extraction_not_final; do not quote publicly until visually verified and cleared.
MCT-UWINDSOR-365-REJECT-0495,exact_normalized_duplicate,caaca652a61775c4,quote_candidates_priority.csv,204,666,1,First create the atmosphere when the two sisters are talking about Kirkov. This is a moment of climax for Alina because she has taken her sister completely into her confidence.,caaca652a61775c4,116,0.890,actor_struggle;daily_inspiration;directing_academic_footnote;method_terms,OCR/text-layer extraction candidate copied exactly from CSV field candidate_text_from_extraction_not_final; do not quote publicly until visually verified and cleared.
MCT-UWINDSOR-365-REJECT-0496,overrepresented_item_cap_2,,quote_candidates_priority.csv,259,885,5,"The “ghost“ in King Lear in always there in tho unbreakable will of Lear and this goes through the play without any change - the qualities of the unbroken will are changed but not the will itself. Edwin. for inotenco, changes absolutely in the sense that being powerful he becomes weak - when he oite and speaks hie Bolilequy alone he is strong but at the end there is nothing of him left, no soul, no spirit. no thoughts.",122a2d79c74e06e4,115,0.887,actor_struggle;daily_inspiration;directing_academic_footnote;method_terms,OCR/text-layer extraction candidate copied exactly from CSV field candidate_text_from_extraction_not_final; do not quote publicly until visually verified and cleared.
MCT-UWINDSOR-365-REJECT-0497,substring_or_overlap_duplicate,f9c5231d60747f1b,quote_candidates_priority.csv,527,773,7,"This kind of imagining will coax the archetypal values into the soul, and what kind of archetype we have to penetrate into is always very clear, because as artists when first reading the play or imagining the part. we guess these archetypes and that is why we want to act.",763ed43d8ef664c5,111,0.894,actor_struggle;daily_inspiration;directing_academic_footnote;method_terms,OCR/text-layer extraction candidate copied exactly from CSV field candidate_text_from_extraction_not_final; do not quote publicly until visually verified and cleared.
MCT-UWINDSOR-365-REJECT-0498,overrepresented_item_cap_2,,quote_candidates_priority.csv,386,656,4,"You must find the aceture which is the idea of the whole scene, but to get this you must give the clearest pcssiblo gesture, than you will know whether it is right or not. If you give a vague gesture. you will be dealing more with ye\w own ideas than with the actor.",cf9c184d565c0327,112,0.873,actor_struggle;daily_inspiration;directing_academic_footnote;method_terms,OCR/text-layer extraction candidate copied exactly from CSV field candidate_text_from_extraction_not_final; do not quote publicly until visually verified and cleared.
MCT-UWINDSOR-365-REJECT-0499,overrepresented_item_cap_2,,quote_candidates_priority.csv,418,922,1,"1938 ACTIVITY JUSTIFICATION A3 OPPDSED TO BXAGGERATICE RBHEAESIHG 1H REALITY AND IN THE IMAGINATION STYLE-TEMPS Criticism of the whole Seanieh Evening play. There are a lot of things which we must elaborate, three of which I will tell you about: ACTIVITY.",b797558033ce7a49,112,0.888,actor_struggle;daily_inspiration;directing_academic_footnote;method_terms,OCR/text-layer extraction candidate copied exactly from CSV field candidate_text_from_extraction_not_final; do not quote publicly until visually verified and cleared.
MCT-UWINDSOR-365-REJECT-0500,overrepresented_item_cap_2,,quote_candidates_priority.csv,492,853,5,"1938 that you are sending out your activity - that you are not moving your body. When I move my body in the style of staccato or legutc this in quite another thing, but I have to send out my artistic creative activity always on the stage. and I hove to develop a very fine feeling that my body moves because of my ability to mend out my activity.",c142d6a260000566,111,0.887,actor_struggle;daily_inspiration;directing_academic_footnote;method_terms,OCR/text-layer extraction candidate copied exactly from CSV field candidate_text_from_extraction_not_final; do not quote publicly until visually verified and cleared.
MCT-UWINDSOR-365-REJECT-0501,same_item_page_source_page_cap,427f26a8bda232bf,quote_candidates_priority.csv,465,664,3,"The reason we are BO pedantic is that the clearer yon give the starting point to your actors, the more creative they will become. If they are vague at the beginning. they will lose heart very soon. (Directog'e exoroinnn) Create the atmosphere through your imagination.",e9f02d4fffbf67dd,111,0.894,actor_struggle;daily_inspiration;directing_academic_footnote;method_terms,OCR/text-layer extraction candidate copied exactly from CSV field candidate_text_from_extraction_not_final; do not quote publicly until visually verified and cleared.
MCT-UWINDSOR-365-REJECT-0502,same_item_page_source_page_cap,e87c7deed632a31d,quote_candidates_priority.csv,487,850,4,"The tank is now very, veny inward. in the same tempo as last time. but now we have to experience it in— wardly in three parts. by the condition that during the first part you will be living in the first part. I want you to do the some, but paying attention to the opposition.",12926c9bb3d6adec,111,0.883,actor_struggle;daily_inspiration;directing_academic_footnote;method_terms,OCR/text-layer extraction candidate copied exactly from CSV field candidate_text_from_extraction_not_final; do not quote publicly until visually verified and cleared.
MCT-UWINDSOR-365-REJECT-0503,overrepresented_item_cap_2,,quote_candidates_priority.csv,541,752,1,"The idea is very simple; it is a question of analy— sis to find the right objective for a special character, or scene. or sentence. or word. or for the whole play. There can be a series of objectives: one main objective. and than smaller objectives. and even smaller ones, ate.",4d132324ae44d519,111,0.879,actor_struggle;daily_inspiration;directing_academic_footnote;method_terms,OCR/text-layer extraction candidate copied exactly from CSV field candidate_text_from_extraction_not_final; do not quote publicly until visually verified and cleared.
MCT-UWINDSOR-365-REJECT-0504,overrepresented_item_cap_2,,quote_candidates_priority.csv,725,784,3,"This morning it was quite clear that almost all the points of our method were to a cer— tain extent weak — concentration. imagination, radiation were all weak. Therefore. before we start our improvisations we must pay more attention to all these points in as:far as they are present in your minds at the moment.",61a14ee23c843ce1,109,0.888,actor_struggle;daily_inspiration;directing_academic_footnote;method_terms,OCR/text-layer extraction candidate copied exactly from CSV field candidate_text_from_extraction_not_final; do not quote publicly until visually verified and cleared.
MCT-UWINDSOR-365-REJECT-0505,same_item_page_source_page_cap,ac9616e1030d3526,quote_candidates_priority.csv,441,553,1,Tamara Uuykurhnnovn Rated an interpreter. and Deirdto Hurst took Shorthnnd not»: of the looucna. FIRST Lﬁsore 1 SCENIC TIME THE IMAGINATION THE ACTOR AND THE PART EXPRESSING THE {PAGE CONCENTRATION HOVEHENT - THE CEHTER COMPOSITION - HAREONY THE WORD - THE VOICE SCENIC TIME!,af914839ee49b0e0,111,0.879,actor_struggle;daily_inspiration;directing_academic_footnote;method_terms,OCR/text-layer extraction candidate copied exactly from CSV field candidate_text_from_extraction_not_final; do not quote publicly until visually verified and cleared.
MCT-UWINDSOR-365-REJECT-0506,overrepresented_item_cap_2,,quote_candidates_priority.csv,534,1056,7,Chekhov September 23. who fragrance. colors. etc” we will acquire a. certain Bliiltullneee in changing our invisible aurreundinge. and this in a very important point in creating the atmosphere. If we are able to imagine the space around us filled with certain definite things which we can cheouo. it is already the first step to creating the atmosphere.,cc11a06e1c005456,111,0.890,actor_struggle;daily_inspiration;directing_academic_footnote;method_terms,OCR/text-layer extraction candidate copied exactly from CSV field candidate_text_from_extraction_not_final; do not quote publicly until visually verified and cleared.
MCT-UWINDSOR-365-REJECT-0507,same_item_page_source_page_cap,9ba2cdd544d2ad2c,quote_candidates_priority.csv,415,700,7,"The director nust know what he wighes to reach at the beginning of each rehearsal, in this new world of half—human, half—fairy people. Jo I would sugzest that you find some sestures for the whole scene which will help you very much, What is the ges—",fce28dd517fcc81e,112,0.887,actor_struggle;daily_inspiration;directing_academic_footnote,OCR/text-layer extraction candidate copied exactly from CSV field candidate_text_from_extraction_not_final; do not quote publicly until visually verified and cleared.
MCT-UWINDSOR-365-REJECT-0508,same_item_page_source_page_cap,5922f8751dd12853,quote_candidates_priority.csv,379,819,11,Jith— out atmosphere you keep your audience dry. go fool each event on the stage with this muscle hidoh governs the atmosphere - this is the whole secrot. With your ability to create the aimosphero it will live subconsciously throughout the play.,0dca0243a1e00c95,112,0.891,actor_struggle;daily_inspiration;directing_academic_footnote;method_terms,OCR/text-layer extraction candidate copied exactly from CSV field candidate_text_from_extraction_not_final; do not quote publicly until visually verified and cleared.
MCT-UWINDSOR-365-REJECT-0509,overrepresented_item_cap_2,,quote_candidates_priority.csv,620,827,11,"I want you to be absolutely free inside and outwardly. and for this aim I want you to start with inner freedom, and by this I mean something special. will you. therefore, throughout the whole scene. carry through the feeling of form for his emotions. and this is the point from which you will develop the freedom.",a34ba506bdaaf3c5,109,0.889,actor_struggle;daily_inspiration;directing_academic_footnote;method_terms,OCR/text-layer extraction candidate copied exactly from CSV field candidate_text_from_extraction_not_final; do not quote publicly until visually verified and cleared.
MCT-UWINDSOR-365-REJECT-0510,overrepresented_item_cap_2,,quote_candidates_priority.csv,243,1084,14,"There are no physical meano to help you, but the inaginnry body can do everything. when we put thio imaginary body on our physical body as a glove. than we can imitate and follow this imaginary body. First. we will feel that it is a very pleasant thing. and'secondly. that it is art. and. thirdly. we will know about tho gnychology of such a tall person much more than if we were to try to otretch our physical body as much no we can.",c5efe6dfcbb5b1b1,115,0.888,actor_struggle;daily_inspiration;directing_academic_footnote;method_terms,OCR/text-layer extraction candidate copied exactly from CSV field candidate_text_from_extraction_not_final; do not quote publicly until visually verified and cleared.
MCT-UWINDSOR-365-REJECT-0511,overrepresented_item_cap_2,,quote_candidates_priority.csv,493,853,5,"When I move my body in the style of staccato or legutc this in quite another thing, but I have to send out my artistic creative activity always on the stage. and I hove to develop a very fine feeling that my body moves because of my ability to mend out my activity.",7217e0f7d3428066,111,0.887,actor_struggle;daily_inspiration;directing_academic_footnote;method_terms,OCR/text-layer extraction candidate copied exactly from CSV field candidate_text_from_extraction_not_final; do not quote publicly until visually verified and cleared.
MCT-UWINDSOR-365-REJECT-0512,exact_normalized_duplicate,25053f05974c4e1b,quote_candidates_priority.csv,163,1001,6,"But to be Able tonunp it. we hmio . first to ‘govolop fthc ability to incrcaod our Iprbdoncu by 421m simple ‘dcniro or by the means of imagination - that 5.5 the first thing - t‘u be able to separate them Excreiugn It in very useful to take some exor’cinoa from dif— ferent points,“ vicm — the whole £101:th in 25 whole orgaﬁlsn. The excl-ciao of creating graupn in different tempos a you must be in thq tempo which in umosfqd, and tho audience must got the imyronulrm b! that tompb.",25053f05974c4e1b,118,0.868,actor_struggle;daily_inspiration;directing_academic_footnote;method_terms,OCR/text-layer extraction candidate copied exactly from CSV field candidate_text_from_extraction_not_final; do not quote publicly until visually verified and cleared.
MCT-UWINDSOR-365-REJECT-0513,same_item_page_source_page_cap,024582e4216e5ab5,quote_candidates_priority.csv,518,1070,7,After this profound experience which humanity had - neatly religious. many thousands of years ago - tho proceee of using the theatre degenerated more and more and went to the moat ignoblo dopthe. But the beginning was very high and the end will be still higher.,ffb0093d13cbe40f,111,0.890,actor_struggle;daily_inspiration;directing_academic_footnote,OCR/text-layer extraction candidate copied exactly from CSV field candidate_text_from_extraction_not_final; do not quote publicly until visually verified and cleared.
MCT-UWINDSOR-365-REJECT-0514,same_item_page_source_page_cap,cc59136a3d481cd2,quote_candidates_priority.csv,590,994,1,V In rhythm there are three stages: first there are the main climaxee which uenetinee take the whole scene. then auxiliary climaxee which are emller in time. and then accents which are mostly memento which are leading from one auxiliary climax to another. ATHDSPKERBI The atmosphere of depression lasts until we eee Arabella and Winkle.,a9dedd33cf5d3723,110,0.885,daily_inspiration;directing_academic_footnote;method_terms,OCR/text-layer extraction candidate copied exactly from CSV field candidate_text_from_extraction_not_final; do not quote publicly until visually verified and cleared.
MCT-UWINDSOR-365-REJECT-0515,overrepresented_item_cap_2,,quote_candidates_priority.csv,378,664,1,"You must undcr~ stand that the psychological gesture is somofhing which cannot be compcrcd to tho misc on scone or other things, bocausc it is a basic thing which inoludoc everything - atmosphere, movement. objective, misc an scéne,spcoch. ~ everything.",865c26b8bee2e168,112,0.871,actor_struggle;daily_inspiration;directing_academic_footnote;method_terms,OCR/text-layer extraction candidate copied exactly from CSV field candidate_text_from_extraction_not_final; do not quote publicly until visually verified and cleared.
MCT-UWINDSOR-365-REJECT-0516,exact_normalized_duplicate,79e3ca887f3e66dd,quote_candidates_priority.csv,182,850,2,"The middle part is always the transition between the first and last part, in the sense that we ara aiming at a certain goal. and the transition is further away from the starting point, and nearer to the goal. All the qualities and powers which belong to this big rhythmical gesture consisting of three part3, must be combined or changed so that during this middle part - this transitional part - the qualities of the end are more and more defeating the qualities of the beginning.",79e3ca887f3e66dd,117,0.889,directing_academic_footnote;method_terms,OCR/text-layer extraction candidate copied exactly from CSV field candidate_text_from_extraction_not_final; do not quote publicly until visually verified and cleared.
MCT-UWINDSOR-365-REJECT-0517,same_item_page_source_page_cap,caaca652a61775c4,quote_candidates_priority.csv,289,666,1,Balladinan (Director's oxerciooeu) Imagination aniatmoepherox see the action in your imagination and create tho atmosphere. First create the atmosphere when the two sisters are talking about Kirkov.,23c54c5bc1e7b667,114,0.890,actor_struggle;daily_inspiration;directing_academic_footnote;method_terms,OCR/text-layer extraction candidate copied exactly from CSV field candidate_text_from_extraction_not_final; do not quote publicly until visually verified and cleared.
MCT-UWINDSOR-365-REJECT-0518,overrepresented_item_cap_2,,quote_candidates_priority.csv,179,746,20,"Comments of Paul Roger-m The directors should ""fly over"" the whole play much more often than they do. This will help to find tompo and rhythm.",a61d07ead5bd1802,117,0.884,actor_struggle;daily_inspiration;directing_academic_footnote;method_terms,OCR/text-layer extraction candidate copied exactly from CSV field candidate_text_from_extraction_not_final; do not quote publicly until visually verified and cleared.
MCT-UWINDSOR-365-REJECT-0519,substring_or_overlap_duplicate,c74ee4e489c893d5,quote_candidates_priority.csv,643,653,2,"Chekhov oguuury 16, lﬂdf you must bring the curtain down, and try to realize what was the most important moment in the pl"" - YOU 'ill £03 roal inspiration from this, and it will lead you in the right way. to this way you will see the real idea or the play, which beCOmes clear only at the and of it.",2d95594032e8bf61,109,0.888,actor_struggle;daily_inspiration;directing_academic_footnote,OCR/text-layer extraction candidate copied exactly from CSV field candidate_text_from_extraction_not_final; do not quote publicly until visually verified and cleared.
MCT-UWINDSOR-365-REJECT-0520,substring_or_overlap_duplicate,ae53de660708552b,quote_candidates_priority.csv,280,924,2,"Thin time we will combine these things: the flying over the play. the feeling of the whole play. and the feeling for the style of the play which in light, easy. butterfly, sparkling. chillike qualities.",2ea682c1a46d9a66,114,0.883,actor_struggle;daily_inspiration;directing_academic_footnote;method_terms,OCR/text-layer extraction candidate copied exactly from CSV field candidate_text_from_extraction_not_final; do not quote publicly until visually verified and cleared.
MCT-UWINDSOR-365-REJECT-0521,substring_or_overlap_duplicate,3d1e11f59a09589f,quote_candidates_priority.csv,417,619,2,"Children have this quality, but through their education, all their living qualities are logt. fven the smallest whisper must be foilt asgs a gesture so that the audience will live with the actor every one of the gestures in his speech.",7e424be0952de3b4,112,0.893,actor_struggle;daily_inspiration;directing_academic_footnote;method_terms,OCR/text-layer extraction candidate copied exactly from CSV field candidate_text_from_extraction_not_final; do not quote publicly until visually verified and cleared.
MCT-UWINDSOR-365-REJECT-0522,same_item_page_source_page_cap,5cd247f3bea3638d,quote_candidates_priority.csv,625,832,1,"It ia a very important question and can be explained only by changing our ability or thinking because rhythm belongs to the world of spiritual life, whether it is human spiritual life or objective spiritual life. A spiritually-tuned consciousness will understand things which the earthly-tuned human consciousneso cannot.",8904e2faa2596629,109,0.887,actor_struggle;daily_inspiration;directing_academic_footnote;method_terms,OCR/text-layer extraction candidate copied exactly from CSV field candidate_text_from_extraction_not_final; do not quote publicly until visually verified and cleared.
MCT-UWINDSOR-365-REJECT-0523,overrepresented_item_cap_2,,quote_candidates_priority.csv,513,1074,13,"We can get up and drink a glass of wine, without atmosphere, but if we want to do it differently - that is ""how"" = we must find the atmosphere in which we are doing it. We change the atmosphere, not the action - the ""how"" will depend on different atmospheres, 350 this is the question of adding to the ""what). the action, the ""how"" or the way 1 am doing it.",2cb88a6a4fe1ccb4,111,0.881,actor_struggle;daily_inspiration;directing_academic_footnote;method_terms,OCR/text-layer extraction candidate copied exactly from CSV field candidate_text_from_extraction_not_final; do not quote publicly until visually verified and cleared.
MCT-UWINDSOR-365-REJECT-0524,substring_or_overlap_duplicate,7512a076aa38503a,quote_candidates_priority.csv,393,1084,2,19% Actors no a group. as an ensemble. that is the theatre. and so it will be. it seems to me. in the future that the theatre will consist of actorm first of all. among them more. or less gifted ones. and then the author and the director.,de471e497d3ee3db,112,0.888,actor_struggle;daily_inspiration;directing_academic_footnote,OCR/text-layer extraction candidate copied exactly from CSV field candidate_text_from_extraction_not_final; do not quote publicly until visually verified and cleared.
MCT-UWINDSOR-365-REJECT-0525,overrepresented_item_cap_2,,quote_candidates_priority.csv,622,828,5,"The really developed sense of composition in music will give us the possibility which I want. not to slim to {P4 something definite. but to be able to create in this form different things - to be free. To achieve this freedom, we must do these exercises Now, take it much more simply, the sane scene.",6fac918849506f9a,109,0.885,actor_struggle;daily_inspiration;directing_academic_footnote;method_terms,OCR/text-layer extraction candidate copied exactly from CSV field candidate_text_from_extraction_not_final; do not quote publicly until visually verified and cleared.
MCT-UWINDSOR-365-REJECT-0526,substring_or_overlap_duplicate,12c085618d5f479c,quote_candidates_priority.csv,225,1083,13,"Let me tell you one more heresy. For instance, all the things we are doing on the stage, whether we are performing thinking, or willing, or doing things, they are all feelings from the beginning to the end, because the whole art lies in therealm of feelings and not in the realm of thoughts at all, and actually not the will in the real sense of the word. (ne philosopher has said, ""Where is the will when we are doing something?",665b5c0954bf28bc,115,0.869,actor_struggle;daily_inspiration;directing_academic_footnote,OCR/text-layer extraction candidate copied exactly from CSV field candidate_text_from_extraction_not_final; do not quote publicly until visually verified and cleared.
MCT-UWINDSOR-365-REJECT-0527,same_item_page_source_page_cap,c6766965dce09102,quote_candidates_priority.csv,736,635,3,"INCORPORATION OF IMAGES: E¥veryone trought a different style to the stage. ¥e must somehow find the right style. The director will help you with this later on»: but to begin with, we must be aware of the style of the fairy taile, tné each one must try to find the style which will unite the whole.",a228315ed426a161,109,0.889,actor_struggle;daily_inspiration;directing_academic_footnote;method_terms,OCR/text-layer extraction candidate copied exactly from CSV field candidate_text_from_extraction_not_final; do not quote publicly until visually verified and cleared.
MCT-UWINDSOR-365-REJECT-0528,overrepresented_item_cap_2,,quote_candidates_priority.csv,423,1074,17,"APPROACH TO THE REHEARSAL: ~The first thing we have tried to apply was the atmosphere. The second thing was the imagination, and I have sug gested that you read the text of a play, not so much for the content, which will happen of itself, but to imagine while the words are gpoken ~ see and hear them and see how the action goes on in your imagination while you are reading the text.",e480c559b8bc501d,112,0.888,actor_struggle;daily_inspiration;directing_academic_footnote;method_terms,OCR/text-layer extraction candidate copied exactly from CSV field candidate_text_from_extraction_not_final; do not quote publicly until visually verified and cleared.
MCT-UWINDSOR-365-REJECT-0529,same_item_page_source_page_cap,9d9aa6aaf9079b3e,quote_candidates_priority.csv,375,840,1,"""Do you hear our voice?“ Quiet voice - send it to one living; point. the object on the stage. [love through the whole space across - your soul, your body. your voice. everything moves through the group to the back of the theatre. Now. back amm.",45621273c1128350,112,0.878,actor_struggle;daily_inspiration;directing_academic_footnote,OCR/text-layer extraction candidate copied exactly from CSV field candidate_text_from_extraction_not_final; do not quote publicly until visually verified and cleared.
MCT-UWINDSOR-365-REJECT-0530,same_item_page_source_page_cap,612d6274df9ca43c,quote_candidates_priority.csv,226,667,6,"Hhen it stops somewhere. it gives a special musical composition, and this means that if the theme is broken, the person who is receiving the theme must create it to the and, in his own imagination or in the deeper levels of his being, and this will be much more beautiful than if it had been played to the end, because it coaxes some deeper powers in the audience itself. In the Golden moment the theme breaks, and we only go up without going down.",e5f3db8390d6a6e1,115,0.892,actor_struggle;daily_inspiration;directing_academic_footnote;method_terms,OCR/text-layer extraction candidate copied exactly from CSV field candidate_text_from_extraction_not_final; do not quote publicly until visually verified and cleared.
MCT-UWINDSOR-365-REJECT-0531,same_item_page_source_page_cap,d7e294b70d55b5f0,quote_candidates_priority.csv,690,731,2,"The audience will not be able to understand the idea of the play, because it is without style. and the style speaks about the idea. You must find this through your imagination, because all the settings. lighting. costumes, etc.. require from the human being a style. and this is not yet there.",b268f6c76c0b5f4a,109,0.889,actor_struggle;daily_inspiration;directing_academic_footnote;method_terms,OCR/text-layer extraction candidate copied exactly from CSV field candidate_text_from_extraction_not_final; do not quote publicly until visually verified and cleared.
MCT-UWINDSOR-365-REJECT-0532,same_item_page_source_page_cap,fcbe8bb45334d3e6,quote_candidates_priority.csv,346,1008,3,Kin objeeéive is to create on ideal from the vory beginning. ‘ h This creative quality in Vorkhovenski goes through the whole ploy. lrhis charm of madness stays with him always '— as in the end of the meeting scene.,02695d83b6988971,113,0.886,daily_inspiration;directing_academic_footnote;method_terms,OCR/text-layer extraction candidate copied exactly from CSV field candidate_text_from_extraction_not_final; do not quote publicly until visually verified and cleared.
MCT-UWINDSOR-365-REJECT-0533,overrepresented_item_cap_2,,quote_candidates_priority.csv,727,784,6,"If you are only living in pleasure it is not yet skilful, it is only chance, only accident. ibis time the scene was better because you overcame this first nogativo feeling which chokes you. If you repeat it many timos the pleasure will come again. but you must get technique instead of pleasure.",810f989a911acdc6,109,0.886,actor_struggle;daily_inspiration;directing_academic_footnote,OCR/text-layer extraction candidate copied exactly from CSV field candidate_text_from_extraction_not_final; do not quote publicly until visually verified and cleared.
MCT-UWINDSOR-365-REJECT-0534,overrepresented_item_cap_2,,quote_candidates_priority.csv,602,799,10,"Realize how many years we must wot-‘4: if the problem is taken seriously. rDherei’ore, we trust not think that the problem of the objective can be solved in :1' few improvisations. We must work day and night in order to create the nod-I type of actor, the whole of whom will be like Yehudi'e hand.",9a056c2fd8119cf3,109,0.882,actor_struggle;daily_inspiration;directing_academic_footnote;method_terms,OCR/text-layer extraction candidate copied exactly from CSV field candidate_text_from_extraction_not_final; do not quote publicly until visually verified and cleared.
MCT-UWINDSOR-365-REJECT-0535,same_item_page_source_page_cap,79e3ca887f3e66dd,quote_candidates_priority.csv,575,850,2,But the idea is that the qualities and powers of the beginning are defeated gradually by the powers and qualities of the end. We know that all the means to produce the rhythmical gesture ~ the qualities of stnccato. legato. etc.. - are at our disposal in a quite free way ani through the composition of the rhythmical gesture itself. they give us a,bfb3fcb6ccdbfa3b,110,0.889,daily_inspiration;directing_academic_footnote;method_terms,OCR/text-layer extraction candidate copied exactly from CSV field candidate_text_from_extraction_not_final; do not quote publicly until visually verified and cleared.
MCT-UWINDSOR-365-REJECT-0536,overrepresented_item_cap_2,,quote_candidates_priority.csv,788,731,3,"Chekhov June 28, 1937 but it was without any atmosphere, and as a result all the voices were without feeling; 1 feeling will not come if you are not in the atmosphere around you. You must spend some rehear— sals working on the atmospheres. and not only radiating them. but speaking and moving out of atmosphere.",a9a00b15867a94ec,108,0.893,actor_struggle;daily_inspiration;directing_academic_footnote;method_terms,OCR/text-layer extraction candidate copied exactly from CSV field candidate_text_from_extraction_not_final; do not quote publicly until visually verified and cleared.
MCT-UWINDSOR-365-REJECT-0537,substring_or_overlap_duplicate,7027a9e7fe28060d,quote_candidates_priority.csv,550,663,2,"The director will lead the play and will reach a complete form. and will lead the east through this form to the acting. iho director will be Toroncc,‘uho will also be ablo to aotlio part. dhon the director comes to tho stage Where he muut establish the form of the play. he must start with the most important moments. and lead his east through them.",0b23316f8111032b,110,0.890,actor_struggle;directing_academic_footnote;method_terms,OCR/text-layer extraction candidate copied exactly from CSV field candidate_text_from_extraction_not_final; do not quote publicly until visually verified and cleared.
MCT-UWINDSOR-365-REJECT-0538,overrepresented_item_cap_2,,quote_candidates_priority.csv,460,837,3,"The transitional part has certain divisions, as well as the beginning. We must get accustomed to distinguishing the three parts - the beginning — the transition - the end. as if it is one family in three parts. what we call the beginning we must call the first part of the rhythmical whole. because the beginning in the sense of starting point. is something different.",50aa40dad9b2e068,111,0.888,daily_inspiration;directing_academic_footnote,OCR/text-layer extraction candidate copied exactly from CSV field candidate_text_from_extraction_not_final; do not quote publicly until visually verified and cleared.
MCT-UWINDSOR-365-REJECT-0539,same_item_page_source_page_cap,3c649b684c719955,quote_candidates_priority.csv,498,866,13,If the means are elaborated through exercises they will adjust themselves to this archetype. If the objective'is really fully taken. it is a tremendous means for expressing the archetype — atmosphere. radiation. everything can be used for this purpose.,5090f21e22b46816,111,0.888,actor_struggle;daily_inspiration;directing_academic_footnote;method_terms,OCR/text-layer extraction candidate copied exactly from CSV field candidate_text_from_extraction_not_final; do not quote publicly until visually verified and cleared.
MCT-UWINDSOR-365-REJECT-0540,exact_normalized_duplicate,2c5bfef5d2dbf422,quote_candidates_priority.csv,161,627,3,"But 1f we only remain with the outside form and speak the words and move in the first rehcarsal as if we are ready to act, it means that we remain always on the surface, on the outside edge. Therefore, at present we have a theatre which exists oaly for rcpolt!ﬁg theauthor‘s words, THE AUTHOR®‘S IDEA or THE PLAY: We must dig deeply and penetrate to the very deepest point of the play, which isthe author‘sAdaa? this —e must elaborate on this first deepest place with our gestures, $ur speech, and our imnges.",2c5bfef5d2dbf422,118,0.889,actor_struggle;daily_inspiration;directing_academic_footnote;method_terms,OCR/text-layer extraction candidate copied exactly from CSV field candidate_text_from_extraction_not_final; do not quote publicly until visually verified and cleared.
MCT-UWINDSOR-365-REJECT-0541,overrepresented_item_cap_2,,quote_candidates_priority.csv,467,819,5,"Lhis gives us first of all the right to speak about the atmosphere, and second it is a ﬁrick to mnﬂwn the feelings by starting with an objective thing, taking it and radiating it back, and the feeli gs will be ihero if the experience is strong enough.",25998523dcd5c0a4,111,0.888,actor_struggle;daily_inspiration;directing_academic_footnote;method_terms,OCR/text-layer extraction candidate copied exactly from CSV field candidate_text_from_extraction_not_final; do not quote publicly until visually verified and cleared.
MCT-UWINDSOR-365-REJECT-0542,same_item_page_source_page_cap,6df5babd0ae2b7d3,quote_candidates_priority.csv,517,921,9,You must find the difference hetween pretend— ing and wrong artificial tones. and the real objective. In our future theatre you will often hate me. and be very raﬂgry with me because I will torture you with such things if 1 see that your nature lice.,62ce86e7f63e6f60,111,0.888,actor_struggle;daily_inspiration;directing_academic_footnote;method_terms,OCR/text-layer extraction candidate copied exactly from CSV field candidate_text_from_extraction_not_final; do not quote publicly until visually verified and cleared.
MCT-UWINDSOR-365-REJECT-0543,overrepresented_item_cap_2,,quote_candidates_priority.csv,635,663,3,"Each director and actor must know this, and the director must require this of his cast. If the director Will keep the spiral in mind, tho actors will find the right approach. (Director's cxorcise:) Alina's gesture must be one of real freedom and trust. whilo Balladina's is tight and compressed.",0aa798d0d2d3d124,109,0.879,actor_struggle;daily_inspiration;directing_academic_footnote;method_terms,OCR/text-layer extraction candidate copied exactly from CSV field candidate_text_from_extraction_not_final; do not quote publicly until visually verified and cleared.
MCT-UWINDSOR-365-REJECT-0544,overrepresented_item_cap_2,,quote_candidates_priority.csv,557,656,14,"1937 The director must always try to define the action and the acting. The action is a preparation for acting. nEEE!E§J¥L£E§E12£""= errcise for Psychological Gesture: The higher and more pure our'pushing"" is at the beginning, the richer will be our ”pushes"" in the performance.",0f41f41c39d321e5,110,0.877,actor_struggle;directing_academic_footnote;method_terms,OCR/text-layer extraction candidate copied exactly from CSV field candidate_text_from_extraction_not_final; do not quote publicly until visually verified and cleared.
MCT-UWINDSOR-365-REJECT-0545,same_item_page_source_page_cap,baac4fe69357f527,quote_candidates_priority.csv,185,843,4,The beginning of this feeling you will get at the end - to get rid of the whole world — therefore. you want to get rid of him.,a1440fca645a46f2,117,0.891,actor_struggle;daily_inspiration;directing_academic_footnote,OCR/text-layer extraction candidate copied exactly from CSV field candidate_text_from_extraction_not_final; do not quote publicly until visually verified and cleared.
MCT-UWINDSOR-365-REJECT-0546,substring_or_overlap_duplicate,7ed7cd812182a9a0,quote_candidates_priority.csv,409,863,2,"I This is the real imagination which we must have today, and opposite to it in the actor who says: Before I know the whole play. my part, and all my words. where I am standing. who is my partner. etc; I cannot start to play.",a049fd73aa393e02,112,0.892,actor_struggle;daily_inspiration;directing_academic_footnote,OCR/text-layer extraction candidate copied exactly from CSV field candidate_text_from_extraction_not_final; do not quote publicly until visually verified and cleared.
MCT-UWINDSOR-365-REJECT-0547,overrepresented_item_cap_2,,quote_candidates_priority.csv,545,1077,1,"THE HIGHER INDIVIDUALITY - COLLABORATION 0F AUTHOR, ACTOR, AND DIRECTOR moncow Art Theatre Hamlet We; Bernard Shaw MEANS OF APPROACHING THE PLAY: To be able to go on with our sketch. we must investigate another point which will lead us to the next series of rehearsals.",00641b60691ef5be,110,0.883,actor_struggle;daily_inspiration;directing_academic_footnote,OCR/text-layer extraction candidate copied exactly from CSV field candidate_text_from_extraction_not_final; do not quote publicly until visually verified and cleared.
MCT-UWINDSOR-365-REJECT-0548,overrepresented_item_cap_2,,quote_candidates_priority.csv,609,1078,3,"You will not find any atmosphere which cannot be turned into the actor's language, which is gesture, We have gestures in all human psychology. We have atmosphere as gesture, The objective can also be a gesture, The objective is something we want to get or te accomplish, and the easiest way to experience it is by doing a gesture.",ef4f79b6005b0923,109,0.881,actor_struggle;daily_inspiration;directing_academic_footnote;method_terms,OCR/text-layer extraction candidate copied exactly from CSV field candidate_text_from_extraction_not_final; do not quote publicly until visually verified and cleared.
MCT-UWINDSOR-365-REJECT-0549,same_item_page_source_page_cap,01d450b5aaf9d023,quote_candidates_priority.csv,371,670,2,CONCENTRATION: The Golden Stgeg: The power of concentration will help us in our next step. which is improvisation. Keep and develop the ability to be concentrated absolutely from the beginning to the end of the rehearsal.,68696c776088b5cd,112,0.893,actor_struggle;directing_academic_footnote;method_terms,OCR/text-layer extraction candidate copied exactly from CSV field candidate_text_from_extraction_not_final; do not quote publicly until visually verified and cleared.
MCT-UWINDSOR-365-REJECT-0550,overrepresented_item_cap_2,,quote_candidates_priority.csv,286,817,4,"For instance. if I am going to prepare a sentence, and I get the psychology, and I got the pleasure. then I will love the gesture. It is not only for a sentence, but for the whole play.",39b7d14f4a02b5fc,114,0.887,actor_struggle;daily_inspiration;directing_academic_footnote;method_terms,OCR/text-layer extraction candidate copied exactly from CSV field candidate_text_from_extraction_not_final; do not quote publicly until visually verified and cleared.
MCT-UWINDSOR-365-REJECT-0551,overrepresented_item_cap_2,,quote_candidates_priority.csv,400,731,1,In order to have the feeling of the whole it means that firat of all each member of the cast must work apart from the rehearsals. and in their imaginations they must go through the whole play as if sitting in the audience room.,59456f7f823eb7d0,112,0.884,actor_struggle;daily_inspiration;directing_academic_footnote,OCR/text-layer extraction candidate copied exactly from CSV field candidate_text_from_extraction_not_final; do not quote publicly until visually verified and cleared.
MCT-UWINDSOR-365-REJECT-0552,overrepresented_item_cap_2,,quote_candidates_priority.csv,564,746,17,The most important thing is to develop the pauses and moments of quiet: the beginning of the scene being much quieter. and the end being ﬁlll of speech ‘ and sounds. Er’ore time should be given for reaction and de— velopment of a moment like the sighting of the boat.,676b2ff3b1f3fe06,110,0.884,actor_struggle;directing_academic_footnote,OCR/text-layer extraction candidate copied exactly from CSV field candidate_text_from_extraction_not_final; do not quote publicly until visually verified and cleared.
MCT-UWINDSOR-365-REJECT-0553,same_item_page_source_page_cap,ee45000762cf24f7,quote_candidates_priority.csv,262,873,7,"Don't lose yourself in imaginary things; only one thing is being exercised - styld - nothing more. You are blind and dear to everything else. \ If you Judge yourself now from the point of View of the future performance thero in nothing — it is impossible from the point of truth or justification perhaps, but in such rehearsals. at the very beginning when we are only concerned with the style, it will be vmong but let it be wrong - we have time to repair it.",205cdb56efb7fc21,115,0.892,actor_struggle;daily_inspiration;directing_academic_footnote;method_terms,OCR/text-layer extraction candidate copied exactly from CSV field candidate_text_from_extraction_not_final; do not quote publicly until visually verified and cleared.
MCT-UWINDSOR-365-REJECT-0554,overrepresented_item_cap_2,,quote_candidates_priority.csv,285,837,2,Follow consciously the middlo part — it can be very long (throughout the whole play). We must be able to have those special psychological masses that keep the middle part in our will.,4c609ee0e9c4679e,114,0.889,actor_struggle;daily_inspiration;directing_academic_footnote,OCR/text-layer extraction candidate copied exactly from CSV field candidate_text_from_extraction_not_final; do not quote publicly until visually verified and cleared.
MCT-UWINDSOR-365-REJECT-0555,overrepresented_item_cap_2,,quote_candidates_priority.csv,512,1074,9,"FOUR STAGES OF THE CRBATIVE PROCESS Angwers I intended the latter. Of course, we cannot switch off all our experience as actors, but for our present aims it would be better to concentrate just on the atmosphere, and see what will come out of it.",960d15850586d3db,111,0.886,actor_struggle;daily_inspiration;directing_academic_footnote;method_terms,OCR/text-layer extraction candidate copied exactly from CSV field candidate_text_from_extraction_not_final; do not quote publicly until visually verified and cleared.
MCT-UWINDSOR-365-REJECT-0556,same_item_page_source_page_cap,dab7adc18205fdcb,quote_candidates_priority.csv,539,750,8,"He can do the same thing with sound. First start by listening to a sound. and then add your will. music has no space as you know: it exists in time. but for us it is the some thing - we must send our will into the past. present, or future time.",fe68e7990b3b93e6,111,0.887,actor_struggle;daily_inspiration;directing_academic_footnote,OCR/text-layer extraction candidate copied exactly from CSV field candidate_text_from_extraction_not_final; do not quote publicly until visually verified and cleared.
MCT-UWINDSOR-365-REJECT-0557,same_item_page_source_page_cap,3a0590885b615556,quote_candidates_priority.csv,676,739,2,"What is absolutely wrong is when tempo is considered as time, the director looks at his watch and sees that the performance was three minuteu longer. so he asko his cast to be quicker next time. NUAHCIEI The director can take one scene and the given atmosphere and then tell the cast that the tempo will be like so. and the quality like so.",9cadd99625ddd0e5,109,0.891,actor_struggle;daily_inspiration;directing_academic_footnote;method_terms,OCR/text-layer extraction candidate copied exactly from CSV field candidate_text_from_extraction_not_final; do not quote publicly until visually verified and cleared.
MCT-UWINDSOR-365-REJECT-0558,substring_or_overlap_duplicate,9d9aa6aaf9079b3e,quote_candidates_priority.csv,374,840,1,"""Do you hear our voice?“ Quiet voice - send it to one living; point. the object on the stage. [love through the whole space across - your soul, your body. your voice. everything moves through the group to the back of the theatre.",21fe05c9b17c7858,112,0.878,actor_struggle;daily_inspiration;directing_academic_footnote,OCR/text-layer extraction candidate copied exactly from CSV field candidate_text_from_extraction_not_final; do not quote publicly until visually verified and cleared.
MCT-UWINDSOR-365-REJECT-0559,overrepresented_item_cap_2,,quote_candidates_priority.csv,342,847,7,Therefore. it is possible by creating tho finst part always to feel the counter-part. which is the end. and the more we are nearing the and. the more we are in‘counter-action to the beginning. and this contrast actuallyggives un the feeling of the beginning and the and. The plant is a rhythnical event - the leaves are looklnk up She toting the tone? from the sun and air. and the roots sprcdd in tho opponito direction.,b263092e7b7bde39,113,0.892,actor_struggle;directing_academic_footnote;method_terms,OCR/text-layer extraction candidate copied exactly from CSV field candidate_text_from_extraction_not_final; do not quote publicly until visually verified and cleared.
MCT-UWINDSOR-365-REJECT-0560,overrepresented_item_cap_2,,quote_candidates_priority.csv,362,1078,22,"Let us enjoy this business first, and when our dreams have broken through, it is not so dangerous to form intellectual conceptions about Hamlet or any play. It is never too late for that, When you are far enough in your childish movements and gestures, and have really enjoyed this period of your work, when you are ready with these free, childish, moving conceptions, then why not read about the play?",f086507bb0ce9a06,112,0.892,actor_struggle;daily_inspiration;directing_academic_footnote;method_terms,OCR/text-layer extraction candidate copied exactly from CSV field candidate_text_from_extraction_not_final; do not quote publicly until visually verified and cleared.
MCT-UWINDSOR-365-REJECT-0561,same_item_page_source_page_cap,b1d855df59cf3707,quote_candidates_priority.csv,595,558,3,"Thair first reading of a script will be ulmllur to the way in which a child ""reads"" successive events of life. The actors and directoru of the future. in approaching their creative tasks, will lay grant stream on the imprcsalono they receive from the vcry first reading at a play.",01f3794e45b18c0f,109,0.889,actor_struggle;daily_inspiration;directing_academic_footnote,OCR/text-layer extraction candidate copied exactly from CSV field candidate_text_from_extraction_not_final; do not quote publicly until visually verified and cleared.
MCT-UWINDSOR-365-REJECT-0562,overrepresented_item_cap_2,,quote_candidates_priority.csv,149,837,6,"How, will you please follow the imaginary form which is a little bit difficult - the earthy life of Lear expires. As the result of this expiration comes the second part which is death and emptiness. and when he and blind Gloucester meet each other on the heath and empty spaces, they are actually the reversal of the beginning, in which was the mighty king and his servant Gloucester. n0 , let us ask the questions as though we are intellectual people. what is this emptiness. this death expressed in madness, blindness?",23a0b5d4a742ae4c,118,0.888,actor_struggle;daily_inspiration;directing_academic_footnote;method_terms,OCR/text-layer extraction candidate copied exactly from CSV field candidate_text_from_extraction_not_final; do not quote publicly until visually verified and cleared.
MCT-UWINDSOR-365-REJECT-0563,overrepresented_item_cap_2,,quote_candidates_priority.csv,330,828,5,"You must all be in harmony with each other in order to intensify the point of the lesson: rhythm. when we have this rhythm. it is the same as in opera. The real form will never kill the real life, but will increase it. when Elsa [opera studio student] will sing on the basis of many exercises in imagination. objective. etc., she will sing with a much stronger impression than if she simply sinas without such a basis.",f5b17e1095cb2082,113,0.885,actor_struggle;daily_inspiration;directing_academic_footnote;method_terms,OCR/text-layer extraction candidate copied exactly from CSV field candidate_text_from_extraction_not_final; do not quote publicly until visually verified and cleared.
MCT-UWINDSOR-365-REJECT-0564,same_item_page_source_page_cap,b5616be99c71550e,quote_candidates_priority.csv,404,851,1,How he speaks is a little strange to you. Through tho whole scene tho audience must feel that the group is more and more attracted to the spy. so that at the end of his speech he and they are really one being. one body.,ab5fc9710c787837,112,0.888,actor_struggle;daily_inspiration;directing_academic_footnote,OCR/text-layer extraction candidate copied exactly from CSV field candidate_text_from_extraction_not_final; do not quote publicly until visually verified and cleared.
MCT-UWINDSOR-365-REJECT-0565,overrepresented_item_cap_2,,quote_candidates_priority.csv,611,1078,9,"If we are patient enough, and want to economize time, and to remain actors and not scientists, then this gesture will soon give us so many things that the whole character of Don Quixote, including his speech, his inner characterization, ete, will grow before our eyes and our imagination - our mind's eye - and in our inner emotional life.",ee39167f404695c6,109,0.885,actor_struggle;daily_inspiration;directing_academic_footnote;method_terms,OCR/text-layer extraction candidate copied exactly from CSV field candidate_text_from_extraction_not_final; do not quote publicly until visually verified and cleared.
MCT-UWINDSOR-365-REJECT-0566,same_item_page_source_page_cap,a765af5af5e5d1d0,quote_candidates_priority.csv,728,626,5,"They are in a certain sense the same thing — it is the frame for the whole play. In KingLear, before Lear sppears in his throne spanath, AMAqnsegteomsud sthess aze speaking. ~TAIS 18 the intro— duction, and the whole play must be started with the feeling that someone will come; and then there is the noise of trumpets, and the play starts.",c6cc94fa3d2d1ec4,109,0.886,actor_struggle;daily_inspiration;directing_academic_footnote,OCR/text-layer extraction candidate copied exactly from CSV field candidate_text_from_extraction_not_final; do not quote publicly until visually verified and cleared.
MCT-UWINDSOR-365-REJECT-0567,overrepresented_item_cap_2,,quote_candidates_priority.csv,333,664,1,"You must undcr~ stand that the psychological gesture is somofhing which cannot be compcrcd to tho misc on scone or other things, bocausc it is a basic thing which inoludoc everything - atmosphere, movement. objective, misc an scéne,spcoch. ~ everything. The other things are not ablo to include everything, only tho psychological gesture is able to include, incorporate, and cxvrcss everythin. — the whole idea.",f4a30b4529533830,113,0.871,actor_struggle;daily_inspiration;directing_academic_footnote;method_terms,OCR/text-layer extraction candidate copied exactly from CSV field candidate_text_from_extraction_not_final; do not quote publicly until visually verified and cleared.
MCT-UWINDSOR-365-REJECT-0568,substring_or_overlap_duplicate,d2b5106bc325864f,quote_candidates_priority.csv,665,1024,3,"""I want to get up und'pick up the box."" The enormous: of yourself in different. ﬂow keep the objective and be aware of another thing - the objective in like life, it is absolutely flexible. cur soul will respond to this Blight difference. and we must kill 11 certain abutmct feeling",6ad9665690696591,109,0.881,actor_struggle;daily_inspiration;directing_academic_footnote;method_terms,OCR/text-layer extraction candidate copied exactly from CSV field candidate_text_from_extraction_not_final; do not quote publicly until visually verified and cleared.
MCT-UWINDSOR-365-REJECT-0569,same_item_page_source_page_cap,86d7c0bab71261b0,quote_candidates_priority.csv,734,789,7,"If you are absolutely absorbed in your own work. then you can go on because the audience will be quiet about you and will follow the center of interest, anticipating the final result of your action. This fooling of center is very important for the future feeling of rhythm - to mold the space and make cubes. circles. squares. etc.. with the space.",9dcc03623924084c,109,0.895,actor_struggle;daily_inspiration;directing_academic_footnote;method_terms,OCR/text-layer extraction candidate copied exactly from CSV field candidate_text_from_extraction_not_final; do not quote publicly until visually verified and cleared.
MCT-UWINDSOR-365-REJECT-0570,same_item_page_source_page_cap,2d3a14fcd50c216f,quote_candidates_priority.csv,556,656,10,"At the beginning the director must improvise, then later the actors will improvise for him. The director must not give too much at each rehearsal, but he must be insistent on getting the most out of every gesture, each of which must be thoroughly explored.",a68f95704c81fcd8,110,0.889,actor_struggle;directing_academic_footnote;method_terms,OCR/text-layer extraction candidate copied exactly from CSV field candidate_text_from_extraction_not_final; do not quote publicly until visually verified and cleared.
MCT-UWINDSOR-365-REJECT-0571,same_item_page_source_page_cap,bfa68395665ca103,quote_candidates_priority.csv,781,1084,30,If he has mastered the technique of concentration and imagination and in confronted by a script. would you say that he would be developed in such a way that he would be able to give a perfect reading on the first day? Answer (Michael Chokhov)x The manner in which the uctoro are compelled to work now will not give us any help.,7f89d3f5f2729e80,108,0.893,actor_struggle;daily_inspiration;directing_academic_footnote;method_terms,OCR/text-layer extraction candidate copied exactly from CSV field candidate_text_from_extraction_not_final; do not quote publicly until visually verified and cleared.
MCT-UWINDSOR-365-REJECT-0572,overrepresented_item_cap_2,,quote_candidates_priority.csv,639,1029,10,Fran the first moment you will see that you cannot incorporate it as you one it. and on you have to open all the doom and sand it out. All tho activity \10 have in our profession in actually one big thing - you can start from the imagination and you will finiuh with nouothing clue.,33bef2c6c42d9ba2,109,0.880,actor_struggle;daily_inspiration;directing_academic_footnote,OCR/text-layer extraction candidate copied exactly from CSV field candidate_text_from_extraction_not_final; do not quote publicly until visually verified and cleared.
MCT-UWINDSOR-365-REJECT-0573,overrepresented_item_cap_2,,quote_candidates_priority.csv,718,700,6,"You can lose hours and hours and only be ill and not sorrowful. Try to justify again the mige on scBne and the movements, When we are beginning to move and a harmony of body and soul is established, the feeling will come of itself. shorefore, when the director gives you some u;sa en sc%ne. please some Justification of it to the next rehoarsal.",ea8d17dc70c48eae,109,0.889,actor_struggle;daily_inspiration;directing_academic_footnote,OCR/text-layer extraction candidate copied exactly from CSV field candidate_text_from_extraction_not_final; do not quote publicly until visually verified and cleared.
MCT-UWINDSOR-365-REJECT-0574,same_item_page_source_page_cap,5cd247f3bea3638d,quote_candidates_priority.csv,331,832,1,"Therefore, if we try with purely intellectual means to solve the problem of the contradiction of the endleaoness of rhythm and continuous movanent and the stopped beginning and end, we will not find the way. But at the moment we try to tune our consciousness a little more spiritually. we will get the answer at once. [he answer is that we must understnnd it more as artists than as thinking people: then we will understand.",a27f1ff6d5216f14,113,0.887,actor_struggle;directing_academic_footnote;method_terms,OCR/text-layer extraction candidate copied exactly from CSV field candidate_text_from_extraction_not_final; do not quote publicly until visually verified and cleared.
MCT-UWINDSOR-365-REJECT-0575,same_item_page_source_page_cap,ff919c820fd9f6b0,quote_candidates_priority.csv,694,885,2,The second or miﬁglg part in the transition between the two - in this case the fight between the young people and the old people. Take this as the first frame in which you will put the feeling of the whole. because this is one of tho foundation-stones on which we must work.,306dcdb3a43177ba,109,0.886,actor_struggle;daily_inspiration;directing_academic_footnote,OCR/text-layer extraction candidate copied exactly from CSV field candidate_text_from_extraction_not_final; do not quote publicly until visually verified and cleared.
MCT-UWINDSOR-365-REJECT-0576,same_item_page_source_page_cap,3c4f5cfb8b30eeb9,quote_candidates_priority.csv,775,659,4,"2 the world of our psychological gestures. toot dynix You can take the whole first part of the play and bring it into one gesture. ihc psychological gesture is likc bread and nine rat the actor. .oer dynt must push his obstacles away. not as heavy naturial things, but as . poet ' of beauty.",fe69d21ad32e5226,108,0.890,daily_inspiration;directing_academic_footnote;method_terms,OCR/text-layer extraction candidate copied exactly from CSV field candidate_text_from_extraction_not_final; do not quote publicly until visually verified and cleared.
MCT-UWINDSOR-365-REJECT-0577,overrepresented_item_cap_2,,quote_candidates_priority.csv,596,558,14,"The actor becomes one with the image and experiences himself as a threefold creature: First ~ As a free, creative individuality with a hoiﬁnened and cleansed awareness: Second - As a being of body and soul left under the spell of the image of his fancy: Third - As an image of fancy created by himself. living and acting m' thin his body and soul.",ddc7785e6c089c66,109,0.887,actor_struggle;daily_inspiration;directing_academic_footnote,OCR/text-layer extraction candidate copied exactly from CSV field candidate_text_from_extraction_not_final; do not quote publicly until visually verified and cleared.
MCT-UWINDSOR-365-REJECT-0578,overrepresented_item_cap_2,,quote_candidates_priority.csv,782,903,8,"But here in the school. in such marveloua surroundings and conditions; shall we spend our lives to become. after a few years. amateurs? It is much more interesting to decide to put the first stone for a building which will be later on a real technique for our art, which does not exist now.",eff5a6107e1794a7,108,0.891,actor_struggle;daily_inspiration;directing_academic_footnote,OCR/text-layer extraction candidate copied exactly from CSV field candidate_text_from_extraction_not_final; do not quote publicly until visually verified and cleared.
MCT-UWINDSOR-365-REJECT-0579,overrepresented_item_cap_2,,quote_candidates_priority.csv,237,837,5,The moment where all these beautiful illusions of the first part stop. It is not possible to define the beginning and where the end of the beginning is.,23e4283f1334fa0f,115,0.888,actor_struggle;directing_academic_footnote,OCR/text-layer extraction candidate copied exactly from CSV field candidate_text_from_extraction_not_final; do not quote publicly until visually verified and cleared.
MCT-UWINDSOR-365-REJECT-0580,overrepresented_item_cap_2,,quote_candidates_priority.csv,448,1077,15,The real good actor must not fully and completely. having laughter and tears and at tho same time he so objective that you can absolutcly see what your sister is doing in the first row of seats. That is real freedom on the stage.,ef84520e51e3a636,111,0.892,actor_struggle;daily_inspiration;directing_academic_footnote;method_terms,OCR/text-layer extraction candidate copied exactly from CSV field candidate_text_from_extraction_not_final; do not quote publicly until visually verified and cleared.
MCT-UWINDSOR-365-REJECT-0581,overrepresented_item_cap_2,,quote_candidates_priority.csv,601,799,10,"For us 1: is not enough to develop the legs or shoulders: the whole body must be elab— orated. Realize how many years we must wot-‘4: if the problem is taken seriously. rDherei’ore, we trust not think that the problem of the objective can be solved in :1' few improvisations.",9b8249b7dec35009,109,0.882,actor_struggle;daily_inspiration;directing_academic_footnote;method_terms,OCR/text-layer extraction candidate copied exactly from CSV field candidate_text_from_extraction_not_final; do not quote publicly until visually verified and cleared.
MCT-UWINDSOR-365-REJECT-0582,same_item_page_source_page_cap,85fb97af64a7bf0a,quote_candidates_priority.csv,293,659,5,"Later we will perhaps pay less attention to it, and will pay more attention to imagination and other things. iho director can find the whole play in the platonic world.",4d524facfa570f86,114,0.892,actor_struggle;daily_inspiration;directing_academic_footnote;method_terms,OCR/text-layer extraction candidate copied exactly from CSV field candidate_text_from_extraction_not_final; do not quote publicly until visually verified and cleared.
MCT-UWINDSOR-365-REJECT-0583,overrepresented_item_cap_2,,quote_candidates_priority.csv,490,853,4,We have to do it in tremendous tempo - creative legato. i want you to give everything out so that you will get the feeling of certain warmth and life moving in atroame.~ Do it with your inner activity. and the body will follow it.,d2e0f3faf9da3b9d,111,0.889,actor_struggle;daily_inspiration;directing_academic_footnote;method_terms,OCR/text-layer extraction candidate copied exactly from CSV field candidate_text_from_extraction_not_final; do not quote publicly until visually verified and cleared.
MCT-UWINDSOR-365-REJECT-0584,same_item_page_source_page_cap,f6ee3af69b1d6da9,quote_candidates_priority.csv,221,644,7,"Cheknhoy Necember 10, 1936 when the first faint sounds of the CGuard‘s voice came to the people, and this theme of hopé gets an asccont and ;rows with Antin‘s appearance. Antin represents increased hope for the crowd, and during the whole play whenever Antin is on the stege the good zroup increases its hope, until the moment when antin faints. hy is this moment so light, without any feeling of disaster? lHecause the crowd feels that it has almost reached its nhope.",21ac0046eacc7bb1,115,0.887,actor_struggle;daily_inspiration;directing_academic_footnote,OCR/text-layer extraction candidate copied exactly from CSV field candidate_text_from_extraction_not_final; do not quote publicly until visually verified and cleared.
MCT-UWINDSOR-365-REJECT-0585,substring_or_overlap_duplicate,cd91381894bb1c72,quote_candidates_priority.csv,323,758,7,"There was nothing of the feeling of ensemble about it. ile must be above the thing we are going to do or ime provise, and ag artists we must get a feeling for the beginning and end.",192073504daec8a5,114,0.872,actor_struggle;daily_inspiration;directing_academic_footnote,OCR/text-layer extraction candidate copied exactly from CSV field candidate_text_from_extraction_not_final; do not quote publicly until visually verified and cleared.
MCT-UWINDSOR-365-REJECT-0586,overrepresented_item_cap_2,,quote_candidates_priority.csv,847,652,6,"Tho_director's position in the theatre of the futlmo will be more important and more difficult than in the old theatre. The director in the new theatre must he the soul of everybody and everything. he must live with his cast. with the author and designer, and he must know and feel each movement in their aoulo.",5bd18e564781d791,107,0.889,actor_struggle;daily_inspiration;directing_academic_footnote,OCR/text-layer extraction candidate copied exactly from CSV field candidate_text_from_extraction_not_final; do not quote publicly until visually verified and cleared.
MCT-UWINDSOR-365-REJECT-0587,overrepresented_item_cap_2,,quote_candidates_priority.csv,360,1083,6,"As a writen he is a continuous one, but as a director, he kills the play. Exercise: The first landmark will be that with a strong gesture and a stamp of the foot you will say, ""Yes,"" then leave it to your inner life to make the bridge and transition and go on to the other landmark, when you will say, ""No,"" with the quality of lovingly and a little ashamed and with the gesture of your hand on your chest.",08291b9605c74acb,112,0.881,actor_struggle;daily_inspiration;directing_academic_footnote;method_terms,OCR/text-layer extraction candidate copied exactly from CSV field candidate_text_from_extraction_not_final; do not quote publicly until visually verified and cleared.
MCT-UWINDSOR-365-REJECT-0588,overrepresented_item_cap_2,,quote_candidates_priority.csv,823,748,2,"1937 will look at you with hidden eyes which you will never notice. and they will take lessons from you, subconsciously and unconsciously. Therefore. especially during the first months. your behavior is very important: your attitude towards the theatre,' our school. our friendship. etc.",5aec643c4a782fa9,108,0.890,actor_struggle;daily_inspiration;directing_academic_footnote,OCR/text-layer extraction candidate copied exactly from CSV field candidate_text_from_extraction_not_final; do not quote publicly until visually verified and cleared.
MCT-UWINDSOR-365-REJECT-0589,overrepresented_item_cap_2,,quote_candidates_priority.csv,810,1072,2,First of all. the creative individuality fools itself as if surromded by the atmosphere of ﬁxture work - we may not yet know what it will he - but we know that our creative individuality io surrounded by a. certain definite atmosphere which in pleasantly worrying us. When we got a certain part and we say we don't like it — why?,6e674d4665184f50,108,0.882,actor_struggle;daily_inspiration;directing_academic_footnote;method_terms,OCR/text-layer extraction candidate copied exactly from CSV field candidate_text_from_extraction_not_final; do not quote publicly until visually verified and cleared.
MCT-UWINDSOR-365-REJECT-0590,overrepresented_item_cap_2,,quote_candidates_priority.csv,637,817,4,"For example, we will take the quality of anger or wrath. then transform those qualities into quite the opposite. (1) Wrath. (2) Release: Hoforo we go on I want to call your attention to the fact that if you really do these gestures with your whole body, your whole being. it is not important what you are using (legs. arms, shoulders). it will be right.",dfb7a044f4d6bfa3,109,0.887,actor_struggle;daily_inspiration;directing_academic_footnote;method_terms,OCR/text-layer extraction candidate copied exactly from CSV field candidate_text_from_extraction_not_final; do not quote publicly until visually verified and cleared.
MCT-UWINDSOR-365-REJECT-0591,overrepresented_item_cap_2,,quote_candidates_priority.csv,636,663,4,"PSYCHOLOGICAL GVSTURV: Cgiticigmx what was good and new today was that the director had taken part of the text and explored it as a gesture, using some words as a substitm: for the whole toxt. lhis is a very good stop and is tho right approach. The mistake on the part of the actors was, that in exploring the gestures. they did not use their whole bodies.",3484ca43ab3178bb,109,0.891,actor_struggle;daily_inspiration;directing_academic_footnote;method_terms,OCR/text-layer extraction candidate copied exactly from CSV field candidate_text_from_extraction_not_final; do not quote publicly until visually verified and cleared.
MCT-UWINDSOR-365-REJECT-0592,overrepresented_item_cap_2,,quote_candidates_priority.csv,253,963,11,"FEELING OF THE ENSEMBLE - GROUP FBELIﬁGa Exercises Two olden - equally divided - tug-qgrﬁm‘,‘ W111 xou plum-m now 1:2.ng tho rapa. and the tug-of—warfand pretend to do 11:, concentrating thin time only on the fouling of truth so that you will take the rope. anti pull it. and play this game so that one uido will win. Follow thonc uuggootions so that no will see you fighting. and the rope must not become “rubbery.“ Group fooling in important - first life 11: hp with",ae8b503c6e375497,115,0.876,actor_struggle;daily_inspiration;directing_academic_footnote,OCR/text-layer extraction candidate copied exactly from CSV field candidate_text_from_extraction_not_final; do not quote publicly until visually verified and cleared.
MCT-UWINDSOR-365-REJECT-0593,same_item_page_source_page_cap,3c4f5cfb8b30eeb9,quote_candidates_priority.csv,473,659,4,"The richness of mo performance in the real world depends upon how high you can reach the “platonic world;. 2 the world of our psychological gestures. toot dynix You can take the whole first part of the play and bring it into one gesture. ihc psychological gesture is likc bread and nine rat the actor. .oer dynt must push his obstacles away. not as heavy naturial things, but as . poet ' of beauty.",7ce48fd6b0e827cd,111,0.890,daily_inspiration;directing_academic_footnote;method_terms,OCR/text-layer extraction candidate copied exactly from CSV field candidate_text_from_extraction_not_final; do not quote publicly until visually verified and cleared.
MCT-UWINDSOR-365-REJECT-0594,same_item_page_source_page_cap,047acfdc8b0e9ccf,quote_candidates_priority.csv,588,633,2,"k. {Chekhov November 27, 1936 THE wHOLE: In these three divisions there may be many other divisions, but the most important ones are the beginning, middle, and end. Zach avant, if it is rhythmical, consists of a beginning, a middle, and an end.",1c1e519271aedbd3,110,0.887,daily_inspiration;directing_academic_footnote,OCR/text-layer extraction candidate copied exactly from CSV field candidate_text_from_extraction_not_final; do not quote publicly until visually verified and cleared.
MCT-UWINDSOR-365-REJECT-0595,same_item_page_source_page_cap,ed40f77563e94d47,quote_candidates_priority.csv,251,720,1,"HIY‘NMICAL ‘JES‘IL‘E—«E xc‘ HUS i-LAY: All directors must find the main line [or the miss an cache for the whole play. You will see that the more ex— perienced you become the more you will :oaiize how really impossible it is ta create misc en sccne which is not part of one big gesture. uhere is one part of the misc ch cache in ﬂalgngina L which is not in connecﬁion with the line of up ard down. good and evil in the play, and the gators are like strange dead bodies.",bd7c0147c44c49c9,115,0.877,actor_struggle;daily_inspiration;directing_academic_footnote;method_terms,OCR/text-layer extraction candidate copied exactly from CSV field candidate_text_from_extraction_not_final; do not quote publicly until visually verified and cleared.
MCT-UWINDSOR-365-REJECT-0596,overrepresented_item_cap_2,,quote_candidates_priority.csv,391,811,1,"We use the psycholOgical gesture for the aim of reviving and evoking our feelings and inner life, and this means using the whole body when doing the gesture, Point 5, ‘The psychological sesture, whatever it is,",bd98478c4cefc8c1,112,0.878,actor_struggle;daily_inspiration;directing_academic_footnote;method_terms,OCR/text-layer extraction candidate copied exactly from CSV field candidate_text_from_extraction_not_final; do not quote publicly until visually verified and cleared.
MCT-UWINDSOR-365-REJECT-0597,overrepresented_item_cap_2,,quote_candidates_priority.csv,395,903,13,"Eut it wan only beginning. and the a scheme came and it was dead. When you developed the guy part you did not reach the climax, because you started with some trivial things; Then it came to the scheme in general and you could not reach the climax;;£§:ueee uot ended or accomplished, and the feeling of the uholo was not there. r In the first sketch tlero was the fear Which cameo when we have no ground under our feet.",9cba8ed5ec23d6d7,112,0.889,actor_struggle;directing_academic_footnote,OCR/text-layer extraction candidate copied exactly from CSV field candidate_text_from_extraction_not_final; do not quote publicly until visually verified and cleared.
MCT-UWINDSOR-365-REJECT-0598,same_item_page_source_page_cap,4d5c95255bc1c074,quote_candidates_priority.csv,866,847,1,"If we get this ability to live with everything that is rhythmical. which we create as something new in the world, then the beautiful thing will come. The play, or the part, or the scene may be as long and complicated as you like, but for us it will be always something which ia organized from the beginning to the end.",297fcd94fe83e77e,107,0.889,actor_struggle;directing_academic_footnote,OCR/text-layer extraction candidate copied exactly from CSV field candidate_text_from_extraction_not_final; do not quote publicly until visually verified and cleared.
MCT-UWINDSOR-365-REJECT-0599,same_item_page_source_page_cap,26db30c7f07a191f,quote_candidates_priority.csv,548,669,9,"Take the problem as though you were preparing this sketch for a real eudiexme, than you will get a better inspiration: Directors must correct psychological gestures ry means of time. space, activity, and quality. ﬂelladinax The exercise is to speak the text by doing the psychological gesture at the some time. The rhythm of speech and the rhythm of the psychological gesture.",6a8d3006f3d14376,110,0.886,actor_struggle;daily_inspiration;directing_academic_footnote;method_terms,OCR/text-layer extraction candidate copied exactly from CSV field candidate_text_from_extraction_not_final; do not quote publicly until visually verified and cleared.
MCT-UWINDSOR-365-REJECT-0600,overrepresented_item_cap_2,,quote_candidates_priority.csv,438,592,10,"It is not so important at first whether the feeling is right or wrong, but it is important to feel what the atmosphere is saying. You have liveg with the object for a short while, and you must know what you feel about it.",7da2dcb3d9200f49,111,0.890,actor_struggle;daily_inspiration;directing_academic_footnote;method_terms,OCR/text-layer extraction candidate copied exactly from CSV field candidate_text_from_extraction_not_final; do not quote publicly until visually verified and cleared.
MCT-UWINDSOR-365-REJECT-0601,same_item_page_source_page_cap,f9987c54873680cc,quote_candidates_priority.csv,756,828,6,"Without this artistb nature sitting inside. the art falls down into naturalism, worse than photography. for photography can be an art, but naturalism is not art. Although at first this work of rhythm may seem to us quite mechanical and not really rhythmical. this is only the fern.",dcf196fb92572094,108,0.889,actor_struggle;daily_inspiration;directing_academic_footnote;method_terms,OCR/text-layer extraction candidate copied exactly from CSV field candidate_text_from_extraction_not_final; do not quote publicly until visually verified and cleared.
MCT-UWINDSOR-365-REJECT-0602,exact_normalized_duplicate,632eb24abbe28f11,quote_candidates_priority.csv,189,632,5,This work will give you the first feeling fot form. We must have fire and joy in doing each exercise.,632eb24abbe28f11,117,0.888,actor_struggle;daily_inspiration;directing_academic_footnote;method_terms,OCR/text-layer extraction candidate copied exactly from CSV field candidate_text_from_extraction_not_final; do not quote publicly until visually verified and cleared.
MCT-UWINDSOR-365-REJECT-0603,same_item_page_source_page_cap,6d5563e9f2801037,quote_candidates_priority.csv,508,622,1,"DIRECTING THE PlAY In the work we have done with The Golden Steed, we have tried to coordinate our speech with our gestures. Our second step is to start again from the beginning and try to find the right atmosphere.",cca1b114186eb106,111,0.894,actor_struggle;daily_inspiration;directing_academic_footnote;method_terms,OCR/text-layer extraction candidate copied exactly from CSV field candidate_text_from_extraction_not_final; do not quote publicly until visually verified and cleared.
MCT-UWINDSOR-365-REJECT-0604,same_item_page_source_page_cap,61bb3b3c469b6408,quote_candidates_priority.csv,628,671,3,It is very interestins to see how easily the atmosphere was created because you approached it through the imagination. the whole scene was a composition of psychological SEStures. But in giving such a problem the danger lies in doing everything too quickly.,1ddbbceac7214b59,109,0.891,actor_struggle;daily_inspiration;directing_academic_footnote;method_terms,OCR/text-layer extraction candidate copied exactly from CSV field candidate_text_from_extraction_not_final; do not quote publicly until visually verified and cleared.
MCT-UWINDSOR-365-REJECT-0605,same_item_page_source_page_cap,4e210b5fd9783b81,quote_candidates_priority.csv,476,743,2,"The first position is a contmctod'cme on the ground, as if you are pulling something, tho second moment is on the knees. tho arms outstretched to the sides holding something; tho third position is again sitting on the floor, but not contmctod this time. and pushing something away. As a condition. the tempo is given: the beginning is very slow. the middle part very quick. and very slow at the end.",df4449cbc1c7afb9,111,0.884,directing_academic_footnote;method_terms,OCR/text-layer extraction candidate copied exactly from CSV field candidate_text_from_extraction_not_final; do not quote publicly until visually verified and cleared.
MCT-UWINDSOR-365-REJECT-0606,same_item_page_source_page_cap,b946af1e8a1ac628,quote_candidates_priority.csv,531,756,2,"When you take the objective you do it with your whole body and whole boing, and the some is true with concentration. When you send out your gill to the object you must take in everything which is in and around you.",a2b6d4a27b89c5d0,111,0.893,actor_struggle;daily_inspiration;directing_academic_footnote;method_terms,OCR/text-layer extraction candidate copied exactly from CSV field candidate_text_from_extraction_not_final; do not quote publicly until visually verified and cleared.
MCT-UWINDSOR-365-REJECT-0607,overrepresented_item_cap_2,,quote_candidates_priority.csv,769,937,1,"1939 OBJECTIVE USE OF THE WHOLE BEIGE} Staniulnvnky onazcmvza ‘ _ Thq first point of the Method which \7o‘hav‘o touched was ivpglnutian. The, main of the imaginalion in so vast ﬁnd profound‘ that \16 havo>not begun to oxhnuuvt‘ it, but our problem 113 to undointa‘nd 1+. throlxgh examining it.",4cc1dd9603f9378a,108,0.865,actor_struggle;daily_inspiration;directing_academic_footnote;method_terms,OCR/text-layer extraction candidate copied exactly from CSV field candidate_text_from_extraction_not_final; do not quote publicly until visually verified and cleared.
MCT-UWINDSOR-365-REJECT-0608,overrepresented_item_cap_2,,quote_candidates_priority.csv,483,895,8,Theme: danger — fix-u. (bow-J.) We nuu‘c be trained as actors: no that ‘10 will not nﬁop our creative pronoun until ya want to step it. The girls will fem a. group — two qualities - hot and 01cm in first part - cold and quick in last part.,1b8487e97232ef0d,111,0.856,actor_struggle;daily_inspiration;directing_academic_footnote;method_terms,OCR/text-layer extraction candidate copied exactly from CSV field candidate_text_from_extraction_not_final; do not quote publicly until visually verified and cleared.
MCT-UWINDSOR-365-REJECT-0609,same_item_page_source_page_cap,668ce6a47aab5037,quote_candidates_priority.csv,496,861,1,"It is not real beginning and real end — it is like a circle. We shall establish this feel— ing of the whole. with qualities for beginning. and end of this improvisationx Beginning - Heavy legato concentric End — Light staccato (expansion) eccentric The theme must never be lost ~ different interpretations but never different theme - in this play you are always enemies, you never becomo friends.",f2f0601557046d6d,111,0.877,daily_inspiration;directing_academic_footnote;method_terms,OCR/text-layer extraction candidate copied exactly from CSV field candidate_text_from_extraction_not_final; do not quote publicly until visually verified and cleared.
MCT-UWINDSOR-365-REJECT-0610,same_item_page_source_page_cap,024582e4216e5ab5,quote_candidates_priority.csv,519,1070,7,"All the moral preaching is nothing, in comparison with the theatre, if one has the vision as to what will be the end of this beginning. And if one has only the courage to say that we are in a state of degeneration.",2ea49a8258c6ad13,111,0.890,actor_struggle;daily_inspiration;directing_academic_footnote,OCR/text-layer extraction candidate copied exactly from CSV field candidate_text_from_extraction_not_final; do not quote publicly until visually verified and cleared.
MCT-UWINDSOR-365-REJECT-0611,substring_or_overlap_duplicate,4346fad9029271ae,quote_candidates_priority.csv,658,1022,1,"I won't."" But this is not our point of viow because \10 are a. school. We must take the point of View that we have all the abilities nocoosufy for an artist and that in the school we must develop theoo ubilitﬁoo. \10 must dovdiop our irongination. our concentration, our ability for group feeling. for radiation, for fouling of form, fooling of‘bcauty. otc.",b7a0298052929688,109,0.877,actor_struggle;daily_inspiration;directing_academic_footnote;method_terms,OCR/text-layer extraction candidate copied exactly from CSV field candidate_text_from_extraction_not_final; do not quote publicly until visually verified and cleared.
MCT-UWINDSOR-365-REJECT-0612,overrepresented_item_cap_2,,quote_candidates_priority.csv,573,897,8,"1938 dividing the play into unite, It is helpful in grasping the whole play as everything comes more or leee:lm order. but it requires again development of certain abilities in.ue as actors - to divide the play into eeetiene intellectually in very easy, but the task is to not these sections 50 that it will be an ector‘s production! and net onlv the director‘s intellectual euggeetiene.",845f9fc465a81244,110,0.889,actor_struggle;daily_inspiration;directing_academic_footnote,OCR/text-layer extraction candidate copied exactly from CSV field candidate_text_from_extraction_not_final; do not quote publicly until visually verified and cleared.
MCT-UWINDSOR-365-REJECT-0613,exact_normalized_duplicate,892fc213a6dc4221,quote_candidates_priority.csv,83,919,4,"If we should go on with this I would any that Miriam should try to express the metamorphoceo of tho cootumoo and tho characters. hhonvﬁou are Working pith ouch directors as vo have in our school, vmo are trying to olaborato this idea of metamorphoscs in tho whole play through costumes, settings. acting and everything! the designer must be more interested and more careful with the transitions and tho motamorphosoo from the beginning to the end, and why the play in divided into three parts. ctc.. etc. when working with such directors it will be essential for tho stage designer to pay ottontion to the idea of the motomorphoois of tho whole.",892fc213a6dc4221,123,0.886,actor_struggle;daily_inspiration;directing_academic_footnote,OCR/text-layer extraction candidate copied exactly from CSV field candidate_text_from_extraction_not_final; do not quote publicly until visually verified and cleared.
MCT-UWINDSOR-365-REJECT-0614,same_item_page_source_page_cap,ff919c820fd9f6b0,quote_candidates_priority.csv,486,885,2,"Now try to oxporionoo it with your whole body, in a sense try to find tho psychological gesture for the whole play. Then try to find morn archetypal gestures occupying yuur whole body. your whole actor's instrument.",240025d8dc2f0a5c,111,0.886,actor_struggle;daily_inspiration;directing_academic_footnote;method_terms,OCR/text-layer extraction candidate copied exactly from CSV field candidate_text_from_extraction_not_final; do not quote publicly until visually verified and cleared.
MCT-UWINDSOR-365-REJECT-0615,overrepresented_item_cap_2,,quote_candidates_priority.csv,745,592,5,"Soul is mood, feeling, warmth, In the theatre the content or the plot of the play is spirit, and the atmosphere is tﬁo soul of the performance. This soul of the performance is independent of the artists, just as the atmosphere of the disaster is independent of the disaster,.",77a200ac082ee09b,108,0.886,actor_struggle;daily_inspiration;directing_academic_footnote;method_terms,OCR/text-layer extraction candidate copied exactly from CSV field candidate_text_from_extraction_not_final; do not quote publicly until visually verified and cleared.
MCT-UWINDSOR-365-REJECT-0616,same_item_page_source_page_cap,04e658476c1dd784,quote_candidates_priority.csv,692,733,1,"MIDDLE, AND END: No one can say where these divisions comm the first part can be very clover and intellectual, the second part very mu of foolings and passions, and the third part can be absolutely slow - killing, dying. It depends absolutely on the director.",d7dea11adec9547a,109,0.880,actor_struggle;directing_academic_footnote,OCR/text-layer extraction candidate copied exactly from CSV field candidate_text_from_extraction_not_final; do not quote publicly until visually verified and cleared.
MCT-UWINDSOR-365-REJECT-0617,overrepresented_item_cap_2,,quote_candidates_priority.csv,650,656,7,"In our profession not only is it ;ot understanding, but it prevents future understanding. consequently the actor jumps too quickly to the feelings and to acting. Sometimes the director must remind his cast why we oro doing these psychological gestures.",63ccf80bcf198b3b,109,0.889,actor_struggle;daily_inspiration;directing_academic_footnote;method_terms,OCR/text-layer extraction candidate copied exactly from CSV field candidate_text_from_extraction_not_final; do not quote publicly until visually verified and cleared.
MCT-UWINDSOR-365-REJECT-0618,same_item_page_source_page_cap,24f4a744828a1fb6,quote_candidates_priority.csv,318,606,3,"We can do this only through the development of our imagination. First of all1, we must develop our imagination in connection with the feeling of atmosphere.",ba05cc0762f92fd2,114,0.883,actor_struggle;daily_inspiration;directing_academic_footnote;method_terms,OCR/text-layer extraction candidate copied exactly from CSV field candidate_text_from_extraction_not_final; do not quote publicly until visually verified and cleared.
MCT-UWINDSOR-365-REJECT-0619,same_item_page_source_page_cap,ad812a41ad01c712,quote_candidates_priority.csv,641,652,2,"Such a feeling can be the first step towards the new understanding of the theatre. and with such an understanding perhaps we will be able to create a really new kind of theatre. The task is very big, and the problems are difficult. and the future is very far.",7c2d934892beed95,109,0.877,actor_struggle;daily_inspiration;directing_academic_footnote,OCR/text-layer extraction candidate copied exactly from CSV field candidate_text_from_extraction_not_final; do not quote publicly until visually verified and cleared.
MCT-UWINDSOR-365-REJECT-0620,overrepresented_item_cap_2,,quote_candidates_priority.csv,819,754,2,"They must ﬁnd each oﬁher - wi‘uhout this first stop nobody is able to establish any contact. They moot find each othe , and this we do by tho means: which we call doing an invisible gesture inaido of us, to open our apparatus for receiving ovarythimg which is invisible.",28a5995255dba039,108,0.889,actor_struggle;daily_inspiration;directing_academic_footnote;method_terms,OCR/text-layer extraction candidate copied exactly from CSV field candidate_text_from_extraction_not_final; do not quote publicly until visually verified and cleared.
MCT-UWINDSOR-365-REJECT-0621,substring_or_overlap_duplicate,d2539dba354c5936,quote_candidates_priority.csv,347,752,10,You want to penetrate into the most innermost part of his soul in order to find out whether he ie spying or not. Again you must take the objective with your whole body. because you must tako it through your body. in order to awaken some beautiful new qualities for your actor’s being. with your whole body try to suspect him. and you will truly awaken the most beautiful feeling for tho actor. that or be— ing present on the stage with your whole being.,13a8f556d46c7da2,113,0.893,actor_struggle;daily_inspiration;directing_academic_footnote;method_terms,OCR/text-layer extraction candidate copied exactly from CSV field candidate_text_from_extraction_not_final; do not quote publicly until visually verified and cleared.
MCT-UWINDSOR-365-REJECT-0622,overrepresented_item_cap_2,,quote_candidates_priority.csv,385,656,4,"They will never be readynzde. You must find the aceture which is the idea of the whole scene, but to get this you must give the clearest pcssiblo gesture, than you will know whether it is right or not.",e285f8f9b5098534,112,0.873,actor_struggle;daily_inspiration;directing_academic_footnote;method_terms,OCR/text-layer extraction candidate copied exactly from CSV field candidate_text_from_extraction_not_final; do not quote publicly until visually verified and cleared.
MCT-UWINDSOR-365-REJECT-0623,overrepresented_item_cap_2,,quote_candidates_priority.csv,248,746,32,"1937 The Fishing Scone: Instead of ntnrting the play at the end of three days of waiting, it might be possible to present the whole metamorphosis of waiting in the play and have it appear to lost ono day. the Cast should be at a point of great anxiety at tho and: whereas. by the end of three dnya, you have really got beyond the most terrible tonoion. I would like to son tho play started at n lover point or tonaion! no that it could grow steadily through tho whole play. in incroouing waves.",83a8fb3c826cea1f,115,0.893,actor_struggle;daily_inspiration;directing_academic_footnote,OCR/text-layer extraction candidate copied exactly from CSV field candidate_text_from_extraction_not_final; do not quote publicly until visually verified and cleared.
MCT-UWINDSOR-365-REJECT-0624,same_item_page_source_page_cap,9fd53bb99895b52a,quote_candidates_priority.csv,661,811,2,"QUALITIES: First, the osychological gesture must be filled with gualities - we must fill it. ‘This means, that if we are going to do a certain gesture, ""I am going to open ny whole body, my whole being,"" I must ask myself what qualities I want to incorporate 7 this gesture, because the sesture itself can mean nothing orit can mean too much, which is also nothing.",1cf7125722449e6b,109,0.880,actor_struggle;daily_inspiration;directing_academic_footnote;method_terms,OCR/text-layer extraction candidate copied exactly from CSV field candidate_text_from_extraction_not_final; do not quote publicly until visually verified and cleared.
MCT-UWINDSOR-365-REJECT-0625,overrepresented_item_cap_2,,quote_candidates_priority.csv,772,802,8,"If you one able to do staccato and legato. it is not important if your heart is sleeping; If, by making certaidéﬁforte. xm are able to send out the atmosphere. but it is an illusion, very soon the audience will laugh at our attempts and 1m :n11 have to blush and say that no have worked for three years and made certain efforts. but there is no result.",8770dfdc80371337,108,0.890,actor_struggle;daily_inspiration;directing_academic_footnote;method_terms,OCR/text-layer extraction candidate copied exactly from CSV field candidate_text_from_extraction_not_final; do not quote publicly until visually verified and cleared.
MCT-UWINDSOR-365-REJECT-0626,overrepresented_item_cap_2,,quote_candidates_priority.csv,892,592,6,"The §crfornlnec must be rhythmical, and this can only be when the whole body and spirit and soul of the perfornance is working tojothor in full harmony. Just as the heart is absolutely necessary for the human being, the atmosphere is necessary for the performance because it is the heart of the performance.",c409981bef85de76,106,0.891,actor_struggle;daily_inspiration;directing_academic_footnote;method_terms,OCR/text-layer extraction candidate copied exactly from CSV field candidate_text_from_extraction_not_final; do not quote publicly until visually verified and cleared.
MCT-UWINDSOR-365-REJECT-0627,overrepresented_item_cap_2,,quote_candidates_priority.csv,629,837,6,"We come to the middle part which is emptiness - everybody has lost his former pcttorn and existence. and everybody to a csrtﬁin BXtent has died. ihe world becomes empty and dead. and the storm has ceased. and the cleverness and life and majesty has expired. How, will you please follow the imaginary form which is a little bit difficult - the earthy life of Lear expires.",8eeb039fa29809fa,109,0.888,actor_struggle;daily_inspiration;directing_academic_footnote;method_terms,OCR/text-layer extraction candidate copied exactly from CSV field candidate_text_from_extraction_not_final; do not quote publicly until visually verified and cleared.
MCT-UWINDSOR-365-REJECT-0628,substring_or_overlap_duplicate,5116f53e29bc476d,quote_candidates_priority.csv,535,1005,13,"Each sentence can be ecnnEbio. can be interesting as an objective. and the objective for each sentence can be explained, but you :1th have in your imagination the whole play, than each sentence will become significant.",8f709e7334368414,111,0.875,actor_struggle;daily_inspiration;directing_academic_footnote;method_terms,OCR/text-layer extraction candidate copied exactly from CSV field candidate_text_from_extraction_not_final; do not quote publicly until visually verified and cleared.
MCT-UWINDSOR-365-REJECT-0629,overrepresented_item_cap_2,,quote_candidates_priority.csv,618,667,2,"The threshold is always there, in small as well as in big things ~ it is a very important climax in each moment of life. The threshold must be sensed. out if this is done subconsciously, or not consciously enough,z,it will spoil the coming event.",e9a71ff278010bb7,109,0.892,actor_struggle;daily_inspiration;directing_academic_footnote,OCR/text-layer extraction candidate copied exactly from CSV field candidate_text_from_extraction_not_final; do not quote publicly until visually verified and cleared.
MCT-UWINDSOR-365-REJECT-0630,same_item_page_source_page_cap,636f422e2878ecfb,quote_candidates_priority.csv,787,895,7,Please imagine the whole performance in term: of qualitleu and climaxeu - all other things we will inprovluo. “hut was good in thin exorcise nae 1:th we could understand thee all these simple things. thoee qualities must be reheat-sod. and 11; was a very good sign that we could not,fe4a5b05516b01f2,108,0.869,actor_struggle;daily_inspiration;directing_academic_footnote;method_terms,OCR/text-layer extraction candidate copied exactly from CSV field candidate_text_from_extraction_not_final; do not quote publicly until visually verified and cleared.
MCT-UWINDSOR-365-REJECT-0631,same_item_page_source_page_cap,79159b9ddd57d171,quote_candidates_priority.csv,913,1077,4,"Neither is the result. they are only the springboard for awakening the two main.things Which actors must always use to the fullest extent — our will. or action, and our feelings. For action we must just choose what to do or the action, and for the future feelings, we must choose how to do it, or the gualitx.",247a37ae433d89f7,106,0.887,actor_struggle;daily_inspiration;directing_academic_footnote;method_terms,OCR/text-layer extraction candidate copied exactly from CSV field candidate_text_from_extraction_not_final; do not quote publicly until visually verified and cleared.
MCT-UWINDSOR-365-REJECT-0632,overrepresented_item_cap_2,,quote_candidates_priority.csv,365,667,2,"In giving the problem the director must help to get the results. The threshold is always there, in small as well as in big things ~ it is a very important climax in each moment of life.",6fe2fb9837a6c9e3,112,0.892,actor_struggle;daily_inspiration;directing_academic_footnote,OCR/text-layer extraction candidate copied exactly from CSV field candidate_text_from_extraction_not_final; do not quote publicly until visually verified and cleared.
MCT-UWINDSOR-365-REJECT-0633,same_item_page_source_page_cap,b1d855df59cf3707,quote_candidates_priority.csv,905,558,3,The only difference (a that now we are applying it In our labors over an artistic work oi one kind or another. Actors and directors of tha future will make thzlr first acquulnLance with a play in a runner identical with Ihe way in which the soul of a child receives the first. impreanlonu of Ilia around It.,b685b7afd40cd92a,106,0.889,actor_struggle;daily_inspiration;directing_academic_footnote,OCR/text-layer extraction candidate copied exactly from CSV field candidate_text_from_extraction_not_final; do not quote publicly until visually verified and cleared.
MCT-UWINDSOR-365-REJECT-0634,same_item_page_source_page_cap,2fb160ea4349d007,quote_candidates_priority.csv,873,1071,21,"Another time you concentrate for quite another aim - you muio ate your feelings from the stage. You can use it for establishing contact with your partners, and you can use it \7h0n you first enter tho stage for hinting to your audience what will happen to the here at the end of the play.",595e2ff1c25185c4,107,0.887,actor_struggle;directing_academic_footnote,OCR/text-layer extraction candidate copied exactly from CSV field candidate_text_from_extraction_not_final; do not quote publicly until visually verified and cleared.
MCT-UWINDSOR-365-REJECT-0635,overrepresented_item_cap_2,,quote_candidates_priority.csv,780,1024,9,"19% touch it, and than Hamlet npohko for the first time the mm; ""ﬁpthhr."" Have thin picture no full as possible with your ohen heul‘f and soul. Nov tho objective is. {'1 want to evaluate the manly."" 11*. may not be fulfilled at the moment. hut it pan pa fulfilled gradually.",6705e6d79dc8ff76,108,0.878,actor_struggle;daily_inspiration;directing_academic_footnote;method_terms,OCR/text-layer extraction candidate copied exactly from CSV field candidate_text_from_extraction_not_final; do not quote publicly until visually verified and cleared.
MCT-UWINDSOR-365-REJECT-0636,substring_or_overlap_duplicate,dab7adc18205fdcb,quote_candidates_priority.csv,537,750,8,"First start by listening to a sound. and then add your will. music has no space as you know: it exists in time. but for us it is the some thing - we must send our will into the past. present, or future time.",1331b6578333fb92,111,0.887,actor_struggle;daily_inspiration;directing_academic_footnote,OCR/text-layer extraction candidate copied exactly from CSV field candidate_text_from_extraction_not_final; do not quote publicly until visually verified and cleared.
MCT-UWINDSOR-365-REJECT-0637,same_item_page_source_page_cap,65d2bafd2ebcd913,quote_candidates_priority.csv,797,857,2,"How. we have done this technically several times and we know what we are going to do - take the first simply rhythm exercises, absolutely seriously, and they will bring us the result. The idea for the first time is to experience this process as a whole - nothing more.",3563987789be4471,108,0.885,actor_struggle;daily_inspiration;directing_academic_footnote;method_terms,OCR/text-layer extraction candidate copied exactly from CSV field candidate_text_from_extraction_not_final; do not quote publicly until visually verified and cleared.
MCT-UWINDSOR-365-REJECT-0638,overrepresented_item_cap_2,,quote_candidates_priority.csv,363,1078,25,"Vakhtangov told me that if I had an imaginary circle on the floor and tried to go through it but could not, then it would be something of Eric, From this we have found a certain form of gesture and shouting for the whole play. | when, for instance, you have found ‘an: archetype =~ complicated and noisy, etc, ~ in time you will find a gimpler form, and suddenly you will find a sly gesture which will speak the whole part for you.",6ad12fb592b6f250,112,0.883,actor_struggle;daily_inspiration;directing_academic_footnote;method_terms,OCR/text-layer extraction candidate copied exactly from CSV field candidate_text_from_extraction_not_final; do not quote publicly until visually verified and cleared.
MCT-UWINDSOR-365-REJECT-0639,overrepresented_item_cap_2,,quote_candidates_priority.csv,677,739,5,"In tho case of The Fishing Scone, if Deirdre had had this! real ground for the objective. or jus— tification. or feeling of truth, or atmosphere, or all together, than the actors could have acted, and the technical workers would not have disturbed them. Because if “he actors are pre— tending in the good sense of tho work. then the technical workers cannot disturb then.",1a957d263e57757a,109,0.883,actor_struggle;daily_inspiration;directing_academic_footnote;method_terms,OCR/text-layer extraction candidate copied exactly from CSV field candidate_text_from_extraction_not_final; do not quote publicly until visually verified and cleared.
MCT-UWINDSOR-365-REJECT-0640,same_item_page_source_page_cap,6e904bda145df89f,quote_candidates_priority.csv,600,647,1,"This gives us a special kind of ""spectacles"" through which we are able to find the main feeling, the main sction of the play. #From the end to the beginning, try to remember 211 the things we have spoken about. First the crowd as the hero of the play.",0149242c91c5e82a,109,0.880,actor_struggle;directing_academic_footnote,OCR/text-layer extraction candidate copied exactly from CSV field candidate_text_from_extraction_not_final; do not quote publicly until visually verified and cleared.
MCT-UWINDSOR-365-REJECT-0641,same_item_page_source_page_cap,c74ee4e489c893d5,quote_candidates_priority.csv,985,653,2,"In ordor to do the psychological seoﬁure, you oust not only use your imagination, but your whole body. in the play can be understood from doing these simple psychological gestures. Through them you will reach iho traded] underlying 1 play, without A c_oative state y to Jake this creative we start with one chh J"" D",fe218f6afc50f042,106,0.888,actor_struggle;daily_inspiration;directing_academic_footnote;method_terms,OCR/text-layer extraction candidate copied exactly from CSV field candidate_text_from_extraction_not_final; do not quote publicly until visually verified and cleared.
MCT-UWINDSOR-365-REJECT-0642,overrepresented_item_cap_2,,quote_candidates_priority.csv,848,652,7,"You will see how and why this is possible and necessary. The director must “bear"" the play in his imagination. with the help of the designer. author. and actors. no text always be two steps in advance of his cast, and therefore he must work with the sketch and prepare for each rehearsal.",0bba079143c1b52d,107,0.883,actor_struggle;daily_inspiration;directing_academic_footnote,OCR/text-layer extraction candidate copied exactly from CSV field candidate_text_from_extraction_not_final; do not quote publicly until visually verified and cleared.
MCT-UWINDSOR-365-REJECT-0643,same_item_page_source_page_cap,a6b7ef183714523f,quote_candidates_priority.csv,524,753,4,"C‘EN’D‘DR: Fake an effort to take thoeo things as if for the first time, and it will give you an important result. In our chests we have a center which in poworﬂll. which keeps our whole body, which holds it.",7839e7d3fea2d26d,111,0.882,actor_struggle;daily_inspiration;directing_academic_footnote;method_terms,OCR/text-layer extraction candidate copied exactly from CSV field candidate_text_from_extraction_not_final; do not quote publicly until visually verified and cleared.
MCT-UWINDSOR-365-REJECT-0644,same_item_page_source_page_cap,f74354e73903d2b6,quote_candidates_priority.csv,515,920,2,"Chekhov , iiovombor 3, 1938 imitation of those evil thingo. Try to find where the first. second and third parts are in the play. and the transitions. and try to read the whole play from this point of View.",c4a99a2c3f89a532,111,0.886,actor_struggle;daily_inspiration;directing_academic_footnote,OCR/text-layer extraction candidate copied exactly from CSV field candidate_text_from_extraction_not_final; do not quote publicly until visually verified and cleared.
MCT-UWINDSOR-365-REJECT-0645,same_item_page_source_page_cap,bfbe1d574fc89388,quote_candidates_priority.csv,927,1083,1,"ew York December 29, 1941 MICHAEL CHEXHOV'S FOURTEENTH CLABS FOR FROFESSIONAL ACTORS . ""CONTINUOUS ACTING oo CONTINUOUS ACTING IMPROVISATION THE ACTOR'S CREATIVE INDIVIDUALITY THE ACTOR IZ THE THEATRE BRIDGES AND TRANSITIONS PERFORMING ARCHETYPAL PSYCHOLOGY, NOT PERSONAL FEELINGS THE ARCHETYPE RHYTHM.",5085e29852ab38b1,106,0.890,actor_struggle;daily_inspiration;directing_academic_footnote;method_terms,OCR/text-layer extraction candidate copied exactly from CSV field candidate_text_from_extraction_not_final; do not quote publicly until visually verified and cleared.
MCT-UWINDSOR-365-REJECT-0646,overrepresented_item_cap_2,,quote_candidates_priority.csv,809,1072,2,First of all. the creative individuality fools itself as if surromded by the atmosphere of ﬁxture work - we may not yet know what it will he - but we know that our creative individuality io surrounded by a. certain definite atmosphere which in pleasantly worrying us.,01f41d29c1afd57f,108,0.882,actor_struggle;daily_inspiration;directing_academic_footnote;method_terms,OCR/text-layer extraction candidate copied exactly from CSV field candidate_text_from_extraction_not_final; do not quote publicly until visually verified and cleared.
MCT-UWINDSOR-365-REJECT-0647,overrepresented_item_cap_2,,quote_candidates_priority.csv,822,748,1,FEELINGS IﬂPROVISATICH - RHYTHMICAL IMPROVTSATION ARCHETYPE Chaliapin King Lear Let us spend a few minutes enjoying the new studio and greeting one another. At this moment I feel a great responsibility for the future. having been given everything by Jr. and Mrs.,da0f70a857bbab2e,108,0.889,actor_struggle;daily_inspiration;directing_academic_footnote;method_terms,OCR/text-layer extraction candidate copied exactly from CSV field candidate_text_from_extraction_not_final; do not quote publicly until visually verified and cleared.
MCT-UWINDSOR-365-REJECT-0648,same_item_page_source_page_cap,02c019b9be956b92,quote_candidates_priority.csv,925,1081,14,"If you force your physical body too early, then the whole thing could go to pieces, because you might rely upon your physical body only, or repeat your old cliches. After certain experience with the imaginary body and the center, you will find that almost at once your physical body will become like the imginary one.",9129ac0c1d343d30,106,0.887,actor_struggle;daily_inspiration;directing_academic_footnote;method_terms,OCR/text-layer extraction candidate copied exactly from CSV field candidate_text_from_extraction_not_final; do not quote publicly until visually verified and cleared.
MCT-UWINDSOR-365-REJECT-0649,overrepresented_item_cap_2,,quote_candidates_priority.csv,329,1083,3,"Now, after you have fulfilled this gesture, make a little pause in which you do not move, but allow things to go on inside your actor's nature, After the pause, drop the hand and sen quickly, and then look up and drop the head. In this way, an unwritten play will be started, THE ACTOR®S CREATIVE INDIVIDUALITY: Our —— actor's individuality is so rich and unique that we cannot imitate the director or ourselves, if we rely upon our inner creative abilities.",cffd32015b3079f1,113,0.888,actor_struggle;daily_inspiration;directing_academic_footnote;method_terms,OCR/text-layer extraction candidate copied exactly from CSV field candidate_text_from_extraction_not_final; do not quote publicly until visually verified and cleared.
MCT-UWINDSOR-365-REJECT-0650,same_item_page_source_page_cap,ae815b0fc826b460,quote_candidates_priority.csv,719,922,4,"If you will get this feeling of the whole. you will see that there is no time to make dead pauaae or dregeinSide you. ‘ it is absolutely in connection with the feeling of the whole, and it is in connection with the style of this special ploy.",5edb8e039d156478,109,0.888,actor_struggle;daily_inspiration;directing_academic_footnote;method_terms,OCR/text-layer extraction candidate copied exactly from CSV field candidate_text_from_extraction_not_final; do not quote publicly until visually verified and cleared.
MCT-UWINDSOR-365-REJECT-0651,overrepresented_item_cap_2,,quote_candidates_priority.csv,943,667,9,"Ghekhov February 11, 13‘? they will never be able to shout. ihat is why the brothers get behind tho crowd and 33%. “told thenl"". it is necessary for the whole play to reach those subterranean regions and than, if evoryﬁhiru is ihcro under in the most the carih, we are able to act the climbineffective way.",23b559804e4733f6,106,0.882,actor_struggle;daily_inspiration;directing_academic_footnote,OCR/text-layer extraction candidate copied exactly from CSV field candidate_text_from_extraction_not_final; do not quote publicly until visually verified and cleared.
MCT-UWINDSOR-365-REJECT-0652,same_item_page_source_page_cap,e30688a54c38cda7,quote_candidates_priority.csv,945,667,10,"Cno must always have an action in mind when doing a psychological gesture. The ideal is tho performance. and not the gesture as gesture. ihe gesture is only interesting A. for us if The psychological gesture must come out of your imagination, and the image and action will. in turn, grow out of this.",539c13851d6e9732,106,0.890,actor_struggle;daily_inspiration;directing_academic_footnote;method_terms,OCR/text-layer extraction candidate copied exactly from CSV field candidate_text_from_extraction_not_final; do not quote publicly until visually verified and cleared.
MCT-UWINDSOR-365-REJECT-0653,overrepresented_item_cap_2,,quote_candidates_priority.csv,610,1078,9,"50 it is not an isolated work, end cannot bes When 1 have mentioned that when the part is ready, we can use everything around us for our character, this same process actually takes place not only from the very beginning when you first take the",0fb702c04bd464c1,109,0.885,actor_struggle;directing_academic_footnote,OCR/text-layer extraction candidate copied exactly from CSV field candidate_text_from_extraction_not_final; do not quote publicly until visually verified and cleared.
MCT-UWINDSOR-365-REJECT-0654,same_item_page_source_page_cap,636f422e2878ecfb,quote_candidates_priority.csv,482,895,7,First climax - before the atom Second - at the and Big pauee - the moment of turning - it in the climax. Please imagine the whole performance in term: of qualitleu and climaxeu - all other things we will inprovluo.,4e4b3758fe940ce4,111,0.869,actor_struggle;daily_inspiration;directing_academic_footnote,OCR/text-layer extraction candidate copied exactly from CSV field candidate_text_from_extraction_not_final; do not quote publicly until visually verified and cleared.
MCT-UWINDSOR-365-REJECT-0655,same_item_page_source_page_cap,62fa060729f57101,quote_candidates_priority.csv,817,915,6,The first part of their theme in to bring a professional atmosphere into the court. secondly to organize evexythihg. and thirdly to retreat somewhere and wait for the sign which hamlet will give than to start. 'fhonm Ophelia. entera; her psychological theme is to find where is the mint which will comfort her. lice: soul is ﬂomdering like a dying bird.,02322a33f75c050b,108,0.879,actor_struggle;daily_inspiration;directing_academic_footnote;method_terms,OCR/text-layer extraction candidate copied exactly from CSV field candidate_text_from_extraction_not_final; do not quote publicly until visually verified and cleared.
MCT-UWINDSOR-365-REJECT-0656,overrepresented_item_cap_2,,quote_candidates_priority.csv,972,664,4,If it was action and objective. then it must be corrected immediately by the feeling of truth. if you allow such mistakes to grow you will get such bad results that your actors will not be able to correct then later. if you give them misc en scone. the actors must find the juotification for it and explore it as a situation.,217231e2087d4eab,106,0.896,actor_struggle;daily_inspiration;directing_academic_footnote;method_terms,OCR/text-layer extraction candidate copied exactly from CSV field candidate_text_from_extraction_not_final; do not quote publicly until visually verified and cleared.
MCT-UWINDSOR-365-REJECT-0657,substring_or_overlap_duplicate,79e7640f4224b4b0,quote_candidates_priority.csv,561,933,2,"Before you start to imagine your scene, you have to ask, ""what aml going to seen my imagination?"" You must as}: yourself what you are [going to see for your characterization - his body, or his inner life or certain movements or speech, how the scene develops. what the tempo oi‘ tho scene can suggost - if the tempo is slow. it is one psychological picture and if it is quick. it is quite anothor.",40674bd323b7bb23,110,0.884,actor_struggle;daily_inspiration;directing_academic_footnote;method_terms,OCR/text-layer extraction candidate copied exactly from CSV field candidate_text_from_extraction_not_final; do not quote publicly until visually verified and cleared.
MCT-UWINDSOR-365-REJECT-0658,same_item_page_source_page_cap,b5a51215348bf1d0,quote_candidates_priority.csv,654,930,4,"Therefore, we must appeal to our body. must stmighten it. and expand it in every Ian-action, amiss): it to help no to awoken our feelings. h'hen we are doing ""Ah,“ the whole body must be in tho state of ""Ah,"" in which you send streams out and get some streams from oomewhero. Your whole body must I feel sound. open. strong, alive, and full of stream 01"" warmth and light.",80c74fee129a9c3c,109,0.876,actor_struggle;daily_inspiration;directing_academic_footnote;method_terms,OCR/text-layer extraction candidate copied exactly from CSV field candidate_text_from_extraction_not_final; do not quote publicly until visually verified and cleared.
MCT-UWINDSOR-365-REJECT-0659,overrepresented_item_cap_2,,quote_candidates_priority.csv,969,817,4,"These definitions are, or course. only symbols because if you will really do it properly. you will feel that the whole world of feelings and qualities want to express themselves through this ges— ture. This is the real beauty and real purpose of the gesture - to awaken not only tones, but overtones.",ebabcf0ce2641488,106,0.887,actor_struggle;daily_inspiration;directing_academic_footnote;method_terms,OCR/text-layer extraction candidate copied exactly from CSV field candidate_text_from_extraction_not_final; do not quote publicly until visually verified and cleared.
MCT-UWINDSOR-365-REJECT-0660,same_item_page_source_page_cap,e503d621c285e149,quote_candidates_priority.csv,648,656,1,The beginning of the imagination must be very clearly pointed out. otherwino we will begin in a vacuum. We must not slur our everyday life and iho rehearsal. otherwiuo it brings about a half-and-half state. neither rehearsal nor everyday life.,194e72ed2cb58b0c,109,0.882,actor_struggle;daily_inspiration;directing_academic_footnote,OCR/text-layer extraction candidate copied exactly from CSV field candidate_text_from_extraction_not_final; do not quote publicly until visually verified and cleared.
MCT-UWINDSOR-365-REJECT-0661,overrepresented_item_cap_2,,quote_candidates_priority.csv,450,1081,8,"Chekhov December 15, 1941 more satisfying to our instinct to create something out of it and thon to see how the body.,os a eecondary thing. can adjust itself to this first. spiritual. imaginatively-created characterization. We have spoken about the imaginary center in our chest from which. if it in really experienced. we have get accustomed to the idea that we have a movable center from which everything is depending.",2eb3f34ce85a97d8,111,0.886,actor_struggle;daily_inspiration;directing_academic_footnote;method_terms,OCR/text-layer extraction candidate copied exactly from CSV field candidate_text_from_extraction_not_final; do not quote publicly until visually verified and cleared.
MCT-UWINDSOR-365-REJECT-0662,overrepresented_item_cap_2,,quote_candidates_priority.csv,431,1070,20,"No director can suggest things which the atmosphere can. and if it in there and the actors are agreed upon certain atmospheres end really creetc them, you will find. that you are acting tonight not just as you acted yesterday ‘- it will be different because the atmosphere is the life and the life is never the same. (in the stage we will find such a variety of things inside"" us. if we become inspired by atmospheres we crealte ourselves.",19153021ab43ff49,112,0.884,actor_struggle;daily_inspiration;directing_academic_footnote;method_terms,OCR/text-layer extraction candidate copied exactly from CSV field candidate_text_from_extraction_not_final; do not quote publicly until visually verified and cleared.
MCT-UWINDSOR-365-REJECT-0663,same_item_page_source_page_cap,9955cb2237ee278a,quote_candidates_priority.csv,332,817,1,"Secondly, We have established that the gesture must occupy the whole body (better to say the whole being). because the whole being includes the psychological and physical whole. (Thinking - that is ""imagining"" in our profession.) The psychological gesture, if it is made by the whole body, is like a form into whieh. and through which we must pour out different qualities we need for this or that aim. Under quel— ities we are free to understand everytldng.",3c90b6d5c64bce5d,113,0.881,actor_struggle;daily_inspiration;directing_academic_footnote;method_terms,OCR/text-layer extraction candidate copied exactly from CSV field candidate_text_from_extraction_not_final; do not quote publicly until visually verified and cleared.
MCT-UWINDSOR-365-REJECT-0664,same_item_page_source_page_cap,024582e4216e5ab5,quote_candidates_priority.csv,521,1070,7,But the beginning was very high and the end will be still higher. Therefore. there in very much to do in the theatre. many things have to be rediscovered so that the beginning will become the end.,882770028b604e28,111,0.890,actor_struggle;daily_inspiration;directing_academic_footnote,OCR/text-layer extraction candidate copied exactly from CSV field candidate_text_from_extraction_not_final; do not quote publicly until visually verified and cleared.
MCT-UWINDSOR-365-REJECT-0665,overrepresented_item_cap_2,,quote_candidates_priority.csv,563,746,1,NATURALISH THE 1mm OF THE PLOT \ - SUGGESTIONS FOR DIRECTORS sxzmum mm DISCARD TEMPO - BEGINNING - MIDDLE — END - CLIL'AXBS 2.31573 EN schus SUGGESTIONS mom msms .3 STYLE CHARACTERIZATIOi-I Chaliopin StanirJJAvoky THE ART OF THE ﬁiEATRE VS. NATURALISLEI Evaluation of tho Porfomanon of July 12th: The idea of this criticism in to give our directors and actors something to think of during the summer.,f890705185fef633,110,0.884,daily_inspiration;directing_academic_footnote;method_terms,OCR/text-layer extraction candidate copied exactly from CSV field candidate_text_from_extraction_not_final; do not quote publicly until visually verified and cleared.
MCT-UWINDSOR-365-REJECT-0666,same_item_page_source_page_cap,bb9a3eb9f1de4264,quote_candidates_priority.csv,425,1074,18,"Let us repeat the exercise, first it is quick, annoyed, and loud, then at the end, slow, interested, and soft, These qualities or contrasts will entice certain feelings in us.",5020ed9d91636d25,112,0.891,actor_struggle;directing_academic_footnote;method_terms,OCR/text-layer extraction candidate copied exactly from CSV field candidate_text_from_extraction_not_final; do not quote publicly until visually verified and cleared.
MCT-UWINDSOR-365-REJECT-0667,substring_or_overlap_duplicate,b5616be99c71550e,quote_candidates_priority.csv,405,851,1,Through tho whole scene tho audience must feel that the group is more and more attracted to the spy. so that at the end of his speech he and they are really one being. one body.,d6775f1d3e8ebf4d,112,0.888,actor_struggle;daily_inspiration;directing_academic_footnote,OCR/text-layer extraction candidate copied exactly from CSV field candidate_text_from_extraction_not_final; do not quote publicly until visually verified and cleared.
MCT-UWINDSOR-365-REJECT-0668,overrepresented_item_cap_2,,quote_candidates_priority.csv,876,1074,8,"So the same character can use the contrast of these three regions of will, feelings, and thought which we have spoken about, Lear will be more expressive if he uses such contrasts. | Then the director can imagine the play, and find the contrast between the beginning and the end.",4b79efc96893bfc4,107,0.885,actor_struggle;directing_academic_footnote,OCR/text-layer extraction candidate copied exactly from CSV field candidate_text_from_extraction_not_final; do not quote publicly until visually verified and cleared.
MCT-UWINDSOR-365-REJECT-0669,overrepresented_item_cap_2,,quote_candidates_priority.csv,574,897,8,"Chekhov June 28. 1938 dividing the play into unite, It is helpful in grasping the whole play as everything comes more or leee:lm order. but it requires again development of certain abilities in.ue as actors - to divide the play into eeetiene intellectually in very easy, but the task is to not these sections 50 that it will be an ector‘s production! and net onlv the director‘s intellectual euggeetiene.",23b62b1fdb6304b5,110,0.889,actor_struggle;daily_inspiration;directing_academic_footnote,OCR/text-layer extraction candidate copied exactly from CSV field candidate_text_from_extraction_not_final; do not quote publicly until visually verified and cleared.
MCT-UWINDSOR-365-REJECT-0670,same_item_page_source_page_cap,3c4f5cfb8b30eeb9,quote_candidates_priority.csv,653,659,4,These simple exorcise: for the psychological gesture will grow with experience. If you will build the whole scene by means of you: psychological gesture. you uill at the same time rehearse the play. but on a level which is much richer.,d593f2764232264c,109,0.890,actor_struggle;daily_inspiration;directing_academic_footnote;method_terms,OCR/text-layer extraction candidate copied exactly from CSV field candidate_text_from_extraction_not_final; do not quote publicly until visually verified and cleared.
MCT-UWINDSOR-365-REJECT-0671,same_item_page_source_page_cap,7a8bf268f5cddbb3,quote_candidates_priority.csv,726,784,5,"W RADIATION: Criticism: - The voices were freer, but in this freedom you must have method. There were many mistakes of course. but the one I want to draw your attention to is that it was really small, from the director's point of View.",1721cf5ed5e0d8d7,109,0.890,actor_struggle;daily_inspiration;directing_academic_footnote;method_terms,OCR/text-layer extraction candidate copied exactly from CSV field candidate_text_from_extraction_not_final; do not quote publicly until visually verified and cleared.
MCT-UWINDSOR-365-REJECT-0672,overrepresented_item_cap_2,,quote_candidates_priority.csv,287,817,4,"It is not only for a sentence, but for the whole play. At the moment you pay attention to this pleasure you will get many things from it.",f5e9651d5f7246e1,114,0.887,actor_struggle;daily_inspiration;directing_academic_footnote;method_terms,OCR/text-layer extraction candidate copied exactly from CSV field candidate_text_from_extraction_not_final; do not quote publicly until visually verified and cleared.
MCT-UWINDSOR-365-REJECT-0673,overrepresented_item_cap_2,,quote_candidates_priority.csv,747,558,4,"Uhekhov The Theatre of the Future play and will react to its spirit. to its atmosphere, as one reeeta to music. They will find themselves ateoped in the tragic. lyrical. melodramatic or humorous world. depending on the kind of play they are to work upon.",c7781ad129761fc6,108,0.890,actor_struggle;daily_inspiration;directing_academic_footnote;method_terms,OCR/text-layer extraction candidate copied exactly from CSV field candidate_text_from_extraction_not_final; do not quote publicly until visually verified and cleared.
MCT-UWINDSOR-365-REJECT-0674,overrepresented_item_cap_2,,quote_candidates_priority.csv,645,926,25,"Try to combine the feeling of the whole, feeling of form. feeling of ease. fooling of beauty ~ all Four Brothers which we must have continuously. IMAGINATION I New Students: Imagination is tho 1351913 for all the following work and preparation.",6f73a207562eddd0,109,0.875,actor_struggle;daily_inspiration;directing_academic_footnote;method_terms,OCR/text-layer extraction candidate copied exactly from CSV field candidate_text_from_extraction_not_final; do not quote publicly until visually verified and cleared.
MCT-UWINDSOR-365-REJECT-0675,overrepresented_item_cap_2,,quote_candidates_priority.csv,887,772,5,"But if the actor is only waiting for the director's suggestion, the director becomes more wd more helpless. In the Second Roscoe Art Theatre I tried an experiment with three directors.1 I gave them a task by telling them. you are three directors but there is a fourth one which exists among you who will inspire you. so will you please produce 1%.",338a7ff5d1622c25,107,0.890,actor_struggle;daily_inspiration;directing_academic_footnote,OCR/text-layer extraction candidate copied exactly from CSV field candidate_text_from_extraction_not_final; do not quote publicly until visually verified and cleared.
MCT-UWINDSOR-365-REJECT-0676,overrepresented_item_cap_2,,quote_candidates_priority.csv,390,1022,8,"The two gestures must be thorer—tremondous gesture to be able to touch and hold, and tremendous activity to be able to receive the answer. , . o _ Whether it is the lamp or the univoree which is the objeet, the technique is tho same and tho whole being is organized for these exercises. not only the ates or ears or other senses. but the whole being with all its powers end abilitieu. Feeling of ease: Start with tho desire to be light and easy.",50ad3a94aee4059a,112,0.887,actor_struggle;daily_inspiration;directing_academic_footnote;method_terms,OCR/text-layer extraction candidate copied exactly from CSV field candidate_text_from_extraction_not_final; do not quote publicly until visually verified and cleared.
MCT-UWINDSOR-365-REJECT-0677,same_item_page_source_page_cap,6f0b227a70478211,quote_candidates_priority.csv,616,662,3,"All directors muut do this from time to time. You must remind your cast that the whole playis to be done. when you give exercises for small momonts, you must also give exercises for the whole play so that the results will come sooner.",d58a8f641b74fd0e,109,0.888,actor_struggle;daily_inspiration;directing_academic_footnote,OCR/text-layer extraction candidate copied exactly from CSV field candidate_text_from_extraction_not_final; do not quote publicly until visually verified and cleared.
MCT-UWINDSOR-365-REJECT-0678,same_item_page_source_page_cap,48f36bb14e6aaf51,quote_candidates_priority.csv,849,652,9,"Griti so of first Eeheorsal: Deirdre: is diroctor you must find the ""form” of this soeno. You must prepare alone these forms and moments in the scene. we need much time to awaken our imaginations because we cannot at the present time imagine things quickly and react to them.",e1727334eabb7738,107,0.886,actor_struggle;directing_academic_footnote;method_terms,OCR/text-layer extraction candidate copied exactly from CSV field candidate_text_from_extraction_not_final; do not quote publicly until visually verified and cleared.
MCT-UWINDSOR-365-REJECT-0679,overrepresented_item_cap_2,,quote_candidates_priority.csv,877,1074,8,"lags Pra, \ & Tr Mee ¢ Chekhov November 21, 1941 nead - thinking. So the same character can use the contrast of these three regions of will, feelings, and thought which we have spoken about, Lear will be more expressive if he uses such contrasts. | Then the director can imagine the play, and find the contrast between the beginning and the end.",bbe58b3c5b79da1f,107,0.885,actor_struggle;directing_academic_footnote,OCR/text-layer extraction candidate copied exactly from CSV field candidate_text_from_extraction_not_final; do not quote publicly until visually verified and cleared.
MCT-UWINDSOR-365-REJECT-0680,same_item_page_source_page_cap,2d3a14fcd50c216f,quote_candidates_priority.csv,387,656,10,"After he sees that inspiration has touched his actors, he must let them be free. At the beginning the director must improvise, then later the actors will improvise for him.",62019b5299f7719b,112,0.889,actor_struggle;daily_inspiration;directing_academic_footnote,OCR/text-layer extraction candidate copied exactly from CSV field candidate_text_from_extraction_not_final; do not quote publicly until visually verified and cleared.
MCT-UWINDSOR-365-REJECT-0681,same_item_page_source_page_cap,c00719a8f1a21795,quote_candidates_priority.csv,583,859,1,"Third. We have discovered that the beginning. the first part. and the end, the last part, more or less in a certain way are optosite to each other. living through a rhythmical process, through a rhythmical whole.",6bfc794eb9722916,110,0.889,daily_inspiration;directing_academic_footnote,OCR/text-layer extraction candidate copied exactly from CSV field candidate_text_from_extraction_not_final; do not quote publicly until visually verified and cleared.
MCT-UWINDSOR-365-REJECT-0682,overrepresented_item_cap_2,,quote_candidates_priority.csv,997,656,2,"Iho director must know this form. and kocp it in mind. but the actors are not yet calo to bring this form into being. ihe ford at thin stage will be nothing, or it will 2213 than cold and kill inutoad of y about the beauty of the in: giving them a ionling of go 'ch you save it the may in This cane too early 31th;",7eafcb4b023b2fea,106,0.869,actor_struggle;daily_inspiration;directing_academic_footnote;method_terms,OCR/text-layer extraction candidate copied exactly from CSV field candidate_text_from_extraction_not_final; do not quote publicly until visually verified and cleared.
MCT-UWINDSOR-365-REJECT-0683,same_item_page_source_page_cap,b381b7d07fc07be4,quote_candidates_priority.csv,933,1078,11,"It could symbolize the whole performance for the actor, Does the actor choose the gesture which is most telling for him? © Angwers If the gesture for the whole performance has been found, and it awakens the inner life of the actor, why change it? Cn the other hand, you can change your gesture hundreds of times if you desire,",4ed5c2654740a3ee,106,0.886,actor_struggle;daily_inspiration;directing_academic_footnote;method_terms,OCR/text-layer extraction candidate copied exactly from CSV field candidate_text_from_extraction_not_final; do not quote publicly until visually verified and cleared.
MCT-UWINDSOR-365-REJECT-0684,overrepresented_item_cap_2,,quote_candidates_priority.csv,701,859,2,"The more oppositions you will discover the hottcr.r This time without oords; Everything you do now in at tho same time the anticipation of what you have to do in the last part; At the sama'time it is the definition of the middle part, the transition to something which you anticipato already. The rhythm is the life,jthe higher life, and cannot be substituted with any other means. am.",765e08a93694248e,109,0.883,actor_struggle;daily_inspiration;directing_academic_footnote;method_terms,OCR/text-layer extraction candidate copied exactly from CSV field candidate_text_from_extraction_not_final; do not quote publicly until visually verified and cleared.
MCT-UWINDSOR-365-REJECT-0685,overrepresented_item_cap_2,,quote_candidates_priority.csv,455,662,2,Tempo is the first step to be taken towards the social life. As long as you believe that your body is all that you have to fill the stage space with. you will alwaye surfer on the stage.,65df29011e48dcc2,111,0.895,actor_struggle;daily_inspiration;directing_academic_footnote;method_terms,OCR/text-layer extraction candidate copied exactly from CSV field candidate_text_from_extraction_not_final; do not quote publicly until visually verified and cleared.
MCT-UWINDSOR-365-REJECT-0686,same_item_page_source_page_cap,5c647511b0f2afcc,quote_candidates_priority.csv,762,817,3,"It is absolutely true that by dc— ing this gesture two or thrée‘times we will accumulate, end it is also true that by 5.2523,; the gesture two or three times we will be absolutely free. It depends on the human will — whether you are inhaling or oxhalina.",691f8dc87c1af110,108,0.883,actor_struggle;daily_inspiration;directing_academic_footnote;method_terms,OCR/text-layer extraction candidate copied exactly from CSV field candidate_text_from_extraction_not_final; do not quote publicly until visually verified and cleared.
MCT-UWINDSOR-365-REJECT-0687,overrepresented_item_cap_2,,quote_candidates_priority.csv,978,820,6,"The inner (gesture, which we continuously have to do as actors. will be our new instinct. which will lead us as the future theatre. as only a. really good and creative principle can lead a group or a person. To be led by something which is on the principle the same nature as the profession, means the most beautiful thing.",36eb1b38ef56d597,106,0.878,actor_struggle;daily_inspiration;directing_academic_footnote;method_terms,OCR/text-layer extraction candidate copied exactly from CSV field candidate_text_from_extraction_not_final; do not quote publicly until visually verified and cleared.
MCT-UWINDSOR-365-REJECT-0688,overrepresented_item_cap_2,,quote_candidates_priority.csv,624,669,4,"The moment an actor gets a part he bcoomeu more stupid than he is as an ordinary person. Therefore, the director must help his cast - they cannot produce the atmosphere in five minutes, and they do not know the simplest things.",41075c1da28d3ad0,109,0.891,actor_struggle;daily_inspiration;directing_academic_footnote;method_terms,OCR/text-layer extraction candidate copied exactly from CSV field candidate_text_from_extraction_not_final; do not quote publicly until visually verified and cleared.
MCT-UWINDSOR-365-REJECT-0689,overrepresented_item_cap_2,,quote_candidates_priority.csv,936,1078,18,"I seem to see everything in his acting - a clear objective ag a gesture, a strong, strong atmosphere, very clear radiation, moving always definitely in a certain direction, wich much “embroidery” inside, because he never acts too simply. When one looks at his acting with the mind's eye, then all these things are obvious.",b7a4937f67991071,106,0.875,actor_struggle;daily_inspiration;directing_academic_footnote;method_terms,OCR/text-layer extraction candidate copied exactly from CSV field candidate_text_from_extraction_not_final; do not quote publicly until visually verified and cleared.
MCT-UWINDSOR-365-REJECT-0690,same_item_page_source_page_cap,cd91381894bb1c72,quote_candidates_priority.csv,434,758,7,"You were sitting alone, and your bodies were the end and limit of your world, As a result, you could only do something with your hair, or with your vockets, or with something near to youe You were limited by your vcices and your bodies, and were not artists. There was nothing of the feeling of ensemble about it. ile must be above the thing we are going to do or ime provise, and ag artists we must get a feeling for the beginning and end.",759fbb131a80e8ad,112,0.872,actor_struggle;daily_inspiration;directing_academic_footnote,OCR/text-layer extraction candidate copied exactly from CSV field candidate_text_from_extraction_not_final; do not quote publicly until visually verified and cleared.
MCT-UWINDSOR-365-REJECT-0691,same_item_page_source_page_cap,eb9a7a352e1c3e6b,quote_candidates_priority.csv,733,1076,2,The actors will understand the direc— tor's slightest suggestion. because it will come out of this understanding. FEELING OF THE WHOLE: I have said that there are four qualities which the actor must have as continuous abilities.,5d727781a5d9e029,109,0.888,actor_struggle;daily_inspiration;directing_academic_footnote;method_terms,OCR/text-layer extraction candidate copied exactly from CSV field candidate_text_from_extraction_not_final; do not quote publicly until visually verified and cleared.
MCT-UWINDSOR-365-REJECT-0692,same_item_page_source_page_cap,a32cc4dc9408ffe4,quote_candidates_priority.csv,443,555,3,"First er all, your gownrs of concentration will ba developed. Secondly. ynu have to us"" ynur will mower to a marked extent, and this is an elvment withuut which your imagination cannot work.",07918fd559a84c22,111,0.885,actor_struggle;daily_inspiration;directing_academic_footnote;method_terms,OCR/text-layer extraction candidate copied exactly from CSV field candidate_text_from_extraction_not_final; do not quote publicly until visually verified and cleared.
MCT-UWINDSOR-365-REJECT-0693,overrepresented_item_cap_2,,quote_candidates_priority.csv,572,963,5,"Incorporate immediately by being no faithful to your imagination no you can. ' THE hmnme or hmxmxsmm new here is, the monent when we can understand the reel meaning of reheareing the play. beeeuee very often we have marvelous ideas about what we are going to perfeml end” we are full of desire at. the moment whenuo start to rehearse, but our voice line. our body in wrong.” and we have the feelingof shame.",ec5fecd0c64eba9f,110,0.880,actor_struggle;daily_inspiration;directing_academic_footnote,OCR/text-layer extraction candidate copied exactly from CSV field candidate_text_from_extraction_not_final; do not quote publicly until visually verified and cleared.
MCT-UWINDSOR-365-REJECT-0694,same_item_page_source_page_cap,d3eb1e0e7c866a4a,quote_candidates_priority.csv,655,660,7,"Therefore the director must not only have an idea of what the future performance will be, but he must really direct each person, each moment. Then this cooperation. which in so difficult. will gradually get a form, a shape.",27f866d519a1b6b0,109,0.894,actor_struggle;daily_inspiration;directing_academic_footnote;method_terms,OCR/text-layer extraction candidate copied exactly from CSV field candidate_text_from_extraction_not_final; do not quote publicly until visually verified and cleared.
MCT-UWINDSOR-365-REJECT-0695,same_item_page_source_page_cap,eb9a7a352e1c3e6b,quote_candidates_priority.csv,731,1076,2,"FEELING OF THE WHOLE: I have said that there are four qualities which the actor must have as continuous abilities. One is the feeling of ease, another the feeling of form. and the third one we may call the feeling of the whole.",eccc1923fb6ae1f6,109,0.888,actor_struggle;daily_inspiration;directing_academic_footnote;method_terms,OCR/text-layer extraction candidate copied exactly from CSV field candidate_text_from_extraction_not_final; do not quote publicly until visually verified and cleared.
MCT-UWINDSOR-365-REJECT-0696,same_item_page_source_page_cap,575591f048367971,quote_candidates_priority.csv,959,671,1,"That the costume is not something which hides tho body. but which on the contrary ghoﬂg the body. This first principle must be absolutely carried through. in order to play a character part, we must create in our imagination anothor body, and for this second body We must find the costume.",b16f60ee2616d621,106,0.886,actor_struggle;daily_inspiration;directing_academic_footnote,OCR/text-layer extraction candidate copied exactly from CSV field candidate_text_from_extraction_not_final; do not quote publicly until visually verified and cleared.
MCT-UWINDSOR-365-REJECT-0697,same_item_page_source_page_cap,1367482c4cb437c5,quote_candidates_priority.csv,920,1080,2,"Here we are really free if we start with the psychological gesture, because no one can know what is going on in your soul when you are doing the gesture; The audience will see m, which is the most precious thing on the stage. If you let your psychology be free. many nuances will come.",c6da99347ffe5faa,106,0.890,actor_struggle;daily_inspiration;directing_academic_footnote;method_terms,OCR/text-layer extraction candidate copied exactly from CSV field candidate_text_from_extraction_not_final; do not quote publicly until visually verified and cleared.
MCT-UWINDSOR-365-REJECT-0698,overrepresented_item_cap_2,,quote_candidates_priority.csv,638,819,5,"Lhis gives us first of all the right to speak about the atmosphere, and second it is a ﬁrick to mnﬂwn the feelings by starting with an objective thing, taking it and radiating it back, and the feeli gs will be ihero if the experience is strong enough. I have noticed that in our work on the two plays we have been very weak in atmosphere. .lease 1313-: room is full of the atmosphere of dep ass",609628defbfd7c9d,109,0.888,actor_struggle;daily_inspiration;directing_academic_footnote;method_terms,OCR/text-layer extraction candidate copied exactly from CSV field candidate_text_from_extraction_not_final; do not quote publicly until visually verified and cleared.
MCT-UWINDSOR-365-REJECT-0699,same_item_page_source_page_cap,c00719a8f1a21795,quote_candidates_priority.csv,584,859,1,"We have discovered that the beginning. the first part. and the end, the last part, more or less in a certain way are optosite to each other. living through a rhythmical process, through a rhythmical whole.",774e2d557324ece6,110,0.889,daily_inspiration;directing_academic_footnote,OCR/text-layer extraction candidate copied exactly from CSV field candidate_text_from_extraction_not_final; do not quote publicly until visually verified and cleared.
MCT-UWINDSOR-365-REJECT-0700,overrepresented_item_cap_2,,quote_candidates_priority.csv,973,819,1,"Ln Mary Lou‘s case she had a very definite line and feeling of form, and something humorous came out of it“ but most of the others lacked form. :aula: I found the most humor in the ones which had the best form and the greatest feeling of the beginning. coming to the climax, and finishing.",9973001698ebd420,106,0.883,actor_struggle;directing_academic_footnote;method_terms,OCR/text-layer extraction candidate copied exactly from CSV field candidate_text_from_extraction_not_final; do not quote publicly until visually verified and cleared.
MCT-UWINDSOR-365-REJECT-0701,same_item_page_source_page_cap,02c019b9be956b92,quote_candidates_priority.csv,605,1081,14,"Then try to speak wordei‘rom the play. or improvise them quite freely, but one thing must be held back _don't attempt to force your physical body too early to imitate the imaginary body. Let it be lacking in expression at first - have patience. when the imaginary body liyes in you strongly enough. then the physical body will obey more easily and will imitate. as it were, this imaginary body.",0c1dfc190b41b034,109,0.887,actor_struggle;daily_inspiration;directing_academic_footnote;method_terms,OCR/text-layer extraction candidate copied exactly from CSV field candidate_text_from_extraction_not_final; do not quote publicly until visually verified and cleared.
MCT-UWINDSOR-365-REJECT-0702,overrepresented_item_cap_2,,quote_candidates_priority.csv,934,1078,18,"How big he is on the stage, and how much space he takes. I seem to see everything in his acting - a clear objective ag a gesture, a strong, strong atmosphere, very clear radiation, moving always definitely in a certain direction, wich much “embroidery” inside, because he never acts too simply.",b0aeabe01f1fc14a,106,0.875,actor_struggle;daily_inspiration;directing_academic_footnote;method_terms,OCR/text-layer extraction candidate copied exactly from CSV field candidate_text_from_extraction_not_final; do not quote publicly until visually verified and cleared.
MCT-UWINDSOR-365-REJECT-0703,overrepresented_item_cap_2,,quote_candidates_priority.csv,437,752,3,"Therefore, , if you take the objective with your intellect it will be easier. but not for the actor who wants to 31; rather than to $1.192.- It is a. great difference for an actor to find the objective with the intellect. or to find it with the iragina— tion. If you are able to imagine your part. or the whole play - if your imagination is vivid enough - you will see that you don't need to use your intellect in the sense I have been telling you about.",966f6c2f8814a5ae,112,0.886,actor_struggle;daily_inspiration;directing_academic_footnote;method_terms,OCR/text-layer extraction candidate copied exactly from CSV field candidate_text_from_extraction_not_final; do not quote publicly until visually verified and cleared.
MCT-UWINDSOR-365-REJECT-0704,same_item_page_source_page_cap,158661394d6c83f8,quote_candidates_priority.csv,811,1072,10,"I on the only one who knows what it is. but we will gradujally come to the performance. Atmcsgherer: for the sketch: The first atmosphere will be the following one: Early morning — very early - before down, in a tavern which is very dirty, very low.",a3d2ea91bc4d0c14,108,0.881,actor_struggle;daily_inspiration;directing_academic_footnote;method_terms,OCR/text-layer extraction candidate copied exactly from CSV field candidate_text_from_extraction_not_final; do not quote publicly until visually verified and cleared.
MCT-UWINDSOR-365-REJECT-0705,overrepresented_item_cap_2,,quote_candidates_priority.csv,656,660,8,"The actors must be given the gossibility to fly over the whole play. Later, when you begin to compose things on the stage you will not be so free, you will have to be concentrated on certain moments until you are satisfied.",3616ee80c17e92d7,109,0.889,actor_struggle;daily_inspiration;directing_academic_footnote,OCR/text-layer extraction candidate copied exactly from CSV field candidate_text_from_extraction_not_final; do not quote publicly until visually verified and cleared.
MCT-UWINDSOR-365-REJECT-0706,overrepresented_item_cap_2,,quote_candidates_priority.csv,724,784,2,"If the objective is taken with the whole body then you will be able to act your words. Criticism: If you change the suggestions given by the director it must be for a certain reason, not just because you have for— gotten.",898d5940a519acca,109,0.891,actor_struggle;daily_inspiration;directing_academic_footnote;method_terms,OCR/text-layer extraction candidate copied exactly from CSV field candidate_text_from_extraction_not_final; do not quote publicly until visually verified and cleared.
MCT-UWINDSOR-365-REJECT-0707,overrepresented_item_cap_2,,quote_candidates_priority.csv,345,1075,7,"I have told you that there are four qualities which each actor must have as permanent qualities which he can apply whenever his creative individuality wants to apply them, and ‘in which way. Ono of them was the feelin~ of ease. and another was tho fooling of formFEELIHG OF FORM ~ THE ACTOR'S BODY: The feeling of form which I have in mind is. of course. the outer form starting with our body - we must try to meditate upon our ovm ,body as a. form, to experience it as a form.",f84bfa23af405999,113,0.888,actor_struggle;daily_inspiration;directing_academic_footnote;method_terms,OCR/text-layer extraction candidate copied exactly from CSV field candidate_text_from_extraction_not_final; do not quote publicly until visually verified and cleared.
MCT-UWINDSOR-365-REJECT-0708,overrepresented_item_cap_2,,quote_candidates_priority.csv,514,1074,17,"If you will try to remain individuals in this crowd scene, you will get a very attractive scene. APPROACH TO THE REHEARSAL: ~The first thing we have tried to apply was the atmosphere.",73ffbbd5b97ab15b,111,0.888,actor_struggle;daily_inspiration;directing_academic_footnote;method_terms,OCR/text-layer extraction candidate copied exactly from CSV field candidate_text_from_extraction_not_final; do not quote publicly until visually verified and cleared.
MCT-UWINDSOR-365-REJECT-0709,overrepresented_item_cap_2,,quote_candidates_priority.csv,893,592,7,"It is natural to have an increased feeling of egotiszsm when you go on the stage because the first thing you feel is ""I"" This ""I"" must be transformed, not lost, but transformed. This can only be done by love — again I must use this great word ""love"" — love can re—create our art sgo.",0dead04822d33bcf,106,0.888,actor_struggle;daily_inspiration;directing_academic_footnote,OCR/text-layer extraction candidate copied exactly from CSV field candidate_text_from_extraction_not_final; do not quote publicly until visually verified and cleared.
MCT-UWINDSOR-365-REJECT-0710,overrepresented_item_cap_2,,quote_candidates_priority.csv,228,827,1,"1938 S}MKESPEARE'S VOICANID POHER SCENES FROM SHAKESPEARE - CRITICISM ROVEMENT NYQDFD FOR ACTING SHAKVSPFARE JUSTIFICATION FEELING OF THE WHOLE - ANTICIPATION STYLE CHARACTERIZATION FEELING OF FORM FEELING 0F EASE ﬂND SIGNIFICANCE SPEECH PSYCHOLOGICAL PATTEWJS Romeo and Juliet Kurd and Hary Lou "" Daphne and Blair Merchant of Venice Dennis and Woody Othello Valerie and Hurd "" Wary Lou and Sam I want you to tell our young friends something which will help them - suggestions which are more helpful than critical.",909dc40e4641a8f2,115,0.883,actor_struggle;daily_inspiration;directing_academic_footnote;method_terms,OCR/text-layer extraction candidate copied exactly from CSV field candidate_text_from_extraction_not_final; do not quote publicly until visually verified and cleared.
MCT-UWINDSOR-365-REJECT-0711,overrepresented_item_cap_2,,quote_candidates_priority.csv,946,827,2,"Therefore. my first suggestion is that everybody will please take small moments from Shakespeare's plays and imagine them again and avain, and again the same small piece then you will get something which is so hidden in Shakespeare's plays and so seldom seen. when it is discovered. it is something like a life event in our actor's soul.",275405c7812686af,106,0.887,actor_struggle;daily_inspiration;directing_academic_footnote,OCR/text-layer extraction candidate copied exactly from CSV field candidate_text_from_extraction_not_final; do not quote publicly until visually verified and cleared.
MCT-UWINDSOR-365-REJECT-0712,overrepresented_item_cap_2,,quote_candidates_priority.csv,702,859,2,"Therefore, prepare with absolutely clear brain for this criticism} You have to anticipate what shall be an Opposition to the first part. a All suggestions we give are actually not always the ieoling of three parts. the feeling of the whole. but concern contact, Justification. etc. Tho whole Method is really nothing more or less than a preparation for the artist to master this rhythmicnl'form.",cb64c8d70d1ee41e,109,0.883,actor_struggle;daily_inspiration;directing_academic_footnote;method_terms,OCR/text-layer extraction candidate copied exactly from CSV field candidate_text_from_extraction_not_final; do not quote publicly until visually verified and cleared.
MCT-UWINDSOR-365-REJECT-0713,overrepresented_item_cap_2,,quote_candidates_priority.csv,603,1081,13,"First imagine it. then let your physical body adjust itself, as it were. instantly to this imaginary body. The actor must be brave enough to say goodbye to his own stiff body, and follow the suggestions of the imaginary body; Ho must enlarge his being and make his being flexible, To answer the present materialistic ago means that the actor must find other flexible; spiritual but concrete things.",356fd4c2253a3afe,109,0.887,actor_struggle;daily_inspiration;directing_academic_footnote;method_terms,OCR/text-layer extraction candidate copied exactly from CSV field candidate_text_from_extraction_not_final; do not quote publicly until visually verified and cleared.
MCT-UWINDSOR-365-REJECT-0714,overrepresented_item_cap_2,,quote_candidates_priority.csv,995,804,5,"First, imagine the inner state, tho psychology. the feeling, the life of the character. Second. you must imagine it in a very clear and well formed outer appearance of the person, and than you must incorporate it by filling your whole body with the fire you have seen in tho image.",3120bf40e24d9d85,106,0.888,actor_struggle;daily_inspiration;directing_academic_footnote,OCR/text-layer extraction candidate copied exactly from CSV field candidate_text_from_extraction_not_final; do not quote publicly until visually verified and cleared.
MCT-UWINDSOR-365-REJECT-0715,overrepresented_item_cap_2,,quote_candidates_priority.csv,462,840,7,It is part of his psychology. Concentrate on two things: Beside the work of sending out. try to do it in the form of very tense atmosphere. and the two moments which oppress you most.,a1eba7fe5b526ef8,111,0.885,actor_struggle;daily_inspiration;directing_academic_footnote;method_terms,OCR/text-layer extraction candidate copied exactly from CSV field candidate_text_from_extraction_not_final; do not quote publicly until visually verified and cleared.
MCT-UWINDSOR-365-REJECT-0716,same_item_page_source_page_cap,cc59136a3d481cd2,quote_candidates_priority.csv,888,994,1,RHYTHM! V In rhythm there are three stages: first there are the main climaxee which uenetinee take the whole scene. then auxiliary climaxee which are emller in time. and then accents which are mostly memento which are leading from one auxiliary climax to another.,888907b94c8b7a57,107,0.885,daily_inspiration;directing_academic_footnote;method_terms,OCR/text-layer extraction candidate copied exactly from CSV field candidate_text_from_extraction_not_final; do not quote publicly until visually verified and cleared.
MCT-UWINDSOR-365-REJECT-0717,same_item_page_source_page_cap,54959740fd45f840,quote_candidates_priority.csv,994,804,3,"Imagine that you wish to do certain movements, because you see them in your imagination. In finding this form, try to fill your body with the feelings which you are able to soc. now try to do just tho moment of, ""Blow, winds. and crack your cheeks!"" imagine that you are so inspired. so happy, that your whole body is burni , with feelings.",efa660afb8f39a1e,106,0.889,actor_struggle;daily_inspiration;directing_academic_footnote;method_terms,OCR/text-layer extraction candidate copied exactly from CSV field candidate_text_from_extraction_not_final; do not quote publicly until visually verified and cleared.
MCT-UWINDSOR-365-REJECT-0718,overrepresented_item_cap_2,,quote_candidates_priority.csv,901,603,6,"If two atmos— pheres are in opposition, they cannot live together. knowing this law, we must create very tensse monents on the stage. If we can create an atmosphere on the stage, and we have to show another atmosphere, the atmogspheres will fight and one of them must be defeated.",5c7d829d16d5886f,106,0.888,actor_struggle;daily_inspiration;directing_academic_footnote;method_terms,OCR/text-layer extraction candidate copied exactly from CSV field candidate_text_from_extraction_not_final; do not quote publicly until visually verified and cleared.
MCT-UWINDSOR-365-REJECT-0719,overrepresented_item_cap_2,,quote_candidates_priority.csv,565,746,19,"Two Kinzs: This director sees everything in his imagination, but finds difficulty in putting it into practice. .I would suggest that during the sumzer the director tries to imagine the whole play many times, and then tries to elaborate one little piece of it. Peer amt: I would s‘ogest that the director of this scene should try to become the oyposite of what he is in life: he should try to be ""out"" rather than ""in"".",2cf6f50b878a6582,110,0.885,actor_struggle;daily_inspiration;directing_academic_footnote,OCR/text-layer extraction candidate copied exactly from CSV field candidate_text_from_extraction_not_final; do not quote publicly until visually verified and cleared.
MCT-UWINDSOR-365-REJECT-0720,same_item_page_source_page_cap,e503d621c285e149,quote_candidates_priority.csv,646,656,1,But thcro are some mistakes. Firﬁt of all. the director gave some material for the imagination - to speak without imagination has no aenso. therefore it won for imagination. but the beginning of the rehearsal cannot be full.,857b553637ce9526,109,0.882,actor_struggle;daily_inspiration;directing_academic_footnote,OCR/text-layer extraction candidate copied exactly from CSV field candidate_text_from_extraction_not_final; do not quote publicly until visually verified and cleared.
MCT-UWINDSOR-365-REJECT-0721,same_item_page_source_page_cap,e61574786d66a760,quote_candidates_priority.csv,593,603,3,"We must fight this coming of the machine. We have to pay much attention, and sive much power to d@eveloping and reviving in the theatre the soul, or stmosphere, or feelings. that must the actor understand by atmosphere?",984941ce182fa213,109,0.889,actor_struggle;daily_inspiration;directing_academic_footnote;method_terms,OCR/text-layer extraction candidate copied exactly from CSV field candidate_text_from_extraction_not_final; do not quote publicly until visually verified and cleared.
MCT-UWINDSOR-365-REJECT-0722,exact_normalized_duplicate,9fc0aea207ce2082,quote_candidates_priority.csv,155,1024,6,If you are concentrated en this ovenf; of the parlors of the ghost in the Hamlet scene. than you cannot do it prinitively or bluntly. If we are concentrated on the peweru of the ghost. than we will get the ability to group the whole eta-celled Complicated psychology in one grip of our will - where the objective site — end we will immediately reset on it; If you will imagine - for the sake of exact-aiming the power of cancontmtien - that your hchrt is growing no large an the whole earth. you will nee that everything is included in your heart. and everything in near to you.,9fc0aea207ce2082,118,0.884,actor_struggle;daily_inspiration;directing_academic_footnote;method_terms,OCR/text-layer extraction candidate copied exactly from CSV field candidate_text_from_extraction_not_final; do not quote publicly until visually verified and cleared.
MCT-UWINDSOR-365-REJECT-0723,overrepresented_item_cap_2,,quote_candidates_priority.csv,459,837,2,"It is quite natural if we have a feeling of the whole, we experience this middle part, but by studying these things we have to pay attention especially to this transitional part.",9dac2b13350d0d91,111,0.889,actor_struggle;daily_inspiration;directing_academic_footnote;method_terms,OCR/text-layer extraction candidate copied exactly from CSV field candidate_text_from_extraction_not_final; do not quote publicly until visually verified and cleared.
MCT-UWINDSOR-365-REJECT-0724,same_item_page_source_page_cap,e30688a54c38cda7,quote_candidates_priority.csv,944,667,10,"But in art you must commit some sin and deviate and not be slavish to tho rule or become mechanical. Let us take the example of a tree — the slight distortion or deviation in its form is what we often call “charm” in a person or a picture. ’i‘).h‘..""13)iLLDx The question might be asked, why are you doing such complicated work with each play?",734fb27f4a50cb0f,106,0.890,actor_struggle;daily_inspiration;directing_academic_footnote;method_terms,OCR/text-layer extraction candidate copied exactly from CSV field candidate_text_from_extraction_not_final; do not quote publicly until visually verified and cleared.
MCT-UWINDSOR-365-REJECT-0725,overrepresented_item_cap_2,,quote_candidates_priority.csv,908,558,10,"Thuo. gradually. a comrodcly artistic con~ tact among all the participants of tha performance in eotsblished and th: cctoro come closer and closer to the director's ideal of the coming, performance. It is obvious that undcr this method of work the director is not a despot who would squelch tho free will of the actor. but his friend and golds.",39429f71ea17346b,106,0.890,actor_struggle;daily_inspiration;directing_academic_footnote,OCR/text-layer extraction candidate copied exactly from CSV field candidate_text_from_extraction_not_final; do not quote publicly until visually verified and cleared.
MCT-UWINDSOR-365-REJECT-0726,exact_normalized_duplicate,87205da33f4923ec,quote_candidates_priority.csv,215,1075,1,"19Q1 HJCHAEL CHEKHDV'S SIXTH CIASS FOR PROFESSIONAL ACTORS ""THE CREATIVE PROCESS — THE INSPIRATION - THE METHOD"" THE CREATIVE PROCESS AND THE IYAGINATION THE METHOD OUTER EVENTS AND THE ACTOR'S INNER LIFE FEELING OF FORM - THE AGTOR'S BODY CHARACTERIZATION uovrmﬁmm AS FORM FEELING 0F EASE Leo Tolstoy when scientists today try to calculate the ability of the human heart to pump so muchlliquid which moves through the big and small channels of the body. they cannot see that it is mechanically impossible to imagine such a pump as our heart.",87205da33f4923ec,116,0.887,actor_struggle;daily_inspiration;directing_academic_footnote;method_terms,OCR/text-layer extraction candidate copied exactly from CSV field candidate_text_from_extraction_not_final; do not quote publicly until visually verified and cleared.
MCT-UWINDSOR-365-REJECT-0727,overrepresented_item_cap_2,,quote_candidates_priority.csv,436,752,1,"The objective is the invention of Stanislavsky. and it is a very important thing. because it means that each character has always a certain aim to which he or she goes. \‘lith time you will see how important it is to know what you are going to do on the stage, and what you are going to reach. The idea is very simple; it is a question of analy— sis to find the right objective for a special character, or scene. or sentence. or word. or for the whole play.",44953954b5fd8cff,112,0.879,actor_struggle;daily_inspiration;directing_academic_footnote;method_terms,OCR/text-layer extraction candidate copied exactly from CSV field candidate_text_from_extraction_not_final; do not quote publicly until visually verified and cleared.
MCT-UWINDSOR-365-REJECT-0728,overrepresented_item_cap_2,,quote_candidates_priority.csv,830,1077,18,"The less objective we are. the more chained to our everyday feelinge‘wo are, and the less our creative individuality can speak. From this mistake in approaching the play. or the part, from purely personal will impulses or ideas. comes the thought that I must produce Shakespeare's Hamlet - I cannot have any idea of his Hamlet. but only ""my own conception of, it.",7d392e09a7eb53bd,107,0.887,actor_struggle;daily_inspiration;directing_academic_footnote;method_terms,OCR/text-layer extraction candidate copied exactly from CSV field candidate_text_from_extraction_not_final; do not quote publicly until visually verified and cleared.
MCT-UWINDSOR-365-REJECT-0729,same_item_page_source_page_cap,4917f26c7e57a107,quote_candidates_priority.csv,880,633,1,"*4 Hichael Chekhov hovember 27, 1936 RHYTHE — 3BBGINMNINC, END THE WHOLE | STYLEL ComPOsITION OF THE PLAY Ibseen Anton Chekhoy EBrand RHYTHMH — BEGINNING, XIDDLE, END : Every rhythmical movement consists of a beginning, a middle part, and an end in each case.",8ccd5ceff032b619,107,0.884,daily_inspiration;directing_academic_footnote,OCR/text-layer extraction candidate copied exactly from CSV field candidate_text_from_extraction_not_final; do not quote publicly until visually verified and cleared.
MCT-UWINDSOR-365-REJECT-0730,substring_or_overlap_duplicate,aa833e3db790d746,quote_candidates_priority.csv,744,1052,3,It 19 Itho only thing which 1g wogj’éi‘mhuo to strive for and build on. Tho‘po‘xcr So uniinitod.‘ You will been that there in a life baforo no of strength. beauty. and clarity. and wisdom in our art and. all obntacloo inside and around us can be pushed army lightly 11’ no haw; the vision. the ability to know tho qualities of‘tho group.“ which is tremendous strength and power.,a15349c6e562d378,109,0.851,actor_struggle;daily_inspiration;directing_academic_footnote;method_terms,OCR/text-layer extraction candidate copied exactly from CSV field candidate_text_from_extraction_not_final; do not quote publicly until visually verified and cleared.
MCT-UWINDSOR-365-REJECT-0731,exact_normalized_duplicate,9955cb2237ee278a,quote_candidates_priority.csv,150,817,1,"In recent lessons we have established first, that the gesture arises in oneperson. is received by another. influences him. and also influences the one in when the gesture arose. Secondly, We have established that the gesture must occupy the whole body (better to say the whole being). because the whole being includes the psychological and physical whole. (Thinking - that is ""imagining"" in our profession.) The psychological gesture, if it is made by the whole body, is like a form into whieh. and through which we must pour out different qualities we need for this or that aim.",9955cb2237ee278a,118,0.881,actor_struggle;daily_inspiration;directing_academic_footnote;method_terms,OCR/text-layer extraction candidate copied exactly from CSV field candidate_text_from_extraction_not_final; do not quote publicly until visually verified and cleared.
MCT-UWINDSOR-365-REJECT-0732,overrepresented_item_cap_2,,quote_candidates_priority.csv,991,926,25,"‘Tho only danger is tof'show Orin“, Exercise: Cross: the icon and drop the handkerchief with the fooling of beauty, without showing beauty. Try to combine the feeling of the whole, feeling of form. feeling of ease. fooling of beauty ~ all Four Brothers which we must have continuously.",29daa4ea8fd9e40d,106,0.875,actor_struggle;daily_inspiration;directing_academic_footnote;method_terms,OCR/text-layer extraction candidate copied exactly from CSV field candidate_text_from_extraction_not_final; do not quote publicly until visually verified and cleared.
MCT-UWINDSOR-365-REJECT-0733,overrepresented_item_cap_2,,quote_candidates_priority.csv,447,1077,1,"THE HIGHER INDIVIDUALITY - COLLABORATION 0F AUTHOR, ACTOR, AND DIRECTOR moncow Art Theatre Hamlet We; Bernard Shaw MEANS OF APPROACHING THE PLAY: To be able to go on with our sketch. we must investigate another point which will lead us to the next series of rehearsals. There is one very interesting process in human beings. and in actors especially. which can be used not only when we are preparing a part. but also by the director as well.",eeda48249cef1f0c,111,0.883,actor_struggle;daily_inspiration;directing_academic_footnote,OCR/text-layer extraction candidate copied exactly from CSV field candidate_text_from_extraction_not_final; do not quote publicly until visually verified and cleared.
MCT-UWINDSOR-365-REJECT-0734,overrepresented_item_cap_2,,quote_candidates_priority.csv,906,558,4,"They will experience the play like one well-integrated whole. still without details or nuanced. They will knot: that thin is characteristic of tm firat period, the period of the first impregnation of the soul. which will later give birth to a work of art in all its detaila.",50077be0c8a39e87,106,0.890,actor_struggle;daily_inspiration;directing_academic_footnote,OCR/text-layer extraction candidate copied exactly from CSV field candidate_text_from_extraction_not_final; do not quote publicly until visually verified and cleared.
MCT-UWINDSOR-365-REJECT-0735,same_item_page_source_page_cap,d7f48b76f153f819,quote_candidates_priority.csv,786,740,3,"It is also able to awaken the foolings in you without touching the feelings directly. This is made possible by creating tho atmosphere. because you are doing something, and sending it out. and in so doing, you must awaken your feelings.",ef434afcb3db1e56,108,0.887,actor_struggle;daily_inspiration;directing_academic_footnote;method_terms,OCR/text-layer extraction candidate copied exactly from CSV field candidate_text_from_extraction_not_final; do not quote publicly until visually verified and cleared.
MCT-UWINDSOR-365-REJECT-0736,overrepresented_item_cap_2,,quote_candidates_priority.csv,560,811,1,"The complete human being consists of three main activities: thinking or imagining, feeling, and willing, and they are in certain connection with three parts of our body: head zone, heart zone, and limb tone. We use the psycholOgical gesture for the aim of reviving and evoking our feelings and inner life, and this means using the whole body when doing the gesture, Point 5, ‘The psychological sesture, whatever it is,",71132a4a6280e3d0,110,0.878,actor_struggle;daily_inspiration;directing_academic_footnote;method_terms,OCR/text-layer extraction candidate copied exactly from CSV field candidate_text_from_extraction_not_final; do not quote publicly until visually verified and cleared.
MCT-UWINDSOR-365-REJECT-0737,overrepresented_item_cap_2,,quote_candidates_priority.csv,855,746,32,"Chekhov July 18. 1937 The Fishing Scone: Instead of ntnrting the play at the end of three days of waiting, it might be possible to present the whole metamorphosis of waiting in the play and have it appear to lost ono day. the Cast should be at a point of great anxiety at tho and: whereas. by the end of three dnya, you have really got beyond the most terrible tonoion.",541f22d6d72453ca,107,0.893,actor_struggle;daily_inspiration;directing_academic_footnote,OCR/text-layer extraction candidate copied exactly from CSV field candidate_text_from_extraction_not_final; do not quote publicly until visually verified and cleared.
MCT-UWINDSOR-365-REJECT-0738,same_item_page_source_page_cap,ec305196e8ed96e5,quote_candidates_priority.csv,559,806,4,We shall create the play from the very beginning to the end — the author is helping us but we have to create the whole play from the beginning. We shall start with certain themes from the play of Er.,03d263506f66ca83,110,0.881,daily_inspiration;directing_academic_footnote,OCR/text-layer extraction candidate copied exactly from CSV field candidate_text_from_extraction_not_final; do not quote publicly until visually verified and cleared.
MCT-UWINDSOR-365-REJECT-0739,same_item_page_source_page_cap,c63838f86bdc0291,quote_candidates_priority.csv,306,852,1,Secondly. i? must be at the same time the style of the whole play - threatening. If the form breaks it will do much harm.,3df9aaec168ced8d,114,0.878,actor_struggle;daily_inspiration;directing_academic_footnote;method_terms,OCR/text-layer extraction candidate copied exactly from CSV field candidate_text_from_extraction_not_final; do not quote publicly until visually verified and cleared.
MCT-UWINDSOR-365-REJECT-0740,substring_or_overlap_duplicate,9797998c12d06523,quote_candidates_priority.csv,478,978,10,And if you will look at thin group. you will see there are definitely three ports. the beginningand tho and. and the space between in the middle part - a harmonious whole. .,f7ab1dedde09612f,111,0.889,actor_struggle;daily_inspiration;directing_academic_footnote,OCR/text-layer extraction candidate copied exactly from CSV field candidate_text_from_extraction_not_final; do not quote publicly until visually verified and cleared.
MCT-UWINDSOR-365-REJECT-0741,overrepresented_item_cap_2,,quote_candidates_priority.csv,907,558,10,It is obvious that undcr this method of work the director is not a despot who would squelch tho free will of the actor. but his friend and golds. Under such a method of work the director will not inject anything that lo alien to the actor's soul and his crcotivo impulses.,5b5c54575be8280b,106,0.890,actor_struggle;daily_inspiration;directing_academic_footnote,OCR/text-layer extraction candidate copied exactly from CSV field candidate_text_from_extraction_not_final; do not quote publicly until visually verified and cleared.
MCT-UWINDSOR-365-REJECT-0742,overrepresented_item_cap_2,,quote_candidates_priority.csv,542,752,9,"Very consciously know the beginning of the objective, the fulfillment of it, and when you are free. Take it decisively when you are told. and take it with your whole body.",557601f8cad03d49,111,0.891,actor_struggle;daily_inspiration;directing_academic_footnote;method_terms,OCR/text-layer extraction candidate copied exactly from CSV field candidate_text_from_extraction_not_final; do not quote publicly until visually verified and cleared.
MCT-UWINDSOR-365-REJECT-0743,overrepresented_item_cap_2,,quote_candidates_priority.csv,454,662,2,Chekhov February 11937 But one thing must be taken as a first step - We must work in tempo. If We lose port of our activity we will not be able to join the social life.,5990d815da98570d,111,0.895,actor_struggle;daily_inspiration;directing_academic_footnote;method_terms,OCR/text-layer extraction candidate copied exactly from CSV field candidate_text_from_extraction_not_final; do not quote publicly until visually verified and cleared.
MCT-UWINDSOR-365-REJECT-0744,same_item_page_source_page_cap,cc59136a3d481cd2,quote_candidates_priority.csv,889,994,1,V In rhythm there are three stages: first there are the main climaxee which uenetinee take the whole scene. then auxiliary climaxee which are emller in time. and then accents which are mostly memento which are leading from one auxiliary climax to another.,5a6529a10ca2a03e,107,0.885,daily_inspiration;directing_academic_footnote;method_terms,OCR/text-layer extraction candidate copied exactly from CSV field candidate_text_from_extraction_not_final; do not quote publicly until visually verified and cleared.
MCT-UWINDSOR-365-REJECT-0745,exact_normalized_duplicate,6fde0072c2421aef,quote_candidates_priority.csv,157,897,10,We have used this theme for other nine but this in the first time we have done it for the feeling of the whole ~ it awakens more activity if it in used no on improvisation exercise. our bodies must be built soundly - we must be healthy - that means we muat have a feeling that our bodiou are healthy. so concentrate on the centre in your cheats which is holding your whole body in ite right proportion and by walking given you the right figure. and everything in your body is at your disposal — you have your body in your hands. in your power. now. do the Actor's March with these qualities.,6fde0072c2421aef,118,0.892,actor_struggle;daily_inspiration;directing_academic_footnote;method_terms,OCR/text-layer extraction candidate copied exactly from CSV field candidate_text_from_extraction_not_final; do not quote publicly until visually verified and cleared.
MCT-UWINDSOR-365-REJECT-0746,overrepresented_item_cap_2,,quote_candidates_priority.csv,617,667,2,The director must know whether his cast is really creating the atmosphere or not. There are two types of directors — one type is full of ideas. given tho problem to his coat and waits until he gets tho result.,0d687b0e11c46421,109,0.892,actor_struggle;daily_inspiration;directing_academic_footnote;method_terms,OCR/text-layer extraction candidate copied exactly from CSV field candidate_text_from_extraction_not_final; do not quote publicly until visually verified and cleared.
MCT-UWINDSOR-365-REJECT-0747,substring_or_overlap_duplicate,ac9616e1030d3526,quote_candidates_priority.csv,440,553,1,FIRST Lﬁsore 1 SCENIC TIME THE IMAGINATION THE ACTOR AND THE PART EXPRESSING THE {PAGE CONCENTRATION HOVEHENT - THE CEHTER COMPOSITION - HAREONY THE WORD - THE VOICE SCENIC TIME!,08b0f5c5494954b7,111,0.879,actor_struggle;daily_inspiration;directing_academic_footnote;method_terms,OCR/text-layer extraction candidate copied exactly from CSV field candidate_text_from_extraction_not_final; do not quote publicly until visually verified and cleared.
MCT-UWINDSOR-365-REJECT-0748,same_item_page_source_page_cap,71fcd2a28b9a8927,quote_candidates_priority.csv,983,937,6,"If you hate oomoone. and wont to 1:111 02"" punish them you will see that you lute with your R-Iheic being never with your hood. Thin 10 what no call the objective an the stage - to get the desire after it ie undomtood and to pour it into our body. this in the whole procedure.",fc36577d3df35c1f,106,0.881,actor_struggle;daily_inspiration;directing_academic_footnote;method_terms,OCR/text-layer extraction candidate copied exactly from CSV field candidate_text_from_extraction_not_final; do not quote publicly until visually verified and cleared.
MCT-UWINDSOR-365-REJECT-0749,overrepresented_item_cap_2,,quote_candidates_priority.csv,553,820,4,"If the setting as a composition of certain gestures around the actor. is is disharmony with the creative idea, then the audience will subconsciously do the following thing; I on following the actor's acting but something will make me unhappy - as audience I do not know what it is, but perhaps it is the chair which has too high a back. Perhaps the gesture of the whole scene requires that the chair will be low. with a low back.",a011f3ad24cab578,110,0.888,actor_struggle;daily_inspiration;directing_academic_footnote;method_terms,OCR/text-layer extraction candidate copied exactly from CSV field candidate_text_from_extraction_not_final; do not quote publicly until visually verified and cleared.
MCT-UWINDSOR-365-REJECT-0750,same_item_page_source_page_cap,7ed7cd812182a9a0,quote_candidates_priority.csv,864,863,2,"When we have the whole play and we know tho content and tho succession of ewento, then we are kings in our actor's profession - we rule everything. I This is the real imagination which we must have today, and opposite to it in the actor who says: Before I know the whole play. my part, and all my words. where I am standing. who is my partner. etc; I cannot start to play.",9f760e5dfc6244a9,107,0.892,actor_struggle;daily_inspiration;directing_academic_footnote,OCR/text-layer extraction candidate copied exactly from CSV field candidate_text_from_extraction_not_final; do not quote publicly until visually verified and cleared.
MCT-UWINDSOR-365-REJECT-0751,substring_or_overlap_duplicate,b4e10db4529a5d53,quote_candidates_priority.csv,770,653,7,"Therefore. the result of all the evil things you wish to do is exactly the opposite! The director must always find the difference between action and acting. ihe action is the preparation for acting. let us supeoso your psychological gesture is ""pushingﬂ Rho purer your pushing is at the beginning - that is in the slutonic world - the richer will be your gushing in the world of the performance.",30313d055e5917e6,108,0.896,actor_struggle;directing_academic_footnote;method_terms,OCR/text-layer extraction candidate copied exactly from CSV field candidate_text_from_extraction_not_final; do not quote publicly until visually verified and cleared.
MCT-UWINDSOR-365-REJECT-0752,overrepresented_item_cap_2,,quote_candidates_priority.csv,836,1078,3,"Or let us take, ""To delve into the problem.” We can get to the point at which all these gestures will become an obvious thing to the actor's mind and soul. Then the | actor will see that from whatever side he approaches the probe lem of preparing his part, everything awakens in him the desire to make a preparatory gesture, and in this case atmosphere can be used.",d1c310168f134952,107,0.881,actor_struggle;daily_inspiration;directing_academic_footnote;method_terms,OCR/text-layer extraction candidate copied exactly from CSV field candidate_text_from_extraction_not_final; do not quote publicly until visually verified and cleared.
MCT-UWINDSOR-365-REJECT-0753,overrepresented_item_cap_2,,quote_candidates_priority.csv,270,1070,1,"1941 MICHAEL GHEKHOV'S FIRST CLASS FOR PROFESSIOHAL ACTORS ""WHY IS A METHOD NEEDED IN THE THEATRE 0F TODAY?"" (Checked and Corrected by Michael Chekhov) THE NEED FOR AN ACTING TECHNIQUE THE ACTOR'S BODY AS AN IHSTHUHEHT THE ACTOR'S PSYCHOLOGY THE INTELLECT THE ACTOR‘S VOICE THE ORIGINS or THE THEATRE THE DEGKNERATION OF THE THEATRE THE AGTOR'S RELATIONSHIP To COHTEHTORAHT LIFE THE THFATR}: OF THE FUTURE THE PERTORHAHCE THE ATHospHERE — THE FEELINGS ~ THE OBJECTIVE RADIATION DEVELOPmG THE ACTOR‘S NATURE Hamlet Stanislava Dr.",fcc598e5af2775f9,115,0.885,actor_struggle;daily_inspiration;directing_academic_footnote;method_terms,OCR/text-layer extraction candidate copied exactly from CSV field candidate_text_from_extraction_not_final; do not quote publicly until visually verified and cleared.
MCT-UWINDSOR-365-REJECT-0754,overrepresented_item_cap_2,,quote_candidates_priority.csv,700,853,4,"Now, I will count to ten. will you please change entirely the world in which you are living. and be in the world of legato where everything is flowing. slowly like a growing plant. We have to do it in tremendous tempo - creative legato. i want you to give everything out so that you will get the feeling of certain warmth and life moving in atroame.~ Do it with your inner activity. and the body will follow it.",f5686dd762fd122e,109,0.889,actor_struggle;daily_inspiration;directing_academic_footnote;method_terms,OCR/text-layer extraction candidate copied exactly from CSV field candidate_text_from_extraction_not_final; do not quote publicly until visually verified and cleared.
MCT-UWINDSOR-365-REJECT-0755,overrepresented_item_cap_2,,quote_candidates_priority.csv,748,558,11,"It will bear in mind that the essence of the actor's art is: to convey, with the aid of his body and all his outer means of expression. the inner spiritual facts and events; to give expreseion to the author's idea, to the director's idea. and to the idea of his own self. In order to accomplish. this, the outer means of expreesion of the actor must be permeated by the power of a living spirit.",d29302d35e4c60dd,108,0.894,actor_struggle;daily_inspiration;directing_academic_footnote,OCR/text-layer extraction candidate copied exactly from CSV field candidate_text_from_extraction_not_final; do not quote publicly until visually verified and cleared.
MCT-UWINDSOR-365-REJECT-0756,overrepresented_item_cap_2,,quote_candidates_priority.csv,998,656,6,"A3 a result of changing the tempo many other things wore changed. it means that you massage the soul by changing the same gesture. this is good, but you must always remember that if you change the gesture then you will produce another gesture. which may not be right.",32c5e76b6ae006ac,106,0.891,actor_struggle;daily_inspiration;directing_academic_footnote;method_terms,OCR/text-layer extraction candidate copied exactly from CSV field candidate_text_from_extraction_not_final; do not quote publicly until visually verified and cleared.
MCT-UWINDSOR-365-REJECT-0757,overrepresented_item_cap_2,,quote_candidates_priority.csv,966,663,3,"If the director Will keep the spiral in mind, tho actors will find the right approach. (Director's cxorcise:) Alina's gesture must be one of real freedom and trust. whilo Balladina's is tight and compressed. Alina's gesture is to bring her hands from behind her back and say.",ff054198f8cfd711,106,0.879,actor_struggle;daily_inspiration;directing_academic_footnote;method_terms,OCR/text-layer extraction candidate copied exactly from CSV field candidate_text_from_extraction_not_final; do not quote publicly until visually verified and cleared.
MCT-UWINDSOR-365-REJECT-0758,same_item_page_source_page_cap,60227ac5fcd1427f,quote_candidates_priority.csv,771,802,2,This con- ‘tradictc the fairy tale quality. which is always a mixture of reality and unreality: end this mixturc makes the beauty of the fairy tale. But if we consider what :3 saw as work in progress. than this is not a mistake.,e479334b160f1c8e,108,0.888,actor_struggle;daily_inspiration;directing_academic_footnote;method_terms,OCR/text-layer extraction candidate copied exactly from CSV field candidate_text_from_extraction_not_final; do not quote publicly until visually verified and cleared.
MCT-UWINDSOR-365-REJECT-0759,same_item_page_source_page_cap,25a0388f76c8fa1a,quote_candidates_priority.csv,711,675,1,The director has insisted on repeating the psychological gesture until the actors have understood that they must use tho whole body as music. The words must come quite naturallx on the psychological gesture.,24cdf17aa519392f,109,0.889,actor_struggle;daily_inspiration;directing_academic_footnote;method_terms,OCR/text-layer extraction candidate copied exactly from CSV field candidate_text_from_extraction_not_final; do not quote publicly until visually verified and cleared.
MCT-UWINDSOR-365-REJECT-0760,overrepresented_item_cap_2,,quote_candidates_priority.csv,703,859,2,"Therefore, we need all the points - one point after another: Feeling of truth, feoling of beauty. justification, feeling of form, feeling of the whole. objective. ctc. Through this preparation we will be able to",378016c249302f87,109,0.883,actor_struggle;daily_inspiration;directing_academic_footnote;method_terms,OCR/text-layer extraction candidate copied exactly from CSV field candidate_text_from_extraction_not_final; do not quote publicly until visually verified and cleared.
MCT-UWINDSOR-365-REJECT-0761,same_item_page_source_page_cap,9b271ccc4979e24f,quote_candidates_priority.csv,980,820,8,"If you take it in you can not, you can speak. or move - there is a whole story~ to act, describe. move in this, We are blind to this gesture because we do not need it in our everyday life. or in our profession now. Our profession is contracting. undeveloped and shrunken.",f7247e9bc816c55a,106,0.883,actor_struggle;daily_inspiration;directing_academic_footnote;method_terms,OCR/text-layer extraction candidate copied exactly from CSV field candidate_text_from_extraction_not_final; do not quote publicly until visually verified and cleared.
MCT-UWINDSOR-365-REJECT-0762,same_item_page_source_page_cap,2ac11665db80929e,quote_candidates_priority.csv,457,1085,19,"The child muet be conceived, it must be surrounded by this atmosphere and be prepared. The actor will know that this in the first stage, and he will he sly and wait.",0b021c20062f33cf,111,0.891,actor_struggle;daily_inspiration;directing_academic_footnote;method_terms,OCR/text-layer extraction candidate copied exactly from CSV field candidate_text_from_extraction_not_final; do not quote publicly until visually verified and cleared.
MCT-UWINDSOR-365-REJECT-0763,overrepresented_item_cap_2,,quote_candidates_priority.csv,599,1077,6,"Answer: First of all. I must answer that in the whole method which we are exploring, you will not find a single place in which we appeal to the feelings, because it is the most dangerous. treacherous point.",7b075f7ecd54bbce,109,0.889,actor_struggle;daily_inspiration;directing_academic_footnote,OCR/text-layer extraction candidate copied exactly from CSV field candidate_text_from_extraction_not_final; do not quote publicly until visually verified and cleared.
MCT-UWINDSOR-365-REJECT-0764,exact_normalized_duplicate,474aa1ade3d661cb,quote_candidates_priority.csv,154,802,13,"It is so beautiful when you are able to nppecr on the stage end are sure that if you do this technical thins inside you, you will really throw to your audience so many intangible things which are the feelings vmich have come as an inspiration to you - that your audience will say in the first ten seconds. ”Yes. hero is something."" Your stream of something is so strong that you will set from the audience, “Yes. we are ready."" and then you rull get inspired because the audience has sent its “yes"" - the audience is open. Ehon you must create with your audience. together. first this toy and then",474aa1ade3d661cb,118,0.893,actor_struggle;daily_inspiration;directing_academic_footnote,OCR/text-layer extraction candidate copied exactly from CSV field candidate_text_from_extraction_not_final; do not quote publicly until visually verified and cleared.
MCT-UWINDSOR-365-REJECT-0765,same_item_page_source_page_cap,5cd247f3bea3638d,quote_candidates_priority.csv,626,832,1,"Therefore, if we try with purely intellectual means to solve the problem of the contradiction of the endleaoness of rhythm and continuous movanent and the stopped beginning and end, we will not find the way.",f356f9f555b0bb6f,109,0.887,actor_struggle;directing_academic_footnote;method_terms,OCR/text-layer extraction candidate copied exactly from CSV field candidate_text_from_extraction_not_final; do not quote publicly until visually verified and cleared.
MCT-UWINDSOR-365-REJECT-0766,same_item_page_source_page_cap,4700630c036a9579,quote_candidates_priority.csv,911,989,11,1939 utneephore dooo not mean that you must be slow - an atmosphere of greet depression deco not make people. olow but eometieoo Just the opposite. \Ih‘dn you intellectually create the oceandphozz-e' around you but don't really produce it. then you mistake your own personal feelings for the atmosphere. Don‘t tan-blobpots what the audience will feel.,76e42ec62a6a1c93,106,0.884,actor_struggle;daily_inspiration;directing_academic_footnote;method_terms,OCR/text-layer extraction candidate copied exactly from CSV field candidate_text_from_extraction_not_final; do not quote publicly until visually verified and cleared.
MCT-UWINDSOR-365-REJECT-0767,overrepresented_item_cap_2,,quote_candidates_priority.csv,308,857,4,"By experiencing the firet. second and third part we must be quite aware of the fact that the first and the last parts ere opposite to each other in their qualitiee and in their powers. more or lose opposite. When the beginning and the end are not op- ‘posite, that means thet the event is not rhythmical. but in certain cases it'can be done to underline the rhythmical contradiction.“ Now it in important to experience the whole in these three. remembering that the beginning and the end are opposite to each other.",d87ca32d4c4586c9,114,0.889,daily_inspiration;directing_academic_footnote,OCR/text-layer extraction candidate copied exactly from CSV field candidate_text_from_extraction_not_final; do not quote publicly until visually verified and cleared.
MCT-UWINDSOR-365-REJECT-0768,same_item_page_source_page_cap,e87c7deed632a31d,quote_candidates_priority.csv,792,850,4,"How. twice as short. The tank is now very, veny inward. in the same tempo as last time. but now we have to experience it in— wardly in three parts. by the condition that during the first part you will be living in the first part.",a47f244c7f1f1196,108,0.883,actor_struggle;daily_inspiration;directing_academic_footnote;method_terms,OCR/text-layer extraction candidate copied exactly from CSV field candidate_text_from_extraction_not_final; do not quote publicly until visually verified and cleared.
MCT-UWINDSOR-365-REJECT-0769,same_item_page_source_page_cap,faeea7bf1d5496ae,quote_candidates_priority.csv,579,855,1,"From the beginning to the last moment when we are ready with make—up. etc., we will always have a certain kind of foundation and we will know quite clearly that we are working on tho basis of such and such. we must appreciate this part of the Method because groundless floundering has brought our theatre to its present state. he ideals. no ideas. no art. nothing - everyone speaks as he does in everyday life — if he speaks well he h",7d267d27e261c79e,110,0.886,actor_struggle;daily_inspiration;directing_academic_footnote,OCR/text-layer extraction candidate copied exactly from CSV field candidate_text_from_extraction_not_final; do not quote publicly until visually verified and cleared.
MCT-UWINDSOR-365-REJECT-0770,overrepresented_item_cap_2,,quote_candidates_priority.csv,755,667,14,The imagination is the beginning of everything. The actor must add to the psychological gesture which the director gives him. it is necessary for the actor to chan e an impression or make mistakes with tho psychological gesture;,8f9b36dac097613e,108,0.883,daily_inspiration;directing_academic_footnote;method_terms,OCR/text-layer extraction candidate copied exactly from CSV field candidate_text_from_extraction_not_final; do not quote publicly until visually verified and cleared.
MCT-UWINDSOR-365-REJECT-0771,substring_or_overlap_duplicate,86d7c0bab71261b0,quote_candidates_priority.csv,735,789,7,This play of space is absolutely an obvious feeling. and it is one of the most important feelings for the rhythm in the future. because the rhythm is life which goes on in different spaces and times.,88224d5255f5a3dd,109,0.895,actor_struggle;daily_inspiration;directing_academic_footnote;method_terms,OCR/text-layer extraction candidate copied exactly from CSV field candidate_text_from_extraction_not_final; do not quote publicly until visually verified and cleared.
MCT-UWINDSOR-365-REJECT-0772,same_item_page_source_page_cap,caaca652a61775c4,quote_candidates_priority.csv,640,666,1,It is also good for the director to know whether he has taken a stop forward. Balladinan (Director's oxerciooeu) Imagination aniatmoepherox see the action in your imagination and create tho atmosphere.,e4b07ee55db6f08e,109,0.890,actor_struggle;daily_inspiration;directing_academic_footnote;method_terms,OCR/text-layer extraction candidate copied exactly from CSV field candidate_text_from_extraction_not_final; do not quote publicly until visually verified and cleared.
MCT-UWINDSOR-365-REJECT-0773,overrepresented_item_cap_2,,quote_candidates_priority.csv,996,804,7,"Yonu soul will be colored by this sigas nificance. If you will pay attention to what is $0133 on in you. you will see that some feelings are bUiL 1 inside you. :ay attention in this and love it. it comes through, not only to ihe audience, but for the actor himself.",f6c555dd5bcfbbcd,106,0.884,actor_struggle;daily_inspiration;directing_academic_footnote;method_terms,OCR/text-layer extraction candidate copied exactly from CSV field candidate_text_from_extraction_not_final; do not quote publicly until visually verified and cleared.
MCT-UWINDSOR-365-REJECT-0774,overrepresented_item_cap_2,,quote_candidates_priority.csv,495,857,4,"When the beginning and the end are not op- ‘posite, that means thet the event is not rhythmical. but in certain cases it'can be done to underline the rhythmical contradiction.“ Now it in important to experience the whole in these three. remembering that the beginning and the end are opposite to each other. That means that by living through the first part we are anticipating the last. and when we have the last part we are remembering actively the firut one.",2971063c3f5ee9dd,111,0.889,daily_inspiration;directing_academic_footnote,OCR/text-layer extraction candidate copied exactly from CSV field candidate_text_from_extraction_not_final; do not quote publicly until visually verified and cleared.
MCT-UWINDSOR-365-REJECT-0775,overrepresented_item_cap_2,,quote_candidates_priority.csv,918,797,7,"We must never confuse two things: the weakness or the strength of the objectivelbuhich is always strong), and the weakness or the strength of the content of the objective. The actor must always be full of the storm] life on the stage which we call the objective.",f7d4d57fbe53ff22,106,0.886,actor_struggle;daily_inspiration;directing_academic_footnote;method_terms,OCR/text-layer extraction candidate copied exactly from CSV field candidate_text_from_extraction_not_final; do not quote publicly until visually verified and cleared.
MCT-UWINDSOR-365-REJECT-0776,overrepresented_item_cap_2,,quote_candidates_priority.csv,511,1072,12,Whatever the part. whatever the momenta in the part. these four qualities are symptoms cf pno who is a creative artist. We will start with the first quality today.,045b331e1575fc1f,111,0.884,actor_struggle;daily_inspiration;directing_academic_footnote;method_terms,OCR/text-layer extraction candidate copied exactly from CSV field candidate_text_from_extraction_not_final; do not quote publicly until visually verified and cleared.
MCT-UWINDSOR-365-REJECT-0777,same_item_page_source_page_cap,913c6aeaf4603a75,quote_candidates_priority.csv,689,730,2,"After doing the psychological gesture we can begin to speak, but it has never been done ovary satisfactorily as yet. We are using the whole body. and we are finding the transition to the future word.",17dac37ea4beee77,109,0.889,actor_struggle;daily_inspiration;directing_academic_footnote;method_terms,OCR/text-layer extraction candidate copied exactly from CSV field candidate_text_from_extraction_not_final; do not quote publicly until visually verified and cleared.
MCT-UWINDSOR-365-REJECT-0778,overrepresented_item_cap_2,,quote_candidates_priority.csv,585,847,6,"To 50‘? {mi-\n ability we must exercise simple thingo and_ than it will come. - Try now to interpret the middle part as a very long mo -the first vary short-21nd tho last the same length as the 1’5.th Short: - lung - ohm-e; _Th1a_ intorpromtion which comes as a vision from thoao throo harm.- New, long - short - shorter. TEM’OI ‘ Tempo comet: not because it is ordered. it grows out of jeha latex-probation of thnoe three parts.",6c0352e2ea8402a0,110,0.870,actor_struggle;directing_academic_footnote;method_terms,OCR/text-layer extraction candidate copied exactly from CSV field candidate_text_from_extraction_not_final; do not quote publicly until visually verified and cleared.
MCT-UWINDSOR-365-REJECT-0779,overrepresented_item_cap_2,,quote_candidates_priority.csv,841,837,4,"Imaging pleas , that this in tho right figure: \/ Now, Hill you‘gg::;;:;:g:ne \tha the rhythmical event is the following one: If it has a rhythmical form it is unlimited - everything is possible. I will tell you something about King Lear} Try to imapine the beginning or the first part of King Lear the mighty figure, stately. and surrounded with the world in which he lives.",fc8a9baa1b235d9a,107,0.878,actor_struggle;directing_academic_footnote;method_terms,OCR/text-layer extraction candidate copied exactly from CSV field candidate_text_from_extraction_not_final; do not quote publicly until visually verified and cleared.
MCT-UWINDSOR-365-REJECT-0780,overrepresented_item_cap_2,,quote_candidates_priority.csv,412,847,3,"Please consider the first part as something which has inside it'a definite opening of the window and saying; ""Good morning."" and than they are vague. and in general depart. into this whole. certain definite moments will not disturb. but they will be interpreted somehow - certain interpretation will come. If you have the feeling at the whole; in three parts. nothing can dieturb you - nothimg can disturb this one, two, three. which is ahsoluto form. yet is absolutely flexible.",2c8ae6ccfa693739,112,0.883,actor_struggle;daily_inspiration;directing_academic_footnote;method_terms,OCR/text-layer extraction candidate copied exactly from CSV field candidate_text_from_extraction_not_final; do not quote publicly until visually verified and cleared.
MCT-UWINDSOR-365-REJECT-0781,exact_normalized_duplicate,726dbff98ad19979,quote_candidates_priority.csv,141,1049,8,"S‘HE \‘4 v, ‘3' -‘ Lu Chekhov August 26, 19M) '1 was always more or less active in my theatre work, but once I came inte‘ a terribly difficult situation. It was in Germany when I met Reinhardt for the first time, and he gave so the ""leuding part in his play."" Ho wanted to perform the play in Vienna. and he gave me this part} Now if you know German actors. you will realise that after they have noted the play a hundredtimes. they got a strange ability - they open}: so quickly that they don' t understand each other - the audience does not understand 1:th well either, but the actors cannot stop this qqick speech.",726dbff98ad19979,119,0.878,actor_struggle;daily_inspiration;directing_academic_footnote,OCR/text-layer extraction candidate copied exactly from CSV field candidate_text_from_extraction_not_final; do not quote publicly until visually verified and cleared.
MCT-UWINDSOR-365-REJECT-0782,same_item_page_source_page_cap,eb9a7a352e1c3e6b,quote_candidates_priority.csv,732,1076,2,"One is the feeling of ease, another the feeling of form. and the third one we may call the feeling of the whole. The actor must have this ability to grasp the play as a whole, and inside are little",73b63d0c08b3f9f6,109,0.888,actor_struggle;daily_inspiration;directing_academic_footnote;method_terms,OCR/text-layer extraction candidate copied exactly from CSV field candidate_text_from_extraction_not_final; do not quote publicly until visually verified and cleared.
MCT-UWINDSOR-365-REJECT-0783,same_item_page_source_page_cap,41548693694974b6,quote_candidates_priority.csv,846,666,3,"Thu actor must be able to justify each outer position. The ability to justify everything that is given from the outside is something we must possess to a very high degree, because if the director gives a gesture which is necessary for a harmonious part of the whole. the actor who is not able to justify everything he receives from the outside, may not be abla to accent the gesture.",203fceb5e2117966,107,0.888,actor_struggle;daily_inspiration;directing_academic_footnote;method_terms,OCR/text-layer extraction candidate copied exactly from CSV field candidate_text_from_extraction_not_final; do not quote publicly until visually verified and cleared.
MCT-UWINDSOR-365-REJECT-0784,overrepresented_item_cap_2,,quote_candidates_priority.csv,540,752,1,"The idea is very simple; it is a question of analy— sis to find the right objective for a special character, or scene. or sentence. or word. or for the whole play.",9e6ff7c4e0bcf3c6,111,0.879,actor_struggle;daily_inspiration;directing_academic_footnote;method_terms,OCR/text-layer extraction candidate copied exactly from CSV field candidate_text_from_extraction_not_final; do not quote publicly until visually verified and cleared.
MCT-UWINDSOR-365-REJECT-0785,overrepresented_item_cap_2,,quote_candidates_priority.csv,829,1077,3,"He can project his being with the quality of ""anxiety"" and immediately there will be something - the first stone on which you can base other things. The director can tell you to combine two qualities - ""anxiety"" and ""warmth"". for instance.",05a87685d2788ad3,107,0.883,actor_struggle;directing_academic_footnote;method_terms,OCR/text-layer extraction candidate copied exactly from CSV field candidate_text_from_extraction_not_final; do not quote publicly until visually verified and cleared.
MCT-UWINDSOR-365-REJECT-0786,same_item_page_source_page_cap,bfdf525baba6efe7,quote_candidates_priority.csv,681,740,5,Nothing other than the feelings. In our Method the quality is experienced throughout the whole being. and you must elaborate the gesture as long as it is necessary to make your feelings respond.,f406219050a797f1,109,0.890,actor_struggle;daily_inspiration;directing_academic_footnote;method_terms,OCR/text-layer extraction candidate copied exactly from CSV field candidate_text_from_extraction_not_final; do not quote publicly until visually verified and cleared.
MCT-UWINDSOR-365-REJECT-0787,overrepresented_item_cap_2,,quote_candidates_priority.csv,814,1070,15,This first attempt to understand. to absorb the atmOSphera will be the first step to the ability to create it on the stage. For instance. the atmosphere of this room in which we are sitting is 11very strong and obvious one.,3eb9ccbacac7acc5,108,0.877,actor_struggle;daily_inspiration;directing_academic_footnote;method_terms,OCR/text-layer extraction candidate copied exactly from CSV field candidate_text_from_extraction_not_final; do not quote publicly until visually verified and cleared.
MCT-UWINDSOR-365-REJECT-0788,overrepresented_item_cap_2,,quote_candidates_priority.csv,840,669,4,"Therefore, the director must help his cast - they cannot produce the atmosphere in five minutes, and they do not know the simplest things. Therefore, the director must repeat for them the quality of the atmosphere which he wants for them. :HiAPMS AND CHARTS 0R SCHEMES: Those are very good and they help the actor to die— cover many things. provided they are not done xdth the intellect.",ae820fcc6a9c2555,107,0.891,actor_struggle;daily_inspiration;directing_academic_footnote;method_terms,OCR/text-layer extraction candidate copied exactly from CSV field candidate_text_from_extraction_not_final; do not quote publicly until visually verified and cleared.
MCT-UWINDSOR-365-REJECT-0789,overrepresented_item_cap_2,,quote_candidates_priority.csv,988,926,23,"When things are done on the stage which are not accomplished. without any form. you must atop and see how d‘readﬁu it is. How the same thing with the sentence for the feel— ing of form. new combine the feeling of form and the feeling“ ,4 > of the whole.",e59d6e1a69dd2936,106,0.891,actor_struggle;daily_inspiration;directing_academic_footnote;method_terms,OCR/text-layer extraction candidate copied exactly from CSV field candidate_text_from_extraction_not_final; do not quote publicly until visually verified and cleared.
MCT-UWINDSOR-365-REJECT-0790,same_item_page_source_page_cap,ccd022de8d801f1a,quote_candidates_priority.csv,382,937,5,"If you will analyse it, you will find that it in not peoeible to have a. real desire only in your head - you will find that your desired and objectivoo are living in your arms and hendea Ln younlogo. and in your cheat and back; in your neck and. ever-where. V We can \mderotond the objective beeause these devile have given us the power of mdcmtonding, but we can aloe pour this understanding into our whole body. definitely into our body. just on the old actor had it in hie body.",ad094789745b73e2,112,0.882,actor_struggle;daily_inspiration;directing_academic_footnote;method_terms,OCR/text-layer extraction candidate copied exactly from CSV field candidate_text_from_extraction_not_final; do not quote publicly until visually verified and cleared.
MCT-UWINDSOR-365-REJECT-0791,overrepresented_item_cap_2,,quote_candidates_priority.csv,738,1070,17,"They depend upon the opinion of the audience. and this egotistical contraction and fear before the audience is so great that we cannot mirror anything and all our efforts are only ""'pushlng,"" with our words. with our faces. with our cliches. because we are afraid of the audience. Instead of letting the audience collaborate with us and then 11: will be ""our""'perfonaance, ~working together because the atmosphere is there.",cb56698198ea0dfd,109,0.883,actor_struggle;daily_inspiration;directing_academic_footnote;method_terms,OCR/text-layer extraction candidate copied exactly from CSV field candidate_text_from_extraction_not_final; do not quote publicly until visually verified and cleared.
MCT-UWINDSOR-365-REJECT-0792,same_item_page_source_page_cap,7a3cfe8d87cf12a4,quote_candidates_priority.csv,503,874,1,IECIL-IQLE FL}. CEBATLLG Ali‘- SJiﬁrEr It is a very strong atmosphere of susylcion in the beginning — susgieion and tension as if before a crucial moment.,fb20c87eb6a55354,111,0.887,actor_struggle;daily_inspiration;directing_academic_footnote;method_terms,OCR/text-layer extraction candidate copied exactly from CSV field candidate_text_from_extraction_not_final; do not quote publicly until visually verified and cleared.
MCT-UWINDSOR-365-REJECT-0793,same_item_page_source_page_cap,462b297d49d4bdfa,quote_candidates_priority.csv,964,1038,1,1940 PSYCHOLOGICAL GESTURE CONTINUOUS LIFE OF THBGESTURE PSYCHOLOGICAL GESTUREI I When the puycholaglcal goo-tum 5.1: understood properly. it will cos-main volumes and Ivohmau of theatrical “laden. It must Ibo prepoﬂy understood and fulfilled with the whole being.,213b2a03887674bd,106,0.872,actor_struggle;daily_inspiration;directing_academic_footnote;method_terms,OCR/text-layer extraction candidate copied exactly from CSV field candidate_text_from_extraction_not_final; do not quote publicly until visually verified and cleared.
MCT-UWINDSOR-365-REJECT-0794,overrepresented_item_cap_2,,quote_candidates_priority.csv,474,660,8,The whole cast must be together in each moment until the collective work is shown to tho audience. From the beginning to the end it must be 93; theatre.,52e82591f8a521bd,111,0.889,daily_inspiration;directing_academic_footnote,OCR/text-layer extraction candidate copied exactly from CSV field candidate_text_from_extraction_not_final; do not quote publicly until visually verified and cleared.
MCT-UWINDSOR-365-REJECT-0795,substring_or_overlap_duplicate,3c81c09e13385feb,quote_candidates_priority.csv,832,650,1,"The real mystery of the bread is that we eat, or accept, the spirit. This welmust show in our longing. {ine of the most important technical things we must remember is that even when the director is thinking and direct— ing in a dry, cold way, the @actors must remain warm and in the atmosphere of the play — they must never be tired or cold in their work — they must keep the atmosphere.",e9c623aab177dd79,107,0.886,actor_struggle;daily_inspiration;directing_academic_footnote;method_terms,OCR/text-layer extraction candidate copied exactly from CSV field candidate_text_from_extraction_not_final; do not quote publicly until visually verified and cleared.
MCT-UWINDSOR-365-REJECT-0796,overrepresented_item_cap_2,,quote_candidates_priority.csv,827,558,14,"The Fourth Strum: Inspiration flares up. The actor becomes one with the image and experiences himself as a threefold creature: First ~ As a free, creative individuality with a hoiﬁnened and cleansed awareness: Second - As a being of body and soul left under the spell of the image of his fancy: Third - As an image of fancy created by himself. living and acting m' thin his body and soul.",a3de9c9014c89010,107,0.887,actor_struggle;daily_inspiration;directing_academic_footnote,OCR/text-layer extraction candidate copied exactly from CSV field candidate_text_from_extraction_not_final; do not quote publicly until visually verified and cleared.
MCT-UWINDSOR-365-REJECT-0797,overrepresented_item_cap_2,,quote_candidates_priority.csv,765,819,8,"First imagine the atmosphere. .aula will lead the group of professors. Criticism: ihis was not so good, and the reason was quite obvious - you started to act before you got the inspiration from the atmosphere.",fd5f8b6b8335714b,108,0.891,actor_struggle;daily_inspiration;directing_academic_footnote;method_terms,OCR/text-layer extraction candidate copied exactly from CSV field candidate_text_from_extraction_not_final; do not quote publicly until visually verified and cleared.
MCT-UWINDSOR-365-REJECT-0798,overrepresented_item_cap_2,,quote_candidates_priority.csv,975,819,7,"Criticism: It was very well done and you 03L see that if you sake this point of the Method. the atmosphere, consciously in your exercises and rehearsals you will always got such results as you have just experienced, but you must pay attention to it.",d7eb4ed8326bdc66,106,0.891,actor_struggle;daily_inspiration;directing_academic_footnote;method_terms,OCR/text-layer extraction candidate copied exactly from CSV field candidate_text_from_extraction_not_final; do not quote publicly until visually verified and cleared.
MCT-UWINDSOR-365-REJECT-0799,substring_or_overlap_duplicate,5922f8751dd12853,quote_candidates_priority.csv,976,819,11,"You will see how much inspiration you will get from this atmosphere, and than you will get the ability to out each day in a different way. which is the most beautiful thing in our profession. it is absolutely flexible: it is life, life on the stage.",2616049cde003dac,106,0.891,actor_struggle;daily_inspiration;directing_academic_footnote;method_terms,OCR/text-layer extraction candidate copied exactly from CSV field candidate_text_from_extraction_not_final; do not quote publicly until visually verified and cleared.
MCT-UWINDSOR-365-REJECT-0800,substring_or_overlap_duplicate,e503d621c285e149,quote_candidates_priority.csv,647,656,1,Firﬁt of all. the director gave some material for the imagination - to speak without imagination has no aenso. therefore it won for imagination. but the beginning of the rehearsal cannot be full.,d576206027aac0ab,109,0.882,actor_struggle;daily_inspiration;directing_academic_footnote,OCR/text-layer extraction candidate copied exactly from CSV field candidate_text_from_extraction_not_final; do not quote publicly until visually verified and cleared.
MCT-UWINDSOR-365-REJECT-0801,same_item_page_source_page_cap,f5e1b174deedaa43,quote_candidates_priority.csv,794,678,4,"Low let everyone join the group on the Stage and pass various objects frpm one to the other. increasing the tempo with a feeling of ensemble, reaching a climax and then slowing down thzough the feeling 3f ensemble.",841337ea9b3180a3,108,0.883,actor_struggle;daily_inspiration;directing_academic_footnote;method_terms,OCR/text-layer extraction candidate copied exactly from CSV field candidate_text_from_extraction_not_final; do not quote publicly until visually verified and cleared.
MCT-UWINDSOR-365-REJECT-0802,same_item_page_source_page_cap,6e6b4a863e58648e,quote_candidates_priority.csv,663,811,3,"‘This isin our power, and when we are masters we are able to feel this small secret, which is really a big secret, and if we are able to do a gesture and to fill it, then we are able to command our soul to get the quality of caution, First of all, it is possible by doing tho gesture to fill it with certain qualities. Do it several times and concentrate. (You have to repeat scales many,many times on the piano).",7c25dec13f143d46,109,0.864,actor_struggle;daily_inspiration;directing_academic_footnote;method_terms,OCR/text-layer extraction candidate copied exactly from CSV field candidate_text_from_extraction_not_final; do not quote publicly until visually verified and cleared.
MCT-UWINDSOR-365-REJECT-0803,overrepresented_item_cap_2,,quote_candidates_priority.csv,627,834,6,It must be done with the whole being. It in possible for the actor to understand inwardly the meaning of the geoture. and there is no need to stop the rehearsal and re~ hearse the gesture.,fbbefcfe79a539c1,109,0.891,actor_struggle;daily_inspiration;directing_academic_footnote;method_terms,OCR/text-layer extraction candidate copied exactly from CSV field candidate_text_from_extraction_not_final; do not quote publicly until visually verified and cleared.
MCT-UWINDSOR-365-REJECT-0804,overrepresented_item_cap_2,,quote_candidates_priority.csv,834,1083,3,"In this way, an unwritten play will be started, THE ACTOR®S CREATIVE INDIVIDUALITY: Our —— actor's individuality is so rich and unique that we cannot imitate the director or ourselves, if we rely upon our inner creative abilities.",3ccd976c9cde7394,107,0.888,actor_struggle;daily_inspiration;directing_academic_footnote,OCR/text-layer extraction candidate copied exactly from CSV field candidate_text_from_extraction_not_final; do not quote publicly until visually verified and cleared.
MCT-UWINDSOR-365-REJECT-0805,same_item_page_source_page_cap,9fd53bb99895b52a,quote_candidates_priority.csv,475,811,2,"We open with the gesture which has the quality of caution. This fills our whole body, end of course the soul, at the mo~ ment when we are making a gesture.",686bf100510a59c4,111,0.880,actor_struggle;daily_inspiration;directing_academic_footnote;method_terms,OCR/text-layer extraction candidate copied exactly from CSV field candidate_text_from_extraction_not_final; do not quote publicly until visually verified and cleared.
MCT-UWINDSOR-365-REJECT-0806,substring_or_overlap_duplicate,477e91a31c11e2f8,quote_candidates_priority.csv,569,720,3,"Ask the cast to improvise and the director can add something. It is very important for the actors to start the rehearsal in the right way, and if the director will lead then into the spirit of the rehearsal very carefully. he will have them LE whole day. :ho director can ask his cast to acz the play in general. or he can ask them to glance act it by plying sgccial attention to the objectives, or to the foeli: of L:u:h for the hands and bodies, etc.",a4ac0ad138c70c9f,110,0.889,actor_struggle;daily_inspiration;directing_academic_footnote;method_terms,OCR/text-layer extraction candidate copied exactly from CSV field candidate_text_from_extraction_not_final; do not quote publicly until visually verified and cleared.
MCT-UWINDSOR-365-REJECT-0807,same_item_page_source_page_cap,e61574786d66a760,quote_candidates_priority.csv,900,603,3,"We have to pay much attention, and sive much power to d@eveloping and reviving in the theatre the soul, or stmosphere, or feelings. that must the actor understand by atmosphere? For example, sach human being has feelings, and we know what they are.",f07fa0f0170f6784,106,0.889,actor_struggle;daily_inspiration;directing_academic_footnote;method_terms,OCR/text-layer extraction candidate copied exactly from CSV field candidate_text_from_extraction_not_final; do not quote publicly until visually verified and cleared.
MCT-UWINDSOR-365-REJECT-0808,same_item_page_source_page_cap,ab10b3b2af7bac3e,quote_candidates_priority.csv,903,579,2,Thin invieiblo thing is like a high super-being - it in our angel. who in gunﬂding over us. inepiroo us. one to when we can turn as the center of our work. withouf this feeling that thin rhythm is a living being. we cannot grasp it. It in a real being.,de819ad851213e3b,106,0.883,actor_struggle;daily_inspiration;directing_academic_footnote;method_terms,OCR/text-layer extraction candidate copied exactly from CSV field candidate_text_from_extraction_not_final; do not quote publicly until visually verified and cleared.
MCT-UWINDSOR-365-REJECT-0809,substring_or_overlap_duplicate,f60cbd05e8ae165d,quote_candidates_priority.csv,872,1071,14,"Actually. it is a very simple method. We will come to the point where we have spoken about 'so many things - con— centration. imagination. radiation. etc"" otc.. and you will be astonished when you find that at the moment you really con— centrate you will. have everything there. because real concentration cannot be done without will. impulses. imagination. radiation. atmosphere. and so on.",679e4e662d874687,107,0.885,actor_struggle;daily_inspiration;directing_academic_footnote;method_terms,OCR/text-layer extraction candidate copied exactly from CSV field candidate_text_from_extraction_not_final; do not quote publicly until visually verified and cleared.
MCT-UWINDSOR-365-REJECT-0810,same_item_page_source_page_cap,179052b832d27940,quote_candidates_priority.csv,803,868,4,"Ctekhov Jay 2, 1936 .1) FEEL ‘3 .F F‘LHI First of all. you‘whole being. your body. is a form, a beautiful fora. Try to realize the form which moves itself, and you will find the moueht when the form breaks.",08e957dca7dc42a6,108,0.889,actor_struggle;daily_inspiration;directing_academic_footnote;method_terms,OCR/text-layer extraction candidate copied exactly from CSV field candidate_text_from_extraction_not_final; do not quote publicly until visually verified and cleared.
MCT-UWINDSOR-365-REJECT-0811,same_item_page_source_page_cap,02c019b9be956b92,quote_candidates_priority.csv,754,1081,14,"Let it be lacking in expression at first - have patience. when the imaginary body liyes in you strongly enough. then the physical body will obey more easily and will imitate. as it were, this imaginary body.",d749e7e1470eccd6,108,0.887,actor_struggle;daily_inspiration;directing_academic_footnote;method_terms,OCR/text-layer extraction candidate copied exactly from CSV field candidate_text_from_extraction_not_final; do not quote publicly until visually verified and cleared.
MCT-UWINDSOR-365-REJECT-0812,substring_or_overlap_duplicate,d718a567384e8e36,quote_candidates_priority.csv,396,904,5,"The stage must be full of radiation without your presence - the result of your action. When you leave the stage we will imagine that the curtain does not drop donn, and we must imagine the empty stage and the radiation cf it to the audience, because you have accumulated many powers on the stage. we will divide the second part into the entrance. then the pious atmosphere. than the transition to the gay atmosphere, and the climax with tho orgy. (B). (A) l Entrance Sleep ~ fiqht \ Pause 1.",b662f94b819afdb3,112,0.884,actor_struggle;daily_inspiration;directing_academic_footnote;method_terms,OCR/text-layer extraction candidate copied exactly from CSV field candidate_text_from_extraction_not_final; do not quote publicly until visually verified and cleared.
MCT-UWINDSOR-365-REJECT-0813,same_item_page_source_page_cap,3f600788f69a2861,quote_candidates_priority.csv,833,801,9,"Out of this pause you must turn the cause again into the action of rising and leaving each other forever. The Four frothersx He will try to combine them in one exercise. rirst take the feeling of case. psychologically. and add to it the feeling of for: as a paychological ability, Then add the feeling of beauty. than the feeling of the whole must he when you take the structures and put them away.",14e062c213696b0f,107,0.892,actor_struggle;daily_inspiration;directing_academic_footnote;method_terms,OCR/text-layer extraction candidate copied exactly from CSV field candidate_text_from_extraction_not_final; do not quote publicly until visually verified and cleared.
MCT-UWINDSOR-365-REJECT-0814,same_item_page_source_page_cap,c6766965dce09102,quote_candidates_priority.csv,737,635,3,"The director will help you with this later on»: but to begin with, we must be aware of the style of the fairy taile, tné each one must try to find the style which will unite the whole.",43d182077d980726,109,0.889,actor_struggle;daily_inspiration;directing_academic_footnote;method_terms,OCR/text-layer extraction candidate copied exactly from CSV field candidate_text_from_extraction_not_final; do not quote publicly until visually verified and cleared.
MCT-UWINDSOR-365-REJECT-0815,same_item_page_source_page_cap,e87c7deed632a31d,quote_candidates_priority.csv,793,850,4,"The tank is now very, veny inward. in the same tempo as last time. but now we have to experience it in— wardly in three parts. by the condition that during the first part you will be living in the first part.",6e429280605cb4ec,108,0.883,actor_struggle;daily_inspiration;directing_academic_footnote;method_terms,OCR/text-layer extraction candidate copied exactly from CSV field candidate_text_from_extraction_not_final; do not quote publicly until visually verified and cleared.
MCT-UWINDSOR-365-REJECT-0816,overrepresented_item_cap_2,,quote_candidates_priority.csv,845,665,4,"Like a mother with her child — the mother will never be untruthful to her child. no must bear this child - we must have this feeling of truth in all our actions, our speech, etc. The Fishinv Scene: (Director's oxercise:) l.",d090bfe5766c3b2c,107,0.890,actor_struggle;daily_inspiration;directing_academic_footnote,OCR/text-layer extraction candidate copied exactly from CSV field candidate_text_from_extraction_not_final; do not quote publicly until visually verified and cleared.
MCT-UWINDSOR-365-REJECT-0817,overrepresented_item_cap_2,,quote_candidates_priority.csv,962,837,5,"Follow in your imagination through the series of scenes, and we will see how the first part begins to be thinner and thinner. and King Lear speaking first with the steward, then with the fool, then with the daughter, begins to be less egotistical. earthy. firm. stately and majestic. The first part makes gradually a gesture of the disappearance of the earthy. stately, heavy.",eb0484b5087da5e7,106,0.888,actor_struggle;daily_inspiration;directing_academic_footnote;method_terms,OCR/text-layer extraction candidate copied exactly from CSV field candidate_text_from_extraction_not_final; do not quote publicly until visually verified and cleared.
MCT-UWINDSOR-365-REJECT-0818,overrepresented_item_cap_2,,quote_candidates_priority.csv,453,925,4,"Chekhov December 8, 1938 to have an aim which is the character's main desire at the moment. or for the scene. or for the whole play. It depends.",eec8b20f002ba960,111,0.887,actor_struggle;daily_inspiration;directing_academic_footnote,OCR/text-layer extraction candidate copied exactly from CSV field candidate_text_from_extraction_not_final; do not quote publicly until visually verified and cleared.
MCT-UWINDSOR-365-REJECT-0819,same_item_page_source_page_cap,ad812a41ad01c712,quote_candidates_priority.csv,984,652,2,We must develop in ourselves this feeling for everyone who is around us. Such a feeling can be the first step towards the new understanding of the theatre. and with such an understanding perhaps we will be able to create a really new kind of theatre.,bb37bdd614fd539d,106,0.877,actor_struggle;daily_inspiration;directing_academic_footnote,OCR/text-layer extraction candidate copied exactly from CSV field candidate_text_from_extraction_not_final; do not quote publicly until visually verified and cleared.
MCT-UWINDSOR-365-REJECT-0820,same_item_page_source_page_cap,65d2bafd2ebcd913,quote_candidates_priority.csv,581,857,2,"The idea for the first time is to experience this process as a whole - nothing more. I mean the group as a whole. the beginning, the end. and everything as a whole.",d5b3aebbb763a5e1,110,0.885,daily_inspiration;directing_academic_footnote,OCR/text-layer extraction candidate copied exactly from CSV field candidate_text_from_extraction_not_final; do not quote publicly until visually verified and cleared.
MCT-UWINDSOR-365-REJECT-0821,overrepresented_item_cap_2,,quote_candidates_priority.csv,837,1078,9,"I look at my partners as if I see them in my dreams, and if Sancho Panza does something which appeals to me, I will immédiately find the right reaction. 50 it is not an isolated work, end cannot bes When 1 have mentioned that when the part is ready, we can use everything around us for our character, this same process actually takes place not only from the very beginning when you first take the",15290b811c75aaf7,107,0.885,actor_struggle;directing_academic_footnote,OCR/text-layer extraction candidate copied exactly from CSV field candidate_text_from_extraction_not_final; do not quote publicly until visually verified and cleared.
MCT-UWINDSOR-365-REJECT-0822,same_item_page_source_page_cap,85961fc400740636,quote_candidates_priority.csv,458,836,1,"But there is a beginning and an end, and the feeling of the whole is absolutely connected with this feeling of the be— ginning and tho end.",1da8217b690e8fcd,111,0.891,actor_struggle;daily_inspiration;directing_academic_footnote,OCR/text-layer extraction candidate copied exactly from CSV field candidate_text_from_extraction_not_final; do not quote publicly until visually verified and cleared.
MCT-UWINDSOR-365-REJECT-0823,overrepresented_item_cap_2,,quote_candidates_priority.csv,859,731,4,"The direc— tor must explain the idea, the philosophy of the play. You must appeal to tho imagination of your cast, and than your cast will get this depth from two sides - first from meditating on what is going on in the audience when the curtain has ‘ come dorm. and second from the meditation of fairy tales. rl‘he director must ask his coat to feel more deeply about the play than they do now. e.",6bce51ddcb8a1af0,107,0.884,actor_struggle;daily_inspiration;directing_academic_footnote,OCR/text-layer extraction candidate copied exactly from CSV field candidate_text_from_extraction_not_final; do not quote publicly until visually verified and cleared.
MCT-UWINDSOR-365-REJECT-0824,same_item_page_source_page_cap,7512a076aa38503a,quote_candidates_priority.csv,853,1084,2,"19% Actors no a group. as an ensemble. that is the theatre. and so it will be. it seems to me. in the future that the theatre will consist of actorm first of all. among them more. or less gifted ones. and then the author and the director. If we havecertain visions about the future theatre, and I think we have. then it seems to me that we have to visualize. first of all. what tho actor will be like.",8f54f977de155581,107,0.888,actor_struggle;daily_inspiration;directing_academic_footnote,OCR/text-layer extraction candidate copied exactly from CSV field candidate_text_from_extraction_not_final; do not quote publicly until visually verified and cleared.
MCT-UWINDSOR-365-REJECT-0825,substring_or_overlap_duplicate,87205da33f4923ec,quote_candidates_priority.csv,214,1075,1,"1/3 4‘: fr: (7 3 New York November 2k. 19Q1 HJCHAEL CHEKHDV'S SIXTH CIASS FOR PROFESSIONAL ACTORS ""THE CREATIVE PROCESS — THE INSPIRATION - THE METHOD"" THE CREATIVE PROCESS AND THE IYAGINATION THE METHOD OUTER EVENTS AND THE ACTOR'S INNER LIFE FEELING OF FORM - THE AGTOR'S BODY CHARACTERIZATION uovrmﬁmm AS FORM FEELING 0F EASE Leo Tolstoy when scientists today try to calculate the ability of the human heart to pump so muchlliquid which moves through the big and small channels of the body. they cannot see that it is mechanically impossible to imagine such a pump as our heart.",35a90b805f7fb742,116,0.887,actor_struggle;daily_inspiration;directing_academic_footnote;method_terms,OCR/text-layer extraction candidate copied exactly from CSV field candidate_text_from_extraction_not_final; do not quote publicly until visually verified and cleared.
MCT-UWINDSOR-365-REJECT-0826,same_item_page_source_page_cap,7a3cfe8d87cf12a4,quote_candidates_priority.csv,504,874,1,"So, be concentrated for the whole day; be active. First we have worked for the style, than for justification, and far the feeling of truth.",b57e7e448a8c8a70,111,0.887,actor_struggle;daily_inspiration;directing_academic_footnote;method_terms,OCR/text-layer extraction candidate copied exactly from CSV field candidate_text_from_extraction_not_final; do not quote publicly until visually verified and cleared.
MCT-UWINDSOR-365-REJECT-0827,overrepresented_item_cap_2,,quote_candidates_priority.csv,999,656,8,"1937 but rather through them to explore what is arising in your imagination and feelings. If you. as the director, remind your actor to explore at the same time that he is doing his physical gesture, the actor will get a finer result.",17a371d6feb29180,106,0.893,actor_struggle;daily_inspiration;directing_academic_footnote;method_terms,OCR/text-layer extraction candidate copied exactly from CSV field candidate_text_from_extraction_not_final; do not quote publicly until visually verified and cleared.
MCT-UWINDSOR-365-REJECT-0828,overrepresented_item_cap_2,,quote_candidates_priority.csv,916,1077,14,"Of course. our body will force us to use clichos which are sitting here and there in us. but we have to gradually fight free or them. Question: It should be a continuous process, as opposed to clichﬁs which are always fixed End‘stiff things.",3410698b2c1a0677,106,0.883,actor_struggle;daily_inspiration;directing_academic_footnote,OCR/text-layer extraction candidate copied exactly from CSV field candidate_text_from_extraction_not_final; do not quote publicly until visually verified and cleared.
MCT-UWINDSOR-365-REJECT-0829,same_item_page_source_page_cap,0917c16b7f8cc504,quote_candidates_priority.csv,370,832,9,But we must not forget that there are real means to keep the inner life: objective. imagination. feeling of the whole.,88aa0093275b1c43,112,0.887,actor_struggle;daily_inspiration;directing_academic_footnote;method_terms,OCR/text-layer extraction candidate copied exactly from CSV field candidate_text_from_extraction_not_final; do not quote publicly until visually verified and cleared.
MCT-UWINDSOR-365-REJECT-0830,overrepresented_item_cap_2,,quote_candidates_priority.csv,466,664,6,"Je will call ""Look!"" an accent. khis accent is our springboard for the whole climax. In the pause. or silence. the first climax is broken.",6fdeb94f897db21b,111,0.887,actor_struggle;daily_inspiration;directing_academic_footnote,OCR/text-layer extraction candidate copied exactly from CSV field candidate_text_from_extraction_not_final; do not quote publicly until visually verified and cleared.
MCT-UWINDSOR-365-REJECT-0831,same_item_page_source_page_cap,7a3cfe8d87cf12a4,quote_candidates_priority.csv,501,874,1,CEBATLLG Ali‘- SJiﬁrEr It is a very strong atmosphere of susylcion in the beginning — susgieion and tension as if before a crucial moment.,dd40fad78bc642cd,111,0.887,actor_struggle;daily_inspiration;directing_academic_footnote;method_terms,OCR/text-layer extraction candidate copied exactly from CSV field candidate_text_from_extraction_not_final; do not quote publicly until visually verified and cleared.
MCT-UWINDSOR-365-REJECT-0832,overrepresented_item_cap_2,,quote_candidates_priority.csv,929,1078,3,"Let us take another atmosphere - our famous cathedral ""awe. (an we not have a gesture for this awe? You will not find any atmosphere which cannot be turned into the actor's language, which is gesture, We have gestures in all human psychology.",3cb38ede7925a587,106,0.881,actor_struggle;daily_inspiration;directing_academic_footnote;method_terms,OCR/text-layer extraction candidate copied exactly from CSV field candidate_text_from_extraction_not_final; do not quote publicly until visually verified and cleared.
MCT-UWINDSOR-365-REJECT-0833,same_item_page_source_page_cap,9a1e62d4f5a0038b,quote_candidates_priority.csv,894,592,9,"The stage cannot lis, and if it is lying, then you cannot have atmosphere. The truth on the stage, which will be out atmosphere, will be a magic power. wany things can be mistaken for atmosphere, but real atmos— phere cannot be imitated.",2b86bcc8ed53f834,106,0.887,actor_struggle;daily_inspiration;directing_academic_footnote;method_terms,OCR/text-layer extraction candidate copied exactly from CSV field candidate_text_from_extraction_not_final; do not quote publicly until visually verified and cleared.
MCT-UWINDSOR-365-REJECT-0834,same_item_page_source_page_cap,f3a187df05392481,quote_candidates_priority.csv,785,904,2,"He knew this enemy and we must elueye remember to sendhim away. When we are coucentreted on something. and we have taken eho objective. the eneuy tries to make us stiff, but we must be quite free.",7577933fa18f2e71,108,0.888,actor_struggle;daily_inspiration;directing_academic_footnote;method_terms,OCR/text-layer extraction candidate copied exactly from CSV field candidate_text_from_extraction_not_final; do not quote publicly until visually verified and cleared.
MCT-UWINDSOR-365-REJECT-0835,overrepresented_item_cap_2,,quote_candidates_priority.csv,271,1070,1,"”(1' 54. {in New York November 7. 1941 MICHAEL GHEKHOV'S FIRST CLASS FOR PROFESSIOHAL ACTORS ""WHY IS A METHOD NEEDED IN THE THEATRE 0F TODAY?"" (Checked and Corrected by Michael Chekhov) THE NEED FOR AN ACTING TECHNIQUE THE ACTOR'S BODY AS AN IHSTHUHEHT THE ACTOR'S PSYCHOLOGY THE INTELLECT THE ACTOR‘S VOICE THE ORIGINS or THE THEATRE THE DEGKNERATION OF THE THEATRE THE AGTOR'S RELATIONSHIP To COHTEHTORAHT LIFE THE THFATR}: OF THE FUTURE THE PERTORHAHCE THE ATHospHERE — THE FEELINGS ~ THE OBJECTIVE RADIATION DEVELOPmG THE ACTOR‘S NATURE Hamlet Stanislava Dr.",5a44a0771b8f452d,115,0.885,actor_struggle;daily_inspiration;directing_academic_footnote;method_terms,OCR/text-layer extraction candidate copied exactly from CSV field candidate_text_from_extraction_not_final; do not quote publicly until visually verified and cleared.
MCT-UWINDSOR-365-REJECT-0836,same_item_page_source_page_cap,ec6c6005c88c3568,quote_candidates_priority.csv,760,663,5,These thrce points are the moments which will lead us through the whole play. tur play begins with a certain silence and ends with a silence. and between these two silences lies the whole play.,59ceda3da44596d9,108,0.892,actor_struggle;daily_inspiration;directing_academic_footnote,OCR/text-layer extraction candidate copied exactly from CSV field candidate_text_from_extraction_not_final; do not quote publicly until visually verified and cleared.
MCT-UWINDSOR-365-REJECT-0837,overrepresented_item_cap_2,,quote_candidates_priority.csv,917,644,3,"Chekhov December 10, 1936 children have heard the voice — this is the first ray of rOpe for them — before the voice, not the slightest idea of hope should be shown. Then, as in life, the moment there is hope the evil power is there.",dbe021304ba5d193,106,0.892,actor_struggle;daily_inspiration;directing_academic_footnote,OCR/text-layer extraction candidate copied exactly from CSV field candidate_text_from_extraction_not_final; do not quote publicly until visually verified and cleared.
MCT-UWINDSOR-365-REJECT-0838,substring_or_overlap_duplicate,9fc0aea207ce2082,quote_candidates_priority.csv,667,1024,6,If we are concentrated on the peweru of the ghost. than we will get the ability to group the whole eta-celled Complicated psychology in one grip of our will - where the objective site — end we will immediately reset on it; If you will imagine - for the sake of exact-aiming the power of cancontmtien - that your hchrt is growing no large an the whole earth. you will nee that everything is included in your heart. and everything in near to you.,61f4511ff6f4f89d,109,0.884,actor_struggle;daily_inspiration;directing_academic_footnote;method_terms,OCR/text-layer extraction candidate copied exactly from CSV field candidate_text_from_extraction_not_final; do not quote publicly until visually verified and cleared.
MCT-UWINDSOR-365-REJECT-0839,overrepresented_item_cap_2,,quote_candidates_priority.csv,554,804,6,"It is only theoretical when we speak of the feelings and the objective as separate — we do it only for the purpose of approaching the problem. iherofore. try to fill your whole body with the objective and consider it as if it were another thing. The objective is: ""L want to increase the power of the wind and the elements."" You must be prepared to go through this difficult stage because, later on. you will have the result of this work - it will Work on inside you.",9e0e186541c585f5,110,0.888,actor_struggle;daily_inspiration;directing_academic_footnote;method_terms,OCR/text-layer extraction candidate copied exactly from CSV field candidate_text_from_extraction_not_final; do not quote publicly until visually verified and cleared.
MCT-UWINDSOR-365-REJECT-0840,overrepresented_item_cap_2,,quote_candidates_priority.csv,686,883,10,"Think of the scene of Kine Lear on the heath which we have done - the actor must imagine tremendous ondleao space around him, so that ho is running through thin grout space. although he may be taking only three or four steps. if you will get the fooling for this imaginary Space you will realizo the neceaoity to radiate into it. and to spread the atmosphere into thin imaginary ounce. OBJECTIVE! ﬂ; V The third point was that no Objectivoo were taken.",8cedca911fc71b50,109,0.895,actor_struggle;daily_inspiration;directing_academic_footnote;method_terms,OCR/text-layer extraction candidate copied exactly from CSV field candidate_text_from_extraction_not_final; do not quote publicly until visually verified and cleared.
MCT-UWINDSOR-365-REJECT-0841,overrepresented_item_cap_2,,quote_candidates_priority.csv,619,827,5,Therefore. you must do exercises - hours offsimplo exercises for the feeling of form. feeling of beauty. They will free your body; and you must imagine yourself being free.,3ee60a7f64deaa0c,109,0.889,actor_struggle;daily_inspiration;directing_academic_footnote;method_terms,OCR/text-layer extraction candidate copied exactly from CSV field candidate_text_from_extraction_not_final; do not quote publicly until visually verified and cleared.
MCT-UWINDSOR-365-REJECT-0842,same_item_page_source_page_cap,4d5c95255bc1c074,quote_candidates_priority.csv,802,847,1,"Be very conscious about this — the beginning, the middle part, and the and. Get satiafaction from it — use your whole body by moving one hand - let your whole body be hapey by moving one hand.",756b7265ccc9d20a,108,0.889,actor_struggle;daily_inspiration;directing_academic_footnote,OCR/text-layer extraction candidate copied exactly from CSV field candidate_text_from_extraction_not_final; do not quote publicly until visually verified and cleared.
MCT-UWINDSOR-365-REJECT-0843,overrepresented_item_cap_2,,quote_candidates_priority.csv,430,1070,20,"Chekhov November 7, 19141 So the atmosphere is the best director. No director can suggest things which the atmosphere can. and if it in there and the actors are agreed upon certain atmospheres end really creetc them, you will find. that you are acting tonight not just as you acted yesterday ‘- it will be different because the atmosphere is the life and the life is never the same. (in the stage we will find such a variety of things inside"" us. if we become inspired by atmospheres we crealte ourselves.",1c342e895a6d48b6,112,0.884,actor_struggle;daily_inspiration;directing_academic_footnote;method_terms,OCR/text-layer extraction candidate copied exactly from CSV field candidate_text_from_extraction_not_final; do not quote publicly until visually verified and cleared.
MCT-UWINDSOR-365-REJECT-0844,overrepresented_item_cap_2,,quote_candidates_priority.csv,977,820,4,"Perhaps the gesture of the whole scene requires that the chair will be low. with a low back. Then it will make harmony with the actor's acting, and the audience will feel much more roceytive because of this small subconscious thing.",affe442d9fb6177e,106,0.888,actor_struggle;daily_inspiration;directing_academic_footnote;method_terms,OCR/text-layer extraction candidate copied exactly from CSV field candidate_text_from_extraction_not_final; do not quote publicly until visually verified and cleared.
MCT-UWINDSOR-365-REJECT-0845,same_item_page_source_page_cap,024582e4216e5ab5,quote_candidates_priority.csv,522,1070,7,Therefore. there in very much to do in the theatre. many things have to be rediscovered so that the beginning will become the end.,acdf61e8a24e95c2,111,0.890,actor_struggle;daily_inspiration;directing_academic_footnote,OCR/text-layer extraction candidate copied exactly from CSV field candidate_text_from_extraction_not_final; do not quote publicly until visually verified and cleared.
MCT-UWINDSOR-365-REJECT-0846,overrepresented_item_cap_2,,quote_candidates_priority.csv,562,933,6,"1939 to got the right thing. but they will come through the expericnco'ef this kind of rehearsal. he a director. try to euggoef innediutoly what would help the cone - the director moot/Elwoyo'ho’lp to “03120,...” the whole composition — he must be flexible teval'fjelp. Do not” let the cant do wrong things today. thinking tho-{you will help them tomorrowTH'E GROUP! \70‘ :1th have a. good style 02‘ intelligent workers. whose aim is oftenmrdu to beoomo mime.",73ae65cbc522bb9d,110,0.874,actor_struggle;daily_inspiration;directing_academic_footnote;method_terms,OCR/text-layer extraction candidate copied exactly from CSV field candidate_text_from_extraction_not_final; do not quote publicly until visually verified and cleared.
MCT-UWINDSOR-365-REJECT-0847,overrepresented_item_cap_2,,quote_candidates_priority.csv,967,663,4,"For instance, if you are ""taking in” by looking, it means not only looking yhysically, but the whole body is ""taking in? When you have ""taken in"" something. you must compose it inside and transform these feelings in another form.",4825793bc7a27d33,106,0.891,actor_struggle;daily_inspiration;directing_academic_footnote;method_terms,OCR/text-layer extraction candidate copied exactly from CSV field candidate_text_from_extraction_not_final; do not quote publicly until visually verified and cleared.
MCT-UWINDSOR-365-REJECT-0848,same_item_page_source_page_cap,f8afa8767a84b63f,quote_candidates_priority.csv,709,843,1,"1938 FEELING OF FORM' FEELING OF FORM! \ Our Phantoms [The Possessed]: We shall start on the basis of imagination. first of all al‘small thing, then we will develop it on different bases. ' a Scene: _ Nicholas is sitting alone thinking. feeling. suffering, seeking for some solution; it is night. immediately after the scene with his mother where she tried to comfort him and help him, he goes secretly to the house of the engineer and the idealist.",e25dceaeeea6142e,109,0.887,actor_struggle;daily_inspiration;directing_academic_footnote;method_terms,OCR/text-layer extraction candidate copied exactly from CSV field candidate_text_from_extraction_not_final; do not quote publicly until visually verified and cleared.
MCT-UWINDSOR-365-REJECT-0849,overrepresented_item_cap_2,,quote_candidates_priority.csv,821,909,10,I Egg: to live in this atmosphere. and I want to see what will come to me from it. let us do the sketch with the scientist in the strange room. The first atmosphere will be a little formal.,2637b4aa2948b580,108,0.889,actor_struggle;daily_inspiration;directing_academic_footnote;method_terms,OCR/text-layer extraction candidate copied exactly from CSV field candidate_text_from_extraction_not_final; do not quote publicly until visually verified and cleared.
MCT-UWINDSOR-365-REJECT-0850,same_item_page_source_page_cap,f5e1b174deedaa43,quote_candidates_priority.csv,578,678,4,"1937 Then take other objects and give them to each other, being aware of the quality'of thd object. Speak the word in the quality of the object. for instance, heavy, light, cold, *ake the quality and transform it into the movement, the word - you must do this by the feeling of the whole space, the whole group, the wholu action. when you are tired from this wogk you must make an effort and you will reach another level, and on this other level are beautiful things.",c9c5674ca622fe54,110,0.883,actor_struggle;daily_inspiration;directing_academic_footnote;method_terms,OCR/text-layer extraction candidate copied exactly from CSV field candidate_text_from_extraction_not_final; do not quote publicly until visually verified and cleared.
MCT-UWINDSOR-365-REJECT-0851,exact_normalized_duplicate,859eca9cd1fbc2e8,quote_candidates_priority.csv,198,798,3,"1937 Old Students and ‘ Atmosphere Objective (with new conditions) Contact Four Brothers: Feeling of case Feeling of form Feeling of beauty Feeling of the whole Radiation The center of interest 01d Students onlx: Character éby use of the invisible body, center, ate.) Archetype trying to find it by all the means) Getting the feelings through Inspiration (technioue of preparing the ground, opening the doors, etc.§ Psychological gesture Significance Style I hope that when you come back from the holidays. you will be ‘mprovod in your ability to use the Hathod — to manage and govern it.",859eca9cd1fbc2e8,116,0.884,actor_struggle;daily_inspiration;directing_academic_footnote;method_terms,OCR/text-layer extraction candidate copied exactly from CSV field candidate_text_from_extraction_not_final; do not quote publicly until visually verified and cleared.
MCT-UWINDSOR-365-REJECT-0852,same_item_page_source_page_cap,fad9aed3cd5b7283,quote_candidates_priority.csv,861,678,1,"THE TiﬁﬁsncLDx Before you enter the stage you must do something in your coneciouuness - you must enter the stage with the gesture of Opening your heart, your soul. your mind. and taking into yourself not only the whole stage - which is the world in which you will live and work - but all your partners ee well. Without this open heart we will never be able to create the troupe. the group, which we are aiming at.",f8cdb34b16a16ff8,107,0.891,actor_struggle;daily_inspiration;directing_academic_footnote;method_terms,OCR/text-layer extraction candidate copied exactly from CSV field candidate_text_from_extraction_not_final; do not quote publicly until visually verified and cleared.
MCT-UWINDSOR-365-REJECT-0853,overrepresented_item_cap_2,,quote_candidates_priority.csv,970,664,2,Then you will not confuao it with other things. because it is tho mainsprina of tho actor's psychology. Don nuixatn- (Director's exorcisoon) Through the help of music and the imagination create the atmosphere in which you can move.,611ce69787dc1699,106,0.885,actor_struggle;daily_inspiration;directing_academic_footnote;method_terms,OCR/text-layer extraction candidate copied exactly from CSV field candidate_text_from_extraction_not_final; do not quote publicly until visually verified and cleared.
MCT-UWINDSOR-365-REJECT-0854,substring_or_overlap_duplicate,ab10b3b2af7bac3e,quote_candidates_priority.csv,902,579,2,Thin invieiblo thing is like a high super-being - it in our angel. who in gunﬂding over us. inepiroo us. one to when we can turn as the center of our work. withouf this feeling that thin rhythm is a living being. we cannot grasp it.,9fed8ab00f2ba032,106,0.883,actor_struggle;daily_inspiration;directing_academic_footnote;method_terms,OCR/text-layer extraction candidate copied exactly from CSV field candidate_text_from_extraction_not_final; do not quote publicly until visually verified and cleared.
MCT-UWINDSOR-365-REJECT-0855,overrepresented_item_cap_2,,quote_candidates_priority.csv,935,1078,18,"I seem to see everything in his acting - a clear objective ag a gesture, a strong, strong atmosphere, very clear radiation, moving always definitely in a certain direction, wich much “embroidery” inside, because he never acts too simply.",c2e7079d071af8eb,106,0.875,actor_struggle;daily_inspiration;directing_academic_footnote;method_terms,OCR/text-layer extraction candidate copied exactly from CSV field candidate_text_from_extraction_not_final; do not quote publicly until visually verified and cleared.
MCT-UWINDSOR-365-REJECT-0856,overrepresented_item_cap_2,,quote_candidates_priority.csv,552,819,10,"Feel the psychology and create the atmosphere. bow create a group out of this atmOSphore. CCHDLTiGnSx You must understand one thing; if we have one condition and we are able to create the aimosphorc oum of this condition it is easy, but if no havo more conditions it is more difficult. the difficulty lies in the inexperienced soul, not in the siiuotion or the conditions themselves. if you take rod and green you will get a certain impression from those two colors together.",5c4e20bc8ce2af5c,110,0.891,actor_struggle;daily_inspiration;directing_academic_footnote;method_terms,OCR/text-layer extraction candidate copied exactly from CSV field candidate_text_from_extraction_not_final; do not quote publicly until visually verified and cleared.
MCT-UWINDSOR-365-REJECT-0857,overrepresented_item_cap_2,,quote_candidates_priority.csv,968,663,4,"The mistake on the part of the actors was, that in exploring the gestures. they did not use their whole bodies. 1f tho gesture is only a physical one it is not a psychological gesture, and it will not awaken any other powers.",542b43666edf70b6,106,0.891,actor_struggle;daily_inspiration;directing_academic_footnote;method_terms,OCR/text-layer extraction candidate copied exactly from CSV field candidate_text_from_extraction_not_final; do not quote publicly until visually verified and cleared.
MCT-UWINDSOR-365-REJECT-0858,substring_or_overlap_duplicate,1367482c4cb437c5,quote_candidates_priority.csv,919,1080,2,"Here we are really free if we start with the psychological gesture, because no one can know what is going on in your soul when you are doing the gesture; The audience will see m, which is the most precious thing on the stage.",f93e14e46c7d4e22,106,0.890,actor_struggle;daily_inspiration;directing_academic_footnote;method_terms,OCR/text-layer extraction candidate copied exactly from CSV field candidate_text_from_extraction_not_final; do not quote publicly until visually verified and cleared.
MCT-UWINDSOR-365-REJECT-0859,overrepresented_item_cap_2,,quote_candidates_priority.csv,753,1081,13,"Now. in addition. imagine that your right shoulder is higher than your left one. First imagine it. then let your physical body adjust itself, as it were. instantly to this imaginary body.",ab0c3c16f85b8c3f,108,0.887,actor_struggle;daily_inspiration;directing_academic_footnote;method_terms,OCR/text-layer extraction candidate copied exactly from CSV field candidate_text_from_extraction_not_final; do not quote publicly until visually verified and cleared.
MCT-UWINDSOR-365-REJECT-0860,substring_or_overlap_duplicate,f8afa8767a84b63f,quote_candidates_priority.csv,800,843,1,"1938 FEELING OF FORM' FEELING OF FORM! \ Our Phantoms [The Possessed]: We shall start on the basis of imagination. first of all al‘small thing, then we will develop it on different bases.",f69c2e7eeff23498,108,0.887,actor_struggle;daily_inspiration;directing_academic_footnote;method_terms,OCR/text-layer extraction candidate copied exactly from CSV field candidate_text_from_extraction_not_final; do not quote publicly until visually verified and cleared.
MCT-UWINDSOR-365-REJECT-0861,same_item_page_source_page_cap,6d5563e9f2801037,quote_candidates_priority.csv,807,622,1,"Then, out of the right atmosphere, and the right gestures, we will find the first idea of acting. If we are successful in this work, then we ﬁill see what it means to direct a play.",45c4d18904f8f989,108,0.894,actor_struggle;daily_inspiration;directing_academic_footnote;method_terms,OCR/text-layer extraction candidate copied exactly from CSV field candidate_text_from_extraction_not_final; do not quote publicly until visually verified and cleared.
MCT-UWINDSOR-365-REJECT-0862,substring_or_overlap_duplicate,bc0f9f6ee8669e06,quote_candidates_priority.csv,358,651,3,"Cheknhov Gecember 16, 1936 his lesson example is ‘ins Lear. How his figure, which in the tbeginning is maqutic, above all kings, full of ego, and how it becomes the old, small body lying somewhere on the stage, but it is full of majestic sptrit. (One aspect of rhythm — one beihg lifted up, the other soinsg down.} 8th Exercine — Zach action consists of three parts: The first and third part are alwiyu opposite to each other in greater or lesser degrees, and the middle part is the metamorphosis of the two.",558e0b7003446153,112,0.878,actor_struggle;directing_academic_footnote;method_terms,OCR/text-layer extraction candidate copied exactly from CSV field candidate_text_from_extraction_not_final; do not quote publicly until visually verified and cleared.
MCT-UWINDSOR-365-REJECT-0863,overrepresented_item_cap_2,,quote_candidates_priority.csv,623,669,2,The director must require that the whole being of tho actor does the gesture. Tho aura must be thero so that the actor will get something new from the gesture.,09c9b19b3dd201b6,109,0.894,actor_struggle;daily_inspiration;directing_academic_footnote;method_terms,OCR/text-layer extraction candidate copied exactly from CSV field candidate_text_from_extraction_not_final; do not quote publicly until visually verified and cleared.
MCT-UWINDSOR-365-REJECT-0864,substring_or_overlap_duplicate,bfdf525baba6efe7,quote_candidates_priority.csv,679,740,5,In our Method the quality is experienced throughout the whole being. and you must elaborate the gesture as long as it is necessary to make your feelings respond.,849866a6971e2c3e,109,0.890,actor_struggle;daily_inspiration;directing_academic_footnote;method_terms,OCR/text-layer extraction candidate copied exactly from CSV field candidate_text_from_extraction_not_final; do not quote publicly until visually verified and cleared.
MCT-UWINDSOR-365-REJECT-0865,same_item_page_source_page_cap,6df5babd0ae2b7d3,quote_candidates_priority.csv,812,921,9,"Go through the whole play with partners. Mary Lou and Mary Lu: The mistake which both of you make, and especially Mary Lou. in that you are always pretending to be, when you are not.",fb4398b37b2884d1,108,0.888,actor_struggle;daily_inspiration;directing_academic_footnote,OCR/text-layer extraction candidate copied exactly from CSV field candidate_text_from_extraction_not_final; do not quote publicly until visually verified and cleared.
MCT-UWINDSOR-365-REJECT-0866,substring_or_overlap_duplicate,5c647511b0f2afcc,quote_candidates_priority.csv,761,817,3,"It is absolutely true that by dc— ing this gesture two or thrée‘times we will accumulate, end it is also true that by 5.2523,; the gesture two or three times we will be absolutely free.",6d8866807ccdc42f,108,0.883,actor_struggle;daily_inspiration;directing_academic_footnote;method_terms,OCR/text-layer extraction candidate copied exactly from CSV field candidate_text_from_extraction_not_final; do not quote publicly until visually verified and cleared.
MCT-UWINDSOR-365-REJECT-0867,overrepresented_item_cap_2,,quote_candidates_priority.csv,649,656,4,"You must find the aceture which is the idea of the whole scene, but to get this you must give the clearest pcssiblo gesture, than you will know whether it is right or not.",479ec38238c242a3,109,0.873,actor_struggle;daily_inspiration;directing_academic_footnote;method_terms,OCR/text-layer extraction candidate copied exactly from CSV field candidate_text_from_extraction_not_final; do not quote publicly until visually verified and cleared.
MCT-UWINDSOR-365-REJECT-0868,same_item_page_source_page_cap,2fa45285cfc2d5be,quote_candidates_priority.csv,529,755,6,"Pay attention to the moment when you start end when you finish, as this is very important for the feeling of the whole.",28bb13685c711aaf,111,0.890,actor_struggle;daily_inspiration;directing_academic_footnote;method_terms,OCR/text-layer extraction candidate copied exactly from CSV field candidate_text_from_extraction_not_final; do not quote publicly until visually verified and cleared.
MCT-UWINDSOR-365-REJECT-0869,same_item_page_source_page_cap,cc255a453a8ef8b0,quote_candidates_priority.csv,789,735,2,"How we will deepen our understanding and get these things in our blood. on it were. The objective in. of course. ghgg we ore doing, and it lccdc no no actors through the whole play.",b4360c90bd627854,108,0.885,actor_struggle;daily_inspiration;directing_academic_footnote;method_terms,OCR/text-layer extraction candidate copied exactly from CSV field candidate_text_from_extraction_not_final; do not quote publicly until visually verified and cleared.
MCT-UWINDSOR-365-REJECT-0870,same_item_page_source_page_cap,619323cf1cdd7c28,quote_candidates_priority.csv,571,726,3,"But the shape, the fozm must keep the life which the actor himself must give to it. ﬁne director is giving the form BLd the actor is filling the form with life. course it must be a collaboration between the director and the actor. she directc: has the right 10 give a form and must do so, while the acto: must give the liig to the form. lha moment that the actol :efuaes to give life to the form the: clichés a: there at once. As an example. the whole 0; Keye'hald's life suffer-",3f3da06d0f11c5e6,110,0.884,actor_struggle;daily_inspiration;directing_academic_footnote;method_terms,OCR/text-layer extraction candidate copied exactly from CSV field candidate_text_from_extraction_not_final; do not quote publicly until visually verified and cleared.
MCT-UWINDSOR-365-REJECT-0871,same_item_page_source_page_cap,ec305196e8ed96e5,quote_candidates_priority.csv,558,806,4,We shall create the play from the very beginning to the end — the author is helping us but we have to create the whole play from the beginning.,f4de73044f29d747,110,0.881,daily_inspiration;directing_academic_footnote,OCR/text-layer extraction candidate copied exactly from CSV field candidate_text_from_extraction_not_final; do not quote publicly until visually verified and cleared.
MCT-UWINDSOR-365-REJECT-0872,overrepresented_item_cap_2,,quote_candidates_priority.csv,942,667,2,"You will get better rooultu by tuning your cast before you start - such time is never lost, and you will got it back many times over. The director must know whether his cast is really creating the atmosphere or not.",9ef21336497bdba6,106,0.892,actor_struggle;daily_inspiration;directing_academic_footnote;method_terms,OCR/text-layer extraction candidate copied exactly from CSV field candidate_text_from_extraction_not_final; do not quote publicly until visually verified and cleared.
MCT-UWINDSOR-365-REJECT-0873,same_item_page_source_page_cap,3c4f5cfb8b30eeb9,quote_candidates_priority.csv,652,659,4,If you will build the whole scene by means of you: psychological gesture. you uill at the same time rehearse the play. but on a level which is much richer.,6dc53e7a3d99a5b4,109,0.890,actor_struggle;daily_inspiration;directing_academic_footnote;method_terms,OCR/text-layer extraction candidate copied exactly from CSV field candidate_text_from_extraction_not_final; do not quote publicly until visually verified and cleared.
MCT-UWINDSOR-365-REJECT-0874,substring_or_overlap_duplicate,bfbe1d574fc89388,quote_candidates_priority.csv,926,1083,1,"""CONTINUOUS ACTING oo CONTINUOUS ACTING IMPROVISATION THE ACTOR'S CREATIVE INDIVIDUALITY THE ACTOR IZ THE THEATRE BRIDGES AND TRANSITIONS PERFORMING ARCHETYPAL PSYCHOLOGY, NOT PERSONAL FEELINGS THE ARCHETYPE RHYTHM.",bfbdb7b698f01a48,106,0.890,actor_struggle;daily_inspiration;directing_academic_footnote;method_terms,OCR/text-layer extraction candidate copied exactly from CSV field candidate_text_from_extraction_not_final; do not quote publicly until visually verified and cleared.
MCT-UWINDSOR-365-REJECT-0875,same_item_page_source_page_cap,8a613936ae7f17d9,quote_candidates_priority.csv,547,669,1,"QUALITY PSYCHOLOGICAL GESTURE: Ballad nm Cgiticiﬁm he a director you gave your cast some psychological gestures, but the cost has never fulfilled then - the gestures remained as an illusion. There was only fifteen percent of fulfillment, and they were done very superficially. in the case where actors are doing the gesture without any exploration, or doing it less than a hundred percent. it is of less value than the intellectual approach. and we lose the whole idea of the gesture.",7f59ac3094805ac2,110,0.888,actor_struggle;daily_inspiration;directing_academic_footnote;method_terms,OCR/text-layer extraction candidate copied exactly from CSV field candidate_text_from_extraction_not_final; do not quote publicly until visually verified and cleared.
MCT-UWINDSOR-365-REJECT-0876,overrepresented_item_cap_2,,quote_candidates_priority.csv,844,820,3,"We have to find these qualities inside of us as actors, as far as it concerns us as actors, but we have also to find the same gesture in the setting around and you will see that there is quite a different psycholcgy in this staircase, and the psychology of the whole stage which surrounds the ectors is always something which is one thing; one harmonious whole with the actor. Therefore, it is not a matter of ind :ference what",07e54e456a881d15,107,0.892,actor_struggle;daily_inspiration;directing_academic_footnote;method_terms,OCR/text-layer extraction candidate copied exactly from CSV field candidate_text_from_extraction_not_final; do not quote publicly until visually verified and cleared.
MCT-UWINDSOR-365-REJECT-0877,overrepresented_item_cap_2,,quote_candidates_priority.csv,344,1074,1,"if ing vr [a Hew York November 21, 1941 PICHAEL CHEKHOV'S FIFTH CLASS FOR PROFESSIONAL ACTORSY ""SXERCISE ~ REPETITION IS THE GROWING POWER"" EXERCISE BY REPETITION EXERCISE AS ART ATMOSPHERE CONCENTRATION IMAGINATION FEELING OF EASE SUSTAINING THE OBJECTIVE i CONTRASTS POUR STAGES OF THE CREATIVE PROCESS ACTORS AND THE METHOD CROWD SCENE PSYCHOLOGY APPROACH TO THE REHEARSAL QUALITIES OR CONTRASTS IMAGINATION It may happen that some of you will wish to make practical use of what we have been talking about, but this is impossible without exercising.",d563e9015221126e,113,0.899,actor_struggle;daily_inspiration;directing_academic_footnote;method_terms,OCR/text-layer extraction candidate copied exactly from CSV field candidate_text_from_extraction_not_final; do not quote publicly until visually verified and cleared.
