candidate_id,rank,primary_bucket,secondary_tags,quote_text_candidate,quote_text_source_kind,quote_text_exact_copy,source_csv,source_csv_row_index,source_norm_hash,item_id,media_id,item_title,item_date,item_creator,attribution_mode,item_url,pdf_url,local_pdf,text_path,page_index,context_before,context_after,matched_terms,categories_from_mining,extraction_quality_proxy,mining_score,verification_tier,verification_status,verification_image_path,clearance_status,rights_status,dedupe_group_id,duplicate_notes,ranking_rationale,risk_notes,recommended_next_verification_action
MCT-UWINDSOR-365-001,1,directing_academic_footnote,Three parts: beginning;actor_struggle;attention;beginning;chekhov_on_directing_footnote_targets_raw.csv;common_actor_struggles_quote_bucket_raw.csv;daily_inspiration;directing_academic_footnote;end;feeling;first;method_terms;middle;quote_candidates_priority.csv;stop;transition;whole;will,"FEELING OF THE WHOLE - THREE PARTS: First condition is to get the feeling of the whole for the rhythmical pattern. Then we shall take other conditions. I want to call your attention to the following: When you have done this movement with the feeling of the whole, certain interpretation was there which came from the condition that we are psychologically embracing the whole. Now, I will give you another condition, and you will see that interpretation inevitably comes through this rhythmical changing. Will you now experience the second thing - the beginning and the end, and the middle part which binds the beginning and the end, or as we call the first part, the last part, and the second part. The whole, in which is the first part, the transitional part, and the third part - quite definitely the beginning, transition, the end. Do not confuse two things: The end, and the stop, which is the real stop (finish of the work). We call the last part, the cadence, the finish. Do you understand, not the stop but the last part. The whole in three different parts, and we have to experience them together. Create new eyes and new ears which will allow us to create this new thing. The result is not as important as the effort, the way to get it. Only the feeling of the whole. Three: included in one - one consisting of three.",verified_draft_text,true,chekhov_on_directing_footnote_bank_verified_draft.md,4,1f9e2cc0de5fb5cc,857,1464,"March 16, 1938","March 16, 1938",primary_chekhov_transcription: by Michael Chekhov; transcribed by Deirdre Hurst du Prey,"Michael Chekhov, lesson of March 16, 1938, transcribed by Deirdre Hurst du Prey, UWindsor archive item 857.",https://collections.uwindsor.ca/chekhov/item/857,https://collections.uwindsor.ca/files/original/f86af6b8855ca611ef7a1751e13b83503409b655.pdf,pdf_cache/item_857_march-16-1938.pdf,extracted_text_all/item_857_march-16-1938.txt,3,"verified draft entry: Three parts: beginning, transition, end",New visual check in this pass. Good readability. The passage continues after the selected excerpt.,attention;beginning;end;feeling;first;middle;whole;will,actor_struggle;daily_inspiration;directing_academic_footnote;method_terms,0.886,145,Tier 2 visually spot-checked internal quote,visually_spot_checked_internal_only__second_human_read_required,verification_images/item_857_page_3.png,internal_candidate_only__not_publicly_cleared,internal Dawson/Lisa research only; UWindsor/archive and exact-use rights review required before any public/app use,DG-1f9e2cc0de5fb5cc,Duplicate/overlap also found in chekhov_on_directing_footnote_targets_raw.csv row 1 (same_item_page_source_page_cap). Duplicate/overlap also found in chekhov_on_directing_footnote_targets_raw.csv row 17 (same_item_page_source_page_cap). Duplicate/overlap also found in chekhov_on_directing_footnote_targets_raw.csv row 33 (same_item_page_source_page_cap). Duplicate/overlap also found in common_actor_struggles_quote_bucket_raw.csv row 19 (same_item_page_source_page_cap). Duplicate/overlap also found in quote_candidates_priority.csv row 1 (same_item_page_source_page_cap). Duplicate/overlap also found in quote_candidates_priority.csv row 17 (same_item_page_source_page_cap). Duplicate/overlap also found in quote_candidates_priority.csv row 34 (same_item_page_source_page_cap).,Tier 2 seed from visually spot-checked draft; copied exactly from existing internal draft; provenance backfilled from page index/CSV where available. Duplicate/overlap sources were merged into secondary tags/duplicate_notes.,Not public cleared. Draft says punctuation/capitalization mostly follows visible typescript; second human/PDF read recommended. New visual check in this pass. Good readability. The passage continues after the selected excerpt.,"Second human visual read against the rendered PDF/page image; then Dawson/Lisa exact wording, attribution, and rights clearance before any public/app use."
MCT-UWINDSOR-365-002,2,directing_academic_footnote,The director combines beginning/end opposites;actor_struggle;audience;beginning;body;chekhov_on_directing_footnote_targets_raw.csv;composition;daily_inspiration;directing_academic_footnote;direction;director;director's;end;future;gesture;method_terms;moment;psychological gesture;quote_candidates_priority.csv;soul;will,"I must not only know the end of my part, I must act the beginning period, showing the end in an opposite direction. This was lacking in Paul's appearance, but this is the question of a very fine composition in the soul of the actor, and the director's task is to combine the elements of the beginning, so that they will be absolutely opposite to the end. The psychological gesture of the end must be done, as well as the psychological gesture of the beginning. Let us take another case, when Beatrice, as Joan has received the inspiration. The young actor is not always able to hide his or her personal things which are not quite right for the moment. For example, when Joan was awakening she began to smile - this made her weak. When she is not sure of herself and what she is doing, she begins to smile, but this smile is like a red light which tells the director she needs help. It is not easy to say just what she is lacking but she is lacking. It is another example of groundlessness.",verified_draft_text,true,chekhov_on_directing_footnote_bank_verified_draft.md,5,5eb65514d2d6e7ec,680,1259,"March 16, 1937 (afternoon)","March 16, 1937",primary_chekhov_transcription: by Michael Chekhov; transcribed by Deirdre Hurst du Prey,"Michael Chekhov, lesson of March 16, 1937 afternoon, transcribed by Deirdre Hurst du Prey, UWindsor archive item 680.",https://collections.uwindsor.ca/chekhov/item/680,https://collections.uwindsor.ca/files/original/94450b2ff459e4301f61eb3f0162a520266af770.pdf,pdf_cache/item_680_march-16-1937-afternoon.pdf,extracted_text_all/item_680_march-16-1937-afternoon.txt,12,verified draft entry: The director combines beginning/end opposites,New visual check in this pass. Good readability.,beginning;composition;director;director's;end;gesture;moment;psychological gesture;soul;will,actor_struggle;daily_inspiration;directing_academic_footnote;method_terms,0.890,144,Tier 2 visually spot-checked internal quote,visually_spot_checked_internal_only__second_human_read_required,verification_images/item_680_page_12.png,internal_candidate_only__not_publicly_cleared,internal Dawson/Lisa research only; UWindsor/archive and exact-use rights review required before any public/app use,DG-5eb65514d2d6e7ec,Duplicate/overlap also found in chekhov_on_directing_footnote_targets_raw.csv row 2 (same_item_page_source_page_cap). Duplicate/overlap also found in chekhov_on_directing_footnote_targets_raw.csv row 64 (same_item_page_source_page_cap). Duplicate/overlap also found in quote_candidates_priority.csv row 2 (same_item_page_source_page_cap). Duplicate/overlap also found in quote_candidates_priority.csv row 65 (same_item_page_source_page_cap).,Tier 2 seed from visually spot-checked draft; copied exactly from existing internal draft; provenance backfilled from page index/CSV where available. Duplicate/overlap sources were merged into secondary tags/duplicate_notes.,Not public cleared. Draft says punctuation/capitalization mostly follows visible typescript; second human/PDF read recommended. New visual check in this pass. Good readability.,"Second human visual read against the rendered PDF/page image; then Dawson/Lisa exact wording, attribution, and rights clearance before any public/app use."
MCT-UWINDSOR-365-003,3,directing_academic_footnote,Rehearse the whole;actor_struggle;beginning;chekhov_on_directing_footnote_targets_raw.csv;daily_inspiration;directing_academic_footnote;end;feeling;first;gesture;method_terms;objective;quote_candidates_priority.csv;scene;then beginning/end;then details;whole;will,"This feeling of the whole will give them in time the feeling for each detail which will be in a certain place, because they feel the whole more or less and what detail must be where, and what kind of detail. Then I would proceed to part of the scene and rehearse the beginning and the end, first with the gesture, then from the point of view of the objective, or atmosphere, etc., but some point of view must be given. Then I would take a part of the scene - for example, the Saint and Balladina, and let them act from different points of view. Then you will come more and more to details. This is one very right way. Another way is to take one point and try to develop it more, and more, and more. For instance, take the entrance of Gralon and try to develop this moment. What is the idea? He is bringing air. Ask your actor to do more. Gralon is stupid, therefore he must come with more power and develop it more and more. Then you will feel that the actor must have some starting point - give him the possibility to start say one room away. He is walking and talking loudly and Kirkor is leading him into the room and trying to make him quiet, and when he appears he is already a little diminished and the monk leads him into the atmosphere, and he is already a little bit killed. You will get the actor coming into the atmosphere, bringing atmosphere, and underlining the atmosphere. Then some steps forward and some steps back and the scene will grow from one point. In this case it is always best to take the point which is most important.",verified_draft_text,true,chekhov_on_directing_footnote_bank_verified_draft.md,1,7dc797a6dd829b8c,699,1278,"May 4, 1937","May 4, 1937",primary_chekhov_transcription: by Michael Chekhov; transcribed by Deirdre Hurst du Prey,"Michael Chekhov, lesson of May 4, 1937, transcribed by Deirdre Hurst du Prey, UWindsor archive item 699.",https://collections.uwindsor.ca/chekhov/item/699,https://collections.uwindsor.ca/files/original/14ec99b98b77cabfa63b47e84ef62234cf3a37db.pdf,pdf_cache/item_699_may-4-1937.pdf,extracted_text_all/item_699_may-4-1937.txt,5,"verified draft entry: Rehearse the whole, then beginning/end, then details",Previously seed-verified and re-rendered in this pass. Good readability.,beginning;end;feeling;first;gesture;objective;scene;whole;will,actor_struggle;daily_inspiration;directing_academic_footnote;method_terms,0.893,140,Tier 2 visually spot-checked internal quote,visually_spot_checked_internal_only__second_human_read_required,verification_images/item_699_page_5.png,internal_candidate_only__not_publicly_cleared,internal Dawson/Lisa research only; UWindsor/archive and exact-use rights review required before any public/app use,DG-7dc797a6dd829b8c,Duplicate/overlap also found in chekhov_on_directing_footnote_targets_raw.csv row 4 (same_item_page_source_page_cap). Duplicate/overlap also found in chekhov_on_directing_footnote_targets_raw.csv row 112 (same_item_page_source_page_cap). Duplicate/overlap also found in quote_candidates_priority.csv row 4 (same_item_page_source_page_cap). Duplicate/overlap also found in quote_candidates_priority.csv row 114 (same_item_page_source_page_cap).,Tier 2 seed from visually spot-checked draft; copied exactly from existing internal draft; provenance backfilled from page index/CSV where available. Duplicate/overlap sources were merged into secondary tags/duplicate_notes.,Not public cleared. Draft says punctuation/capitalization mostly follows visible typescript; second human/PDF read recommended. Previously seed-verified and re-rendered in this pass. Good readability.,"Second human visual read against the rendered PDF/page image; then Dawson/Lisa exact wording, attribution, and rights clearance before any public/app use."
MCT-UWINDSOR-365-004,4,directing_academic_footnote,Intellectual whole vs real experience of whole;Whole vs intellectual idea of whole;actor struggle — thinking the whole instead of experiencing it.;actor_struggle;art;beginning;cannot;chekhov_on_directing_footnote_targets_raw.csv;common_actor_struggles_quote_bucket_raw.csv;common_actor_struggles_quote_bucket_verified_draft.md;daily inspiration;daily_inspiration;directing_academic_footnote;end;events;feeling;feelings;gesture;intellectual;life;method_terms;objective;psychological gesture;quote_candidates_priority.csv;rhythm;whole,"RHYTHM: RHYTHMICAL EVENTS: I have noticed with some of our students that the feeling of the beginning and the end, which is at the same time the feeling of the whole, was done sometimes intellectually. The illusion of the whole is there but the real experience of the whole - the beginning and the end - is not. We must know that there are two feelings of the whole - one is the intellectual which we cannot apply to our art at all; and the other is that which feeds and leads our whole nature. It is the whole nature which participates in this rhythmical thing. The beginning must be connected with the end. When you begin the rhythmical event, you must anticipate the end. It is really the whole nature with all its functions. BEGINNING AND THE END - FEELING OF THE WHOLE: The beginning and the end, the feeling of the whole, must be experienced by our whole being in the same way as the objective, psychological gesture, etc. Between the beginning and the end, the life flows. We must feel everything that is going on between the beginning and the [page continues/cut off in rendered image].",verified_draft_text,true,chekhov_on_directing_footnote_bank_verified_draft.md,2,233841bc7bea6383,837,1444,"February 25, 1938","February 25, 1938",primary_chekhov_transcription: by Michael Chekhov; transcribed by Deirdre Hurst du Prey,"Michael Chekhov, lesson of February 25, 1938, transcribed by Deirdre Hurst du Prey, UWindsor archive item 837.",https://collections.uwindsor.ca/chekhov/item/837,https://collections.uwindsor.ca/files/original/fea15c939be1bd99d817c7738fb3594c323949bc.pdf,pdf_cache/item_837_february-25-1938.pdf,extracted_text_all/item_837_february-25-1938.txt,1,verified draft entry: Whole vs intellectual idea of whole,"Previously seed-verified and re-rendered in this pass. The final sentence continues beyond the visible/cropped region, so the cut is marked.",beginning;end;feeling;gesture;life;objective;psychological gesture;whole,actor_struggle;daily_inspiration;directing_academic_footnote;method_terms,0.887,140,Tier 2 visually spot-checked internal quote,visually_spot_checked_internal_only__second_human_read_required,verification_images/item_837_page_1.png,internal_candidate_only__not_publicly_cleared,internal Dawson/Lisa research only; UWindsor/archive and exact-use rights review required before any public/app use,DG-233841bc7bea6383,Duplicate/overlap also found in common_actor_struggles_quote_bucket_verified_draft.md row 10 (same_item_page_near_duplicate_ratio_0.67). Duplicate/overlap also found in chekhov_on_directing_footnote_targets_raw.csv row 3 (same_item_page_source_page_cap). Duplicate/overlap also found in chekhov_on_directing_footnote_targets_raw.csv row 8 (same_item_page_source_page_cap). Duplicate/overlap also found in chekhov_on_directing_footnote_targets_raw.csv row 14 (same_item_page_source_page_cap). Duplicate/overlap also found in chekhov_on_directing_footnote_targets_raw.csv row 15 (same_item_page_source_page_cap). Duplicate/overlap also found in chekhov_on_directing_footnote_targets_raw.csv row 103 (same_item_page_source_page_cap). Duplicate/overlap also found in chekhov_on_directing_footnote_targets_raw.csv row 72 (same_item_page_source_page_cap). Duplicate/overlap also found in chekhov_on_directing_footnote_targets_raw.csv row 141 (same_item_page_source_page_cap). Duplicate/overlap also found in common_actor_struggles_quote_bucket_raw.csv row 1 (same_item_page_source_page_cap). Duplicate/overlap also found in common_actor_struggles_quote_bucket_raw.csv row 4 (same_item_page_source_page_cap). Duplicate/overlap also found in common_actor_struggles_quote_bucket_raw.csv row 8 (same_item_page_source_page_cap). Duplicate/overlap also found in common_actor_struggles_quote_bucket_raw.csv row 9 (same_item_page_source_page_cap). Duplicate/overlap also found in common_actor_struggles_quote_bucket_raw.csv row 66 (same_item_page_source_page_cap). Duplicate/overlap also found in common_actor_struggles_quote_bucket_raw.csv row 93 (same_item_page_source_page_cap). Duplicate/overlap also found in quote_candidates_priority.csv row 3 (same_item_page_source_page_cap). Duplicate/overlap also found in quote_candidates_priority.csv row 8 (same_item_page_source_page_cap). Duplicate/overlap also found in quote_candidates_priority.csv row 14 (same_item_page_source_page_cap). Duplicate/overlap also found in quote_candidates_priority.csv row 15 (same_item_page_source_page_cap). Duplicate/overlap also found in quote_candidates_priority.csv row 105 (same_item_page_source_page_cap). Duplicate/overlap also found in quote_candidates_priority.csv row 73 (same_item_page_source_page_cap). Duplicate/overlap also found in quote_candidates_priority.csv row 148 (same_item_page_source_page_cap).,Tier 2 seed from visually spot-checked draft; copied exactly from existing internal draft; provenance backfilled from page index/CSV where available. Duplicate/overlap sources were merged into secondary tags/duplicate_notes.,"Not public cleared. Draft says punctuation/capitalization mostly follows visible typescript; second human/PDF read recommended. Previously seed-verified and re-rendered in this pass. The final sentence continues beyond the visible/cropped region, so the cut is marked.","Second human visual read against the rendered PDF/page image; then Dawson/Lisa exact wording, attribution, and rights clearance before any public/app use."
MCT-UWINDSOR-365-005,5,directing_academic_footnote,Rhythm as beginning/middle/end;ability;actor_struggle;beginning;body;chekhov_on_directing_footnote_targets_raw.csv;common_actor_struggles_quote_bucket_raw.csv;creative;daily_inspiration;directing_academic_footnote;end;end is not merely stop;feeling;inspiration;method_terms;middle;play;quote_candidates_priority.csv;rhythm;scene;stop;whole;will,"RHYTHM - FEELING OF THE WHOLE: We will do rhythmical exercises which will help you to bring rhythm into the plays. We will only take into consideration rhythm in general, only as a feeling of the whole, with the beginning, the middle and the end, and you will do this by moving one hand. Be very conscious about this - the beginning, the middle part, and the end. Get satisfaction from it - use your whole body by moving one hand - let your whole body be happy by moving one hand. Now, with both hands. If we get this ability to live with everything that is rhythmical, which we create as something [new/now — unclear] in the world, then the beautiful thing will come. The play, or the part, or the scene may be as long and complicated as you like, but for us it will be always something which is organized from the beginning to the end. Nothing can then make us inwardly chaotic. If something happens in the theatre, behind stage, it is like something to laugh at. This is the real ability to live in art. Concretely it is possible. Everything is beautiful. Now do the beginning, the middle part three times, and the end. Do not confuse the end with the “stop” - the end is the end of the creative work. Now do the beginning, then fifteen times the middle part, then the end.",verified_draft_text,true,chekhov_on_directing_footnote_bank_verified_draft.md,3,4d5c95255bc1c074,847,1454,"March 8, 1938","March 8, 1938",primary_chekhov_transcription: by Michael Chekhov; transcribed by Deirdre Hurst du Prey,"Michael Chekhov, lesson of March 8, 1938, transcribed by Deirdre Hurst du Prey, UWindsor archive item 847.",https://collections.uwindsor.ca/chekhov/item/847,https://collections.uwindsor.ca/files/original/e7d15e203590b850ac4fd6f48e5041b534502d9e.pdf,pdf_cache/item_847_march-8-1938.pdf,extracted_text_all/item_847_march-8-1938.txt,1,verified draft entry: Rhythm as beginning/middle/end; end is not merely stop,Previously seed-verified and re-rendered in this pass. One word remains uncertain.,beginning;end;feeling;middle;rhythm;whole;will,actor_struggle;daily_inspiration;directing_academic_footnote;method_terms,0.889,139,Tier 2 visually spot-checked internal quote,visually_spot_checked_internal_only__second_human_read_required,verification_images/item_847_page_1.png,internal_candidate_only__not_publicly_cleared,internal Dawson/Lisa research only; UWindsor/archive and exact-use rights review required before any public/app use,DG-4d5c95255bc1c074,Duplicate/overlap also found in chekhov_on_directing_footnote_targets_raw.csv row 6 (same_item_page_source_page_cap). Duplicate/overlap also found in chekhov_on_directing_footnote_targets_raw.csv row 11 (same_item_page_source_page_cap). Duplicate/overlap also found in chekhov_on_directing_footnote_targets_raw.csv row 5 (same_item_page_source_page_cap). Duplicate/overlap also found in chekhov_on_directing_footnote_targets_raw.csv row 98 (same_item_page_source_page_cap). Duplicate/overlap also found in chekhov_on_directing_footnote_targets_raw.csv row 99 (same_item_page_source_page_cap). Duplicate/overlap also found in common_actor_struggles_quote_bucket_raw.csv row 3 (same_item_page_source_page_cap). Duplicate/overlap also found in common_actor_struggles_quote_bucket_raw.csv row 2 (same_item_page_source_page_cap). Duplicate/overlap also found in common_actor_struggles_quote_bucket_raw.csv row 63 (same_item_page_source_page_cap). Duplicate/overlap also found in common_actor_struggles_quote_bucket_raw.csv row 64 (same_item_page_source_page_cap). Duplicate/overlap also found in quote_candidates_priority.csv row 6 (same_item_page_source_page_cap). Duplicate/overlap also found in quote_candidates_priority.csv row 11 (same_item_page_source_page_cap). Duplicate/overlap also found in quote_candidates_priority.csv row 5 (same_item_page_source_page_cap). Duplicate/overlap also found in quote_candidates_priority.csv row 100 (same_item_page_source_page_cap). Duplicate/overlap also found in quote_candidates_priority.csv row 101 (same_item_page_source_page_cap). Duplicate/overlap also found in quote_candidates_priority.csv row 866 (same_item_page_source_page_cap). Duplicate/overlap also found in quote_candidates_priority.csv row 802 (same_item_page_source_page_cap).,Tier 2 seed from visually spot-checked draft; copied exactly from existing internal draft; provenance backfilled from page index/CSV where available. Duplicate/overlap sources were merged into secondary tags/duplicate_notes.,Not public cleared. Draft says punctuation/capitalization mostly follows visible typescript; second human/PDF read recommended. Previously seed-verified and re-rendered in this pass. One word remains uncertain.,"Second human visual read against the rendered PDF/page image; then Dawson/Lisa exact wording, attribution, and rights clearance before any public/app use."
MCT-UWINDSOR-365-006,6,directing_academic_footnote,Action and quality instead of tearing for feelings;Forced feelings vs action and quality;action;actor_struggle;cannot;chekhov_on_directing_footnote_targets_raw.csv;clichés;common actor struggle — cannot find feelings / over-forcing emotion.;common_actor_struggles_quote_bucket_raw.csv;common_actor_struggles_quote_bucket_verified_draft.md;daily_inspiration;directing_academic_footnote;director;feelings;first;future;life;love;method_terms;quality;quote_candidates_priority.csv;soul;will,"Secondly, the simple action, and the simple quality will appeal to our utmost inner life, as we are not touching our feelings first, we are not tearing our soul to pieces to find our feelings, which cannot be found in that way. When the actor cannot find his feelings - for instance, tender love for a child - if he tells the director that he has never had a child, the director can answer him that everyone can give the quality of tenderness and love to his actions. Simultaneously we take the action of moving the chair with the quality of ""care"". Neither is the result, they are only the springboard for awakening the two main things which actors must always use to the fullest extent - our will, or action, and our feelings. For action we must just choose what to do or the action, and for the future feelings, we must choose how to do it, or the quality.",verified_draft_text,true,chekhov_on_directing_footnote_bank_verified_draft.md,6,79159b9ddd57d171,1077,1708,"December 1, 1941: Michael Chekhov's eighth class for professional actors: The role of the director","December 1, 1941",primary_chekhov_transcription: by Michael Chekhov; transcribed by Deirdre Hurst du Prey,"Michael Chekhov, lesson of December 1, 1941, transcribed by Deirdre Hurst du Prey, UWindsor archive item 1077.",https://collections.uwindsor.ca/chekhov/item/1077,https://collections.uwindsor.ca/files/original/9581e17a7a3a183d104d790c4db9c387d28fe2a8.pdf,pdf_cache/item_1077_december-1-1941-michael-chekhov-s-eighth-class-for-professional-actors-the-role-of-the-dir.pdf,extracted_text_all/item_1077_december-1-1941-michael-chekhov-s-eighth-class-for-professional-actors-the-role-of-the-dir.txt,4,verified draft entry: Action and quality instead of tearing for feelings,New visual check in this pass. Good readability.,action;cannot;director;feelings;first;life;love;quality;soul;will,actor_struggle;daily_inspiration;directing_academic_footnote;method_terms,0.887,138,Tier 2 visually spot-checked internal quote,visually_spot_checked_internal_only__second_human_read_required,verification_images/item_1077_page_4.png,internal_candidate_only__not_publicly_cleared,internal Dawson/Lisa research only; UWindsor/archive and exact-use rights review required before any public/app use,DG-79159b9ddd57d171,Duplicate/overlap also found in common_actor_struggles_quote_bucket_verified_draft.md row 2 (exact_normalized_duplicate). Duplicate/overlap also found in chekhov_on_directing_footnote_targets_raw.csv row 7 (same_item_page_source_page_cap). Duplicate/overlap also found in chekhov_on_directing_footnote_targets_raw.csv row 42 (same_item_page_source_page_cap). Duplicate/overlap also found in chekhov_on_directing_footnote_targets_raw.csv row 68 (same_item_page_source_page_cap). Duplicate/overlap also found in common_actor_struggles_quote_bucket_raw.csv row 23 (same_item_page_source_page_cap). Duplicate/overlap also found in common_actor_struggles_quote_bucket_raw.csv row 38 (same_item_page_source_page_cap). Duplicate/overlap also found in common_actor_struggles_quote_bucket_raw.csv row 68 (same_item_page_source_page_cap). Duplicate/overlap also found in quote_candidates_priority.csv row 7 (same_item_page_source_page_cap). Duplicate/overlap also found in quote_candidates_priority.csv row 43 (same_item_page_source_page_cap). Duplicate/overlap also found in quote_candidates_priority.csv row 69 (same_item_page_source_page_cap). Duplicate/overlap also found in quote_candidates_priority.csv row 118 (same_item_page_source_page_cap). Duplicate/overlap also found in quote_candidates_priority.csv row 117 (same_item_page_source_page_cap). Duplicate/overlap also found in quote_candidates_priority.csv row 913 (same_item_page_source_page_cap).,Tier 2 seed from visually spot-checked draft; copied exactly from existing internal draft; provenance backfilled from page index/CSV where available. Duplicate/overlap sources were merged into secondary tags/duplicate_notes.,Not public cleared. Draft says punctuation/capitalization mostly follows visible typescript; second human/PDF read recommended. New visual check in this pass. Good readability.,"Second human visual read against the rendered PDF/page image; then Dawson/Lisa exact wording, attribution, and rights clearance before any public/app use."
MCT-UWINDSOR-365-007,7,directing_academic_footnote,The audience’s most precious moment after the curtain;Three points/moments later called climaxes;actor_struggle;atmosphere;audience;audience.;beginning;chekhov_on_directing_footnote_targets_raw.csv;climaxes;common_actor_struggles_quote_bucket_raw.csv;common_actor_struggles_quote_bucket_verified_draft.md;daily inspiration / directing crossover — after-effect;daily_inspiration;directing_academic_footnote;end;mise;moments;play;quote_candidates_priority.csv;theatre;whole;will,"AFTER THE CURTAIN IS DOWN: The Golden Steed: There are three moments which we will later call climaxes. These three points are the moments which will lead us through the whole play. Our play begins with a certain silence and ends with a silence, and between these two silences lies the whole play. Now we must try to find some technical mise en scène for the beginning and the end; as a frame. The silences occur before the curtain goes up, and after the curtain goes down. It is wrong for a play to end when the curtain goes down as it does in the theatre today, because if we have acted for the whole evening the result of the performance is always after the curtain is down. The better the performance, the more the audience will feel that it does not want to move. The actors must remain for a few moments in the atmosphere at the end of the play. We must establish a new habit to act after the fall of the curtain. Gradually the audience will understand that this is the most precious moment.",verified_draft_text,true,chekhov_on_directing_footnote_bank_verified_draft.md,7,ec6c6005c88c3568,663,1222,"February 3, 1937","February 3, 1937",primary_chekhov_transcription: by Michael Chekhov; transcribed by Deirdre Hurst du Prey,"Michael Chekhov, lesson of February 3, 1937, transcribed by Deirdre Hurst du Prey, UWindsor archive item 663.",https://collections.uwindsor.ca/chekhov/item/663,https://collections.uwindsor.ca/files/original/7746e3355a480c0b4cf1c2a7eb5c862436b9c7d9.pdf,pdf_cache/item_663_february-3-1937.pdf,extracted_text_all/item_663_february-3-1937.txt,5,verified draft entry: Three points/moments later called climaxes,New visual check in this pass. Good readability.,beginning;end;mise;moments;play;whole;will,actor_struggle;daily_inspiration;directing_academic_footnote,0.892,137,Tier 2 visually spot-checked internal quote,visually_spot_checked_internal_only__second_human_read_required,verification_images/item_663_page_5.png,internal_candidate_only__not_publicly_cleared,internal Dawson/Lisa research only; UWindsor/archive and exact-use rights review required before any public/app use,DG-ec6c6005c88c3568,Duplicate/overlap also found in common_actor_struggles_quote_bucket_verified_draft.md row 13 (same_item_page_near_duplicate_ratio_0.58). Duplicate/overlap also found in chekhov_on_directing_footnote_targets_raw.csv row 9 (same_item_page_source_page_cap). Duplicate/overlap also found in chekhov_on_directing_footnote_targets_raw.csv row 91 (same_item_page_source_page_cap). Duplicate/overlap also found in common_actor_struggles_quote_bucket_raw.csv row 5 (same_item_page_source_page_cap). Duplicate/overlap also found in common_actor_struggles_quote_bucket_raw.csv row 58 (same_item_page_source_page_cap). Duplicate/overlap also found in quote_candidates_priority.csv row 9 (same_item_page_source_page_cap). Duplicate/overlap also found in quote_candidates_priority.csv row 93 (same_item_page_source_page_cap). Duplicate/overlap also found in quote_candidates_priority.csv row 377 (same_item_page_source_page_cap). Duplicate/overlap also found in quote_candidates_priority.csv row 760 (same_item_page_source_page_cap).,Tier 2 seed from visually spot-checked draft; copied exactly from existing internal draft; provenance backfilled from page index/CSV where available. Duplicate/overlap sources were merged into secondary tags/duplicate_notes.,Not public cleared. Draft says punctuation/capitalization mostly follows visible typescript; second human/PDF read recommended. New visual check in this pass. Good readability.,"Second human visual read against the rendered PDF/page image; then Dawson/Lisa exact wording, attribution, and rights clearance before any public/app use."
MCT-UWINDSOR-365-008,8,directing_academic_footnote,Living with images;Style uniting the whole;actor struggle — losing images/character/style.;actor_struggle;chekhov_on_directing_footnote_targets_raw.csv;common_actor_struggles_quote_bucket_raw.csv;common_actor_struggles_quote_bucket_verified_draft.md;daily inspiration;daily_inspiration;directing_academic_footnote;director;end;first;method_terms;moment;quote_candidates_priority.csv;style;whole;will,"INCORPORATION OF IMAGES: Everyone brought a different style to the stage. We must somehow find the right style. The director will help you with this later on; but to begin with, we must be aware of the style of the fairy tale, and each one must try to find the style which will unite the whole. That which comes at the first moment will often remain in the character until the very end. You must keep these characters - try not to lose them. If you want to throw them away, it is all right but do not lose them unwittingly. You must decide whether you wish to have certain characters or not. Like eating and drinking, each day you must live with your images. Each day, each hour you must live with them and work with them.",verified_draft_text,true,chekhov_on_directing_footnote_bank_verified_draft.md,10,c6766965dce09102,635,1191,"November 30, 1936 (afternoon)","November 30, 1936",primary_chekhov_transcription: by Michael Chekhov; transcribed by Deirdre Hurst du Prey,"Michael Chekhov, lesson of November 30, 1936 afternoon, transcribed by Deirdre Hurst du Prey, UWindsor archive item 635.",https://collections.uwindsor.ca/chekhov/item/635,https://collections.uwindsor.ca/files/original/f5f25b6195e7aa7124605bfdc0544382e9b54d1e.pdf,pdf_cache/item_635_november-30-1936-afternoon.pdf,extracted_text_all/item_635_november-30-1936-afternoon.txt,3,verified draft entry: Style uniting the whole,New visual check in this pass. Good readability.,director;end;first;moment;style;whole;will,actor_struggle;daily_inspiration;directing_academic_footnote;method_terms,0.889,137,Tier 2 visually spot-checked internal quote,visually_spot_checked_internal_only__second_human_read_required,verification_images/item_635_page_3.png,internal_candidate_only__not_publicly_cleared,internal Dawson/Lisa research only; UWindsor/archive and exact-use rights review required before any public/app use,DG-c6766965dce09102,Duplicate/overlap also found in common_actor_struggles_quote_bucket_verified_draft.md row 8 (substring_or_overlap_duplicate). Duplicate/overlap also found in chekhov_on_directing_footnote_targets_raw.csv row 12 (same_item_page_source_page_cap). Duplicate/overlap also found in common_actor_struggles_quote_bucket_raw.csv row 7 (same_item_page_source_page_cap). Duplicate/overlap also found in quote_candidates_priority.csv row 12 (same_item_page_source_page_cap). Duplicate/overlap also found in quote_candidates_priority.csv row 736 (same_item_page_source_page_cap). Duplicate/overlap also found in quote_candidates_priority.csv row 737 (same_item_page_source_page_cap).,Tier 2 seed from visually spot-checked draft; copied exactly from existing internal draft; provenance backfilled from page index/CSV where available. Duplicate/overlap sources were merged into secondary tags/duplicate_notes.,Not public cleared. Draft says punctuation/capitalization mostly follows visible typescript; second human/PDF read recommended. New visual check in this pass. Good readability.,"Second human visual read against the rendered PDF/page image; then Dawson/Lisa exact wording, attribution, and rights clearance before any public/app use."
MCT-UWINDSOR-365-009,9,directing_academic_footnote,Director finds a psychological gesture for the whole play;actor_struggle;audience;chekhov_on_directing_footnote_targets_raw.csv;common_actor_struggles_quote_bucket_raw.csv;daily_inspiration;directing_academic_footnote;director;gesture;method_terms;play;psychological gesture;quote_candidates_priority.csv;weak;whole,"The ending in Balladina II is a very good line; it should be elaborated and made more clear. On the other hand, the ending of the Two Kings is weak and leaves the audience without any idea of what it has been all about. Two Kings: The director should try to find a new psychological gesture for the whole play, one that would give the actors an idea of the whole play. The Golden Steed: If the director continues along the same line, he must find the connection between the setting, the text, the costumes, the characters, etc.",verified_draft_text,true,chekhov_on_directing_footnote_bank_verified_draft.md,8,ec99c2842e2c3283,746,1324,"July 18, 1937","July 18, 1937",primary_chekhov_transcription: by Michael Chekhov; transcribed by Deirdre Hurst du Prey,"Michael Chekhov, lesson of July 18, 1937, transcribed by Deirdre Hurst du Prey, UWindsor archive item 746.",https://collections.uwindsor.ca/chekhov/item/746,https://collections.uwindsor.ca/files/original/896112414dc92ea9e1ea802c9b3b228f984efcba.pdf,pdf_cache/item_746_july-18-1937.pdf,extracted_text_all/item_746_july-18-1937.txt,36,verified draft entry: Director finds a psychological gesture for the whole play,New visual check in this pass. Good readability.,audience;director;gesture;play;psychological gesture;weak;whole,actor_struggle;daily_inspiration;directing_academic_footnote;method_terms,0.887,137,Tier 2 visually spot-checked internal quote,visually_spot_checked_internal_only__second_human_read_required,verification_images/item_746_page_36.png,internal_candidate_only__not_publicly_cleared,internal Dawson/Lisa research only; UWindsor/archive and exact-use rights review required before any public/app use,DG-ec99c2842e2c3283,Duplicate/overlap also found in chekhov_on_directing_footnote_targets_raw.csv row 10 (same_item_page_source_page_cap). Duplicate/overlap also found in chekhov_on_directing_footnote_targets_raw.csv row 20 (same_item_page_source_page_cap). Duplicate/overlap also found in common_actor_struggles_quote_bucket_raw.csv row 6 (same_item_page_source_page_cap). Duplicate/overlap also found in quote_candidates_priority.csv row 10 (same_item_page_source_page_cap). Duplicate/overlap also found in quote_candidates_priority.csv row 21 (same_item_page_source_page_cap). Duplicate/overlap also found in quote_candidates_priority.csv row 20 (same_item_page_source_page_cap).,Tier 2 seed from visually spot-checked draft; copied exactly from existing internal draft; provenance backfilled from page index/CSV where available. Duplicate/overlap sources were merged into secondary tags/duplicate_notes.,Not public cleared. Draft says punctuation/capitalization mostly follows visible typescript; second human/PDF read recommended. New visual check in this pass. Good readability.,"Second human visual read against the rendered PDF/page image; then Dawson/Lisa exact wording, attribution, and rights clearance before any public/app use."
MCT-UWINDSOR-365-010,10,directing_academic_footnote,Director can find the whole play in the platonic world;actor_struggle;attention;chekhov_on_directing_footnote_targets_raw.csv;common_actor_struggles_quote_bucket_raw.csv;composition;daily_inspiration;directing_academic_footnote;director;form;free;gesture;imagination;method_terms;play;psychological gesture;quote_candidates_priority.csv;whole;will,"The less free the actor will be in doing his psychological gesture, the more free he will be later on. It depends upon the director what form of the gesture he gives. We are now working with the psychological gesture because we want to understand it. Later we will perhaps pay less attention to it, and will pay more attention to imagination and other things. The director can find the whole play in the platonic world. The more harmonious your composition of psychological gestures is, the nearer you are to the platonic world. When the director has found a gesture with his actors he can change it and explore further.",verified_draft_text,true,chekhov_on_directing_footnote_bank_verified_draft.md,11,85fb97af64a7bf0a,659,1218,"January 23, 1937","January 23, 1937",primary_chekhov_transcription: by Michael Chekhov; transcribed by Deirdre Hurst du Prey,"Michael Chekhov, lesson of January 23, 1937, transcribed by Deirdre Hurst du Prey, UWindsor archive item 659.",https://collections.uwindsor.ca/chekhov/item/659,https://collections.uwindsor.ca/files/original/9024fda428c5288fb58b9435e4effc607a45f37a.pdf,pdf_cache/item_659_january-23-1937.pdf,extracted_text_all/item_659_january-23-1937.txt,5,verified draft entry: Director can find the whole play in the platonic world,New visual check in this pass. Good readability. Keep lowercase `platonic` as typed unless Lisa/Dawson request editorial normalization.,attention;director;form;free;gesture;imagination;play;psychological gesture;whole;will,actor_struggle;daily_inspiration;directing_academic_footnote;method_terms,0.892,135,Tier 2 visually spot-checked internal quote,visually_spot_checked_internal_only__second_human_read_required,verification_images/item_659_page_5.png,internal_candidate_only__not_publicly_cleared,internal Dawson/Lisa research only; UWindsor/archive and exact-use rights review required before any public/app use,DG-85fb97af64a7bf0a,Duplicate/overlap also found in chekhov_on_directing_footnote_targets_raw.csv row 13 (same_item_page_source_page_cap). Duplicate/overlap also found in chekhov_on_directing_footnote_targets_raw.csv row 107 (same_item_page_source_page_cap). Duplicate/overlap also found in chekhov_on_directing_footnote_targets_raw.csv row 161 (same_item_page_source_page_cap). Duplicate/overlap also found in common_actor_struggles_quote_bucket_raw.csv row 109 (same_item_page_source_page_cap). Duplicate/overlap also found in common_actor_struggles_quote_bucket_raw.csv row 108 (same_item_page_source_page_cap). Duplicate/overlap also found in quote_candidates_priority.csv row 13 (same_item_page_source_page_cap). Duplicate/overlap also found in quote_candidates_priority.csv row 109 (same_item_page_source_page_cap). Duplicate/overlap also found in quote_candidates_priority.csv row 175 (same_item_page_source_page_cap). Duplicate/overlap also found in quote_candidates_priority.csv row 174 (same_item_page_source_page_cap). Duplicate/overlap also found in quote_candidates_priority.csv row 293 (same_item_page_source_page_cap).,Tier 2 seed from visually spot-checked draft; copied exactly from existing internal draft; provenance backfilled from page index/CSV where available. Duplicate/overlap sources were merged into secondary tags/duplicate_notes.,Not public cleared. Draft says punctuation/capitalization mostly follows visible typescript; second human/PDF read recommended. New visual check in this pass. Good readability. Keep lowercase `platonic` as typed unless Lisa/Dawson request editorial normalization.,"Second human visual read against the rendered PDF/page image; then Dawson/Lisa exact wording, attribution, and rights clearance before any public/app use."
MCT-UWINDSOR-365-011,11,directing_academic_footnote,Do not be afraid of important moments;Do not be afraid of the most important moments;actor_struggle;chekhov_on_directing_footnote_targets_raw.csv;climax;common actor struggle — avoiding significant moments / fear of spoiling the play.;common_actor_struggles_quote_bucket_raw.csv;common_actor_struggles_quote_bucket_verified_draft.md;daily_inspiration;directing_academic_footnote;gesture;imagination;important moment;important moments;method_terms;moment;moments;play;quote_candidates_priority.csv;will,"[We must not be] afraid of touching the most important moments. If you had only the old methods you would not be able to do this. But by touching on the play you are able to do everything, and your imagination will work simultaneously with the gesture. The climax of this play is a most tragic situation. It is at the moment when Jocelyn meets her husband. The main point of our Method is that we must not be afraid of the most important moments. Imagine the moment when John is trying, with his heavy wet boots, to jump out of the boat. We are able to touch this moment of the play without spoiling anything. You must find the most important points in the play. By finding the important points you will build a skeleton and this will be of great importance to the actor who will know the important point to which he is working.",verified_draft_text,true,chekhov_on_directing_footnote_bank_verified_draft.md,9,f365d44e87f62a48,665,1224,"February 8, 1937","February 8, 1937",primary_chekhov_transcription: by Michael Chekhov; transcribed by Deirdre Hurst du Prey,"Michael Chekhov, lesson of February 8, 1937, transcribed by Deirdre Hurst du Prey, UWindsor archive item 665.",https://collections.uwindsor.ca/chekhov/item/665,https://collections.uwindsor.ca/files/original/f2566c51a9298f66a98500aea691d44d12801420.pdf,pdf_cache/item_665_february-8-1937.pdf,extracted_text_all/item_665_february-8-1937.txt,7,verified draft entry: Do not be afraid of the most important moments,New visual check in this pass. First sentence begins mid-page; bracketed beginning supplied from visible context and should be rechecked against prior page/paragraph if used in publication.,climax;gesture;imagination;important moment;important moments;moment;moments;play;will,actor_struggle;daily_inspiration;directing_academic_footnote;method_terms,0.892,134,Tier 2 visually spot-checked internal quote,visually_spot_checked_internal_only__second_human_read_required,verification_images/item_665_page_7.png,internal_candidate_only__not_publicly_cleared,internal Dawson/Lisa research only; UWindsor/archive and exact-use rights review required before any public/app use,DG-f365d44e87f62a48,Duplicate/overlap also found in common_actor_struggles_quote_bucket_verified_draft.md row 9 (same_item_page_near_duplicate_ratio_0.58). Duplicate/overlap also found in chekhov_on_directing_footnote_targets_raw.csv row 16 (same_item_page_source_page_cap). Duplicate/overlap also found in chekhov_on_directing_footnote_targets_raw.csv row 159 (same_item_page_source_page_cap). Duplicate/overlap also found in common_actor_struggles_quote_bucket_raw.csv row 10 (same_item_page_source_page_cap). Duplicate/overlap also found in common_actor_struggles_quote_bucket_raw.csv row 106 (same_item_page_source_page_cap). Duplicate/overlap also found in quote_candidates_priority.csv row 16 (same_item_page_source_page_cap). Duplicate/overlap also found in quote_candidates_priority.csv row 172 (same_item_page_source_page_cap). Duplicate/overlap also found in quote_candidates_priority.csv row 171 (same_item_page_source_page_cap).,Tier 2 seed from visually spot-checked draft; copied exactly from existing internal draft; provenance backfilled from page index/CSV where available. Duplicate/overlap sources were merged into secondary tags/duplicate_notes.,Not public cleared. Draft says punctuation/capitalization mostly follows visible typescript; second human/PDF read recommended. New visual check in this pass. First sentence begins mid-page; bracketed beginning supplied from visible context and should be rechecked against prior page/paragraph if used in publication.,"Second human visual read against the rendered PDF/page image; then Dawson/Lisa exact wording, attribution, and rights clearance before any public/app use."
MCT-UWINDSOR-365-012,12,directing_academic_footnote,Rhythmical event: beginning/end and the feeling of the whole;actor_struggle;beginning;characterization;chekhov_on_directing_footnote_targets_raw.csv;common_actor_struggles_quote_bucket_raw.csv;daily_inspiration;directing_academic_footnote;end;event;events;feeling;gesture;method_terms;middle;moment;psychological gesture;quote_candidates_priority.csv;rhythm;style;whole;will,"STYLE - RHYTHMICAL EVENTS: Style from the point of view of rhythm. Each rhythmical event has, as we know, a beginning and an end - what is in the middle we will leave for the moment. But there is a beginning and an end, and the feeling of the whole is absolutely connected with this feeling of the beginning and the end. The rhythmical event can embrace everything, or it can be one small movement of the thing. From the rhythmical point of view the small movement can be as precious as the big movement, if it has a beginning and an end. From this point of view we will move and speak and do everything in Spanish Evening, and we will experience everything as a rhythmical something.",verified_draft_text,true,chekhov_on_directing_footnote_bank_verified_draft.md,12,85961fc400740636,836,1443,"February 24, 1938","February 24, 1938",primary_chekhov_transcription: by Michael Chekhov; transcribed by Deirdre Hurst du Prey,"Michael Chekhov, lesson of February 24, 1938, transcribed by Deirdre Hurst du Prey, UWindsor archive item 836.",https://collections.uwindsor.ca/chekhov/item/836,https://collections.uwindsor.ca/files/original/aeb8ccb38ad5261ffeedf803b1781288faf5f9ee.pdf,pdf_cache/item_836_february-24-1938.pdf,extracted_text_all/item_836_february-24-1938.txt,1,verified draft entry: Rhythmical event: beginning/end and the feeling of the whole,New visual check in this pass. Good readability.,beginning;characterization;end;events;gesture;middle;moment;psychological gesture;rhythm;style;will,actor_struggle;directing_academic_footnote;method_terms,0.891,129,Tier 2 visually spot-checked internal quote,visually_spot_checked_internal_only__second_human_read_required,verification_images/item_836_page_1.png,internal_candidate_only__not_publicly_cleared,internal Dawson/Lisa research only; UWindsor/archive and exact-use rights review required before any public/app use,DG-85961fc400740636,Duplicate/overlap also found in chekhov_on_directing_footnote_targets_raw.csv row 23 (same_item_page_source_page_cap). Duplicate/overlap also found in chekhov_on_directing_footnote_targets_raw.csv row 29 (same_item_page_source_page_cap). Duplicate/overlap also found in common_actor_struggles_quote_bucket_raw.csv row 13 (same_item_page_source_page_cap). Duplicate/overlap also found in common_actor_struggles_quote_bucket_raw.csv row 15 (same_item_page_source_page_cap). Duplicate/overlap also found in quote_candidates_priority.csv row 24 (same_item_page_source_page_cap). Duplicate/overlap also found in quote_candidates_priority.csv row 30 (same_item_page_source_page_cap). Duplicate/overlap also found in quote_candidates_priority.csv row 284 (same_item_page_source_page_cap). Duplicate/overlap also found in quote_candidates_priority.csv row 458 (same_item_page_source_page_cap).,Tier 2 seed from visually spot-checked draft; copied exactly from existing internal draft; provenance backfilled from page index/CSV where available. Duplicate/overlap sources were merged into secondary tags/duplicate_notes.,Not public cleared. Draft says punctuation/capitalization mostly follows visible typescript; second human/PDF read recommended. New visual check in this pass. Good readability.,"Second human visual read against the rendered PDF/page image; then Dawson/Lisa exact wording, attribution, and rights clearance before any public/app use."
MCT-UWINDSOR-365-013,13,daily_inspiration,Nothing can make us inwardly chaotic;actor struggle — inner chaos;actor_struggle;composition.;daily inspiration;daily_inspiration;directing_academic_footnote;method_terms,"The play, or the part, or the scene may be as long and complicated as you like, but for us it will be always something which is organized from the beginning to the end. Nothing can then make us inwardly chaotic. If something happens in the theatre, behind stage, it is like something to laugh at. This is the real ability to live in art. Concretely it is possible. Everything is beautiful.",verified_draft_text,true,common_actor_struggles_quote_bucket_verified_draft.md,11,ec53c4624ffdd448,847,1454,"March 8, 1938","March 8, 1938",primary_chekhov_transcription: by Michael Chekhov; transcribed by Deirdre Hurst du Prey,"Michael Chekhov, lesson of March 8, 1938, transcribed by Deirdre Hurst du Prey, UWindsor archive item 847.",https://collections.uwindsor.ca/chekhov/item/847,https://collections.uwindsor.ca/files/original/e7d15e203590b850ac4fd6f48e5041b534502d9e.pdf,pdf_cache/item_847_march-8-1938.pdf,extracted_text_all/item_847_march-8-1938.txt,1,verified draft entry: Nothing can make us inwardly chaotic,Previously seed-verified and re-rendered in this pass. Strong daily-ping candidate if Lisa/Dawson clear.,beginning;end;feeling;middle;rhythm;whole;will,actor_struggle;daily_inspiration;directing_academic_footnote;method_terms,0.889,139,Tier 2 visually spot-checked internal quote,visually_spot_checked_internal_only__second_human_read_required,verification_images/item_847_page_1.png,internal_candidate_only__not_publicly_cleared,internal Dawson/Lisa research only; UWindsor/archive and exact-use rights review required before any public/app use,DG-ec53c4624ffdd448,No retained duplicate after exact/overlap/page/item dedupe; see reject log for rejected overlaps.,Tier 2 seed from visually spot-checked draft; copied exactly from existing internal draft; provenance backfilled from page index/CSV where available. Duplicate/overlap sources were merged into secondary tags/duplicate_notes.,Not public cleared. Draft says punctuation/capitalization mostly follows visible typescript; second human/PDF read recommended. Previously seed-verified and re-rendered in this pass. Strong daily-ping candidate if Lisa/Dawson clear.,"Second human visual read against the rendered PDF/page image; then Dawson/Lisa exact wording, attribution, and rights clearance before any public/app use."
MCT-UWINDSOR-365-014,14,actor_struggle,Beginning/middle/end and feeling of the whole movement;actor struggle — not anticipating the end / losing the whole.;actor_struggle;beginning;chekhov_on_directing_footnote_targets_raw.csv;common_actor_struggles_quote_bucket_raw.csv;composition;daily inspiration;daily_inspiration;directing_academic_footnote;end;future;middle;play;quote_candidates_priority.csv;whole;will,"Every rhythmical movement consists of a beginning, a middle part, and an end in each case. When we have a feeling for the beginning, the middle, and the end, we will be able to feel the whole movement. When we start at the beginning, we must feel the middle and the end. When we are in the middle, we must feel the past and the future; and when we are at the end, we must feel the middle and the beginning. When you have finished and are out of this pattern, then you have the feeling of the whole which has happened. The same is true before you start. You must feel the beginning, the middle, and the end just as well as you do when you have finished and have experienced them. This is one of the principles which we must elaborate later on. When we don't anticipate the end, we are not ready to stop instantly. We start too late because we have not anticipated. We don't anticipate or remember sufficiently and so don't develop the feeling for the whole, which can only be developed by realizing that each event comprises a beginning, middle, and end.",verified_draft_text,true,common_actor_struggles_quote_bucket_verified_draft.md,12,4917f26c7e57a107,633,1189,"November 27, 1936","November 27, 1936",primary_chekhov_transcription: by Michael Chekhov; transcribed by Deirdre Hurst du Prey,"Michael Chekhov, lesson of November 27, 1936, transcribed by Deirdre Hurst du Prey, UWindsor archive item 633.",https://collections.uwindsor.ca/chekhov/item/633,https://collections.uwindsor.ca/files/original/8afcf96e8ebc310f3a73624f7bcc0fb15b1e59b4.pdf,pdf_cache/item_633_november-27-1936.pdf,extracted_text_all/item_633_november-27-1936.txt,1,verified draft entry: Beginning/middle/end and feeling of the whole movement,New visual check in this pass. Good readability.,beginning;end;future;middle;whole;will,actor_struggle;daily_inspiration;directing_academic_footnote,0.884,129,Tier 2 visually spot-checked internal quote,visually_spot_checked_internal_only__second_human_read_required,verification_images/item_633_page_1.png,internal_candidate_only__not_publicly_cleared,internal Dawson/Lisa research only; UWindsor/archive and exact-use rights review required before any public/app use,DG-4917f26c7e57a107,Duplicate/overlap also found in chekhov_on_directing_footnote_targets_raw.csv row 47 (same_item_page_source_page_cap). Duplicate/overlap also found in chekhov_on_directing_footnote_targets_raw.csv row 27 (same_item_page_source_page_cap). Duplicate/overlap also found in chekhov_on_directing_footnote_targets_raw.csv row 197 (same_item_page_source_page_cap). Duplicate/overlap also found in chekhov_on_directing_footnote_targets_raw.csv row 57 (same_item_page_source_page_cap). Duplicate/overlap also found in common_actor_struggles_quote_bucket_raw.csv row 138 (same_item_page_source_page_cap). Duplicate/overlap also found in common_actor_struggles_quote_bucket_raw.csv row 34 (same_item_page_source_page_cap). Duplicate/overlap also found in quote_candidates_priority.csv row 48 (same_item_page_source_page_cap). Duplicate/overlap also found in quote_candidates_priority.csv row 28 (same_item_page_source_page_cap). Duplicate/overlap also found in quote_candidates_priority.csv row 216 (same_item_page_source_page_cap). Duplicate/overlap also found in quote_candidates_priority.csv row 58 (same_item_page_source_page_cap). Duplicate/overlap also found in quote_candidates_priority.csv row 880 (same_item_page_source_page_cap).,Tier 2 seed from visually spot-checked draft; copied exactly from existing internal draft; provenance backfilled from page index/CSV where available. Duplicate/overlap sources were merged into secondary tags/duplicate_notes.,Not public cleared. Draft says punctuation/capitalization mostly follows visible typescript; second human/PDF read recommended. New visual check in this pass. Good readability.,"Second human visual read against the rendered PDF/page image; then Dawson/Lisa exact wording, attribution, and rights clearance before any public/app use."
MCT-UWINDSOR-365-015,15,daily_inspiration,Whole complete action and radiating;action;actor_struggle;beginning;chekhov_on_directing_footnote_targets_raw.csv;common_actor_struggles_quote_bucket_raw.csv;concentration;concentration/wholeness.;daily inspiration;daily_inspiration;directing_academic_footnote;first;method_terms;quote_candidates_priority.csv;whole;will,"Feel the beginning and the end and the whole complete action and always be conscious of radiating. At first, it will seem like many things to do all at the same time, but all at once they will come together with each concentration exercise.",verified_draft_text,true,common_actor_struggles_quote_bucket_verified_draft.md,7,8a6dd1c99ea0e968,584,1140,"May 10, 1936: Lessons to teachers: Lesson IX",10-May-36,primary_chekhov_transcription: by Michael Chekhov; transcribed by Deirdre Hurst du Prey,"Michael Chekhov, lesson of May 10, 1936, transcribed by Deirdre Hurst du Prey, UWindsor archive item 584.",https://collections.uwindsor.ca/chekhov/item/584,https://collections.uwindsor.ca/files/original/d602acd61c46c2808ec342c34b86c85ae76c15d3.pdf,pdf_cache/item_584_may-10-1936-lessons-to-teachers-lesson-ix.pdf,extracted_text_all/item_584_may-10-1936-lessons-to-teachers-lesson-ix.txt,3,verified draft entry: Whole complete action and radiating,New visual check in this pass. Page begins mid-sentence; first quoted sentence starts after preceding context. Good readability.,action;beginning;concentration;first;whole;will,actor_struggle;daily_inspiration;directing_academic_footnote;method_terms,0.889,128,Tier 2 visually spot-checked internal quote,visually_spot_checked_internal_only__second_human_read_required,verification_images/item_584_page_3.png,internal_candidate_only__not_publicly_cleared,internal Dawson/Lisa research only; UWindsor/archive and exact-use rights review required before any public/app use,DG-8a6dd1c99ea0e968,Duplicate/overlap also found in chekhov_on_directing_footnote_targets_raw.csv row 28 (same_item_page_source_page_cap). Duplicate/overlap also found in common_actor_struggles_quote_bucket_raw.csv row 14 (same_item_page_source_page_cap). Duplicate/overlap also found in quote_candidates_priority.csv row 29 (same_item_page_source_page_cap).,Tier 2 seed from visually spot-checked draft; copied exactly from existing internal draft; provenance backfilled from page index/CSV where available. Duplicate/overlap sources were merged into secondary tags/duplicate_notes.,Not public cleared. Draft says punctuation/capitalization mostly follows visible typescript; second human/PDF read recommended. New visual check in this pass. Page begins mid-sentence; first quoted sentence starts after preceding context. Good readability.,"Second human visual read against the rendered PDF/page image; then Dawson/Lisa exact wording, attribution, and rights clearance before any public/app use."
MCT-UWINDSOR-365-016,16,actor_struggle,Fear / waiting / old habits;actor_struggle;atmosphere;cannot;chekhov_on_directing_footnote_targets_raw.csv;common actor struggle — waiting;common_actor_struggles_quote_bucket_raw.csv;daily_inspiration;directing_academic_footnote;fear;first;method_terms;moment;old habits;passivity.;quote_candidates_priority.csv;talking,"Answer: If we could stop all the old habits, other impulses would come which are much more subtle, much finer, more your own, more individual, more personal, because the things which you did, instead of the atmosphere, were very much ""in general"". Everyone can shout, everyone can go on like that, but what we are trying to do is to let the individuality come out and sparkle. It can be done only if we discard all our habits, and let our individualities respond to whatever we choose - in this instance it was the atmosphere. Then you will see that you are not poorer but actually much richer and more expressive as actors. You will see that nothing will be lost, if you will somehow switch off your old habits. Question: What you say about allowing finer, more individual things to come out of me is very appealing, but I don't understand how I can do it. In the improvisation for atmosphere the other day, I found myself involved with a lot of things. So much started to happen that I could not control, in your sense. What is the alternative to that? Must I sit back and wait for something to come? Answer: I understand your question. We must not sit back and wait - that is fear which chokes us. First of all, because you are an actor you cannot sit and wait, except if you are embarrassed, then, of course, nothing happens. For example, let us take the moment when the sailors are drinking and talking to each other in the atmosphere, there is so much to do!",verified_draft_text,true,common_actor_struggles_quote_bucket_verified_draft.md,1,8f3765bd457dcf13,1074,2034,"November 21, 1941: Michael Chekhov's fifth class for professional actors: Exercise -- Repetition is the growing power","November 21, 1941",primary_chekhov_transcription: by Michael Chekhov; transcribed by Deirdre Hurst du Prey,"Michael Chekhov, lesson of November 21, 1941, transcribed by Deirdre Hurst du Prey, UWindsor archive item 1074.",https://collections.uwindsor.ca/chekhov/item/1074,https://collections.uwindsor.ca/files/original/070c5b5f7d19735af84ffa9b541595cf0a252102.pdf,pdf_cache/item_1074_november-21-1941-michael-chekhov-s-fifth-class-for-professional-actors-exercise-repetition.pdf,extracted_text_all/item_1074_november-21-1941-michael-chekhov-s-fifth-class-for-professional-actors-exercise-repetition.txt,10,verified draft entry: Fear / waiting / old habits,New visual check in this pass. Good readability.,atmosphere;cannot;fear;first;moment;talking,actor_struggle;daily_inspiration;directing_academic_footnote;method_terms,0.887,126,Tier 2 visually spot-checked internal quote,visually_spot_checked_internal_only__second_human_read_required,verification_images/item_1074_page_10.png,internal_candidate_only__not_publicly_cleared,internal Dawson/Lisa research only; UWindsor/archive and exact-use rights review required before any public/app use,DG-8f3765bd457dcf13,Duplicate/overlap also found in chekhov_on_directing_footnote_targets_raw.csv row 46 (same_item_page_source_page_cap). Duplicate/overlap also found in chekhov_on_directing_footnote_targets_raw.csv row 113 (same_item_page_source_page_cap). Duplicate/overlap also found in common_actor_struggles_quote_bucket_raw.csv row 26 (same_item_page_source_page_cap). Duplicate/overlap also found in quote_candidates_priority.csv row 47 (same_item_page_source_page_cap). Duplicate/overlap also found in quote_candidates_priority.csv row 115 (same_item_page_source_page_cap).,Tier 2 seed from visually spot-checked draft; copied exactly from existing internal draft; provenance backfilled from page index/CSV where available. Duplicate/overlap sources were merged into secondary tags/duplicate_notes.,Not public cleared. Draft says punctuation/capitalization mostly follows visible typescript; second human/PDF read recommended. New visual check in this pass. Good readability.,"Second human visual read against the rendered PDF/page image; then Dawson/Lisa exact wording, attribution, and rights clearance before any public/app use."
MCT-UWINDSOR-365-017,17,actor_struggle,Hollow/no feelings: feelings cannot be forced;actor_struggle;beginning;chekhov_on_directing_footnote_targets_raw.csv;common actor struggle — hollow inside / trying too hard to feel.;common_actor_struggles_quote_bucket_raw.csv;daily_inspiration;directing_academic_footnote;end;feeling;first;play;quote_candidates_priority.csv;whole,"Question: When an actor feels absolutely hollow inside without any feelings, and yet he has his image and an image of the whole scene, how can he reach his feelings and awaken them so that his words will be true instead of false? Answer: By knowing clearly the task you have to do and doing it in a real way with all your concentration and attention and feeling for truth. By way of your imagination and attention to the task you are doing, these two things will, with time, awaken the right feelings. An actor's feelings cannot be forced to come, and sometimes the more you try, the more they elude you; but if you consciously apply yourself to the [page continues/cut off in rendered image].",verified_draft_text,true,common_actor_struggles_quote_bucket_verified_draft.md,3,6e904bda145df89f,647,1203,"December 12, 1936","December 12, 1936",primary_chekhov_transcription: by Michael Chekhov; transcribed by Deirdre Hurst du Prey,"Michael Chekhov, lesson of December 12, 1936, transcribed by Deirdre Hurst du Prey, UWindsor archive item 647.",https://collections.uwindsor.ca/chekhov/item/647,https://collections.uwindsor.ca/files/original/afee452e619b62a64ca17ce27829b2cd9e221584.pdf,pdf_cache/item_647_december-12-1936.pdf,extracted_text_all/item_647_december-12-1936.txt,1,verified draft entry: Hollow/no feelings: feelings cannot be forced,"New visual check in this pass. Useful, but final sentence cuts off at the page boundary; verify continuation before any public quote use.",beginning;end;feeling;play;whole,actor_struggle;daily_inspiration;directing_academic_footnote,0.880,125,Tier 2 visually spot-checked internal quote,visually_spot_checked_internal_only__second_human_read_required,verification_images/item_647_page_1.png,internal_candidate_only__not_publicly_cleared,internal Dawson/Lisa research only; UWindsor/archive and exact-use rights review required before any public/app use,DG-6e904bda145df89f,Duplicate/overlap also found in chekhov_on_directing_footnote_targets_raw.csv row 49 (same_item_page_source_page_cap). Duplicate/overlap also found in common_actor_struggles_quote_bucket_raw.csv row 28 (same_item_page_source_page_cap). Duplicate/overlap also found in quote_candidates_priority.csv row 50 (same_item_page_source_page_cap). Duplicate/overlap also found in quote_candidates_priority.csv row 600 (same_item_page_source_page_cap).,Tier 2 seed from visually spot-checked draft; copied exactly from existing internal draft; provenance backfilled from page index/CSV where available. Duplicate/overlap sources were merged into secondary tags/duplicate_notes.,"Not public cleared. Draft says punctuation/capitalization mostly follows visible typescript; second human/PDF read recommended. New visual check in this pass. Useful, but final sentence cuts off at the page boundary; verify continuation before any public quote use.","Second human visual read against the rendered PDF/page image; then Dawson/Lisa exact wording, attribution, and rights clearance before any public/app use."
MCT-UWINDSOR-365-018,18,actor_struggle,Flying over the play / finding main feeling and action;actor-struggle support and directing footnote crossover — seeing the whole rather than getting lost in parts.;actor_struggle;daily_inspiration;directing_academic_footnote,"Fly over the play in retrospect - beginning from the last moment of the play and working backwards. Imagine that the curtain has come down and try to think of the whole play. This gives us a special kind of ""spectacles"" through which we are able to find the main feeling, the main action of the play. From the end to the beginning, try to remember all the things we have spoken about.",verified_draft_text,true,common_actor_struggles_quote_bucket_verified_draft.md,4,ee43bd1f0c1c633b,647,1203,"December 12, 1936","December 12, 1936",primary_chekhov_transcription: by Michael Chekhov; transcribed by Deirdre Hurst du Prey,"Michael Chekhov, lesson of December 12, 1936, transcribed by Deirdre Hurst du Prey, UWindsor archive item 647.",https://collections.uwindsor.ca/chekhov/item/647,https://collections.uwindsor.ca/files/original/afee452e619b62a64ca17ce27829b2cd9e221584.pdf,pdf_cache/item_647_december-12-1936.pdf,extracted_text_all/item_647_december-12-1936.txt,1,verified draft entry: Flying over the play / finding main feeling and action,New visual check in this pass. Good readability.,beginning;end;feeling;play;whole,actor_struggle;daily_inspiration;directing_academic_footnote,0.880,125,Tier 2 visually spot-checked internal quote,visually_spot_checked_internal_only__second_human_read_required,verification_images/item_647_page_1.png,internal_candidate_only__not_publicly_cleared,internal Dawson/Lisa research only; UWindsor/archive and exact-use rights review required before any public/app use,DG-ee43bd1f0c1c633b,No retained duplicate after exact/overlap/page/item dedupe; see reject log for rejected overlaps.,Tier 2 seed from visually spot-checked draft; copied exactly from existing internal draft; provenance backfilled from page index/CSV where available. Duplicate/overlap sources were merged into secondary tags/duplicate_notes.,Not public cleared. Draft says punctuation/capitalization mostly follows visible typescript; second human/PDF read recommended. New visual check in this pass. Good readability.,"Second human visual read against the rendered PDF/page image; then Dawson/Lisa exact wording, attribution, and rights clearance before any public/app use."
MCT-UWINDSOR-365-019,19,actor_struggle,Concentration through rehearsal;ability;actor_struggle;beginning;chekhov_on_directing_footnote_targets_raw.csv;common actor struggle — fatigue;common_actor_struggles_quote_bucket_raw.csv;concentration;directing_academic_footnote;end;first;method_terms;quote_candidates_priority.csv;rehearsal;rehearsal concentration.;scattered attention;will,"CONCENTRATION: The Golden Steed: The power of concentration will help us in our next step, which is improvisation. Keep and develop the ability to be concentrated absolutely from the beginning to the end of the rehearsal. It will be tiring at first, but then you will find that without concentration you will be much more tired.",verified_draft_text,true,common_actor_struggles_quote_bucket_verified_draft.md,5,01d450b5aaf9d023,670,1229,"February 22, 1937","February 22, 1937",primary_chekhov_transcription: by Michael Chekhov; transcribed by Deirdre Hurst du Prey,"Michael Chekhov, lesson of February 22, 1937, transcribed by Deirdre Hurst du Prey, UWindsor archive item 670.",https://collections.uwindsor.ca/chekhov/item/670,https://collections.uwindsor.ca/files/original/9fd22e7107fe9c212a73ebd11e38108f3f116e47.pdf,pdf_cache/item_670_february-22-1937.pdf,extracted_text_all/item_670_february-22-1937.txt,2,verified draft entry: Concentration through rehearsal,New visual check in this pass. Good readability.,ability;beginning;concentration;end;first;rehearsal;will,actor_struggle;directing_academic_footnote;method_terms,0.893,123,Tier 2 visually spot-checked internal quote,visually_spot_checked_internal_only__second_human_read_required,verification_images/item_670_page_2.png,internal_candidate_only__not_publicly_cleared,internal Dawson/Lisa research only; UWindsor/archive and exact-use rights review required before any public/app use,DG-01d450b5aaf9d023,Duplicate/overlap also found in chekhov_on_directing_footnote_targets_raw.csv row 71 (substring_or_overlap_duplicate). Duplicate/overlap also found in common_actor_struggles_quote_bucket_raw.csv row 40 (substring_or_overlap_duplicate). Duplicate/overlap also found in quote_candidates_priority.csv row 72 (substring_or_overlap_duplicate). Duplicate/overlap also found in quote_candidates_priority.csv row 371 (same_item_page_source_page_cap).,Tier 2 seed from visually spot-checked draft; copied exactly from existing internal draft; provenance backfilled from page index/CSV where available. Duplicate/overlap sources were merged into secondary tags/duplicate_notes.,Not public cleared. Draft says punctuation/capitalization mostly follows visible typescript; second human/PDF read recommended. New visual check in this pass. Good readability.,"Second human visual read against the rendered PDF/page image; then Dawson/Lisa exact wording, attribution, and rights clearance before any public/app use."
MCT-UWINDSOR-365-020,20,actor_struggle,Radiation / tension / wings;actor struggle — tension;actor_struggle;body;body/voice dependence.;chekhov_on_directing_footnote_targets_raw.csv;common_actor_struggles_quote_bucket_raw.csv;daily inspiration;daily_inspiration;directing_academic_footnote;event;gesture;method_terms;psychological gesture;quote_candidates_priority.csv;radiation;tension;voice;weak;weakness;whole,"Radiation - this power of conquering the space - must be a spiritual thing. Never depend upon your body or your voice, because they are too weak. The spiritual motivation must be there. If we do the psychological gesture without this inner spiritual power, it is nothing: The psychological gesture is a lever for the actor's whole being. Each slight movement from radiation and inner power must be like an event. Without any tension. Psychological tension is the same as physical tension - it stops you. When you radiate, you must want to come out of your own skin. Don't be tense, but don't be weak - we often confuse these two things. Each word, each sentence must be something which has wings.",verified_draft_text,true,common_actor_struggles_quote_bucket_verified_draft.md,6,71d8688c263d7696,839,1446,"February 28, 1938","February 28, 1938",primary_chekhov_transcription: by Michael Chekhov; transcribed by Deirdre Hurst du Prey,"Michael Chekhov, lesson of February 28, 1938, transcribed by Deirdre Hurst du Prey, UWindsor archive item 839.",https://collections.uwindsor.ca/chekhov/item/839,https://collections.uwindsor.ca/files/original/efb826e423e2e196494db41ab155c3144992aa48.pdf,pdf_cache/item_839_february-28-1938.pdf,extracted_text_all/item_839_february-28-1938.txt,1,verified draft entry: Radiation / tension / wings,New visual check in this pass. Good readability. Strong daily-ping candidate if Lisa/Dawson clear.,body;gesture;psychological gesture;radiation;voice;weak;whole,actor_struggle;daily_inspiration;directing_academic_footnote;method_terms,0.884,123,Tier 2 visually spot-checked internal quote,visually_spot_checked_internal_only__second_human_read_required,verification_images/item_839_page_1.png,internal_candidate_only__not_publicly_cleared,internal Dawson/Lisa research only; UWindsor/archive and exact-use rights review required before any public/app use,DG-71d8688c263d7696,Duplicate/overlap also found in chekhov_on_directing_footnote_targets_raw.csv row 73 (same_item_page_source_page_cap). Duplicate/overlap also found in common_actor_struggles_quote_bucket_raw.csv row 41 (same_item_page_source_page_cap). Duplicate/overlap also found in quote_candidates_priority.csv row 74 (same_item_page_source_page_cap). Duplicate/overlap also found in quote_candidates_priority.csv row 373 (same_item_page_source_page_cap).,Tier 2 seed from visually spot-checked draft; copied exactly from existing internal draft; provenance backfilled from page index/CSV where available. Duplicate/overlap sources were merged into secondary tags/duplicate_notes.,Not public cleared. Draft says punctuation/capitalization mostly follows visible typescript; second human/PDF read recommended. New visual check in this pass. Good readability. Strong daily-ping candidate if Lisa/Dawson clear.,"Second human visual read against the rendered PDF/page image; then Dawson/Lisa exact wording, attribution, and rights clearance before any public/app use."
MCT-UWINDSOR-365-021,21,directing_academic_footnote,actor_struggle;beginning;chekhov_on_directing_footnote_targets_raw.csv;common_actor_struggles_quote_bucket_raw.csv;daily_inspiration;directing_academic_footnote;end;feeling;imagination;method_terms;moment;objective;quote_candidates_priority.csv;whole;will,It could bo turned into an objective but at the moment we will take it in imagination. The beginning of this feeling you will get at the end - to get rid of the whole world — therefore. you want to get rid of him.,csv_extraction_text,true,chekhov_on_directing_footnote_targets_raw.csv,18,baac4fe69357f527,843,1450,"March 3, 1938","March 3, 1938",primary_chekhov_transcription: by Michael Chekhov; transcribed by Deirdre Hurst du Prey,"lesson/transcription/UWindsor attribution approved by Dawson, exact source context still required",https://collections.uwindsor.ca/chekhov/item/843,https://collections.uwindsor.ca/files/original/42e649a2331bbcf6b93514a14830fb791c639736.pdf,pdf_cache/item_843_march-3-1938.pdf,extracted_text_all/item_843_march-3-1938.txt,4,This genius is trying to catch another person in this particular case no that the person will not be awakened.,No separate context_after field supplied by source extraction; inspect cited page/text_path for surrounding context.,beginning;end;feeling;imagination;moment;objective;whole;will,actor_struggle;daily_inspiration;directing_academic_footnote;method_terms,0.891,134,Tier 1 model-curated internal candidate,needs_visual_verification_against_pdf_page,,internal_candidate_only__not_publicly_cleared,internal Dawson/Lisa research only; UWindsor/archive and exact-use rights review required before any public/app use,DG-baac4fe69357f527,Duplicate/overlap also found in chekhov_on_directing_footnote_targets_raw.csv row 171 (same_item_page_source_page_cap). Duplicate/overlap also found in common_actor_struggles_quote_bucket_raw.csv row 11 (exact_normalized_duplicate). Duplicate/overlap also found in common_actor_struggles_quote_bucket_raw.csv row 118 (same_item_page_source_page_cap). Duplicate/overlap also found in quote_candidates_priority.csv row 18 (exact_normalized_duplicate). Duplicate/overlap also found in quote_candidates_priority.csv row 185 (same_item_page_source_page_cap).,Selected from chekhov_on_directing_footnote_targets_raw.csv row 18 with score 134 and extraction_quality_proxy 0.891; primary Chekhov transcription; accepted after exact/overlap/page/item dedupe and diversity caps.,OCR/text-layer extraction candidate copied exactly from CSV field candidate_text_from_extraction_not_final; do not quote publicly until visually verified and cleared.,"Render/inspect the cited PDF page, visually transcribe exact wording, then Dawson/Lisa exact wording, attribution, and rights clearance."
MCT-UWINDSOR-365-022,22,directing_academic_footnote,ability;actor_struggle;beginning;cannot;common_actor_struggles_quote_bucket_raw.csv;daily_inspiration;directing_academic_footnote;end;intellectual;life;method_terms;middle;moment;objective;problem;quote_candidates_priority.csv;rhythm;will,"Rudolf Steiner Goethe Albert Steffen YTHuh There must be a definite beginning, middle part, and end, al‘hough it seems to be continuous movement and endlessnesa. It ia a very important question and can be explained only by changing our ability or thinking because rhythm belongs to the world of spiritual life, whether it is human spiritual life or objective spiritual life.",csv_extraction_text,true,chekhov_on_directing_footnote_targets_raw.csv,21,5cd247f3bea3638d,832,1439,"February 21, 1938","February 21, 1938",primary_chekhov_transcription: by Michael Chekhov; transcribed by Deirdre Hurst du Prey,"lesson/transcription/UWindsor attribution approved by Dawson, exact source context still required",https://collections.uwindsor.ca/chekhov/item/832,https://collections.uwindsor.ca/files/original/4b8060d6e50e827af242313313bd4d6ad707c832.pdf,pdf_cache/item_832_february-21-1938.pdf,extracted_text_all/item_832_february-21-1938.txt,1,THE AH YFE COHTACT n RHYTHE - RHYTHHICAL IEPHOVISATICN LD'S PSYCHOL‘GY Dr.,A spiritually-tuned consciousness will understand things which the earthly-tuned human consciousneso cannot.,ability;beginning;end;life;middle;objective;rhythm,actor_struggle;daily_inspiration;directing_academic_footnote;method_terms,0.887,131,Tier 1 model-curated internal candidate,needs_visual_verification_against_pdf_page,,internal_candidate_only__not_publicly_cleared,internal Dawson/Lisa research only; UWindsor/archive and exact-use rights review required before any public/app use,DG-5cd247f3bea3638d,Duplicate/overlap also found in common_actor_struggles_quote_bucket_raw.csv row 146 (same_item_page_source_page_cap). Duplicate/overlap also found in quote_candidates_priority.csv row 22 (exact_normalized_duplicate). Duplicate/overlap also found in quote_candidates_priority.csv row 233 (same_item_page_source_page_cap). Duplicate/overlap also found in quote_candidates_priority.csv row 625 (same_item_page_source_page_cap). Duplicate/overlap also found in quote_candidates_priority.csv row 331 (same_item_page_source_page_cap). Duplicate/overlap also found in quote_candidates_priority.csv row 626 (same_item_page_source_page_cap).,Selected from chekhov_on_directing_footnote_targets_raw.csv row 21 with score 131 and extraction_quality_proxy 0.887; primary Chekhov transcription; accepted after exact/overlap/page/item dedupe and diversity caps.,OCR/text-layer extraction candidate copied exactly from CSV field candidate_text_from_extraction_not_final; do not quote publicly until visually verified and cleared.,"Render/inspect the cited PDF page, visually transcribe exact wording, then Dawson/Lisa exact wording, attribution, and rights clearance."
MCT-UWINDSOR-365-023,23,directing_academic_footnote,actor_struggle;audience;beginning;chekhov_on_directing_footnote_targets_raw.csv;common_actor_struggles_quote_bucket_raw.csv;daily_inspiration;directing_academic_footnote;end;feeling;imagination;inspire;method_terms;middle;play;quote_candidates_priority.csv;style;whole;will,"1937 feeling of the whole. without this frame you will Stand as before an ocean: if it is to be an ocean which is rough, then it must have a beginning. a middle and an end. Each member of the cant must see the performance many. many times in his imagination. and gradually there will grow up in his actor's nature this feeling of the whole, and this will inspire him.",csv_extraction_text,true,chekhov_on_directing_footnote_targets_raw.csv,24,d7e294b70d55b5f0,731,1310,"June 28, 1937 (afternoon)","June 28, 1937",primary_chekhov_transcription: by Michael Chekhov; transcribed by Deirdre Hurst du Prey,"lesson/transcription/UWindsor attribution approved by Dawson, exact source context still required",https://collections.uwindsor.ca/chekhov/item/731,https://collections.uwindsor.ca/files/original/ce51e55b21af7040504880f52ba9eac752693ab3.pdf,pdf_cache/item_731_june-28-1937-afternoon.pdf,extracted_text_all/item_731_june-28-1937-afternoon.txt,2,Chekhov June 28.,STYLEI This is the second important point - you have not reached the style of the play.,beginning;end;feeling;imagination;inspire;middle;whole;will,actor_struggle;daily_inspiration;directing_academic_footnote,0.889,129,Tier 1 model-curated internal candidate,needs_visual_verification_against_pdf_page,,internal_candidate_only__not_publicly_cleared,internal Dawson/Lisa research only; UWindsor/archive and exact-use rights review required before any public/app use,DG-d7e294b70d55b5f0,Duplicate/overlap also found in chekhov_on_directing_footnote_targets_raw.csv row 32 (same_item_page_source_page_cap). Duplicate/overlap also found in chekhov_on_directing_footnote_targets_raw.csv row 31 (same_item_page_source_page_cap). Duplicate/overlap also found in common_actor_struggles_quote_bucket_raw.csv row 18 (same_item_page_source_page_cap). Duplicate/overlap also found in common_actor_struggles_quote_bucket_raw.csv row 17 (same_item_page_source_page_cap). Duplicate/overlap also found in quote_candidates_priority.csv row 25 (exact_normalized_duplicate). Duplicate/overlap also found in quote_candidates_priority.csv row 33 (same_item_page_source_page_cap). Duplicate/overlap also found in quote_candidates_priority.csv row 32 (same_item_page_source_page_cap). Duplicate/overlap also found in quote_candidates_priority.csv row 401 (same_item_page_source_page_cap). Duplicate/overlap also found in quote_candidates_priority.csv row 690 (same_item_page_source_page_cap).,Selected from chekhov_on_directing_footnote_targets_raw.csv row 24 with score 129 and extraction_quality_proxy 0.889; primary Chekhov transcription; accepted after exact/overlap/page/item dedupe and diversity caps.,OCR/text-layer extraction candidate copied exactly from CSV field candidate_text_from_extraction_not_final; do not quote publicly until visually verified and cleared.,"Render/inspect the cited PDF page, visually transcribe exact wording, then Dawson/Lisa exact wording, attribution, and rights clearance."
MCT-UWINDSOR-365-024,24,directing_academic_footnote,actor_struggle;cannot;daily_inspiration;directing_academic_footnote;end;feelings;first;individuality;method_terms;qualities;quote_candidates_priority.csv;will,"Let us repeat the exercise, first it is quick, annoyed, and loud, then at the end, slow, interested, and soft, These qualities or contrasts will entice certain feelings in us. Por instance, if we imagine that our individuality is longing to express itself, but the means which we place at its desposal are so even, so uninteresting, that the indive iduality cannot use them.",csv_extraction_text,true,chekhov_on_directing_footnote_targets_raw.csv,26,bb9a3eb9f1de4264,1074,2034,"November 21, 1941: Michael Chekhov's fifth class for professional actors: Exercise -- Repetition is the growing power","November 21, 1941",primary_chekhov_transcription: by Michael Chekhov; transcribed by Deirdre Hurst du Prey,"lesson/transcription/UWindsor attribution approved by Dawson, exact source context still required",https://collections.uwindsor.ca/chekhov/item/1074,https://collections.uwindsor.ca/files/original/070c5b5f7d19735af84ffa9b541595cf0a252102.pdf,pdf_cache/item_1074_november-21-1941-michael-chekhov-s-fifth-class-for-professional-actors-exercise-repetition.pdf,extracted_text_all/item_1074_november-21-1941-michael-chekhov-s-fifth-class-for-professional-actors-exercise-repetition.txt,18,"If we ean do such things in this simple exercise, how wonderful it would be to do such things with Shakespeare, whose plays are full of these contrasts.",Let us imagine that this straight,cannot;end;feelings;first;individuality;qualities;will,actor_struggle;daily_inspiration;directing_academic_footnote;method_terms,0.891,129,Tier 1 model-curated internal candidate,needs_visual_verification_against_pdf_page,,internal_candidate_only__not_publicly_cleared,internal Dawson/Lisa research only; UWindsor/archive and exact-use rights review required before any public/app use,DG-bb9a3eb9f1de4264,Duplicate/overlap also found in quote_candidates_priority.csv row 27 (exact_normalized_duplicate). Duplicate/overlap also found in quote_candidates_priority.csv row 424 (same_item_page_source_page_cap). Duplicate/overlap also found in quote_candidates_priority.csv row 425 (same_item_page_source_page_cap).,Selected from chekhov_on_directing_footnote_targets_raw.csv row 26 with score 129 and extraction_quality_proxy 0.891; primary Chekhov transcription; accepted after exact/overlap/page/item dedupe and diversity caps.,OCR/text-layer extraction candidate copied exactly from CSV field candidate_text_from_extraction_not_final; do not quote publicly until visually verified and cleared.,"Render/inspect the cited PDF page, visually transcribe exact wording, then Dawson/Lisa exact wording, attribution, and rights clearance."
MCT-UWINDSOR-365-025,25,directing_academic_footnote,actor_struggle;beginning;common_actor_struggles_quote_bucket_raw.csv;daily_inspiration;directing_academic_footnote;end;first;form;method_terms;middle;play;qualities;quote_candidates_priority.csv;rhythm;whole;will,1933 RHYTHM THE PAUSE RHYTHM _ We shall try to do it first in the schematio way. then we will establish the oppositions. than as improvisation in E very condensed form. The beginning - the middle part.- the end.,csv_extraction_text,true,chekhov_on_directing_footnote_targets_raw.csv,22,668ce6a47aab5037,861,1468,"March 18, 1938","March 18, 1938",primary_chekhov_transcription: by Michael Chekhov; transcribed by Deirdre Hurst du Prey,"lesson/transcription/UWindsor attribution approved by Dawson, exact source context still required",https://collections.uwindsor.ca/chekhov/item/861,https://collections.uwindsor.ca/files/original/ae6438dc92b7fc7632d282f7ad2688a8607e4936.pdf,pdf_cache/item_861_march-18-1938.pdf,extracted_text_all/item_861_march-18-1938.txt,1,Michael Chekhov ‘ Ulrch 18.,‘ i.,beginning;end;first;form;middle;rhythm;will,actor_struggle;directing_academic_footnote;method_terms,0.877,131,Tier 1 model-curated internal candidate,needs_visual_verification_against_pdf_page,,internal_candidate_only__not_publicly_cleared,internal Dawson/Lisa research only; UWindsor/archive and exact-use rights review required before any public/app use,DG-668ce6a47aab5037,Duplicate/overlap also found in common_actor_struggles_quote_bucket_raw.csv row 12 (exact_normalized_duplicate). Duplicate/overlap also found in quote_candidates_priority.csv row 23 (exact_normalized_duplicate). Duplicate/overlap also found in quote_candidates_priority.csv row 341 (same_item_page_source_page_cap). Duplicate/overlap also found in quote_candidates_priority.csv row 496 (same_item_page_source_page_cap).,Selected from chekhov_on_directing_footnote_targets_raw.csv row 22 with score 131 and extraction_quality_proxy 0.877; primary Chekhov transcription; accepted after exact/overlap/page/item dedupe and diversity caps.,OCR/text-layer extraction candidate copied exactly from CSV field candidate_text_from_extraction_not_final; do not quote publicly until visually verified and cleared.,"Render/inspect the cited PDF page, visually transcribe exact wording, then Dawson/Lisa exact wording, attribution, and rights clearance."
MCT-UWINDSOR-365-026,26,directing_academic_footnote,actor_struggle;atmosphere;cast;chekhov_on_directing_footnote_targets_raw.csv;common_actor_struggles_quote_bucket_raw.csv;daily_inspiration;directing_academic_footnote;feeling;first;gesture;method_terms;objective;play;psychological gesture;quote_candidates_priority.csv;whole;will,"Jhen I would give them objectives and let them be incomplete, but let them have the feeling of the whole play from the point of view of objective, psychological gesture, atmosphere, etc., etc. That would be very good for your cast because first of all they will feel how many mistakes they have made in details, and this is a good preparation for fighting with quch bad details.",csv_extraction_text,true,chekhov_on_directing_footnote_targets_raw.csv,25,2d538d0707e805eb,699,1278,"May 4, 1937","May 4, 1937",primary_chekhov_transcription: by Michael Chekhov; transcribed by Deirdre Hurst du Prey,"lesson/transcription/UWindsor attribution approved by Dawson, exact source context still required",https://collections.uwindsor.ca/chekhov/item/699,https://collections.uwindsor.ca/files/original/14ec99b98b77cabfa63b47e84ef62234cf3a37db.pdf,pdf_cache/item_699_may-4-1937.pdf,extracted_text_all/item_699_may-4-1937.txt,4,"Then I would give them two or three atmospheres and let them act, with mistakes, but with atmosphere throughout.",No separate context_after field supplied by source extraction; inspect cited page/text_path for surrounding context.,atmosphere;cast;feeling;first;gesture;objective;play;psychological gesture;whole;will,actor_struggle;daily_inspiration;directing_academic_footnote;method_terms,0.888,129,Tier 1 model-curated internal candidate,needs_visual_verification_against_pdf_page,,internal_candidate_only__not_publicly_cleared,internal Dawson/Lisa research only; UWindsor/archive and exact-use rights review required before any public/app use,DG-2d538d0707e805eb,Duplicate/overlap also found in chekhov_on_directing_footnote_targets_raw.csv row 173 (same_item_page_source_page_cap). Duplicate/overlap also found in chekhov_on_directing_footnote_targets_raw.csv row 172 (same_item_page_source_page_cap). Duplicate/overlap also found in common_actor_struggles_quote_bucket_raw.csv row 120 (same_item_page_source_page_cap). Duplicate/overlap also found in common_actor_struggles_quote_bucket_raw.csv row 119 (same_item_page_source_page_cap). Duplicate/overlap also found in quote_candidates_priority.csv row 26 (exact_normalized_duplicate). Duplicate/overlap also found in quote_candidates_priority.csv row 187 (same_item_page_source_page_cap). Duplicate/overlap also found in quote_candidates_priority.csv row 186 (same_item_page_source_page_cap).,Selected from chekhov_on_directing_footnote_targets_raw.csv row 25 with score 129 and extraction_quality_proxy 0.888; primary Chekhov transcription; accepted after exact/overlap/page/item dedupe and diversity caps.,OCR/text-layer extraction candidate copied exactly from CSV field candidate_text_from_extraction_not_final; do not quote publicly until visually verified and cleared.,"Render/inspect the cited PDF page, visually transcribe exact wording, then Dawson/Lisa exact wording, attribution, and rights clearance."
MCT-UWINDSOR-365-027,27,directing_academic_footnote,chekhov_on_directing_footnote_targets_raw.csv;common_actor_struggles_quote_bucket_raw.csv;daily_inspiration;directing_academic_footnote;end;first;free;important moment;moment;play;quote_candidates_priority.csv;whole,The econe between the Pickwickinnn end Jinnlou Take the same gosturoo as before. The moment when Rachel ‘onys she is free is one of giant aotoniuhmont - such a thing has never been heard of before -‘it is the first blow and it is an important moment for the whole play.,csv_extraction_text,true,chekhov_on_directing_footnote_targets_raw.csv,40,fe6f563548a63af2,970,1595,"July, 1939","July, 1939",primary_chekhov_transcription: by Michael Chekhov; transcribed by Deirdre Hurst du Prey,"lesson/transcription/UWindsor attribution approved by Dawson, exact source context still required",https://collections.uwindsor.ca/chekhov/item/970,https://collections.uwindsor.ca/files/original/107d9cc3cfad4b46dbc238f4206efbadda6ef167.pdf,pdf_cache/item_970_july-1939.pdf,extracted_text_all/item_970_july-1939.txt,5,Chekhov July 1 1939 they have accumulated some devilish temperament.,Rachel is hysterical but in u soft nay.,end;first;free;important moment;moment;play;whole,daily_inspiration;directing_academic_footnote,0.888,127,Tier 1 model-curated internal candidate,needs_visual_verification_against_pdf_page,,internal_candidate_only__not_publicly_cleared,internal Dawson/Lisa research only; UWindsor/archive and exact-use rights review required before any public/app use,DG-fe6f563548a63af2,Duplicate/overlap also found in chekhov_on_directing_footnote_targets_raw.csv row 191 (same_item_page_source_page_cap). Duplicate/overlap also found in chekhov_on_directing_footnote_targets_raw.csv row 190 (substring_or_overlap_duplicate). Duplicate/overlap also found in common_actor_struggles_quote_bucket_raw.csv row 22 (exact_normalized_duplicate). Duplicate/overlap also found in common_actor_struggles_quote_bucket_raw.csv row 134 (same_item_page_source_page_cap). Duplicate/overlap also found in common_actor_struggles_quote_bucket_raw.csv row 133 (substring_or_overlap_duplicate). Duplicate/overlap also found in quote_candidates_priority.csv row 41 (exact_normalized_duplicate). Duplicate/overlap also found in quote_candidates_priority.csv row 207 (same_item_page_source_page_cap). Duplicate/overlap also found in quote_candidates_priority.csv row 206 (substring_or_overlap_duplicate).,Selected from chekhov_on_directing_footnote_targets_raw.csv row 40 with score 127 and extraction_quality_proxy 0.888; primary Chekhov transcription; accepted after exact/overlap/page/item dedupe and diversity caps.,OCR/text-layer extraction candidate copied exactly from CSV field candidate_text_from_extraction_not_final; do not quote publicly until visually verified and cleared.,"Render/inspect the cited PDF page, visually transcribe exact wording, then Dawson/Lisa exact wording, attribution, and rights clearance."
MCT-UWINDSOR-365-028,28,directing_academic_footnote,actor_struggle;beginning;chekhov_on_directing_footnote_targets_raw.csv;common_actor_struggles_quote_bucket_raw.csv;concentrate;daily_inspiration;directing_academic_footnote;director;first;imagination;life;moment;play;quote_candidates_priority.csv;theatre;whole,"FLYIEG OVER THE PLAY: Cur Method gives us the possibility to fly over the whole play and to touch any moment we want with our imagination, or by the incorporation of images, or by the othor moans which we have. Therefore the director must concentrate not only on the beginning of the play because then only one part of the play is born.",csv_extraction_text,true,chekhov_on_directing_footnote_targets_raw.csv,43,41bc16eb5b64e7c3,665,1224,"February 8, 1937","February 8, 1937",primary_chekhov_transcription: by Michael Chekhov; transcribed by Deirdre Hurst du Prey,"lesson/transcription/UWindsor attribution approved by Dawson, exact source context still required",https://collections.uwindsor.ca/chekhov/item/665,https://collections.uwindsor.ca/files/original/f2566c51a9298f66a98500aea691d44d12801420.pdf,pdf_cache/item_665_february-8-1937.pdf,extracted_text_all/item_665_february-8-1937.txt,5,"This is the way to creation. when your minds and bodies are asloep, then it is impossible to create.","The reason that I have included thin flying over the play in the Method, is because all my life in tho theatre I suffered because we always started with tho first not and went over it again and again. and then remembered that no hud tho second and third act to create before the performance.",beginning;concentrate;director;imagination;moment;play;whole,actor_struggle;daily_inspiration;directing_academic_footnote,0.895,126,Tier 1 model-curated internal candidate,needs_visual_verification_against_pdf_page,,internal_candidate_only__not_publicly_cleared,internal Dawson/Lisa research only; UWindsor/archive and exact-use rights review required before any public/app use,DG-41bc16eb5b64e7c3,Duplicate/overlap also found in chekhov_on_directing_footnote_targets_raw.csv row 106 (same_item_page_source_page_cap). Duplicate/overlap also found in common_actor_struggles_quote_bucket_raw.csv row 24 (exact_normalized_duplicate). Duplicate/overlap also found in quote_candidates_priority.csv row 44 (exact_normalized_duplicate). Duplicate/overlap also found in quote_candidates_priority.csv row 108 (same_item_page_source_page_cap).,Selected from chekhov_on_directing_footnote_targets_raw.csv row 43 with score 126 and extraction_quality_proxy 0.895; primary Chekhov transcription; accepted after exact/overlap/page/item dedupe and diversity caps.,OCR/text-layer extraction candidate copied exactly from CSV field candidate_text_from_extraction_not_final; do not quote publicly until visually verified and cleared.,"Render/inspect the cited PDF page, visually transcribe exact wording, then Dawson/Lisa exact wording, attribution, and rights clearance."
MCT-UWINDSOR-365-029,29,directing_academic_footnote,actor_struggle;beginning;chekhov_on_directing_footnote_targets_raw.csv;common_actor_struggles_quote_bucket_raw.csv;daily_inspiration;directing_academic_footnote;end;feeling;future;gesture;method_terms;quote_candidates_priority.csv;rhythm;theatre;whole,"Chekhov February 25, 1938 The gesture through three rictures. If an actor . . . \ . has a feeling of rhythm, these three pictures may some for him the whole world - not only from the beginning to the end. but from the end to the aeginning.",csv_extraction_text,true,chekhov_on_directing_footnote_targets_raw.csv,30,2427669e51ca56cc,837,1444,"February 25, 1938","February 25, 1938",primary_chekhov_transcription: by Michael Chekhov; transcribed by Deirdre Hurst du Prey,"lesson/transcription/UWindsor attribution approved by Dawson, exact source context still required",https://collections.uwindsor.ca/chekhov/item/837,https://collections.uwindsor.ca/files/original/fea15c939be1bd99d817c7738fb3594c323949bc.pdf,pdf_cache/item_837_february-25-1938.pdf,extracted_text_all/item_837_february-25-1938.txt,8,H.,"As an actor I know how I have to sit on Lear's throne in the beginning, because I anticipate the end.",beginning;end;feeling;gesture;rhythm;whole,actor_struggle;daily_inspiration;directing_academic_footnote;method_terms,0.890,128,Tier 1 model-curated internal candidate,needs_visual_verification_against_pdf_page,,internal_candidate_only__not_publicly_cleared,internal Dawson/Lisa research only; UWindsor/archive and exact-use rights review required before any public/app use,DG-2427669e51ca56cc,Duplicate/overlap also found in chekhov_on_directing_footnote_targets_raw.csv row 52 (same_item_page_source_page_cap). Duplicate/overlap also found in chekhov_on_directing_footnote_targets_raw.csv row 53 (same_item_page_source_page_cap). Duplicate/overlap also found in chekhov_on_directing_footnote_targets_raw.csv row 51 (substring_or_overlap_duplicate). Duplicate/overlap also found in common_actor_struggles_quote_bucket_raw.csv row 16 (exact_normalized_duplicate). Duplicate/overlap also found in common_actor_struggles_quote_bucket_raw.csv row 31 (same_item_page_source_page_cap). Duplicate/overlap also found in common_actor_struggles_quote_bucket_raw.csv row 32 (same_item_page_source_page_cap). Duplicate/overlap also found in common_actor_struggles_quote_bucket_raw.csv row 30 (substring_or_overlap_duplicate). Duplicate/overlap also found in quote_candidates_priority.csv row 31 (exact_normalized_duplicate). Duplicate/overlap also found in quote_candidates_priority.csv row 53 (same_item_page_source_page_cap). Duplicate/overlap also found in quote_candidates_priority.csv row 54 (same_item_page_source_page_cap). Duplicate/overlap also found in quote_candidates_priority.csv row 52 (substring_or_overlap_duplicate).,Selected from chekhov_on_directing_footnote_targets_raw.csv row 30 with score 128 and extraction_quality_proxy 0.890; primary Chekhov transcription; accepted after exact/overlap/page/item dedupe and diversity caps.,OCR/text-layer extraction candidate copied exactly from CSV field candidate_text_from_extraction_not_final; do not quote publicly until visually verified and cleared.,"Render/inspect the cited PDF page, visually transcribe exact wording, then Dawson/Lisa exact wording, attribution, and rights clearance."
MCT-UWINDSOR-365-030,30,directing_academic_footnote,actor_struggle;cast;common_actor_struggles_quote_bucket_raw.csv;daily_inspiration;directing_academic_footnote;director;end;play;quote_candidates_priority.csv;weak;whole;will,"As the director, you. must find I the transitions between the parts. and show your cast and then ask them to meditate on the whole play. If‘you were producing B. big play in four acts. you would have to do the same thing by bringing the pieces together. when you get the play into a more rim/tinnical fom, you will see that the end is weak.",csv_extraction_text,true,chekhov_on_directing_footnote_targets_raw.csv,44,3c36ef267c2a1219,731,1310,"June 28, 1937 (afternoon)","June 28, 1937",primary_chekhov_transcription: by Michael Chekhov; transcribed by Deirdre Hurst du Prey,"lesson/transcription/UWindsor attribution approved by Dawson, exact source context still required",https://collections.uwindsor.ca/chekhov/item/731,https://collections.uwindsor.ca/files/original/ce51e55b21af7040504880f52ba9eac752693ab3.pdf,pdf_cache/item_731_june-28-1937-afternoon.pdf,extracted_text_all/item_731_june-28-1937-afternoon.txt,5,"You have already found these rhythmical parts or pieces, now f: you must put them together.","The start promises much more, but the end is weak.",cast;director;end;play;weak;whole;will,actor_struggle;daily_inspiration;directing_academic_footnote,0.886,126,Tier 1 model-curated internal candidate,needs_visual_verification_against_pdf_page,,internal_candidate_only__not_publicly_cleared,internal Dawson/Lisa research only; UWindsor/archive and exact-use rights review required before any public/app use,DG-3c36ef267c2a1219,Duplicate/overlap also found in common_actor_struggles_quote_bucket_raw.csv row 25 (exact_normalized_duplicate). Duplicate/overlap also found in quote_candidates_priority.csv row 45 (exact_normalized_duplicate).,Selected from chekhov_on_directing_footnote_targets_raw.csv row 44 with score 126 and extraction_quality_proxy 0.886; primary Chekhov transcription; accepted after exact/overlap/page/item dedupe and diversity caps.,OCR/text-layer extraction candidate copied exactly from CSV field candidate_text_from_extraction_not_final; do not quote publicly until visually verified and cleared.,"Render/inspect the cited PDF page, visually transcribe exact wording, then Dawson/Lisa exact wording, attribution, and rights clearance."
MCT-UWINDSOR-365-031,31,directing_academic_footnote,actor_struggle;common_actor_struggles_quote_bucket_raw.csv;daily_inspiration;directing_academic_footnote;end;imagination;method_terms;play;quote_candidates_priority.csv;style;whole;will,"Do the same thing only in your imagination from begilming to end, but your imagination must be on tho ground of the style this time. The whole play will be successful only if wé got this fooling - half exclamationo. half words, small and big explosions. sparkly. and not long sentences.",csv_extraction_text,true,chekhov_on_directing_footnote_targets_raw.csv,50,0c8d280a3a0d68ab,815,1406,"February 1, 1938 (afternoon)","February 1, 1938",primary_chekhov_transcription: by Michael Chekhov; transcribed by Deirdre Hurst du Prey,"lesson/transcription/UWindsor attribution approved by Dawson, exact source context still required",https://collections.uwindsor.ca/chekhov/item/815,https://collections.uwindsor.ca/files/original/1e39fc23492a00fca32d6888f76f2727f7ee8243.pdf,pdf_cache/item_815_february-1-1938-afternoon.pdf,extracted_text_all/item_815_february-1-1938-afternoon.txt,7,"Again, I want to see the style or the ""butterfly"" and truthful psychology, and no humor at all.","You see how badly you need the method, and how little you have the (ability to wanago it.",end;imagination;play;style;whole;will,actor_struggle;daily_inspiration;directing_academic_footnote;method_terms,0.886,125,Tier 1 model-curated internal candidate,needs_visual_verification_against_pdf_page,,internal_candidate_only__not_publicly_cleared,internal Dawson/Lisa research only; UWindsor/archive and exact-use rights review required before any public/app use,DG-0c8d280a3a0d68ab,Duplicate/overlap also found in common_actor_struggles_quote_bucket_raw.csv row 29 (exact_normalized_duplicate). Duplicate/overlap also found in quote_candidates_priority.csv row 51 (exact_normalized_duplicate).,Selected from chekhov_on_directing_footnote_targets_raw.csv row 50 with score 125 and extraction_quality_proxy 0.886; primary Chekhov transcription; accepted after exact/overlap/page/item dedupe and diversity caps.,OCR/text-layer extraction candidate copied exactly from CSV field candidate_text_from_extraction_not_final; do not quote publicly until visually verified and cleared. Contains visible OCR artifacts; visual verification required before quotation.,"Render/inspect the cited PDF page, visually transcribe exact wording, then Dawson/Lisa exact wording, attribution, and rights clearance."
MCT-UWINDSOR-365-032,32,directing_academic_footnote,actor_struggle;beginning;common_actor_struggles_quote_bucket_raw.csv;daily_inspiration;directing_academic_footnote;end;feeling;form;method_terms;middle;quote_candidates_priority.csv;whole,"Exercise: Walk from one side to another and when you cross the middle of the room. dr0p something and pick it up and then walk to the wall - one whole thing - beginning. anticipation - end,: sustaining. Now do it again with the feeling of form.",csv_extraction_text,true,chekhov_on_directing_footnote_targets_raw.csv,39,ed655e0a91b6a9fe,926,1551,"January 16, 1939: The opening of the Chekhov Theatre Studio in Ridgefield, Connecticut","January 16, 1939",primary_chekhov_transcription: by Michael Chekhov; transcribed by Deirdre Hurst du Prey,"lesson/transcription/UWindsor attribution approved by Dawson, exact source context still required",https://collections.uwindsor.ca/chekhov/item/926,https://collections.uwindsor.ca/files/original/0e0187fd7cc5317c4bb285681576649c44b3ce73.pdf,pdf_cache/item_926_january-16-1939-the-opening-of-the-chekhov-theatre-studio-in-ridgefield-connecticut.pdf,extracted_text_all/item_926_january-16-1939-the-opening-of-the-chekhov-theatre-studio-in-ridgefield-connecticut.txt,22,I am sitting down - movement and sentence.,"Now please add this sentence: ""I have dropped my handkerchief."" and the sentence must be included as a whole.",beginning;end;feeling;form;middle;whole,actor_struggle;daily_inspiration;directing_academic_footnote;method_terms,0.885,127,Tier 1 model-curated internal candidate,needs_visual_verification_against_pdf_page,,internal_candidate_only__not_publicly_cleared,internal Dawson/Lisa research only; UWindsor/archive and exact-use rights review required before any public/app use,DG-ed655e0a91b6a9fe,Duplicate/overlap also found in common_actor_struggles_quote_bucket_raw.csv row 21 (exact_normalized_duplicate). Duplicate/overlap also found in quote_candidates_priority.csv row 40 (exact_normalized_duplicate).,Selected from chekhov_on_directing_footnote_targets_raw.csv row 39 with score 127 and extraction_quality_proxy 0.885; primary Chekhov transcription; accepted after exact/overlap/page/item dedupe and diversity caps.,OCR/text-layer extraction candidate copied exactly from CSV field candidate_text_from_extraction_not_final; do not quote publicly until visually verified and cleared.,"Render/inspect the cited PDF page, visually transcribe exact wording, then Dawson/Lisa exact wording, attribution, and rights clearance."
MCT-UWINDSOR-365-033,33,directing_academic_footnote,actor_struggle;body;common_actor_struggles_quote_bucket_raw.csv;concentration;daily_inspiration;directing_academic_footnote;first;method_terms;quote_candidates_priority.csv;theatre;whole,"Chekhov COctober 5, 1936 CPENING DAY — CHEKHOY THEATRE STVDIO Dartington Hall, Totnes, Devon, ingland First THE ACTOR—ARTIST CONCENTRATION THE ACTOR®S MARCH THE ACTOR—ARTIST: It is very important that during the lessons you must be very active at all times. Your figure body must be beau— tiful during the whole lesson.",csv_extraction_text,true,chekhov_on_directing_footnote_targets_raw.csv,67,9180592c89a1641c,594,1150,"October 5, 1936: Opening Day -- Chekhov Theatre Studio",05-Oct-36,primary_chekhov_transcription: by Michael Chekhov; transcribed by Deirdre Hurst du Prey,"lesson/transcription/UWindsor attribution approved by Dawson, exact source context still required",https://collections.uwindsor.ca/chekhov/item/594,https://collections.uwindsor.ca/files/original/e3e46b981d41a5642ca0a71044f4be1f252922fb.pdf,pdf_cache/item_594_october-5-1936-opening-day-chekhov-theatre-studio.pdf,extracted_text_all/item_594_october-5-1936-opening-day-chekhov-theatre-studio.txt,1,No separate context_before field supplied by source extraction; inspect cited page/text_path for surrounding context.,"In whatever you are doing, you must feel yourself full of power, full of energy, and never allow yourself to be a bit weaker or use the chairs to help you.",body;concentration;first;theatre;whole,actor_struggle;daily_inspiration;directing_academic_footnote;method_terms,0.890,123,Tier 1 model-curated internal candidate,needs_visual_verification_against_pdf_page,,internal_candidate_only__not_publicly_cleared,internal Dawson/Lisa research only; UWindsor/archive and exact-use rights review required before any public/app use,DG-9180592c89a1641c,Duplicate/overlap also found in common_actor_struggles_quote_bucket_raw.csv row 37 (exact_normalized_duplicate). Duplicate/overlap also found in quote_candidates_priority.csv row 68 (exact_normalized_duplicate).,Selected from chekhov_on_directing_footnote_targets_raw.csv row 67 with score 123 and extraction_quality_proxy 0.890; primary Chekhov transcription; accepted after exact/overlap/page/item dedupe and diversity caps.,OCR/text-layer extraction candidate copied exactly from CSV field candidate_text_from_extraction_not_final; do not quote publicly until visually verified and cleared.,"Render/inspect the cited PDF page, visually transcribe exact wording, then Dawson/Lisa exact wording, attribution, and rights clearance."
MCT-UWINDSOR-365-034,34,directing_academic_footnote,actor_struggle;common_actor_struggles_quote_bucket_raw.csv;daily_inspiration;directing_academic_footnote;first;form;method_terms;play;quote_candidates_priority.csv;speech;style;whole;will,"Iszeoting scena with ""Soy"" as Chairman: _In this speech. first of all we must E06 this clever ""machine—gun"" person, without any idea. of heart - a. clever. sly machine. Secondly. i? must be at the same time the style of the whole play - threatening.",csv_extraction_text,true,chekhov_on_directing_footnote_targets_raw.csv,54,c63838f86bdc0291,852,1459,"March 11, 1938 (afternoon)","March 11, 1938",primary_chekhov_transcription: by Michael Chekhov; transcribed by Deirdre Hurst du Prey,"lesson/transcription/UWindsor attribution approved by Dawson, exact source context still required",https://collections.uwindsor.ca/chekhov/item/852,https://collections.uwindsor.ca/files/original/de6d5ac14dd4a0b44e5388ab23cb777d7834a9b2.pdf,pdf_cache/item_852_march-11-1938-afternoon.pdf,extracted_text_all/item_852_march-11-1938-afternoon.txt,1,"Therefore, we must‘sPond a lot of time getting, more and more of the style into us and using it for speaking. for moving. for everything.",If the form breaks it will do much harm.,first;play;speech;style;whole,actor_struggle;daily_inspiration;directing_academic_footnote;method_terms,0.878,125,Tier 1 model-curated internal candidate,needs_visual_verification_against_pdf_page,,internal_candidate_only__not_publicly_cleared,internal Dawson/Lisa research only; UWindsor/archive and exact-use rights review required before any public/app use,DG-c63838f86bdc0291,Duplicate/overlap also found in common_actor_struggles_quote_bucket_raw.csv row 33 (exact_normalized_duplicate). Duplicate/overlap also found in quote_candidates_priority.csv row 55 (exact_normalized_duplicate). Duplicate/overlap also found in quote_candidates_priority.csv row 306 (same_item_page_source_page_cap).,Selected from chekhov_on_directing_footnote_targets_raw.csv row 54 with score 125 and extraction_quality_proxy 0.878; primary Chekhov transcription; accepted after exact/overlap/page/item dedupe and diversity caps.,OCR/text-layer extraction candidate copied exactly from CSV field candidate_text_from_extraction_not_final; do not quote publicly until visually verified and cleared.,"Render/inspect the cited PDF page, visually transcribe exact wording, then Dawson/Lisa exact wording, attribution, and rights clearance."
MCT-UWINDSOR-365-035,35,directing_academic_footnote,actor_struggle;art;atmosphere;beginning;common_actor_struggles_quote_bucket_raw.csv;daily_inspiration;directing_academic_footnote;feeling;gesture;life;method_terms;moment;moments;psychological gesture;quote_candidates_priority.csv;style;theatre;truth;will,"0 Michael Chekhov Larch 15, 1938 ATHOSPHERE STYLE \ FEELING 0F TRUTH PSYCHOLOGICAL GESTURE ATMOSPHERE! Shdanoff Flax: [Ehe Possessed]: meatlng‘scono: We must remember the psychological moments and bridges from the very beginning to the point whore we try to speak the real text.",csv_extraction_text,true,chekhov_on_directing_footnote_targets_raw.csv,78,faeea7bf1d5496ae,855,1462,"March 15, 1938","March 15, 1938",primary_chekhov_transcription: by Michael Chekhov; transcribed by Deirdre Hurst du Prey,"lesson/transcription/UWindsor attribution approved by Dawson, exact source context still required",https://collections.uwindsor.ca/chekhov/item/855,https://collections.uwindsor.ca/files/original/c4d2266f89affdd8d7d1a073baef435026dca9be.pdf,pdf_cache/item_855_march-15-1938.pdf,extracted_text_all/item_855_march-15-1938.txt,1,No separate context_before field supplied by source extraction; inspect cited page/text_path for surrounding context.,"0n the basis of atmosphere - slow, stately, expectantly waiting for the arrival of the leader.",atmosphere;beginning;feeling;gesture;moments;psychological gesture;style;truth,actor_struggle;daily_inspiration;directing_academic_footnote;method_terms,0.886,123,Tier 1 model-curated internal candidate,needs_visual_verification_against_pdf_page,,internal_candidate_only__not_publicly_cleared,internal Dawson/Lisa research only; UWindsor/archive and exact-use rights review required before any public/app use,DG-faeea7bf1d5496ae,Duplicate/overlap also found in common_actor_struggles_quote_bucket_raw.csv row 46 (exact_normalized_duplicate). Duplicate/overlap also found in quote_candidates_priority.csv row 79 (exact_normalized_duplicate). Duplicate/overlap also found in quote_candidates_priority.csv row 579 (same_item_page_source_page_cap).,Selected from chekhov_on_directing_footnote_targets_raw.csv row 78 with score 123 and extraction_quality_proxy 0.886; primary Chekhov transcription; accepted after exact/overlap/page/item dedupe and diversity caps.,OCR/text-layer extraction candidate copied exactly from CSV field candidate_text_from_extraction_not_final; do not quote publicly until visually verified and cleared.,"Render/inspect the cited PDF page, visually transcribe exact wording, then Dawson/Lisa exact wording, attribution, and rights clearance."
MCT-UWINDSOR-365-036,36,directing_academic_footnote,actor_struggle;beginning;climax;common_actor_struggles_quote_bucket_raw.csv;directing_academic_footnote;end;middle;moment;quote_candidates_priority.csv;will,"I say three because of the three parts: the beginning. the middle, and the end. In canon whore tho firat and last part are so close to each other that the transition is only one moment, this is another question. whothor there is a climax or not. but wo will not touch on this problém new.",csv_extraction_text,true,chekhov_on_directing_footnote_targets_raw.csv,74,977deb46ad5a92f4,746,1324,"July 18, 1937","July 18, 1937",primary_chekhov_transcription: by Michael Chekhov; transcribed by Deirdre Hurst du Prey,"lesson/transcription/UWindsor attribution approved by Dawson, exact source context still required",https://collections.uwindsor.ca/chekhov/item/746,https://collections.uwindsor.ca/files/original/896112414dc92ea9e1ea802c9b3b228f984efcba.pdf,pdf_cache/item_746_july-18-1937.pdf,extracted_text_all/item_746_july-18-1937.txt,6,CLIL’AXSI c) You must find at least three clhmxes in each sketch.,"We must speak of the thraa parts as if the middle part 13 a long transition, and it :2th ham; a climax.",beginning;climax;end;middle;moment;will,actor_struggle;directing_academic_footnote,0.871,123,Tier 1 model-curated internal candidate,needs_visual_verification_against_pdf_page,,internal_candidate_only__not_publicly_cleared,internal Dawson/Lisa research only; UWindsor/archive and exact-use rights review required before any public/app use,DG-977deb46ad5a92f4,Duplicate/overlap also found in common_actor_struggles_quote_bucket_raw.csv row 42 (exact_normalized_duplicate). Duplicate/overlap also found in quote_candidates_priority.csv row 75 (exact_normalized_duplicate).,Selected from chekhov_on_directing_footnote_targets_raw.csv row 74 with score 123 and extraction_quality_proxy 0.871; primary Chekhov transcription; accepted after exact/overlap/page/item dedupe and diversity caps.,OCR/text-layer extraction candidate copied exactly from CSV field candidate_text_from_extraction_not_final; do not quote publicly until visually verified and cleared. Contains visible OCR artifacts; visual verification required before quotation.,"Render/inspect the cited PDF page, visually transcribe exact wording, then Dawson/Lisa exact wording, attribution, and rights clearance."
MCT-UWINDSOR-365-037,37,directing_academic_footnote,ability;actor_struggle;beginning;chekhov_on_directing_footnote_targets_raw.csv;common_actor_struggles_quote_bucket_raw.csv;daily_inspiration;directing_academic_footnote;end;feeling;feelings;first;living;middle;quote_candidates_priority.csv;whole,"Awaken this ability in you, psychologically. Secondly, we have tried to live in this one whole thing with a feeling that there is a beginning, there is an end and a beginning. and they are bound together and this link which binds them together we call the middle part. or the transitional part.",csv_extraction_text,true,chekhov_on_directing_footnote_targets_raw.csv,95,c00719a8f1a21795,859,1466,"March 17, 1938","March 17, 1938",primary_chekhov_transcription: by Michael Chekhov; transcribed by Deirdre Hurst du Prey,"lesson/transcription/UWindsor attribution approved by Dawson, exact source context still required",https://collections.uwindsor.ca/chekhov/item/859,https://collections.uwindsor.ca/files/original/a89fcf996d4197e9e6cd41279ef18565e64ff7df.pdf,pdf_cache/item_859_march-17-1938.pdf,extracted_text_all/item_859_march-17-1938.txt,1,Yesterday we tried to awaken in us as artists. the ability to express everything we want to embrace as one whole.,Recall all those feelings.,ability;beginning;end;feeling;middle;whole,actor_struggle;daily_inspiration;directing_academic_footnote,0.889,122,Tier 1 model-curated internal candidate,needs_visual_verification_against_pdf_page,,internal_candidate_only__not_publicly_cleared,internal Dawson/Lisa research only; UWindsor/archive and exact-use rights review required before any public/app use,DG-c00719a8f1a21795,Duplicate/overlap also found in chekhov_on_directing_footnote_targets_raw.csv row 96 (same_item_page_source_page_cap). Duplicate/overlap also found in common_actor_struggles_quote_bucket_raw.csv row 60 (exact_normalized_duplicate). Duplicate/overlap also found in common_actor_struggles_quote_bucket_raw.csv row 61 (same_item_page_source_page_cap). Duplicate/overlap also found in quote_candidates_priority.csv row 97 (exact_normalized_duplicate). Duplicate/overlap also found in quote_candidates_priority.csv row 98 (same_item_page_source_page_cap). Duplicate/overlap also found in quote_candidates_priority.csv row 142 (substring_or_overlap_duplicate). Duplicate/overlap also found in quote_candidates_priority.csv row 583 (same_item_page_source_page_cap). Duplicate/overlap also found in quote_candidates_priority.csv row 584 (same_item_page_source_page_cap).,Selected from chekhov_on_directing_footnote_targets_raw.csv row 95 with score 122 and extraction_quality_proxy 0.889; primary Chekhov transcription; accepted after exact/overlap/page/item dedupe and diversity caps.,OCR/text-layer extraction candidate copied exactly from CSV field candidate_text_from_extraction_not_final; do not quote publicly until visually verified and cleared.,"Render/inspect the cited PDF page, visually transcribe exact wording, then Dawson/Lisa exact wording, attribution, and rights clearance."
MCT-UWINDSOR-365-038,38,directing_academic_footnote,actor_struggle;chekhov_on_directing_footnote_targets_raw.csv;daily_inspiration;desire;directing_academic_footnote;first;form;free;gesture;life;method_terms;play;psychological gesture;quote_candidates_priority.csv;whole;will,"Nothing is forgotten, only you must not let the intellect play the first violin, Your own experience will show you what manner of uging the gesture you prefer - this is your free will, First eliminate the intellect, and start with the actor's means, which I call the ps Questions This psychological gesture which you speak about, do you feel that it would create the form of the whole performsnce and would give unity to it?",csv_extraction_text,true,chekhov_on_directing_footnote_targets_raw.csv,35,b381b7d07fc07be4,1078,2033,"December 5, 1941: Michael Chekhov's ninth class for professional actors: The psychological gesture","December 5, 1941",primary_chekhov_transcription: by Michael Chekhov; transcribed by Deirdre Hurst du Prey,"lesson/transcription/UWindsor attribution approved by Dawson, exact source context still required",https://collections.uwindsor.ca/chekhov/item/1078,https://collections.uwindsor.ca/files/original/37bb0f43cbbdbb4c610c4e87f0c108d2afed3fa7.pdf,pdf_cache/item_1078_december-5-1941-michael-chekhov-s-ninth-class-for-professional-actors-the-psychological-ge.pdf,extracted_text_all/item_1078_december-5-1941-michael-chekhov-s-ninth-class-for-professional-actors-the-psychological-ge.txt,11,"Hy creating the gesture you are exploring the part, deeper and deeper.",The performance could return at all times to thie central gesture.,first;form;free;gesture;play;psychological gesture;whole;will,actor_struggle;daily_inspiration;directing_academic_footnote;method_terms,0.886,127,Tier 1 model-curated internal candidate,needs_visual_verification_against_pdf_page,,internal_candidate_only__not_publicly_cleared,internal Dawson/Lisa research only; UWindsor/archive and exact-use rights review required before any public/app use,DG-b381b7d07fc07be4,Duplicate/overlap also found in chekhov_on_directing_footnote_targets_raw.csv row 34 (substring_or_overlap_duplicate). Duplicate/overlap also found in quote_candidates_priority.csv row 36 (exact_normalized_duplicate). Duplicate/overlap also found in quote_candidates_priority.csv row 35 (substring_or_overlap_duplicate). Duplicate/overlap also found in quote_candidates_priority.csv row 933 (same_item_page_source_page_cap).,Selected from chekhov_on_directing_footnote_targets_raw.csv row 35 with score 127 and extraction_quality_proxy 0.886; primary Chekhov transcription; accepted after exact/overlap/page/item dedupe and diversity caps.,OCR/text-layer extraction candidate copied exactly from CSV field candidate_text_from_extraction_not_final; do not quote publicly until visually verified and cleared.,"Render/inspect the cited PDF page, visually transcribe exact wording, then Dawson/Lisa exact wording, attribution, and rights clearance."
MCT-UWINDSOR-365-039,39,directing_academic_footnote,action;actor_struggle;chekhov_on_directing_footnote_targets_raw.csv;daily_inspiration;directing_academic_footnote;director;first;imagination;intellectual;method_terms;quote_candidates_priority.csv;whole;will,"The first case is an intellectual one. and the second case is an artistic one: and the whole difference lies not in words of the director. but in the reception of the actor. when the actor receives the directions and instructions with inner action, it is quite different. and the director is able to describe things which will never be turned into dry in— tellectunl content.",csv_extraction_text,true,chekhov_on_directing_footnote_targets_raw.csv,58,c16eda2406dffdaf,834,1441,"February 22, 1938 (morning)","February 22, 1938",primary_chekhov_transcription: by Michael Chekhov; transcribed by Deirdre Hurst du Prey,"lesson/transcription/UWindsor attribution approved by Dawson, exact source context still required",https://collections.uwindsor.ca/chekhov/item/834,https://collections.uwindsor.ca/files/original/c68aa087d62c9fd3ff9c573dd6d522ecd946aa89.pdf,pdf_cache/item_834_february-22-1938-morning.pdf,extracted_text_all/item_834_february-22-1938-morning.txt,1,"But if the director gives some suggestions, and if he really appeals to the imagination. it is quite differ— ent.","If these things are taken by the aeans of imagination. it nnkes n zreat difference and we are in n diff— ‘ Grant world - it tecocea Daycholoqicol. ﬁlease do not forget this, because these two things are so clots together that the danger is too great.",action;director;first;intellectual;whole;will,actor_struggle;daily_inspiration;directing_academic_footnote;method_terms,0.885,124,Tier 1 model-curated internal candidate,needs_visual_verification_against_pdf_page,,internal_candidate_only__not_publicly_cleared,internal Dawson/Lisa research only; UWindsor/archive and exact-use rights review required before any public/app use,DG-c16eda2406dffdaf,Duplicate/overlap also found in chekhov_on_directing_footnote_targets_raw.csv row 36 (substring_or_overlap_duplicate). Duplicate/overlap also found in quote_candidates_priority.csv row 59 (exact_normalized_duplicate). Duplicate/overlap also found in quote_candidates_priority.csv row 37 (substring_or_overlap_duplicate).,Selected from chekhov_on_directing_footnote_targets_raw.csv row 58 with score 124 and extraction_quality_proxy 0.885; primary Chekhov transcription; accepted after exact/overlap/page/item dedupe and diversity caps.,OCR/text-layer extraction candidate copied exactly from CSV field candidate_text_from_extraction_not_final; do not quote publicly until visually verified and cleared.,"Render/inspect the cited PDF page, visually transcribe exact wording, then Dawson/Lisa exact wording, attribution, and rights clearance."
MCT-UWINDSOR-365-040,40,directing_academic_footnote,actor_struggle;beginning;common_actor_struggles_quote_bucket_raw.csv;daily_inspiration;dead;directing_academic_footnote;director;director's;end;first;imagination;intellectual;middle;play;quote_candidates_priority.csv;will,"For example, in M3}; the division in the play will depend upon the director's imagination. In the beginning a ghost force, in tho second part the play is opening up. and in the third part so many people are dead, it is more than open. it has disappeared Mm the stage.",csv_extraction_text,true,chekhov_on_directing_footnote_targets_raw.csv,77,04e658476c1dd784,733,1312,"June 29, 1937 (afternoon)","June 29, 1937",primary_chekhov_transcription: by Michael Chekhov; transcribed by Deirdre Hurst du Prey,"lesson/transcription/UWindsor attribution approved by Dawson, exact source context still required",https://collections.uwindsor.ca/chekhov/item/733,https://collections.uwindsor.ca/files/original/69ac44a29557f0ae267a898cdf246eec8b8927d7.pdf,pdf_cache/item_733_june-29-1937-afternoon.pdf,extracted_text_all/item_733_june-29-1937-afternoon.txt,1,"2, or 3 is — this depends upon your in— stinct.",BEGINNING.,beginning;dead;director;director's;imagination;play;will,actor_struggle;daily_inspiration;directing_academic_footnote,0.880,123,Tier 1 model-curated internal candidate,needs_visual_verification_against_pdf_page,,internal_candidate_only__not_publicly_cleared,internal Dawson/Lisa research only; UWindsor/archive and exact-use rights review required before any public/app use,DG-04e658476c1dd784,Duplicate/overlap also found in common_actor_struggles_quote_bucket_raw.csv row 45 (exact_normalized_duplicate). Duplicate/overlap also found in quote_candidates_priority.csv row 78 (exact_normalized_duplicate). Duplicate/overlap also found in quote_candidates_priority.csv row 301 (same_item_page_source_page_cap). Duplicate/overlap also found in quote_candidates_priority.csv row 692 (same_item_page_source_page_cap).,Selected from chekhov_on_directing_footnote_targets_raw.csv row 77 with score 123 and extraction_quality_proxy 0.880; primary Chekhov transcription; accepted after exact/overlap/page/item dedupe and diversity caps.,OCR/text-layer extraction candidate copied exactly from CSV field candidate_text_from_extraction_not_final; do not quote publicly until visually verified and cleared. Contains visible OCR artifacts; visual verification required before quotation.,"Render/inspect the cited PDF page, visually transcribe exact wording, then Dawson/Lisa exact wording, attribution, and rights clearance."
MCT-UWINDSOR-365-041,41,directing_academic_footnote,actor_struggle;body;common_actor_struggles_quote_bucket_raw.csv;daily_inspiration;directing_academic_footnote;free;gesture;method_terms;quote_candidates_priority.csv;radiation;rehearsing;whole,"oR pe Ke Chekhov December 5, 1941 an absolutely free field for expressing this, and there is an endless variety of gestures, We can take radiation as another point. I can ""radiate my admiration™ in any number of waya, We can take any point of the kethod and turn it into a — While rehearsing, we must turn it into a physical gesture, using our whole body.",csv_extraction_text,true,chekhov_on_directing_footnote_targets_raw.csv,70,74bdcca823e82a7e,1078,2033,"December 5, 1941: Michael Chekhov's ninth class for professional actors: The psychological gesture","December 5, 1941",primary_chekhov_transcription: by Michael Chekhov; transcribed by Deirdre Hurst du Prey,"lesson/transcription/UWindsor attribution approved by Dawson, exact source context still required",https://collections.uwindsor.ca/chekhov/item/1078,https://collections.uwindsor.ca/files/original/37bb0f43cbbdbb4c610c4e87f0c108d2afed3fa7.pdf,pdf_cache/item_1078_december-5-1941-michael-chekhov-s-ninth-class-for-professional-actors-the-psychological-ge.pdf,extracted_text_all/item_1078_december-5-1941-michael-chekhov-s-ninth-class-for-professional-actors-the-psychological-ge.txt,4,No separate context_before field supplied by source extraction; inspect cited page/text_path for surrounding context.,What for?,body;free;gesture;radiation;rehearsing;whole,actor_struggle;daily_inspiration;directing_academic_footnote;method_terms,0.881,123,Tier 1 model-curated internal candidate,needs_visual_verification_against_pdf_page,,internal_candidate_only__not_publicly_cleared,internal Dawson/Lisa research only; UWindsor/archive and exact-use rights review required before any public/app use,DG-74bdcca823e82a7e,Duplicate/overlap also found in common_actor_struggles_quote_bucket_raw.csv row 39 (exact_normalized_duplicate). Duplicate/overlap also found in quote_candidates_priority.csv row 71 (exact_normalized_duplicate).,Selected from chekhov_on_directing_footnote_targets_raw.csv row 70 with score 123 and extraction_quality_proxy 0.881; primary Chekhov transcription; accepted after exact/overlap/page/item dedupe and diversity caps.,OCR/text-layer extraction candidate copied exactly from CSV field candidate_text_from_extraction_not_final; do not quote publicly until visually verified and cleared.,"Render/inspect the cited PDF page, visually transcribe exact wording, then Dawson/Lisa exact wording, attribution, and rights clearance."
MCT-UWINDSOR-365-042,42,directing_academic_footnote,actor_struggle;atmosphere;beginning;common_actor_struggles_quote_bucket_raw.csv;daily_inspiration;directing_academic_footnote;gesture;method_terms;objective;psychological gesture;quote_candidates_priority.csv;soul;will,"Your soul will be so flexible and so accustomed to this kind of work on the stage that you will take an objective on entering the stage. or psychological gesture. or atmosphere. etc. Therefore, at the beginning you must be pedantic with yourselves.",csv_extraction_text,true,chekhov_on_directing_footnote_targets_raw.csv,82,498707be9566407e,748,1327,"September 27, 1937","September 27, 1937",primary_chekhov_transcription: by Michael Chekhov; transcribed by Deirdre Hurst du Prey,"lesson/transcription/UWindsor attribution approved by Dawson, exact source context still required",https://collections.uwindsor.ca/chekhov/item/748,https://collections.uwindsor.ca/files/original/587ea44317353a61f23f82cb781177f080c57c49.pdf,pdf_cache/item_748_september-27-1937.pdf,extracted_text_all/item_748_september-27-1937.txt,13,"If you need inagination, you will take it, or if you need an objective you will take it. so that you will never be lost during an inmrovisation.",Don't allow yourselves to be happy because you are happy.,atmosphere;beginning;gesture;objective;psychological gesture;soul;will,actor_struggle;daily_inspiration;directing_academic_footnote;method_terms,0.892,123,Tier 1 model-curated internal candidate,needs_visual_verification_against_pdf_page,,internal_candidate_only__not_publicly_cleared,internal Dawson/Lisa research only; UWindsor/archive and exact-use rights review required before any public/app use,DG-498707be9566407e,Duplicate/overlap also found in common_actor_struggles_quote_bucket_raw.csv row 50 (exact_normalized_duplicate). Duplicate/overlap also found in quote_candidates_priority.csv row 84 (exact_normalized_duplicate).,Selected from chekhov_on_directing_footnote_targets_raw.csv row 82 with score 123 and extraction_quality_proxy 0.892; primary Chekhov transcription; accepted after exact/overlap/page/item dedupe and diversity caps.,OCR/text-layer extraction candidate copied exactly from CSV field candidate_text_from_extraction_not_final; do not quote publicly until visually verified and cleared.,"Render/inspect the cited PDF page, visually transcribe exact wording, then Dawson/Lisa exact wording, attribution, and rights clearance."
MCT-UWINDSOR-365-043,43,directing_academic_footnote,actor_struggle;atmosphere;beginning;chekhov_on_directing_footnote_targets_raw.csv;common_actor_struggles_quote_bucket_raw.csv;daily_inspiration;directing_academic_footnote;feeling;first;method_terms;moment;play;quote_candidates_priority.csv;voice;whole,"The beginning of this atmosphere is in the very begin— ning of the play in the voice of the Guard — this is the first hopg and the second hope is when Antin first appears. The third hope is Antin‘s second appesrance, and the fourth hope is the flower in the Golden Steed.",csv_extraction_text,true,chekhov_on_directing_footnote_targets_raw.csv,85,f6ee3af69b1d6da9,644,1200,"December 10, 1936","December 10, 1936",primary_chekhov_transcription: by Michael Chekhov; transcribed by Deirdre Hurst du Prey,"lesson/transcription/UWindsor attribution approved by Dawson, exact source context still required",https://collections.uwindsor.ca/chekhov/item/644,https://collections.uwindsor.ca/files/original/48f008bc53d13f5d3118f5efa55cad4938f2d796.pdf,pdf_cache/item_644_december-10-1936.pdf,extracted_text_all/item_644_december-10-1936.txt,7,This heroism transforms the atmosphere of the Golden Steed.,"For the evil group the structure is the same. wWhen hope appears, the avil group develops and continues the theme which the ®""irst san starts.",atmosphere;beginning;first;play;voice,actor_struggle;daily_inspiration;directing_academic_footnote;method_terms,0.887,122,Tier 1 model-curated internal candidate,needs_visual_verification_against_pdf_page,,internal_candidate_only__not_publicly_cleared,internal Dawson/Lisa research only; UWindsor/archive and exact-use rights review required before any public/app use,DG-f6ee3af69b1d6da9,Duplicate/overlap also found in chekhov_on_directing_footnote_targets_raw.csv row 86 (same_item_page_source_page_cap). Duplicate/overlap also found in chekhov_on_directing_footnote_targets_raw.csv row 84 (substring_or_overlap_duplicate). Duplicate/overlap also found in common_actor_struggles_quote_bucket_raw.csv row 52 (exact_normalized_duplicate). Duplicate/overlap also found in common_actor_struggles_quote_bucket_raw.csv row 53 (same_item_page_source_page_cap). Duplicate/overlap also found in common_actor_struggles_quote_bucket_raw.csv row 51 (substring_or_overlap_duplicate). Duplicate/overlap also found in quote_candidates_priority.csv row 87 (exact_normalized_duplicate). Duplicate/overlap also found in quote_candidates_priority.csv row 88 (same_item_page_source_page_cap). Duplicate/overlap also found in quote_candidates_priority.csv row 86 (substring_or_overlap_duplicate). Duplicate/overlap also found in quote_candidates_priority.csv row 221 (same_item_page_source_page_cap).,Selected from chekhov_on_directing_footnote_targets_raw.csv row 85 with score 122 and extraction_quality_proxy 0.887; primary Chekhov transcription; accepted after exact/overlap/page/item dedupe and diversity caps.,OCR/text-layer extraction candidate copied exactly from CSV field candidate_text_from_extraction_not_final; do not quote publicly until visually verified and cleared.,"Render/inspect the cited PDF page, visually transcribe exact wording, then Dawson/Lisa exact wording, attribution, and rights clearance."
MCT-UWINDSOR-365-044,44,directing_academic_footnote,actor_struggle;beginning;common_actor_struggles_quote_bucket_raw.csv;daily_inspiration;directing_academic_footnote;feelings;gesture;inspiration;method_terms;psychological gesture;quote_candidates_priority.csv;scene;whole;will,"He does not hide his feelings. rRho face of the characters, the make—up, must be composed under the inspiration of the psychological gesture. If the beginning is right then the whole scene will",csv_extraction_text,true,chekhov_on_directing_footnote_targets_raw.csv,48,ae506b75935e4f07,754,1333,"October 2, 1937","October 2, 1937",primary_chekhov_transcription: by Michael Chekhov; transcribed by Deirdre Hurst du Prey,"lesson/transcription/UWindsor attribution approved by Dawson, exact source context still required",https://collections.uwindsor.ca/chekhov/item/754,https://collections.uwindsor.ca/files/original/6b9ebbfe21dcbec1bbf3b0c5d43433f53b1b4232.pdf,pdf_cache/item_754_october-2-1937.pdf,extracted_text_all/item_754_october-2-1937.txt,6,Something of the lion in in him.,No separate context_after field supplied by source extraction; inspect cited page/text_path for surrounding context.,beginning;feelings;gesture;inspiration;psychological gesture;scene;whole;will,actor_struggle;daily_inspiration;directing_academic_footnote;method_terms,0.884,126,Tier 1 model-curated internal candidate,needs_visual_verification_against_pdf_page,,internal_candidate_only__not_publicly_cleared,internal Dawson/Lisa research only; UWindsor/archive and exact-use rights review required before any public/app use,DG-ae506b75935e4f07,Duplicate/overlap also found in common_actor_struggles_quote_bucket_raw.csv row 27 (exact_normalized_duplicate). Duplicate/overlap also found in quote_candidates_priority.csv row 49 (exact_normalized_duplicate).,Selected from chekhov_on_directing_footnote_targets_raw.csv row 48 with score 126 and extraction_quality_proxy 0.884; primary Chekhov transcription; accepted after exact/overlap/page/item dedupe and diversity caps.,OCR/text-layer extraction candidate copied exactly from CSV field candidate_text_from_extraction_not_final; do not quote publicly until visually verified and cleared. Candidate may be page/window-boundary cut because it lacks terminal punctuation.,"Render/inspect the cited PDF page, visually transcribe exact wording, then Dawson/Lisa exact wording, attribution, and rights clearance."
MCT-UWINDSOR-365-045,45,directing_academic_footnote,actor_struggle;atmosphere;common_actor_struggles_quote_bucket_raw.csv;daily_inspiration;directing_academic_footnote;method_terms;play;quote_candidates_priority.csv;scene;style;whole;will,"He combines so many characters in the one atmosphere of a scene, an act. or the whole play. But whether you, as - a character. are cynical towards the atmosphere of awe. or are sympathetic to it. you must accept it. otherwise you will be out of the style of the play, or you will not belong to the scene.",csv_extraction_text,true,chekhov_on_directing_footnote_targets_raw.csv,114,2bbeb364f707c314,1077,1708,"December 1, 1941: Michael Chekhov's eighth class for professional actors: The role of the director","December 1, 1941",primary_chekhov_transcription: by Michael Chekhov; transcribed by Deirdre Hurst du Prey,"lesson/transcription/UWindsor attribution approved by Dawson, exact source context still required",https://collections.uwindsor.ca/chekhov/item/1077,https://collections.uwindsor.ca/files/original/9581e17a7a3a183d104d790c4db9c387d28fe2a8.pdf,pdf_cache/item_1077_december-1-1941-michael-chekhov-s-eighth-class-for-professional-actors-the-role-of-the-dir.pdf,extracted_text_all/item_1077_december-1-1941-michael-chekhov-s-eighth-class-for-professional-actors-the-role-of-the-dir.txt,9,The more you grow into your character. the more you react to this atmosphere as a character. and then We have just what the author wants.,No separate context_after field supplied by source extraction; inspect cited page/text_path for surrounding context.,atmosphere;play;scene;style;whole;will,actor_struggle;daily_inspiration;directing_academic_footnote;method_terms,0.892,120,Tier 1 model-curated internal candidate,needs_visual_verification_against_pdf_page,,internal_candidate_only__not_publicly_cleared,internal Dawson/Lisa research only; UWindsor/archive and exact-use rights review required before any public/app use,DG-2bbeb364f707c314,Duplicate/overlap also found in common_actor_struggles_quote_bucket_raw.csv row 69 (exact_normalized_duplicate). Duplicate/overlap also found in quote_candidates_priority.csv row 119 (exact_normalized_duplicate).,Selected from chekhov_on_directing_footnote_targets_raw.csv row 114 with score 120 and extraction_quality_proxy 0.892; primary Chekhov transcription; accepted after exact/overlap/page/item dedupe and diversity caps.,OCR/text-layer extraction candidate copied exactly from CSV field candidate_text_from_extraction_not_final; do not quote publicly until visually verified and cleared.,"Render/inspect the cited PDF page, visually transcribe exact wording, then Dawson/Lisa exact wording, attribution, and rights clearance."
MCT-UWINDSOR-365-046,46,directing_academic_footnote,actor_struggle;atmosphere;cannot;common_actor_struggles_quote_bucket_raw.csv;creative;daily_inspiration;directing_academic_footnote;individuality;inspiration;inspired;method_terms;moment;quote_candidates_priority.csv,"It is a moment of such greatness and strength that it cannot be mistaken for anything else. INSPIRED ACTING: It is the moment of inspiration when the character. being promyted by the right atmosphere, being prepared by careful imagining, being friends with the creative individuality is not there and we here.",csv_extraction_text,true,chekhov_on_directing_footnote_targets_raw.csv,129,607a60563d271ddd,1072,1704,"November 14, 1941: Michael Chekhov's third class for professional actors: How shall we develop our emotions and our bodies?","November 14, 1941",primary_chekhov_transcription: by Michael Chekhov; transcribed by Deirdre Hurst du Prey,"lesson/transcription/UWindsor attribution approved by Dawson, exact source context still required",https://collections.uwindsor.ca/chekhov/item/1072,https://collections.uwindsor.ca/files/original/323146c6398fde1f553622b17265857ca6236433.pdf,pdf_cache/item_1072_november-14-1941-michael-chekhov-s-third-class-for-professional-actors-how-shall-we-develo.pdf,extracted_text_all/item_1072_november-14-1941-michael-chekhov-s-third-class-for-professional-actors-how-shall-we-develo.txt,9,Everyone knows this pleasant state. which cannot he mistaken by anyone.,No - the individuality is huts and there and everything is one harmonious. well—integrated psychological and physical whole.,atmosphere;cannot;creative;individuality;inspiration;inspired;moment,actor_struggle;daily_inspiration;directing_academic_footnote;method_terms,0.881,120,Tier 1 model-curated internal candidate,needs_visual_verification_against_pdf_page,,internal_candidate_only__not_publicly_cleared,internal Dawson/Lisa research only; UWindsor/archive and exact-use rights review required before any public/app use,DG-607a60563d271ddd,Duplicate/overlap also found in common_actor_struggles_quote_bucket_raw.csv row 84 (exact_normalized_duplicate). Duplicate/overlap also found in quote_candidates_priority.csv row 135 (exact_normalized_duplicate).,Selected from chekhov_on_directing_footnote_targets_raw.csv row 129 with score 120 and extraction_quality_proxy 0.881; primary Chekhov transcription; accepted after exact/overlap/page/item dedupe and diversity caps.,OCR/text-layer extraction candidate copied exactly from CSV field candidate_text_from_extraction_not_final; do not quote publicly until visually verified and cleared.,"Render/inspect the cited PDF page, visually transcribe exact wording, then Dawson/Lisa exact wording, attribution, and rights clearance."
MCT-UWINDSOR-365-047,47,directing_academic_footnote,actor_struggle;cast;daily_inspiration;directing_academic_footnote;director;form;future;important moment;important moments;method_terms;moments;play;quote_candidates_priority.csv;will,"The cast must be patient and very attentive even if it is dull, because it is the pre— paration for a future creation. The director will lead the play and will reach a complete form. and will lead the east through this form to the acting. iho director will be Toroncc,‘uho will also be ablo to aotlio part. dhon the director comes to tho stage Where he muut establish the form of the play. he must start with the most important moments. and lead his east through them.",csv_extraction_text,true,chekhov_on_directing_footnote_targets_raw.csv,38,7027a9e7fe28060d,663,1222,"February 3, 1937","February 3, 1937",primary_chekhov_transcription: by Michael Chekhov; transcribed by Deirdre Hurst du Prey,"lesson/transcription/UWindsor attribution approved by Dawson, exact source context still required",https://collections.uwindsor.ca/chekhov/item/663,https://collections.uwindsor.ca/files/original/7746e3355a480c0b4cf1c2a7eb5c862436b9c7d9.pdf,pdf_cache/item_663_february-3-1937.pdf,extracted_text_all/item_663_february-3-1937.txt,2,1037 creative work for the cast. but they must be ready for it and must regard themselves do workers.,HISB an scELa.,cast;director;form;future;important moment;important moments;moments;play;will,actor_struggle;daily_inspiration;directing_academic_footnote;method_terms,0.890,127,Tier 1 model-curated internal candidate,needs_visual_verification_against_pdf_page,,internal_candidate_only__not_publicly_cleared,internal Dawson/Lisa research only; UWindsor/archive and exact-use rights review required before any public/app use,DG-7027a9e7fe28060d,Duplicate/overlap also found in quote_candidates_priority.csv row 39 (exact_normalized_duplicate). Duplicate/overlap also found in quote_candidates_priority.csv row 550 (substring_or_overlap_duplicate).,Selected from chekhov_on_directing_footnote_targets_raw.csv row 38 with score 127 and extraction_quality_proxy 0.890; primary Chekhov transcription; accepted after exact/overlap/page/item dedupe and diversity caps.,OCR/text-layer extraction candidate copied exactly from CSV field candidate_text_from_extraction_not_final; do not quote publicly until visually verified and cleared. Contains visible OCR artifacts; visual verification required before quotation.,"Render/inspect the cited PDF page, visually transcribe exact wording, then Dawson/Lisa exact wording, attribution, and rights clearance."
MCT-UWINDSOR-365-048,48,directing_academic_footnote,actor_struggle;art;common_actor_struggles_quote_bucket_raw.csv;daily_inspiration;dead;directing_academic_footnote;first;form;life;mechanical;method_terms;naturalism;quote_candidates_priority.csv;rhythm;will,"Although at first this work of rhythm may seem to us quite mechanical and not really rhythmical. this is only the fern. It is u staircase on which we can clinb to the next level. which is the real rhythm based on this form. ”he real form will never kill the real life, but will increase it.",csv_extraction_text,true,chekhov_on_directing_footnote_targets_raw.csv,115,f9987c54873680cc,828,1435,"February 15, 1938","February 15, 1938",primary_chekhov_transcription: by Michael Chekhov; transcribed by Deirdre Hurst du Prey,"lesson/transcription/UWindsor attribution approved by Dawson, exact source context still required",https://collections.uwindsor.ca/chekhov/item/828,https://collections.uwindsor.ca/files/original/8bb1971bd76cf252cc7035ae59cda4eaf45616a2.pdf,pdf_cache/item_828_february-15-1938.pdf,extracted_text_all/item_828_february-15-1938.txt,6,"Without this artistb nature sitting inside. the art falls down into naturalism, worse than photography. for photography can be an art, but naturalism is not art.","For a short time it may seem dead. this form, but when we overcome it and reach the ""after-form."" then it will be rhythmical. we must not be afrAid of this stage and run 4, away from it.",first;form;life;mechanical;rhythm;will,actor_struggle;daily_inspiration;directing_academic_footnote;method_terms,0.889,120,Tier 1 model-curated internal candidate,needs_visual_verification_against_pdf_page,,internal_candidate_only__not_publicly_cleared,internal Dawson/Lisa research only; UWindsor/archive and exact-use rights review required before any public/app use,DG-f9987c54873680cc,Duplicate/overlap also found in common_actor_struggles_quote_bucket_raw.csv row 70 (exact_normalized_duplicate). Duplicate/overlap also found in common_actor_struggles_quote_bucket_raw.csv row 143 (same_item_page_source_page_cap). Duplicate/overlap also found in quote_candidates_priority.csv row 120 (exact_normalized_duplicate). Duplicate/overlap also found in quote_candidates_priority.csv row 229 (same_item_page_source_page_cap). Duplicate/overlap also found in quote_candidates_priority.csv row 756 (same_item_page_source_page_cap).,Selected from chekhov_on_directing_footnote_targets_raw.csv row 115 with score 120 and extraction_quality_proxy 0.889; primary Chekhov transcription; accepted after exact/overlap/page/item dedupe and diversity caps.,OCR/text-layer extraction candidate copied exactly from CSV field candidate_text_from_extraction_not_final; do not quote publicly until visually verified and cleared.,"Render/inspect the cited PDF page, visually transcribe exact wording, then Dawson/Lisa exact wording, attribution, and rights clearance."
MCT-UWINDSOR-365-049,49,directing_academic_footnote,actor_struggle;chekhov_on_directing_footnote_targets_raw.csv;climax;common_actor_struggles_quote_bucket_raw.csv;daily_inspiration;directing_academic_footnote;feeling;first;form;method_terms;quote_candidates_priority.csv;scene;whole,"First, I wondercd if it would help you to see the whole scene more in terms of the outward form. so that we would get the feeling the character was working to a climax. For instance, when you drink the poison. the drinking had no more importance than any other movement.",csv_extraction_text,true,chekhov_on_directing_footnote_targets_raw.csv,89,8fb956211c570606,827,1434,"February 14, 1938","February 14, 1938",primary_chekhov_transcription: by Michael Chekhov; transcribed by Deirdre Hurst du Prey,"lesson/transcription/UWindsor attribution approved by Dawson, exact source context still required",https://collections.uwindsor.ca/chekhov/item/827,https://collections.uwindsor.ca/files/original/260f65db82dadf54bb248b40c795641a9649bb0f.pdf,pdf_cache/item_827_february-14-1938.pdf,extracted_text_all/item_827_february-14-1938.txt,14,"Elnhirst and Miss Crowtherx __________.__________________________.______ Mrs, Elnhirstx I have one or two points propArcd.",Then I could see what Er.,climax;feeling;first;form;scene;whole,actor_struggle;daily_inspiration;directing_academic_footnote;method_terms,0.857,122,Tier 1 model-curated internal candidate,needs_visual_verification_against_pdf_page,,internal_candidate_only__not_publicly_cleared,internal Dawson/Lisa research only; UWindsor/archive and exact-use rights review required before any public/app use,DG-8fb956211c570606,Duplicate/overlap also found in chekhov_on_directing_footnote_targets_raw.csv row 88 (substring_or_overlap_duplicate). Duplicate/overlap also found in common_actor_struggles_quote_bucket_raw.csv row 56 (exact_normalized_duplicate). Duplicate/overlap also found in common_actor_struggles_quote_bucket_raw.csv row 55 (substring_or_overlap_duplicate). Duplicate/overlap also found in quote_candidates_priority.csv row 91 (exact_normalized_duplicate). Duplicate/overlap also found in quote_candidates_priority.csv row 90 (substring_or_overlap_duplicate).,Selected from chekhov_on_directing_footnote_targets_raw.csv row 89 with score 122 and extraction_quality_proxy 0.857; primary Chekhov transcription; accepted after exact/overlap/page/item dedupe and diversity caps.,OCR/text-layer extraction candidate copied exactly from CSV field candidate_text_from_extraction_not_final; do not quote publicly until visually verified and cleared.,"Render/inspect the cited PDF page, visually transcribe exact wording, then Dawson/Lisa exact wording, attribution, and rights clearance."
MCT-UWINDSOR-365-050,50,directing_academic_footnote,actor_struggle;atmosphere;common_actor_struggles_quote_bucket_raw.csv;creative;daily_inspiration;directing_academic_footnote;first;future;love;method_terms;play;quote_candidates_priority.csv;will,The creative prqogee. which the actor of the future will know from inside. conniote of four definite ctnuen which the actor will love. The first stage is when he foole that the part he is going to perform. the play he in going to perform. is something which he can embrace entirely an a general atmosphere which comes nearer and nearer.,csv_extraction_text,true,chekhov_on_directing_footnote_targets_raw.csv,116,2ac11665db80929e,1085,1714,"February 17, 1942: Second open lecture to actors held at ""Actors Service,"" New York","February 17, 1942",primary_chekhov_transcription: by Michael Chekhov; transcribed by Deirdre Hurst du Prey,"lesson/transcription/UWindsor attribution approved by Dawson, exact source context still required",https://collections.uwindsor.ca/chekhov/item/1085,https://collections.uwindsor.ca/files/original/e2ad8ea668fcbc88e78d31b43871e4335c42382c.pdf,pdf_cache/item_1085_february-17-1942-second-open-lecture-to-actors-held-at-actors-service-new-york.pdf,extracted_text_all/item_1085_february-17-1942-second-open-lecture-to-actors-held-at-actors-service-new-york.txt,19,Freedom is not license.,"No details yet. but a pleasant atmosphere of the play culled Romeo and Juliet, let us say.",atmosphere;creative;first;future;love;play;will,actor_struggle;daily_inspiration;directing_academic_footnote;method_terms,0.891,120,Tier 1 model-curated internal candidate,needs_visual_verification_against_pdf_page,,internal_candidate_only__not_publicly_cleared,internal Dawson/Lisa research only; UWindsor/archive and exact-use rights review required before any public/app use,DG-2ac11665db80929e,Duplicate/overlap also found in common_actor_struggles_quote_bucket_raw.csv row 71 (exact_normalized_duplicate). Duplicate/overlap also found in quote_candidates_priority.csv row 121 (exact_normalized_duplicate). Duplicate/overlap also found in quote_candidates_priority.csv row 457 (same_item_page_source_page_cap).,Selected from chekhov_on_directing_footnote_targets_raw.csv row 116 with score 120 and extraction_quality_proxy 0.891; primary Chekhov transcription; accepted after exact/overlap/page/item dedupe and diversity caps.,OCR/text-layer extraction candidate copied exactly from CSV field candidate_text_from_extraction_not_final; do not quote publicly until visually verified and cleared.,"Render/inspect the cited PDF page, visually transcribe exact wording, then Dawson/Lisa exact wording, attribution, and rights clearance."
MCT-UWINDSOR-365-051,51,directing_academic_footnote,actor_struggle;chekhov_on_directing_footnote_targets_raw.csv;common_actor_struggles_quote_bucket_raw.csv;daily_inspiration;dead;directing_academic_footnote;director;directors;future;gesture;living;method_terms;play;quote_candidates_priority.csv;whole;will,"In Balladiha I , yau must try to find the same lino. In Che Fishiny Scone the director has draw: the main line, but I thirk it is not only expressing the idea of the play. because this main line must be the incorporation of what wc will call later on the rhythmical gesture of the whole play.",csv_extraction_text,true,chekhov_on_directing_footnote_targets_raw.csv,121,ed40f77563e94d47,720,1299,"June 15, 1937","June 15, 1937",primary_chekhov_transcription: by Michael Chekhov; transcribed by Deirdre Hurst du Prey,"lesson/transcription/UWindsor attribution approved by Dawson, exact source context still required",https://collections.uwindsor.ca/chekhov/item/720,https://collections.uwindsor.ca/files/original/ac8b8c235d4bb0d5f596c275abc4fa4e50a5d26d.pdf,pdf_cache/item_720_june-15-1937.pdf,extracted_text_all/item_720_june-15-1937.txt,1,"You will see that the more ex— perienced you become the more you will :oaiize how really impossible it is ta create misc en sccne which is not part of one big gesture. uhere is one part of the misc ch cache in ﬂalgngina L which is not in connecﬁion with the line of up ard down. good and evil in the play, and the gators are like strange dead bodies.","19 are now zpeaking about the idea which we will see in the future as the living gesture, the same pgycholcgical gssture embracihu everything.",director;gesture;play;whole;will,actor_struggle;daily_inspiration;directing_academic_footnote;method_terms,0.877,120,Tier 1 model-curated internal candidate,needs_visual_verification_against_pdf_page,,internal_candidate_only__not_publicly_cleared,internal Dawson/Lisa research only; UWindsor/archive and exact-use rights review required before any public/app use,DG-ed40f77563e94d47,Duplicate/overlap also found in chekhov_on_directing_footnote_targets_raw.csv row 110 (same_item_page_source_page_cap). Duplicate/overlap also found in common_actor_struggles_quote_bucket_raw.csv row 75 (exact_normalized_duplicate). Duplicate/overlap also found in common_actor_struggles_quote_bucket_raw.csv row 76 (substring_or_overlap_duplicate). Duplicate/overlap also found in quote_candidates_priority.csv row 126 (exact_normalized_duplicate). Duplicate/overlap also found in quote_candidates_priority.csv row 112 (same_item_page_source_page_cap). Duplicate/overlap also found in quote_candidates_priority.csv row 127 (substring_or_overlap_duplicate). Duplicate/overlap also found in quote_candidates_priority.csv row 251 (same_item_page_source_page_cap).,Selected from chekhov_on_directing_footnote_targets_raw.csv row 121 with score 120 and extraction_quality_proxy 0.877; primary Chekhov transcription; accepted after exact/overlap/page/item dedupe and diversity caps.,OCR/text-layer extraction candidate copied exactly from CSV field candidate_text_from_extraction_not_final; do not quote publicly until visually verified and cleared.,"Render/inspect the cited PDF page, visually transcribe exact wording, then Dawson/Lisa exact wording, attribution, and rights clearance."
MCT-UWINDSOR-365-052,52,directing_academic_footnote,actor_struggle;atmosphere;common_actor_struggles_quote_bucket_raw.csv;daily_inspiration;directing_academic_footnote;first;method_terms;play;quote_candidates_priority.csv;speech,"The second step is to find the speech for the play., We must speak to croate the atmosphere, and we must speak out of the atmosphere. First, try to ima— gine the picture of this world of the fairy tale with the mountain and everything we have done in our imasination, and try to feel the and send it out.",csv_extraction_text,true,chekhov_on_directing_footnote_targets_raw.csv,134,4e744cd98e489b2c,615,1171,"November 5, 1936",05-Nov-36,primary_chekhov_transcription: by Michael Chekhov; transcribed by Deirdre Hurst du Prey,"lesson/transcription/UWindsor attribution approved by Dawson, exact source context still required",https://collections.uwindsor.ca/chekhov/item/615,https://collections.uwindsor.ca/files/original/b88dc36692b529aadcf5917ddf6771967c901ab6.pdf,pdf_cache/item_615_november-5-1936.pdf,extracted_text_all/item_615_november-5-1936.txt,1,"The Solden Steed: We have tried to 30 through the play, discovering and creating the atmosphere.","THE RHYTHMICAL FATTERNN OF THE PLAY: Firet find the atmogsphere, and then try to find the dialogues and soliloquies in the music of the atmosphere.",atmosphere;first;play;speech,actor_struggle;daily_inspiration;directing_academic_footnote;method_terms,0.888,119,Tier 1 model-curated internal candidate,needs_visual_verification_against_pdf_page,,internal_candidate_only__not_publicly_cleared,internal Dawson/Lisa research only; UWindsor/archive and exact-use rights review required before any public/app use,DG-4e744cd98e489b2c,Duplicate/overlap also found in common_actor_struggles_quote_bucket_raw.csv row 89 (exact_normalized_duplicate). Duplicate/overlap also found in quote_candidates_priority.csv row 140 (exact_normalized_duplicate).,Selected from chekhov_on_directing_footnote_targets_raw.csv row 134 with score 119 and extraction_quality_proxy 0.888; primary Chekhov transcription; accepted after exact/overlap/page/item dedupe and diversity caps.,OCR/text-layer extraction candidate copied exactly from CSV field candidate_text_from_extraction_not_final; do not quote publicly until visually verified and cleared.,"Render/inspect the cited PDF page, visually transcribe exact wording, then Dawson/Lisa exact wording, attribution, and rights clearance."
MCT-UWINDSOR-365-053,53,directing_academic_footnote,ability;actor_struggle;beauty;common_actor_struggles_quote_bucket_raw.csv;concentration;daily_inspiration;directing_academic_footnote;feeling;first;method_terms;quote_candidates_priority.csv;soul,"This was the first Sign this morning. and you must appreciate it as I do. When you were playing, at once contact, fooling of beauty. feeling of ease. and concentration wore there because they are all one mysterious, beautiful thing which we call the artist's soul, or ability. or spirit.",csv_extraction_text,true,chekhov_on_directing_footnote_targets_raw.csv,132,3fc0f6bc4b588d61,769,1348,"October 22, 1937","October 22, 1937",primary_chekhov_transcription: by Michael Chekhov; transcribed by Deirdre Hurst du Prey,"lesson/transcription/UWindsor attribution approved by Dawson, exact source context still required",https://collections.uwindsor.ca/chekhov/item/769,https://collections.uwindsor.ca/files/original/2349b990b59290684e410a4e63d9230e9b304387.pdf,pdf_cache/item_769_october-22-1937.pdf,extracted_text_all/item_769_october-22-1937.txt,3,Therefore we have our school.,But we must ex— orcise them ueporately and pedontically.,ability;beauty;concentration;feeling;first;soul,actor_struggle;daily_inspiration;directing_academic_footnote;method_terms,0.882,120,Tier 1 model-curated internal candidate,needs_visual_verification_against_pdf_page,,internal_candidate_only__not_publicly_cleared,internal Dawson/Lisa research only; UWindsor/archive and exact-use rights review required before any public/app use,DG-3fc0f6bc4b588d61,Duplicate/overlap also found in common_actor_struggles_quote_bucket_raw.csv row 87 (exact_normalized_duplicate). Duplicate/overlap also found in quote_candidates_priority.csv row 138 (exact_normalized_duplicate).,Selected from chekhov_on_directing_footnote_targets_raw.csv row 132 with score 120 and extraction_quality_proxy 0.882; primary Chekhov transcription; accepted after exact/overlap/page/item dedupe and diversity caps.,OCR/text-layer extraction candidate copied exactly from CSV field candidate_text_from_extraction_not_final; do not quote publicly until visually verified and cleared.,"Render/inspect the cited PDF page, visually transcribe exact wording, then Dawson/Lisa exact wording, attribution, and rights clearance."
MCT-UWINDSOR-365-054,54,directing_academic_footnote,actor_struggle;common_actor_struggles_quote_bucket_raw.csv;daily_inspiration;dead;directing_academic_footnote;feeling;method_terms;play;quote_candidates_priority.csv;style;tempo;whole;will,"When we have not yet got the feeling of the style of the play. the tempo in wrong, and where we mostly lose our time is betwoon wordo. between aotione. and this in why I recommend to Peter to do everything in one big wave. If you will get this feeling of the whole. you will see that there is no time to make dead pauaae or dregeinSide you.",csv_extraction_text,true,chekhov_on_directing_footnote_targets_raw.csv,127,ae815b0fc826b460,922,1547,"November 11, 1938","November 11, 1938",primary_chekhov_transcription: by Michael Chekhov; transcribed by Deirdre Hurst du Prey,"lesson/transcription/UWindsor attribution approved by Dawson, exact source context still required",https://collections.uwindsor.ca/chekhov/item/922,https://collections.uwindsor.ca/files/original/59a9b356c814ae8ee6c80519d08716e731dc62ec.pdf,pdf_cache/item_922_november-11-1938.pdf,extracted_text_all/item_922_november-11-1938.txt,4,Even if you have not got the words you can keep the tempo inside.,"‘ it is absolutely in connection with the feeling of the whole, and it is in connection with the style of this special ploy.",dead;feeling;play;style;tempo;whole;will,actor_struggle;daily_inspiration;directing_academic_footnote;method_terms,0.888,120,Tier 1 model-curated internal candidate,needs_visual_verification_against_pdf_page,,internal_candidate_only__not_publicly_cleared,internal Dawson/Lisa research only; UWindsor/archive and exact-use rights review required before any public/app use,DG-ae815b0fc826b460,Duplicate/overlap also found in common_actor_struggles_quote_bucket_raw.csv row 82 (exact_normalized_duplicate). Duplicate/overlap also found in quote_candidates_priority.csv row 133 (exact_normalized_duplicate). Duplicate/overlap also found in quote_candidates_priority.csv row 719 (same_item_page_source_page_cap).,Selected from chekhov_on_directing_footnote_targets_raw.csv row 127 with score 120 and extraction_quality_proxy 0.888; primary Chekhov transcription; accepted after exact/overlap/page/item dedupe and diversity caps.,OCR/text-layer extraction candidate copied exactly from CSV field candidate_text_from_extraction_not_final; do not quote publicly until visually verified and cleared.,"Render/inspect the cited PDF page, visually transcribe exact wording, then Dawson/Lisa exact wording, attribution, and rights clearance."
MCT-UWINDSOR-365-055,55,directing_academic_footnote,actor_struggle;beginning;common_actor_struggles_quote_bucket_raw.csv;daily_inspiration;directing_academic_footnote;first;imagination;quote_candidates_priority.csv;voice;will,"If your imagination is ottong enough you will see Electra with your uind'n eye. At the beginning you can force yourself to one her oyon. her movemente, her voice. what she feels - this is good for the beginning to call upon her, but it is only the first part. the beginning.",csv_extraction_text,true,chekhov_on_directing_footnote_targets_raw.csv,122,76bbfec85981f0c7,883,1490,"June 2, 1938","June 2, 1938",primary_chekhov_transcription: by Michael Chekhov; transcribed by Deirdre Hurst du Prey,"lesson/transcription/UWindsor attribution approved by Dawson, exact source context still required",https://collections.uwindsor.ca/chekhov/item/883,https://collections.uwindsor.ca/files/original/1242d1ff7d9221d4647e56fbd57f9b6bbbba0f8e.pdf,pdf_cache/item_883_june-2-1938.pdf,extracted_text_all/item_883_june-2-1938.txt,6,Something muut happen to you in your room and stop everything you are doing.,The second part and the victory canon when the image comes to you and forces you to look at it.,beginning;first;imagination;voice;will,actor_struggle;daily_inspiration;directing_academic_footnote,0.891,120,Tier 1 model-curated internal candidate,needs_visual_verification_against_pdf_page,,internal_candidate_only__not_publicly_cleared,internal Dawson/Lisa research only; UWindsor/archive and exact-use rights review required before any public/app use,DG-76bbfec85981f0c7,Duplicate/overlap also found in common_actor_struggles_quote_bucket_raw.csv row 77 (exact_normalized_duplicate). Duplicate/overlap also found in quote_candidates_priority.csv row 128 (exact_normalized_duplicate).,Selected from chekhov_on_directing_footnote_targets_raw.csv row 122 with score 120 and extraction_quality_proxy 0.891; primary Chekhov transcription; accepted after exact/overlap/page/item dedupe and diversity caps.,OCR/text-layer extraction candidate copied exactly from CSV field candidate_text_from_extraction_not_final; do not quote publicly until visually verified and cleared.,"Render/inspect the cited PDF page, visually transcribe exact wording, then Dawson/Lisa exact wording, attribution, and rights clearance."
MCT-UWINDSOR-365-056,56,directing_academic_footnote,actor_struggle;atmosphere;center;chekhov_on_directing_footnote_targets_raw.csv;common_actor_struggles_quote_bucket_raw.csv;creative;daily_inspiration;directing_academic_footnote;end;imagination;inspiration;method_terms;moment;quote_candidates_priority.csv;will,"By looking through these doors at the moment of inspiration, what will we go-ﬁftho end? we will get only the method. when we speak about the atmosphere, it is one of the doors which we can open and see there is the creative process. and there is the spark of inspiration.",csv_extraction_text,true,chekhov_on_directing_footnote_targets_raw.csv,130,362d6bf9f665908a,1075,1706,"November 24, 1941: Michael Chekhov's sixth class for professional actors: The creative process -- The inspiration -- The method","November 24, 1941",primary_chekhov_transcription: by Michael Chekhov; transcribed by Deirdre Hurst du Prey,"lesson/transcription/UWindsor attribution approved by Dawson, exact source context still required",https://collections.uwindsor.ca/chekhov/item/1075,https://collections.uwindsor.ca/files/original/08f95e8a833eb7b3958cb11238ab06cc63364865.pdf,pdf_cache/item_1075_november-24-1941-michael-chekhov-s-sixth-class-for-professional-actors-the-creative-proces.pdf,extracted_text_all/item_1075_november-24-1941-michael-chekhov-s-sixth-class-for-professional-actors-the-creative-proces.txt,2,"THE METHOD: when we look upon this point which we call the creative process and tho inspiration. it is. of coursenour last and only aim, and we must look upon this point as though it were the center. and on tho periphery there are so many doors through which’ we had to look.","We open another door, which may be the fooling of 0350 perhaps. than the door of the imagination - all the points of our Method are theao doors.",atmosphere;creative;end;inspiration;moment;will,actor_struggle;daily_inspiration;directing_academic_footnote;method_terms,0.891,120,Tier 1 model-curated internal candidate,needs_visual_verification_against_pdf_page,,internal_candidate_only__not_publicly_cleared,internal Dawson/Lisa research only; UWindsor/archive and exact-use rights review required before any public/app use,DG-362d6bf9f665908a,Duplicate/overlap also found in chekhov_on_directing_footnote_targets_raw.csv row 66 (same_item_page_source_page_cap). Duplicate/overlap also found in common_actor_struggles_quote_bucket_raw.csv row 85 (exact_normalized_duplicate). Duplicate/overlap also found in quote_candidates_priority.csv row 136 (exact_normalized_duplicate). Duplicate/overlap also found in quote_candidates_priority.csv row 162 (substring_or_overlap_duplicate). Duplicate/overlap also found in quote_candidates_priority.csv row 67 (same_item_page_source_page_cap).,Selected from chekhov_on_directing_footnote_targets_raw.csv row 130 with score 120 and extraction_quality_proxy 0.891; primary Chekhov transcription; accepted after exact/overlap/page/item dedupe and diversity caps.,OCR/text-layer extraction candidate copied exactly from CSV field candidate_text_from_extraction_not_final; do not quote publicly until visually verified and cleared.,"Render/inspect the cited PDF page, visually transcribe exact wording, then Dawson/Lisa exact wording, attribution, and rights clearance."
MCT-UWINDSOR-365-057,57,directing_academic_footnote,actor_struggle;audience;beginning;common_actor_struggles_quote_bucket_raw.csv;daily_inspiration;directing_academic_footnote;end;ensemble;feeling;quote_candidates_priority.csv,"There was nothing of the feeling of ensemble about it. ile must be above the thing we are going to do or ime provise, and ag artists we must get a feeling for the beginning and end. You must have felt that your audience was. suffering under this long, endless development of nothing.",csv_extraction_text,true,chekhov_on_directing_footnote_targets_raw.csv,133,cd91381894bb1c72,758,8502,"October 8, 1937","October 8, 1937",primary_chekhov_transcription: by Michael Chekhov; transcribed by Deirdre Hurst du Prey,"lesson/transcription/UWindsor attribution approved by Dawson, exact source context still required",https://collections.uwindsor.ca/chekhov/item/758,https://collections.uwindsor.ca/files/original/85f9f3af5730694d0ef1ac558dc23295e820dc04.pdf,pdf_cache/item_758_october-8-1937.pdf,extracted_text_all/item_758_october-8-1937.txt,7,"You were sitting alone, and your bodies were the end and limit of your world, As a result, you could only do something with your hair, or with your vockets, or with something near to youe You were limited by your vcices and your bodies, and were not artists.","You were so long in the room before the strange night began that it was quite clear that you had no ideas of the main point of the play, which was quite clear: the creation of the atmosphere of this strange night.",audience;beginning;end;ensemble;feeling,actor_struggle;daily_inspiration;directing_academic_footnote,0.872,120,Tier 1 model-curated internal candidate,needs_visual_verification_against_pdf_page,,internal_candidate_only__not_publicly_cleared,internal Dawson/Lisa research only; UWindsor/archive and exact-use rights review required before any public/app use,DG-cd91381894bb1c72,Duplicate/overlap also found in common_actor_struggles_quote_bucket_raw.csv row 88 (exact_normalized_duplicate). Duplicate/overlap also found in quote_candidates_priority.csv row 139 (exact_normalized_duplicate). Duplicate/overlap also found in quote_candidates_priority.csv row 323 (substring_or_overlap_duplicate). Duplicate/overlap also found in quote_candidates_priority.csv row 434 (same_item_page_source_page_cap).,Selected from chekhov_on_directing_footnote_targets_raw.csv row 133 with score 120 and extraction_quality_proxy 0.872; primary Chekhov transcription; accepted after exact/overlap/page/item dedupe and diversity caps.,OCR/text-layer extraction candidate copied exactly from CSV field candidate_text_from_extraction_not_final; do not quote publicly until visually verified and cleared.,"Render/inspect the cited PDF page, visually transcribe exact wording, then Dawson/Lisa exact wording, attribution, and rights clearance."
MCT-UWINDSOR-365-058,58,directing_academic_footnote,actor_struggle;cannot;common_actor_struggles_quote_bucket_raw.csv;daily_inspiration;directing_academic_footnote;group;middle;quote_candidates_priority.csv;whole;will,It is a law which you cannot eucupo. And if you will look at thin group. you will see there are definitely three ports. the beginningand tho and. and the space between in the middle part - a harmonious whole. .,csv_extraction_text,true,chekhov_on_directing_footnote_targets_raw.csv,75,9797998c12d06523,978,1606,"July 18, 1939","July 18, 1939",primary_chekhov_transcription: by Michael Chekhov; transcribed by Deirdre Hurst du Prey,"lesson/transcription/UWindsor attribution approved by Dawson, exact source context still required",https://collections.uwindsor.ca/chekhov/item/978,https://collections.uwindsor.ca/files/original/7a017218022d1266b62b67c1d17dd49ad1a17e8b.pdf,pdf_cache/item_978_july-18-1939.pdf,extracted_text_all/item_978_july-18-1939.txt,10,Each rhythmical pattern. from our point of View. hm: always three parts.,No separate context_after field supplied by source extraction; inspect cited page/text_path for surrounding context.,cannot;group;middle;whole;will,actor_struggle;daily_inspiration;directing_academic_footnote,0.889,123,Tier 1 model-curated internal candidate,needs_visual_verification_against_pdf_page,,internal_candidate_only__not_publicly_cleared,internal Dawson/Lisa research only; UWindsor/archive and exact-use rights review required before any public/app use,DG-9797998c12d06523,Duplicate/overlap also found in common_actor_struggles_quote_bucket_raw.csv row 43 (exact_normalized_duplicate). Duplicate/overlap also found in quote_candidates_priority.csv row 76 (exact_normalized_duplicate). Duplicate/overlap also found in quote_candidates_priority.csv row 478 (substring_or_overlap_duplicate).,Selected from chekhov_on_directing_footnote_targets_raw.csv row 75 with score 123 and extraction_quality_proxy 0.889; primary Chekhov transcription; accepted after exact/overlap/page/item dedupe and diversity caps.,OCR/text-layer extraction candidate copied exactly from CSV field candidate_text_from_extraction_not_final; do not quote publicly until visually verified and cleared. Contains visible OCR artifacts; visual verification required before quotation.,"Render/inspect the cited PDF page, visually transcribe exact wording, then Dawson/Lisa exact wording, attribution, and rights clearance."
MCT-UWINDSOR-365-059,59,directing_academic_footnote,action;actor_struggle;atmosphere;common_actor_struggles_quote_bucket_raw.csv;daily_inspiration;directing_academic_footnote;first;method_terms;moment;quote_candidates_priority.csv;scene;speech;will,"You must develop the atmosphere itself and then all the action and speeches will grow out of it. The order of the scene was the following: First, the moment of depression after the spy's first speech. then the moment of relief. like air. when the old professor spoke,",csv_extraction_text,true,chekhov_on_directing_footnote_targets_raw.csv,123,3c0ad302649eb059,855,1462,"March 15, 1938","March 15, 1938",primary_chekhov_transcription: by Michael Chekhov; transcribed by Deirdre Hurst du Prey,"lesson/transcription/UWindsor attribution approved by Dawson, exact source context still required",https://collections.uwindsor.ca/chekhov/item/855,https://collections.uwindsor.ca/files/original/c4d2266f89affdd8d7d1a073baef435026dca9be.pdf,pdf_cache/item_855_march-15-1938.pdf,extracted_text_all/item_855_march-15-1938.txt,2,Every point in the Method frees us if taken consciously.,No separate context_after field supplied by source extraction; inspect cited page/text_path for surrounding context.,action;atmosphere;first;moment;scene;speech;will,actor_struggle;daily_inspiration;directing_academic_footnote;method_terms,0.892,120,Tier 1 model-curated internal candidate,needs_visual_verification_against_pdf_page,,internal_candidate_only__not_publicly_cleared,internal Dawson/Lisa research only; UWindsor/archive and exact-use rights review required before any public/app use,DG-3c0ad302649eb059,Duplicate/overlap also found in common_actor_struggles_quote_bucket_raw.csv row 78 (exact_normalized_duplicate). Duplicate/overlap also found in quote_candidates_priority.csv row 129 (exact_normalized_duplicate).,Selected from chekhov_on_directing_footnote_targets_raw.csv row 123 with score 120 and extraction_quality_proxy 0.892; primary Chekhov transcription; accepted after exact/overlap/page/item dedupe and diversity caps.,OCR/text-layer extraction candidate copied exactly from CSV field candidate_text_from_extraction_not_final; do not quote publicly until visually verified and cleared. Candidate may be page/window-boundary cut because it lacks terminal punctuation.,"Render/inspect the cited PDF page, visually transcribe exact wording, then Dawson/Lisa exact wording, attribution, and rights clearance."
MCT-UWINDSOR-365-060,60,directing_academic_footnote,actor_struggle;cannot;common_actor_struggles_quote_bucket_raw.csv;daily_inspiration;directing_academic_footnote;director;first;method_terms;quote_candidates_priority.csv;receiving;rehearsing;style,STYLE: General criticism and suggestion; In each stage of rehearsing. there are different periods for receiving'tho general suggestions of the director. In the first stage. general suggestions cannot be taken.,csv_extraction_text,true,chekhov_on_directing_footnote_targets_raw.csv,76,bfd569e6d2507372,980,1608,"July 25, 1939","July 25, 1939",primary_chekhov_transcription: by Michael Chekhov; transcribed by Deirdre Hurst du Prey,"lesson/transcription/UWindsor attribution approved by Dawson, exact source context still required",https://collections.uwindsor.ca/chekhov/item/980,https://collections.uwindsor.ca/files/original/9e0a9ae2b834da8c54ce3b913b40156c2c348ba8.pdf,pdf_cache/item_980_july-25-1939.pdf,extracted_text_all/item_980_july-25-1939.txt,1,This is a good and positive thing.,Eﬁt this is not the first stage. and you are now in the position to receive acme general suggestions.,cannot;director;first;receiving;rehearsing;style,actor_struggle;daily_inspiration;directing_academic_footnote;method_terms,0.888,123,Tier 1 model-curated internal candidate,needs_visual_verification_against_pdf_page,,internal_candidate_only__not_publicly_cleared,internal Dawson/Lisa research only; UWindsor/archive and exact-use rights review required before any public/app use,DG-bfd569e6d2507372,Duplicate/overlap also found in common_actor_struggles_quote_bucket_raw.csv row 44 (exact_normalized_duplicate). Duplicate/overlap also found in quote_candidates_priority.csv row 77 (exact_normalized_duplicate).,Selected from chekhov_on_directing_footnote_targets_raw.csv row 76 with score 123 and extraction_quality_proxy 0.888; primary Chekhov transcription; accepted after exact/overlap/page/item dedupe and diversity caps.,OCR/text-layer extraction candidate copied exactly from CSV field candidate_text_from_extraction_not_final; do not quote publicly until visually verified and cleared. Contains visible OCR artifacts; visual verification required before quotation.,"Render/inspect the cited PDF page, visually transcribe exact wording, then Dawson/Lisa exact wording, attribution, and rights clearance."
MCT-UWINDSOR-365-061,61,directing_academic_footnote,actor_struggle;beauty;common_actor_struggles_quote_bucket_raw.csv;daily_inspiration;directing_academic_footnote;first;gesture;method_terms;play;psychological gesture;quote_candidates_priority.csv;rehearse;scene;whole;will,If you will build the whole scene by means of you: psychological gesture. you uill at the same time rehearse the play. but on a level which is much richer. The richness of mo performance in the real world depends upon how high you can reach the “platonic world;.,csv_extraction_text,true,chekhov_on_directing_footnote_targets_raw.csv,119,3c4f5cfb8b30eeb9,659,1218,"January 23, 1937","January 23, 1937",primary_chekhov_transcription: by Michael Chekhov; transcribed by Deirdre Hurst du Prey,"lesson/transcription/UWindsor attribution approved by Dawson, exact source context still required",https://collections.uwindsor.ca/chekhov/item/659,https://collections.uwindsor.ca/files/original/9024fda428c5288fb58b9435e4effc607a45f37a.pdf,pdf_cache/item_659_january-23-1937.pdf,extracted_text_all/item_659_january-23-1937.txt,4,These simple exorcise: for the psychological gesture will grow with experience.,"2 the world of our psychological gestures. toot dynix You can take the whole first part of the play and bring it into one gesture. ihc psychological gesture is likc bread and nine rat the actor. .oer dynt must push his obstacles away. not as heavy naturial things, but as . poet ' of beauty.",gesture;play;psychological gesture;rehearse;scene;whole;will,actor_struggle;daily_inspiration;directing_academic_footnote;method_terms,0.890,120,Tier 1 model-curated internal candidate,needs_visual_verification_against_pdf_page,,internal_candidate_only__not_publicly_cleared,internal Dawson/Lisa research only; UWindsor/archive and exact-use rights review required before any public/app use,DG-3c4f5cfb8b30eeb9,Duplicate/overlap also found in common_actor_struggles_quote_bucket_raw.csv row 74 (exact_normalized_duplicate). Duplicate/overlap also found in quote_candidates_priority.csv row 124 (exact_normalized_duplicate). Duplicate/overlap also found in quote_candidates_priority.csv row 775 (same_item_page_source_page_cap). Duplicate/overlap also found in quote_candidates_priority.csv row 473 (same_item_page_source_page_cap). Duplicate/overlap also found in quote_candidates_priority.csv row 653 (same_item_page_source_page_cap). Duplicate/overlap also found in quote_candidates_priority.csv row 652 (same_item_page_source_page_cap).,Selected from chekhov_on_directing_footnote_targets_raw.csv row 119 with score 120 and extraction_quality_proxy 0.890; primary Chekhov transcription; accepted after exact/overlap/page/item dedupe and diversity caps.,OCR/text-layer extraction candidate copied exactly from CSV field candidate_text_from_extraction_not_final; do not quote publicly until visually verified and cleared.,"Render/inspect the cited PDF page, visually transcribe exact wording, then Dawson/Lisa exact wording, attribution, and rights clearance."
MCT-UWINDSOR-365-062,62,directing_academic_footnote,actor_struggle;beginning;common_actor_struggles_quote_bucket_raw.csv;daily_inspiration;directing_academic_footnote;end;feelings;future;play;quote_candidates_priority.csv,"In order to perform the play on tho stage. it is only possible if the play is. from beginning to end. a long conflict - g_2251£§§gg§_ggg§ligt - g The novelist may allow himself to write many pages describing his characters and their feelings, their past and future, but we, as actors. are not allowed to describe the characters: - we must show them - act them.",csv_extraction_text,true,chekhov_on_directing_footnote_targets_raw.csv,128,9ec9b7e5462925bc,781,1360,"November 12, 1937 (afternoon)","November 12, 1937",primary_chekhov_transcription: by Michael Chekhov; transcribed by Deirdre Hurst du Prey,"lesson/transcription/UWindsor attribution approved by Dawson, exact source context still required",https://collections.uwindsor.ca/chekhov/item/781,https://collections.uwindsor.ca/files/original/8459c55fbc55f0f93e4c8ae94816b59d306f9833.pdf,pdf_cache/item_781_november-12-1937-afternoon.pdf,extracted_text_all/item_781_november-12-1937-afternoon.txt,2,"THE PIAY AS CONFLICT: The second thing is the first piece of technical advico I will give to our playwrights from our theatre point of View. lanky laws have been given about playwriting — we will not take any particular one, but will take them in general and try to adjust them to our theme.",We are not able to describe the feelings - we must act them.,beginning;end;feelings;future;play,actor_struggle;daily_inspiration;directing_academic_footnote,0.883,120,Tier 1 model-curated internal candidate,needs_visual_verification_against_pdf_page,,internal_candidate_only__not_publicly_cleared,internal Dawson/Lisa research only; UWindsor/archive and exact-use rights review required before any public/app use,DG-9ec9b7e5462925bc,Duplicate/overlap also found in common_actor_struggles_quote_bucket_raw.csv row 83 (exact_normalized_duplicate). Duplicate/overlap also found in quote_candidates_priority.csv row 134 (exact_normalized_duplicate).,Selected from chekhov_on_directing_footnote_targets_raw.csv row 128 with score 120 and extraction_quality_proxy 0.883; primary Chekhov transcription; accepted after exact/overlap/page/item dedupe and diversity caps.,OCR/text-layer extraction candidate copied exactly from CSV field candidate_text_from_extraction_not_final; do not quote publicly until visually verified and cleared. Contains visible OCR artifacts; visual verification required before quotation.,"Render/inspect the cited PDF page, visually transcribe exact wording, then Dawson/Lisa exact wording, attribution, and rights clearance."
MCT-UWINDSOR-365-063,63,directing_academic_footnote,actor_struggle;attention;audience;chekhov_on_directing_footnote_targets_raw.csv;daily_inspiration;directing_academic_footnote;first;method_terms;moments;quote_candidates_priority.csv;radiation;scenes;voice;whole;will,"Shdanoff's clam 21o will try to touch different moments from different scenes, by the condition that you will pay attention to this power of radiation which will fill tho whole audience room and tho stage, but I must make it clear that it is important to distinguish between two things: First. to carry our influcnco when speaking by the means of increasing the power of the voice.",csv_extraction_text,true,chekhov_on_directing_footnote_targets_raw.csv,105,e5cd733fcb79e577,838,1445,"February 25, 1938 (afternoon)","February 25, 1938",primary_chekhov_transcription: by Michael Chekhov; transcribed by Deirdre Hurst du Prey,"lesson/transcription/UWindsor attribution approved by Dawson, exact source context still required",https://collections.uwindsor.ca/chekhov/item/838,https://collections.uwindsor.ca/files/original/5d6c71cf4630e266f57ef47fcdbdd74e79be7973.pdf,pdf_cache/item_838_february-25-1938-afternoon.pdf,extracted_text_all/item_838_february-25-1938-afternoon.txt,6,Scenes from fir.,Secondly. whether we are behind the stage or not. us have only to increase our inner effort to radiate.,attention;audience;first;moments;radiation;scenes;voice;whole;will,actor_struggle;daily_inspiration;directing_academic_footnote;method_terms,0.884,121,Tier 1 model-curated internal candidate,needs_visual_verification_against_pdf_page,,internal_candidate_only__not_publicly_cleared,internal Dawson/Lisa research only; UWindsor/archive and exact-use rights review required before any public/app use,DG-e5cd733fcb79e577,Duplicate/overlap also found in chekhov_on_directing_footnote_targets_raw.csv row 104 (substring_or_overlap_duplicate). Duplicate/overlap also found in quote_candidates_priority.csv row 107 (exact_normalized_duplicate). Duplicate/overlap also found in quote_candidates_priority.csv row 106 (substring_or_overlap_duplicate).,Selected from chekhov_on_directing_footnote_targets_raw.csv row 105 with score 121 and extraction_quality_proxy 0.884; primary Chekhov transcription; accepted after exact/overlap/page/item dedupe and diversity caps.,OCR/text-layer extraction candidate copied exactly from CSV field candidate_text_from_extraction_not_final; do not quote publicly until visually verified and cleared. Contains visible OCR artifacts; visual verification required before quotation.,"Render/inspect the cited PDF page, visually transcribe exact wording, then Dawson/Lisa exact wording, attribution, and rights clearance."
MCT-UWINDSOR-365-064,64,directing_academic_footnote,actor_struggle;beginning;body;common_actor_struggles_quote_bucket_raw.csv;daily_inspiration;directing_academic_footnote;end;middle;quote_candidates_priority.csv;whole;will,"Rach person requires a different amount of preparation for the beginning and the end. In order to fuse your will and the rhythmical pattern, you must feel your whole body and use your whole body.",csv_extraction_text,true,chekhov_on_directing_footnote_targets_raw.csv,80,047acfdc8b0e9ccf,633,1189,"November 27, 1936","November 27, 1936",primary_chekhov_transcription: by Michael Chekhov; transcribed by Deirdre Hurst du Prey,"lesson/transcription/UWindsor attribution approved by Dawson, exact source context still required",https://collections.uwindsor.ca/chekhov/item/633,https://collections.uwindsor.ca/files/original/8afcf96e8ebc310f3a73624f7bcc0fb15b1e59b4.pdf,pdf_cache/item_633_november-27-1936.pdf,extracted_text_all/item_633_november-27-1936.txt,2,"The space and the time is one thing for an artist, from which he is able to create the past and the future. | Zach person must understand this psychologically.",This is the only way you can command your body — by using it and knowing it perfectly.,beginning;body;end;whole;will,actor_struggle;daily_inspiration;directing_academic_footnote,0.887,123,Tier 1 model-curated internal candidate,needs_visual_verification_against_pdf_page,,internal_candidate_only__not_publicly_cleared,internal Dawson/Lisa research only; UWindsor/archive and exact-use rights review required before any public/app use,DG-047acfdc8b0e9ccf,Duplicate/overlap also found in common_actor_struggles_quote_bucket_raw.csv row 49 (exact_normalized_duplicate). Duplicate/overlap also found in quote_candidates_priority.csv row 82 (exact_normalized_duplicate). Duplicate/overlap also found in quote_candidates_priority.csv row 588 (same_item_page_source_page_cap).,Selected from chekhov_on_directing_footnote_targets_raw.csv row 80 with score 123 and extraction_quality_proxy 0.887; primary Chekhov transcription; accepted after exact/overlap/page/item dedupe and diversity caps.,OCR/text-layer extraction candidate copied exactly from CSV field candidate_text_from_extraction_not_final; do not quote publicly until visually verified and cleared.,"Render/inspect the cited PDF page, visually transcribe exact wording, then Dawson/Lisa exact wording, attribution, and rights clearance."
MCT-UWINDSOR-365-065,65,directing_academic_footnote,actor_struggle;beginning;chekhov_on_directing_footnote_targets_raw.csv;common_actor_struggles_quote_bucket_raw.csv;directing_academic_footnote;end;method_terms;middle;play;quote_candidates_priority.csv;style;will,1939 .pointe - thin in the beginning and this is the end - perhaps in the middle there will be award in the style of the play. If it is too vague. then give another condition which will lend them.,csv_extraction_text,true,chekhov_on_directing_footnote_targets_raw.csv,79,4ff5ddbd020f8e4e,944,1569,"March 7, 1939","March 7, 1939",primary_chekhov_transcription: by Michael Chekhov; transcribed by Deirdre Hurst du Prey,"lesson/transcription/UWindsor attribution approved by Dawson, exact source context still required",https://collections.uwindsor.ca/chekhov/item/944,https://collections.uwindsor.ca/files/original/f90c7ff0b51899d0f3ef0c20bb7828491e0e973f.pdf,pdf_cache/item_944_march-7-1939.pdf,extracted_text_all/item_944_march-7-1939.txt,6,3‘1 5 I H.‘ Chekhov march 7 .,Then perhaps if; will be nearer to the exercise - when it it: taken no on exerozé’ee.‘ then it EQ‘IDBJgiven coneciouelyymfrhq director can add conditione lute; one If it in too vague and menu nothing. the director can give an objective. or simply tell the actors it in teengue and eel: than to find tmnei’hiene from one point to (mother.,beginning;end;middle;play;style;will,actor_struggle;directing_academic_footnote;method_terms,0.881,123,Tier 1 model-curated internal candidate,needs_visual_verification_against_pdf_page,,internal_candidate_only__not_publicly_cleared,internal Dawson/Lisa research only; UWindsor/archive and exact-use rights review required before any public/app use,DG-4ff5ddbd020f8e4e,Duplicate/overlap also found in chekhov_on_directing_footnote_targets_raw.csv row 125 (same_item_page_source_page_cap). Duplicate/overlap also found in chekhov_on_directing_footnote_targets_raw.csv row 124 (substring_or_overlap_duplicate). Duplicate/overlap also found in common_actor_struggles_quote_bucket_raw.csv row 47 (exact_normalized_duplicate). Duplicate/overlap also found in common_actor_struggles_quote_bucket_raw.csv row 80 (same_item_page_source_page_cap). Duplicate/overlap also found in common_actor_struggles_quote_bucket_raw.csv row 79 (substring_or_overlap_duplicate). Duplicate/overlap also found in quote_candidates_priority.csv row 80 (exact_normalized_duplicate). Duplicate/overlap also found in quote_candidates_priority.csv row 131 (same_item_page_source_page_cap). Duplicate/overlap also found in quote_candidates_priority.csv row 130 (substring_or_overlap_duplicate).,Selected from chekhov_on_directing_footnote_targets_raw.csv row 79 with score 123 and extraction_quality_proxy 0.881; primary Chekhov transcription; accepted after exact/overlap/page/item dedupe and diversity caps.,OCR/text-layer extraction candidate copied exactly from CSV field candidate_text_from_extraction_not_final; do not quote publicly until visually verified and cleared.,"Render/inspect the cited PDF page, visually transcribe exact wording, then Dawson/Lisa exact wording, attribution, and rights clearance."
MCT-UWINDSOR-365-066,66,directing_academic_footnote,actor_struggle;body;common_actor_struggles_quote_bucket_raw.csv;daily_inspiration;directing_academic_footnote;feeling;first;gesture;imagination;method_terms;play;psychological gesture;quote_candidates_priority.csv;whole;will,"Then try to do it many times. at first in general. and then gradually add more and soho details. Now try to oxporionoo it with your whole body, in a sense try to find tho psychological gesture for the whole play.",csv_extraction_text,true,chekhov_on_directing_footnote_targets_raw.csv,94,ff919c820fd9f6b0,885,1492,"June 7, 1938 (morning)","June 7, 1938",primary_chekhov_transcription: by Michael Chekhov; transcribed by Deirdre Hurst du Prey,"lesson/transcription/UWindsor attribution approved by Dawson, exact source context still required",https://collections.uwindsor.ca/chekhov/item/885,https://collections.uwindsor.ca/files/original/3967c3cf38f4fdb278f9494fc36680337c527e40.pdf,pdf_cache/item_885_june-7-1938-morning.pdf,extracted_text_all/item_885_june-7-1938-morning.txt,2,Concnntrntn ahd fly over the play in your imagination. having this fooling of the whole.,Then try to find morn archetypal gestures occupying yuur whole body. your whole actor's instrument.,body;first;gesture;play;psychological gesture;whole,actor_struggle;daily_inspiration;directing_academic_footnote;method_terms,0.886,122,Tier 1 model-curated internal candidate,needs_visual_verification_against_pdf_page,,internal_candidate_only__not_publicly_cleared,internal Dawson/Lisa research only; UWindsor/archive and exact-use rights review required before any public/app use,DG-ff919c820fd9f6b0,Duplicate/overlap also found in common_actor_struggles_quote_bucket_raw.csv row 59 (exact_normalized_duplicate). Duplicate/overlap also found in quote_candidates_priority.csv row 96 (exact_normalized_duplicate). Duplicate/overlap also found in quote_candidates_priority.csv row 257 (same_item_page_source_page_cap). Duplicate/overlap also found in quote_candidates_priority.csv row 694 (same_item_page_source_page_cap). Duplicate/overlap also found in quote_candidates_priority.csv row 486 (same_item_page_source_page_cap).,Selected from chekhov_on_directing_footnote_targets_raw.csv row 94 with score 122 and extraction_quality_proxy 0.886; primary Chekhov transcription; accepted after exact/overlap/page/item dedupe and diversity caps.,OCR/text-layer extraction candidate copied exactly from CSV field candidate_text_from_extraction_not_final; do not quote publicly until visually verified and cleared. Contains visible OCR artifacts; visual verification required before quotation.,"Render/inspect the cited PDF page, visually transcribe exact wording, then Dawson/Lisa exact wording, attribution, and rights clearance."
MCT-UWINDSOR-365-067,67,directing_academic_footnote,actor_struggle;art;common_actor_struggles_quote_bucket_raw.csv;daily_inspiration;difficult;directing_academic_footnote;end;gesture;method_terms;quote_candidates_priority.csv;will,"It is right, of course, that tho tosturo is not at once quite clear, because :3 know that on principle all gestures must be discovered. as all art has to be discovered. Therefore some geaturon will come only at the end of a long period of work: and in this case I think it is very difficult to find the gesture.",csv_extraction_text,true,chekhov_on_directing_footnote_targets_raw.csv,155,78c0019aa52663d7,834,1441,"February 22, 1938 (morning)","February 22, 1938",primary_chekhov_transcription: by Michael Chekhov; transcribed by Deirdre Hurst du Prey,"lesson/transcription/UWindsor attribution approved by Dawson, exact source context still required",https://collections.uwindsor.ca/chekhov/item/834,https://collections.uwindsor.ca/files/original/c68aa087d62c9fd3ff9c573dd6d522ecd946aa89.pdf,pdf_cache/item_834_february-22-1938-morning.pdf,extracted_text_all/item_834_february-22-1938-morning.txt,5,Try once the whole situation in the form of a psychological gesture.,Ono thing. it must not be descriptive.,art;difficult;end;gesture;will,actor_struggle;daily_inspiration;directing_academic_footnote;method_terms,0.889,117,Tier 1 model-curated internal candidate,needs_visual_verification_against_pdf_page,,internal_candidate_only__not_publicly_cleared,internal Dawson/Lisa research only; UWindsor/archive and exact-use rights review required before any public/app use,DG-78c0019aa52663d7,Duplicate/overlap also found in common_actor_struggles_quote_bucket_raw.csv row 102 (exact_normalized_duplicate). Duplicate/overlap also found in quote_candidates_priority.csv row 167 (exact_normalized_duplicate).,Selected from chekhov_on_directing_footnote_targets_raw.csv row 155 with score 117 and extraction_quality_proxy 0.889; primary Chekhov transcription; accepted after exact/overlap/page/item dedupe and diversity caps.,OCR/text-layer extraction candidate copied exactly from CSV field candidate_text_from_extraction_not_final; do not quote publicly until visually verified and cleared. Contains visible OCR artifacts; visual verification required before quotation.,"Render/inspect the cited PDF page, visually transcribe exact wording, then Dawson/Lisa exact wording, attribution, and rights clearance."
MCT-UWINDSOR-365-068,68,directing_academic_footnote,actor_struggle;archetype;common_actor_struggles_quote_bucket_raw.csv;daily_inspiration;directing_academic_footnote;first;imagination;method_terms;play;quote_candidates_priority.csv;soul;will,"This kind of imagining will coax the archetypal values into the soul, and what kind of archetype we have to penetrate into is always very clear, because as artists when first reading the play or imagining the part. we guess these archetypes and that is why we want to act. So we must penetrate into them quite consciously.",csv_extraction_text,true,chekhov_on_directing_footnote_targets_raw.csv,177,f9c5231d60747f1b,773,1352,"October 29, 1937","October 29, 1937",primary_chekhov_transcription: by Michael Chekhov; transcribed by Deirdre Hurst du Prey,"lesson/transcription/UWindsor attribution approved by Dawson, exact source context still required",https://collections.uwindsor.ca/chekhov/item/773,https://collections.uwindsor.ca/files/original/e26be0889f0520195b3b425a1c0f4cdd1d7ca4cf.pdf,pdf_cache/item_773_october-29-1937.pdf,extracted_text_all/item_773_october-29-1937.txt,7,Enter into this factory in your imagination and you will feel Balladina's devils.,I have seen a very gifted actress who had no idea of any method. but who was always living in the archetype.,archetype;first;play;soul;will,actor_struggle;daily_inspiration;directing_academic_footnote;method_terms,0.894,117,Tier 1 model-curated internal candidate,needs_visual_verification_against_pdf_page,,internal_candidate_only__not_publicly_cleared,internal Dawson/Lisa research only; UWindsor/archive and exact-use rights review required before any public/app use,DG-f9c5231d60747f1b,Duplicate/overlap also found in common_actor_struggles_quote_bucket_raw.csv row 124 (exact_normalized_duplicate). Duplicate/overlap also found in quote_candidates_priority.csv row 191 (exact_normalized_duplicate). Duplicate/overlap also found in quote_candidates_priority.csv row 320 (same_item_page_source_page_cap). Duplicate/overlap also found in quote_candidates_priority.csv row 527 (substring_or_overlap_duplicate).,Selected from chekhov_on_directing_footnote_targets_raw.csv row 177 with score 117 and extraction_quality_proxy 0.894; primary Chekhov transcription; accepted after exact/overlap/page/item dedupe and diversity caps.,OCR/text-layer extraction candidate copied exactly from CSV field candidate_text_from_extraction_not_final; do not quote publicly until visually verified and cleared.,"Render/inspect the cited PDF page, visually transcribe exact wording, then Dawson/Lisa exact wording, attribution, and rights clearance."
MCT-UWINDSOR-365-069,69,directing_academic_footnote,actor_struggle;chekhov_on_directing_footnote_targets_raw.csv;common_actor_struggles_quote_bucket_raw.csv;daily_inspiration;difficult;directing_academic_footnote;director;feeling;first;future;imagination;play;quote_candidates_priority.csv;theatre;will,"But we must start. ear-riot: IMAGINING THE PLAY: The Fishino Scone: ___________L_____ The first thing you must do is to imagine everything that the director or the designer will tell you. in order to hear. not with your brain or intellect, but with yolm imagination. you must train yourself to hear everything with your imagination.",csv_extraction_text,true,chekhov_on_directing_footnote_targets_raw.csv,145,ad812a41ad01c712,652,1208,"January 14, 1937","January 14, 1937",primary_chekhov_transcription: by Michael Chekhov; transcribed by Deirdre Hurst du Prey,"lesson/transcription/UWindsor attribution approved by Dawson, exact source context still required",https://collections.uwindsor.ca/chekhov/item/652,https://collections.uwindsor.ca/files/original/19c5ab30fdad4f4219d19eb0dc92c37957cabc04.pdf,pdf_cache/item_652_january-14-1937.pdf,extracted_text_all/item_652_january-14-1937.txt,2,"The task is very big, and the problems are difficult. and the future is very far.",You must turn everything you hour into a picture.,director;first;imagination;play;will,actor_struggle;daily_inspiration;directing_academic_footnote,0.877,118,Tier 1 model-curated internal candidate,needs_visual_verification_against_pdf_page,,internal_candidate_only__not_publicly_cleared,internal Dawson/Lisa research only; UWindsor/archive and exact-use rights review required before any public/app use,DG-ad812a41ad01c712,Duplicate/overlap also found in chekhov_on_directing_footnote_targets_raw.csv row 92 (substring_or_overlap_duplicate). Duplicate/overlap also found in common_actor_struggles_quote_bucket_raw.csv row 95 (exact_normalized_duplicate). Duplicate/overlap also found in quote_candidates_priority.csv row 153 (exact_normalized_duplicate). Duplicate/overlap also found in quote_candidates_priority.csv row 94 (substring_or_overlap_duplicate). Duplicate/overlap also found in quote_candidates_priority.csv row 641 (same_item_page_source_page_cap). Duplicate/overlap also found in quote_candidates_priority.csv row 984 (same_item_page_source_page_cap).,Selected from chekhov_on_directing_footnote_targets_raw.csv row 145 with score 118 and extraction_quality_proxy 0.877; primary Chekhov transcription; accepted after exact/overlap/page/item dedupe and diversity caps.,OCR/text-layer extraction candidate copied exactly from CSV field candidate_text_from_extraction_not_final; do not quote publicly until visually verified and cleared.,"Render/inspect the cited PDF page, visually transcribe exact wording, then Dawson/Lisa exact wording, attribution, and rights clearance."
MCT-UWINDSOR-365-070,70,directing_academic_footnote,actor_struggle;common_actor_struggles_quote_bucket_raw.csv;daily_inspiration;directing_academic_footnote;first;imagination;method_terms;quote_candidates_priority.csv;speech;tempo;will,"But you must do it by appealing first to your imagination. just as you did the excreieeo for this streaming. now you must eee Pierrot noting with fire. Do it thirty times technically. as an actor, then you will know what it is. and tempo. speech. the wave movement. all these things eheuld come together.",csv_extraction_text,true,chekhov_on_directing_footnote_targets_raw.csv,176,4f49207f197efd04,921,1546,"November 7, 1938","November 7, 1938",primary_chekhov_transcription: by Michael Chekhov; transcribed by Deirdre Hurst du Prey,"lesson/transcription/UWindsor attribution approved by Dawson, exact source context still required",https://collections.uwindsor.ca/chekhov/item/921,https://collections.uwindsor.ca/files/original/5b007ba8165d450f56d562ad4ce0cca537bbfb82.pdf,pdf_cache/item_921_november-7-1938.pdf,extracted_text_all/item_921_november-7-1938.txt,6,If you cell it temperament. then temperament. as you like.,In telling you about the wave.,first;imagination;speech;tempo;will,actor_struggle;daily_inspiration;directing_academic_footnote;method_terms,0.881,117,Tier 1 model-curated internal candidate,needs_visual_verification_against_pdf_page,,internal_candidate_only__not_publicly_cleared,internal Dawson/Lisa research only; UWindsor/archive and exact-use rights review required before any public/app use,DG-4f49207f197efd04,Duplicate/overlap also found in common_actor_struggles_quote_bucket_raw.csv row 123 (exact_normalized_duplicate). Duplicate/overlap also found in quote_candidates_priority.csv row 190 (exact_normalized_duplicate).,Selected from chekhov_on_directing_footnote_targets_raw.csv row 176 with score 117 and extraction_quality_proxy 0.881; primary Chekhov transcription; accepted after exact/overlap/page/item dedupe and diversity caps.,OCR/text-layer extraction candidate copied exactly from CSV field candidate_text_from_extraction_not_final; do not quote publicly until visually verified and cleared.,"Render/inspect the cited PDF page, visually transcribe exact wording, then Dawson/Lisa exact wording, attribution, and rights clearance."
MCT-UWINDSOR-365-071,71,directing_academic_footnote,ability;actor_struggle;body;common_actor_struggles_quote_bucket_raw.csv;concentration;creative;daily_inspiration;directing_academic_footnote;first;individuality;method_terms;quote_candidates_priority.csv;soul,"1938 CONCEi’i‘RATION IP'AGINATION AND \‘lILL‘ PRESIa‘XCE - THE CREATIVE INDIVIDUALITY CONTACT Today we shall start with the very first exercises. as if they were now. The real artist has to dovolop many abilities in his spirit and soul and body, and one of the most important abilities is the ability of concentration.",csv_extraction_text,true,chekhov_on_directing_footnote_targets_raw.csv,169,c6c8a0d8350eebb5,853,1460,"March 14, 1938","March 14, 1938",primary_chekhov_transcription: by Michael Chekhov; transcribed by Deirdre Hurst du Prey,"lesson/transcription/UWindsor attribution approved by Dawson, exact source context still required",https://collections.uwindsor.ca/chekhov/item/853,https://collections.uwindsor.ca/files/original/1da51265c981b438859505a5c636ae67a01b4255.pdf,pdf_cache/item_853_march-14-1938.pdf,extracted_text_all/item_853_march-14-1938.txt,1,LEI‘ch 1b.,We shall start with this exerciso.,ability;body;concentration;creative;first;individuality;soul,actor_struggle;daily_inspiration;directing_academic_footnote;method_terms,0.883,117,Tier 1 model-curated internal candidate,needs_visual_verification_against_pdf_page,,internal_candidate_only__not_publicly_cleared,internal Dawson/Lisa research only; UWindsor/archive and exact-use rights review required before any public/app use,DG-c6c8a0d8350eebb5,Duplicate/overlap also found in common_actor_struggles_quote_bucket_raw.csv row 116 (exact_normalized_duplicate). Duplicate/overlap also found in quote_candidates_priority.csv row 183 (exact_normalized_duplicate).,Selected from chekhov_on_directing_footnote_targets_raw.csv row 169 with score 117 and extraction_quality_proxy 0.883; primary Chekhov transcription; accepted after exact/overlap/page/item dedupe and diversity caps.,OCR/text-layer extraction candidate copied exactly from CSV field candidate_text_from_extraction_not_final; do not quote publicly until visually verified and cleared.,"Render/inspect the cited PDF page, visually transcribe exact wording, then Dawson/Lisa exact wording, attribution, and rights clearance."
MCT-UWINDSOR-365-072,72,directing_academic_footnote,actor_struggle;attention;audience;common_actor_struggles_quote_bucket_raw.csv;daily_inspiration;directing_academic_footnote;director;director's;freedom;method_terms;quote_candidates_priority.csv;radiation;will,"You must be able to fill tremendous rooms and space, which you will find in American theatres, not only with your voices but with your radiation - there are no other means. You can move as wide as you like. but if it is without radiation the audience will not be able to see it with opera glasses.",csv_extraction_text,true,chekhov_on_directing_footnote_targets_raw.csv,174,7a8bf268f5cddbb3,784,1363,"November 18, 1937","November 18, 1937",primary_chekhov_transcription: by Michael Chekhov; transcribed by Deirdre Hurst du Prey,"lesson/transcription/UWindsor attribution approved by Dawson, exact source context still required",https://collections.uwindsor.ca/chekhov/item/784,https://collections.uwindsor.ca/files/original/8248d5b961a34afcf476eb20d0629e9294619557.pdf,pdf_cache/item_784_november-18-1937.pdf,extracted_text_all/item_784_november-18-1937.txt,5,You have beautiful means or expression and you must use your beautiful radiatina newer.,On the other hand if you nova only your eyebrows with radiation. the last person in the gallery will see and feel you.,audience;radiation;will,actor_struggle;daily_inspiration;directing_academic_footnote;method_terms,0.890,117,Tier 1 model-curated internal candidate,needs_visual_verification_against_pdf_page,,internal_candidate_only__not_publicly_cleared,internal Dawson/Lisa research only; UWindsor/archive and exact-use rights review required before any public/app use,DG-7a8bf268f5cddbb3,Duplicate/overlap also found in common_actor_struggles_quote_bucket_raw.csv row 121 (exact_normalized_duplicate). Duplicate/overlap also found in quote_candidates_priority.csv row 188 (exact_normalized_duplicate). Duplicate/overlap also found in quote_candidates_priority.csv row 726 (same_item_page_source_page_cap).,Selected from chekhov_on_directing_footnote_targets_raw.csv row 174 with score 117 and extraction_quality_proxy 0.890; primary Chekhov transcription; accepted after exact/overlap/page/item dedupe and diversity caps.,OCR/text-layer extraction candidate copied exactly from CSV field candidate_text_from_extraction_not_final; do not quote publicly until visually verified and cleared.,"Render/inspect the cited PDF page, visually transcribe exact wording, then Dawson/Lisa exact wording, attribution, and rights clearance."
MCT-UWINDSOR-365-073,73,directing_academic_footnote,actor_struggle;body;cannot;chekhov_on_directing_footnote_targets_raw.csv;daily_inspiration;directing_academic_footnote;end;first;life;quote_candidates_priority.csv;weak;whole;will,"But actors have no right to be powerful in the brain end weak everywhere 93,230. We cannot act with our head at all - only with cur being. and the head muot be the appendii. of our whole being and only the face. which is very subtle - not anatomical and psychological - will reflect our life and inner activity which coneo from the whole being first and then ie nbrrorcd.‘ Therefore. it io so ugly when the actor begine to make races inetead of ueing hie own body.",csv_extraction_text,true,chekhov_on_directing_footnote_targets_raw.csv,61,220c5b7417580990,1029,1661,"February 5, 1940","February 5, 1940",primary_chekhov_transcription: by Michael Chekhov; transcribed by Deirdre Hurst du Prey,"lesson/transcription/UWindsor attribution approved by Dawson, exact source context still required",https://collections.uwindsor.ca/chekhov/item/1029,https://collections.uwindsor.ca/files/original/dc267173960cebfac8e5ba52409dc0155103b21d.pdf,pdf_cache/item_1029_february-5-1940.pdf,extracted_text_all/item_1029_february-5-1940.txt,6,This powerful thing has a little appendix which ie our whole being - therefore. it leeko like a cripple.,Only when the actor-in able to yeur Everything] into hievheie being. then the face becomea beautiful of iteelf.,body;cannot;end;first;life;weak;whole;will,actor_struggle;daily_inspiration;directing_academic_footnote,0.890,124,Tier 1 model-curated internal candidate,needs_visual_verification_against_pdf_page,,internal_candidate_only__not_publicly_cleared,internal Dawson/Lisa research only; UWindsor/archive and exact-use rights review required before any public/app use,DG-220c5b7417580990,Duplicate/overlap also found in chekhov_on_directing_footnote_targets_raw.csv row 144 (substring_or_overlap_duplicate). Duplicate/overlap also found in quote_candidates_priority.csv row 62 (exact_normalized_duplicate). Duplicate/overlap also found in quote_candidates_priority.csv row 152 (substring_or_overlap_duplicate).,Selected from chekhov_on_directing_footnote_targets_raw.csv row 61 with score 124 and extraction_quality_proxy 0.890; primary Chekhov transcription; accepted after exact/overlap/page/item dedupe and diversity caps.,OCR/text-layer extraction candidate copied exactly from CSV field candidate_text_from_extraction_not_final; do not quote publicly until visually verified and cleared.,"Render/inspect the cited PDF page, visually transcribe exact wording, then Dawson/Lisa exact wording, attribution, and rights clearance."
MCT-UWINDSOR-365-074,74,directing_academic_footnote,actor_struggle;art;atmosphere;common_actor_struggles_quote_bucket_raw.csv;daily_inspiration;directing_academic_footnote;feeling;first;life;method_terms;quote_candidates_priority.csv;theatre,"I have known only one theatre \Iith a really good contact. not only on the stage but in the theatre life - the first Moscow Art Theatre. The}, have always sought for this contact on the stage. in Chekhov plays, atmosphere, mood, etc.. and thoy developed this feeling of contact and z-rhst 2-1:: the result in their life?",csv_extraction_text,true,chekhov_on_directing_footnote_targets_raw.csv,154,4f606a94d6e97bec,825,1432,"February 11, 1938","February 11, 1938",primary_chekhov_transcription: by Michael Chekhov; transcribed by Deirdre Hurst du Prey,"lesson/transcription/UWindsor attribution approved by Dawson, exact source context still required",https://collections.uwindsor.ca/chekhov/item/825,https://collections.uwindsor.ca/files/original/767a42ea6d214084df8dc278527a567cc84c9c60.pdf,pdf_cache/item_825_february-11-1938.pdf,extracted_text_all/item_825_february-11-1938.txt,6,I have another example of contact which is near to us.,"They have never had any intrie ci ‘,",art;atmosphere;feeling;first;life;theatre,actor_struggle;daily_inspiration;directing_academic_footnote;method_terms,0.884,117,Tier 1 model-curated internal candidate,needs_visual_verification_against_pdf_page,,internal_candidate_only__not_publicly_cleared,internal Dawson/Lisa research only; UWindsor/archive and exact-use rights review required before any public/app use,DG-4f606a94d6e97bec,Duplicate/overlap also found in common_actor_struggles_quote_bucket_raw.csv row 101 (exact_normalized_duplicate). Duplicate/overlap also found in quote_candidates_priority.csv row 166 (exact_normalized_duplicate).,Selected from chekhov_on_directing_footnote_targets_raw.csv row 154 with score 117 and extraction_quality_proxy 0.884; primary Chekhov transcription; accepted after exact/overlap/page/item dedupe and diversity caps.,OCR/text-layer extraction candidate copied exactly from CSV field candidate_text_from_extraction_not_final; do not quote publicly until visually verified and cleared.,"Render/inspect the cited PDF page, visually transcribe exact wording, then Dawson/Lisa exact wording, attribution, and rights clearance."
MCT-UWINDSOR-365-075,75,directing_academic_footnote,actor_struggle;beginning;cold;common_actor_struggles_quote_bucket_raw.csv;daily_inspiration;difficult;directing_academic_footnote;freedom;problem;quote_candidates_priority.csv;will,"""nor to. and not be afraid of all these small things.‘ This stage must be gone through. -Tho problem is difficult: Contraction: cold : ﬁiano presto Expansion: fire ‘ forte adagio in the beginning. (All these dfforta we make to overcome these obvious thingsvand to cppbine enemies and friends. It will give great freedom).",csv_extraction_text,true,chekhov_on_directing_footnote_targets_raw.csv,170,c11ddd3bf130e914,859,1466,"March 17, 1938","March 17, 1938",primary_chekhov_transcription: by Michael Chekhov; transcribed by Deirdre Hurst du Prey,"lesson/transcription/UWindsor attribution approved by Dawson, exact source context still required",https://collections.uwindsor.ca/chekhov/item/859,https://collections.uwindsor.ca/files/original/a89fcf996d4197e9e6cd41279ef18565e64ff7df.pdf,pdf_cache/item_859_march-17-1938.pdf,extracted_text_all/item_859_march-17-1938.txt,6,"Thio anticigation of right things - wrong things, and all the mistaken which7 you anticipate you must be powerful enough to see and say.",V The more strange the composition the more original the interpretation. the underlying ideas.,beginning;cold;difficult;freedom;problem;will,actor_struggle;daily_inspiration;directing_academic_footnote,0.885,117,Tier 1 model-curated internal candidate,needs_visual_verification_against_pdf_page,,internal_candidate_only__not_publicly_cleared,internal Dawson/Lisa research only; UWindsor/archive and exact-use rights review required before any public/app use,DG-c11ddd3bf130e914,Duplicate/overlap also found in common_actor_struggles_quote_bucket_raw.csv row 117 (exact_normalized_duplicate). Duplicate/overlap also found in quote_candidates_priority.csv row 184 (exact_normalized_duplicate).,Selected from chekhov_on_directing_footnote_targets_raw.csv row 170 with score 117 and extraction_quality_proxy 0.885; primary Chekhov transcription; accepted after exact/overlap/page/item dedupe and diversity caps.,OCR/text-layer extraction candidate copied exactly from CSV field candidate_text_from_extraction_not_final; do not quote publicly until visually verified and cleared. Contains visible OCR artifacts; visual verification required before quotation.,"Render/inspect the cited PDF page, visually transcribe exact wording, then Dawson/Lisa exact wording, attribution, and rights clearance."
MCT-UWINDSOR-365-076,76,directing_academic_footnote,actor_struggle;daily_inspiration;directing_academic_footnote;feeling;first;group;method_terms;middle;quote_candidates_priority.csv;style;truth;voice;whole,"Do one wrestling movement in the style of comedy near to vaudeville. and receive it together. Then do it altogether as a group - first contact - tiret the feeling of the group - then the feeling of the whole; then the feeling of truth: then the etyle in the movement and in the voice when saying, ""We are wrestling."" De the whole gamut of wreetling exercises. no this same pattern in the first “eppresecd‘ part. then in the last part which in ""victoriouaf. then in the middle part which in ""conflict.""",csv_extraction_text,true,chekhov_on_directing_footnote_targets_raw.csv,45,3ae3d1d4a6d19c07,885,1492,"June 7, 1938 (morning)","June 7, 1938",primary_chekhov_transcription: by Michael Chekhov; transcribed by Deirdre Hurst du Prey,"lesson/transcription/UWindsor attribution approved by Dawson, exact source context still required",https://collections.uwindsor.ca/chekhov/item/885,https://collections.uwindsor.ca/files/original/3967c3cf38f4fdb278f9494fc36680337c527e40.pdf,pdf_cache/item_885_june-7-1938-morning.pdf,extracted_text_all/item_885_june-7-1938-morning.txt,3,De each movement with the feeling of the whole - have a aimplo pattern which will give you the feundatlen on which you can etand.,No separate context_after field supplied by source extraction; inspect cited page/text_path for surrounding context.,feeling;first;group;middle;style;truth;voice;whole,actor_struggle;daily_inspiration;directing_academic_footnote;method_terms,0.883,126,Tier 1 model-curated internal candidate,needs_visual_verification_against_pdf_page,,internal_candidate_only__not_publicly_cleared,internal Dawson/Lisa research only; UWindsor/archive and exact-use rights review required before any public/app use,DG-3ae3d1d4a6d19c07,Duplicate/overlap also found in quote_candidates_priority.csv row 46 (exact_normalized_duplicate). Duplicate/overlap also found in quote_candidates_priority.csv row 258 (substring_or_overlap_duplicate).,Selected from chekhov_on_directing_footnote_targets_raw.csv row 45 with score 126 and extraction_quality_proxy 0.883; primary Chekhov transcription; accepted after exact/overlap/page/item dedupe and diversity caps.,OCR/text-layer extraction candidate copied exactly from CSV field candidate_text_from_extraction_not_final; do not quote publicly until visually verified and cleared. Candidate may be page/window-boundary cut because it lacks terminal punctuation.,"Render/inspect the cited PDF page, visually transcribe exact wording, then Dawson/Lisa exact wording, attribution, and rights clearance."
MCT-UWINDSOR-365-077,77,directing_academic_footnote,actor_struggle;blind;common_actor_struggles_quote_bucket_raw.csv;daily_inspiration;directing_academic_footnote;gesture;life;method_terms;quote_candidates_priority.csv;structure;whole,"We do not even guess that this whole structure makes a tremendous gesture. If you take it in you can not, you can speak. or move - there is a whole story~ to act, describe. move in this, We are blind to this gesture because we do not need it in our everyday life. or in our profession now.",csv_extraction_text,true,chekhov_on_directing_footnote_targets_raw.csv,158,9b271ccc4979e24f,820,1427,"February 7, 1938","February 7, 1938",primary_chekhov_transcription: by Michael Chekhov; transcribed by Deirdre Hurst du Prey,"lesson/transcription/UWindsor attribution approved by Dawson, exact source context still required",https://collections.uwindsor.ca/chekhov/item/820,https://collections.uwindsor.ca/files/original/03f045894e5c4a688347cef980771e17e4782901.pdf,pdf_cache/item_820_february-7-1938.pdf,extracted_text_all/item_820_february-7-1938.txt,8,"Now, do you fool the tremendous difference? we do not hear the gesture. we do not see the gosture.",Our profession is contracting. undeveloped and shrunken.,blind;gesture;life;structure;whole,actor_struggle;daily_inspiration;directing_academic_footnote;method_terms,0.883,117,Tier 1 model-curated internal candidate,needs_visual_verification_against_pdf_page,,internal_candidate_only__not_publicly_cleared,internal Dawson/Lisa research only; UWindsor/archive and exact-use rights review required before any public/app use,DG-9b271ccc4979e24f,Duplicate/overlap also found in common_actor_struggles_quote_bucket_raw.csv row 105 (exact_normalized_duplicate). Duplicate/overlap also found in quote_candidates_priority.csv row 170 (exact_normalized_duplicate). Duplicate/overlap also found in quote_candidates_priority.csv row 980 (same_item_page_source_page_cap).,Selected from chekhov_on_directing_footnote_targets_raw.csv row 158 with score 117 and extraction_quality_proxy 0.883; primary Chekhov transcription; accepted after exact/overlap/page/item dedupe and diversity caps.,OCR/text-layer extraction candidate copied exactly from CSV field candidate_text_from_extraction_not_final; do not quote publicly until visually verified and cleared.,"Render/inspect the cited PDF page, visually transcribe exact wording, then Dawson/Lisa exact wording, attribution, and rights clearance."
MCT-UWINDSOR-365-078,78,directing_academic_footnote,actor_struggle;body;center;common_actor_struggles_quote_bucket_raw.csv;daily_inspiration;directing_academic_footnote;end;first;gesture;method_terms;psychological gesture;qualities;quality;quote_candidates_priority.csv;soul;whole;will,"It must be something definite, and first of All it must be filled with certain qualities. will you please do this gesture: From the center of our chest we are going to move our whole being = we move our arms, our heads, but streams are zoing through our legs as well. ‘Will you open your whole being by doing this psychological gesture.",csv_extraction_text,true,chekhov_on_directing_footnote_targets_raw.csv,163,9fd53bb99895b52a,811,8504,"January 27, 1938","January 27, 1938",primary_chekhov_transcription: by Michael Chekhov; transcribed by Deirdre Hurst du Prey,"lesson/transcription/UWindsor attribution approved by Dawson, exact source context still required",https://collections.uwindsor.ca/chekhov/item/811,https://collections.uwindsor.ca/files/original/077111dcf82faca563a3b41cf1a8182bac430d93.pdf,pdf_cache/item_811_january-27-1938.pdf,extracted_text_all/item_811_january-27-1938.txt,2,"‘This means, that if we are going to do a certain gesture, ""I am going to open ny whole body, my whole being,"" I must ask myself what qualities I want to incorporate 7 this gesture, because the sesture itself can mean nothing orit can mean too much, which is also nothing.",Now do it with the quality of caution.,center;first;gesture;psychological gesture;qualities;whole;will,actor_struggle;daily_inspiration;directing_academic_footnote;method_terms,0.880,117,Tier 1 model-curated internal candidate,needs_visual_verification_against_pdf_page,,internal_candidate_only__not_publicly_cleared,internal Dawson/Lisa research only; UWindsor/archive and exact-use rights review required before any public/app use,DG-9fd53bb99895b52a,Duplicate/overlap also found in common_actor_struggles_quote_bucket_raw.csv row 111 (exact_normalized_duplicate). Duplicate/overlap also found in quote_candidates_priority.csv row 177 (exact_normalized_duplicate). Duplicate/overlap also found in quote_candidates_priority.csv row 296 (substring_or_overlap_duplicate). Duplicate/overlap also found in quote_candidates_priority.csv row 661 (same_item_page_source_page_cap). Duplicate/overlap also found in quote_candidates_priority.csv row 475 (same_item_page_source_page_cap).,Selected from chekhov_on_directing_footnote_targets_raw.csv row 163 with score 117 and extraction_quality_proxy 0.880; primary Chekhov transcription; accepted after exact/overlap/page/item dedupe and diversity caps.,OCR/text-layer extraction candidate copied exactly from CSV field candidate_text_from_extraction_not_final; do not quote publicly until visually verified and cleared.,"Render/inspect the cited PDF page, visually transcribe exact wording, then Dawson/Lisa exact wording, attribution, and rights clearance."
MCT-UWINDSOR-365-079,79,directing_academic_footnote,actor_struggle;body;common_actor_struggles_quote_bucket_raw.csv;daily_inspiration;directing_academic_footnote;first;gesture;method_terms;psychological gesture;quote_candidates_priority.csv;whole,"If our psychology. in spite of this division in three parts, is one. and if our 1306an spite of three ports:7 is one which is permeated with the first whole thing. then we have to draw the following conclusion: The psychological gesture must be produced by the means oi our whole body, and never by the means of one of the parts of our body.",csv_extraction_text,true,chekhov_on_directing_footnote_targets_raw.csv,162,eed79eb13f256d63,807,1397,"January 24, 1938","January 24, 1938",primary_chekhov_transcription: by Michael Chekhov; transcribed by Deirdre Hurst du Prey,"lesson/transcription/UWindsor attribution approved by Dawson, exact source context still required",https://collections.uwindsor.ca/chekhov/item/807,https://collections.uwindsor.ca/files/original/acb08d61243890cf2049c2071852e4a4fe26e088.pdf,pdf_cache/item_807_january-24-1938.pdf,extracted_text_all/item_807_january-24-1938.txt,3,That means that our whole body is permeated with our thoughts or imgination from the head down; our whole body is permeated with the feeling from the heart down: and our whole body is permeated with the impulse streaming from below up.,Z‘Ie have to create our psychological gestures with our full and whole being.,body;first;gesture;psychological gesture;whole,actor_struggle;daily_inspiration;directing_academic_footnote;method_terms,0.887,117,Tier 1 model-curated internal candidate,needs_visual_verification_against_pdf_page,,internal_candidate_only__not_publicly_cleared,internal Dawson/Lisa research only; UWindsor/archive and exact-use rights review required before any public/app use,DG-eed79eb13f256d63,Duplicate/overlap also found in common_actor_struggles_quote_bucket_raw.csv row 110 (exact_normalized_duplicate). Duplicate/overlap also found in quote_candidates_priority.csv row 176 (exact_normalized_duplicate).,Selected from chekhov_on_directing_footnote_targets_raw.csv row 162 with score 117 and extraction_quality_proxy 0.887; primary Chekhov transcription; accepted after exact/overlap/page/item dedupe and diversity caps.,OCR/text-layer extraction candidate copied exactly from CSV field candidate_text_from_extraction_not_final; do not quote publicly until visually verified and cleared.,"Render/inspect the cited PDF page, visually transcribe exact wording, then Dawson/Lisa exact wording, attribution, and rights clearance."
MCT-UWINDSOR-365-080,80,directing_academic_footnote,ability;actor_struggle;concentration;daily_inspiration;directing_academic_footnote;first;method_terms;objective;quote_candidates_priority.csv;whole;will,The whole human being hne to be taken by this act of concentration and with all these invisible powers tend fo'rcee which we poeeeee. we have to make this grip. If we gill‘got thie ability and develop it. the ability to uee out whoie being for gripping an objective - whether it in n phy'eicel one or m imaginative one - than we will get the first idea of what it means to be concentrated on something.,csv_extraction_text,true,chekhov_on_directing_footnote_targets_raw.csv,120,b92d731e3e7d9040,1022,1654,"January 25, 1940","January 25, 1940",primary_chekhov_transcription: by Michael Chekhov; transcribed by Deirdre Hurst du Prey,"lesson/transcription/UWindsor attribution approved by Dawson, exact source context still required",https://collections.uwindsor.ca/chekhov/item/1022,https://collections.uwindsor.ca/files/original/b67edba36a7b8c1a480bb3b2e913326b7bdca3f3.pdf,pdf_cache/item_1022_january-25-1940.pdf,extracted_text_all/item_1022_january-25-1940.txt,2,"V homily. to 'bo cenccncrnted en eenethina does not mean to be eencentrn’ceri with one sense - it means to be eonconﬁrmed with an our ecnsee, aii em: abilities which the human being has. whether we lmew then or not.",It will be a miracle. and you will discover new things which you did not know existed: auch,ability;concentration;first;objective;whole;will,actor_struggle;daily_inspiration;directing_academic_footnote;method_terms,0.884,120,Tier 1 model-curated internal candidate,needs_visual_verification_against_pdf_page,,internal_candidate_only__not_publicly_cleared,internal Dawson/Lisa research only; UWindsor/archive and exact-use rights review required before any public/app use,DG-b92d731e3e7d9040,Duplicate/overlap also found in quote_candidates_priority.csv row 125 (exact_normalized_duplicate).,Selected from chekhov_on_directing_footnote_targets_raw.csv row 120 with score 120 and extraction_quality_proxy 0.884; primary Chekhov transcription; accepted after exact/overlap/page/item dedupe and diversity caps.,OCR/text-layer extraction candidate copied exactly from CSV field candidate_text_from_extraction_not_final; do not quote publicly until visually verified and cleared.,"Render/inspect the cited PDF page, visually transcribe exact wording, then Dawson/Lisa exact wording, attribution, and rights clearance."
MCT-UWINDSOR-365-081,81,directing_academic_footnote,actor_struggle;beginning;cannot;common_actor_struggles_quote_bucket_raw.csv;directing_academic_footnote;end;feeling;method_terms;quote_candidates_priority.csv;scene;style,Mthout thin kind of experiment I cannot tell you anything more a’onut H2. . _ In Karen'a interpretation of the Shrew; one showed curtain dovolupnont. but am: did not have the feeling of style. it damn not no in the text or tho mine on ocbno. but purely in the psychology or the actor. The scene is so short that the beginning and/Che end must' be very clear.,csv_extraction_text,true,chekhov_on_directing_footnote_targets_raw.csv,137,7ebc200228cd8f58,1019,1651,"December 15, 1939: Criticism of new students' scenes","December 15, 1939",primary_chekhov_transcription: by Michael Chekhov; transcribed by Deirdre Hurst du Prey,"lesson/transcription/UWindsor attribution approved by Dawson, exact source context still required",https://collections.uwindsor.ca/chekhov/item/1019,https://collections.uwindsor.ca/files/original/7b64812830e0404b980b70d35b99ad7a6d5a8d46.pdf,pdf_cache/item_1019_december-15-1939-criticism-of-new-students-scenes.pdf,extracted_text_all/item_1019_december-15-1939-criticism-of-new-students-scenes.txt,4,You nuot ﬁlm! than and develop ﬁhon otrongiy. and the means of expression must be strong and violent.,Hon-v \‘livou of ”indoor: Do’yna. was hotter because she tried tqé‘ﬂnd‘hor my into the scene in a very right way.,beginning;cannot;end;feeling;scene;style,actor_struggle;directing_academic_footnote;method_terms,0.876,118,Tier 1 model-curated internal candidate,needs_visual_verification_against_pdf_page,,internal_candidate_only__not_publicly_cleared,internal Dawson/Lisa research only; UWindsor/archive and exact-use rights review required before any public/app use,DG-7ebc200228cd8f58,Duplicate/overlap also found in common_actor_struggles_quote_bucket_raw.csv row 91 (exact_normalized_duplicate). Duplicate/overlap also found in quote_candidates_priority.csv row 144 (exact_normalized_duplicate).,Selected from chekhov_on_directing_footnote_targets_raw.csv row 137 with score 118 and extraction_quality_proxy 0.876; primary Chekhov transcription; accepted after exact/overlap/page/item dedupe and diversity caps.,OCR/text-layer extraction candidate copied exactly from CSV field candidate_text_from_extraction_not_final; do not quote publicly until visually verified and cleared. Contains visible OCR artifacts; visual verification required before quotation.,"Render/inspect the cited PDF page, visually transcribe exact wording, then Dawson/Lisa exact wording, attribution, and rights clearance."
MCT-UWINDSOR-365-082,82,directing_academic_footnote,actor_struggle;common_actor_struggles_quote_bucket_raw.csv;daily_inspiration;directing_academic_footnote;first;imitation;method_terms;play;quote_candidates_priority.csv;tempo;whole;will,Try to find where the first. second and third parts are in the play. and the transitions. and try to read the whole play from this point of View. The next task will be tempo.,csv_extraction_text,true,chekhov_on_directing_footnote_targets_raw.csv,100,f74354e73903d2b6,920,1545,"November 3, 1938: Rehearsal suggestions for Spanish Evening and The Possessed","November 3, 1938",primary_chekhov_transcription: by Michael Chekhov; transcribed by Deirdre Hurst du Prey,"lesson/transcription/UWindsor attribution approved by Dawson, exact source context still required",https://collections.uwindsor.ca/chekhov/item/920,https://collections.uwindsor.ca/files/original/281ab53a0aaf4c919730ce6cb77ba2f62fcb18bd.pdf,pdf_cache/item_920_november-3-1938-rehearsal-suggestions-for-spanish-evening-and-the-possessed.pdf,extracted_text_all/item_920_november-3-1938-rehearsal-suggestions-for-spanish-evening-and-the-possessed.txt,2,"Chekhov , iiovombor 3, 1938 imitation of those evil thingo.","Sgoning Evoninm Sugestions to Mary La: Before no can accept any of those form: or elaborate one which will include them allwhon you meet him and than you turn away, thin in a short «my to got tho right thing.",first;play;tempo;whole;will,actor_struggle;daily_inspiration;directing_academic_footnote;method_terms,0.886,122,Tier 1 model-curated internal candidate,needs_visual_verification_against_pdf_page,,internal_candidate_only__not_publicly_cleared,internal Dawson/Lisa research only; UWindsor/archive and exact-use rights review required before any public/app use,DG-f74354e73903d2b6,Duplicate/overlap also found in common_actor_struggles_quote_bucket_raw.csv row 65 (exact_normalized_duplicate). Duplicate/overlap also found in quote_candidates_priority.csv row 102 (exact_normalized_duplicate). Duplicate/overlap also found in quote_candidates_priority.csv row 515 (same_item_page_source_page_cap).,Selected from chekhov_on_directing_footnote_targets_raw.csv row 100 with score 122 and extraction_quality_proxy 0.886; primary Chekhov transcription; accepted after exact/overlap/page/item dedupe and diversity caps.,OCR/text-layer extraction candidate copied exactly from CSV field candidate_text_from_extraction_not_final; do not quote publicly until visually verified and cleared.,"Render/inspect the cited PDF page, visually transcribe exact wording, then Dawson/Lisa exact wording, attribution, and rights clearance."
MCT-UWINDSOR-365-083,83,directing_academic_footnote,actor_struggle;atmosphere;audience;chekhov_on_directing_footnote_targets_raw.csv;common_actor_struggles_quote_bucket_raw.csv;daily_inspiration;directing_academic_footnote;feeling;first;love;method_terms;quote_candidates_priority.csv;radiation;will,"Then I will be giving out in the finest may — which we call radiation: and by being able to radiate more and more, I cons to the highest ideal of sacrifice. €xercise for radiation: You must radiate an atmosphere - take it as a new exercise with the feeling of doing itfcr the first time. then you will get much from it - an atmosphere of expectation.",csv_extraction_text,true,chekhov_on_directing_footnote_targets_raw.csv,153,d607a31c2891693e,800,1379,"December 16, 1937","December 16, 1937",primary_chekhov_transcription: by Michael Chekhov; transcribed by Deirdre Hurst du Prey,"lesson/transcription/UWindsor attribution approved by Dawson, exact source context still required",https://collections.uwindsor.ca/chekhov/item/800,https://collections.uwindsor.ca/files/original/bdb91627f7bbca3330f0fb6ed3bf15e8d0b4e3e7.pdf,pdf_cache/item_800_december-16-1937.pdf,extracted_text_all/item_800_december-16-1937.txt,9,I mq§t love my audience. my part. and everything which is in connection with it.,Try to radiate the atmOSphere of expectation of” something very gorgeous.,atmosphere;feeling;first;radiation;will,actor_struggle;daily_inspiration;directing_academic_footnote;method_terms,0.888,117,Tier 1 model-curated internal candidate,needs_visual_verification_against_pdf_page,,internal_candidate_only__not_publicly_cleared,internal Dawson/Lisa research only; UWindsor/archive and exact-use rights review required before any public/app use,DG-d607a31c2891693e,Duplicate/overlap also found in chekhov_on_directing_footnote_targets_raw.csv row 138 (substring_or_overlap_duplicate). Duplicate/overlap also found in common_actor_struggles_quote_bucket_raw.csv row 99 (exact_normalized_duplicate). Duplicate/overlap also found in quote_candidates_priority.csv row 164 (exact_normalized_duplicate). Duplicate/overlap also found in quote_candidates_priority.csv row 145 (substring_or_overlap_duplicate).,Selected from chekhov_on_directing_footnote_targets_raw.csv row 153 with score 117 and extraction_quality_proxy 0.888; primary Chekhov transcription; accepted after exact/overlap/page/item dedupe and diversity caps.,OCR/text-layer extraction candidate copied exactly from CSV field candidate_text_from_extraction_not_final; do not quote publicly until visually verified and cleared.,"Render/inspect the cited PDF page, visually transcribe exact wording, then Dawson/Lisa exact wording, attribution, and rights clearance."
MCT-UWINDSOR-365-084,84,directing_academic_footnote,ability;actor_struggle;beginning;common_actor_struggles_quote_bucket_raw.csv;creative;daily_inspiration;directing_academic_footnote;end;method_terms;quality;quote_candidates_priority.csv;scene;whole,‘ h This creative quality in Vorkhovenski goes through the whole ploy. lrhis charm of madness stays with him always '— as in the end of the meeting scene. He can call it his croative ability - ho is possessed.,csv_extraction_text,true,chekhov_on_directing_footnote_targets_raw.csv,131,fcbe8bb45334d3e6,1008,1640,"October 2, 1939","October 2, 1939",primary_chekhov_transcription: by Michael Chekhov; transcribed by Deirdre Hurst du Prey,"lesson/transcription/UWindsor attribution approved by Dawson, exact source context still required",https://collections.uwindsor.ca/chekhov/item/1008,https://collections.uwindsor.ca/files/original/8c6e03dd3459204492c5683c3bd58651a09a73a9.pdf,pdf_cache/item_1008_october-2-1939.pdf,extracted_text_all/item_1008_october-2-1939.txt,3,Kin objeeéive is to create on ideal from the vory beginning.,When he is simple. sober.,ability;creative;end;quality;scene;whole,actor_struggle;daily_inspiration;directing_academic_footnote;method_terms,0.886,120,Tier 1 model-curated internal candidate,needs_visual_verification_against_pdf_page,,internal_candidate_only__not_publicly_cleared,internal Dawson/Lisa research only; UWindsor/archive and exact-use rights review required before any public/app use,DG-fcbe8bb45334d3e6,Duplicate/overlap also found in common_actor_struggles_quote_bucket_raw.csv row 86 (exact_normalized_duplicate). Duplicate/overlap also found in quote_candidates_priority.csv row 137 (exact_normalized_duplicate). Duplicate/overlap also found in quote_candidates_priority.csv row 346 (same_item_page_source_page_cap).,Selected from chekhov_on_directing_footnote_targets_raw.csv row 131 with score 120 and extraction_quality_proxy 0.886; primary Chekhov transcription; accepted after exact/overlap/page/item dedupe and diversity caps.,OCR/text-layer extraction candidate copied exactly from CSV field candidate_text_from_extraction_not_final; do not quote publicly until visually verified and cleared.,"Render/inspect the cited PDF page, visually transcribe exact wording, then Dawson/Lisa exact wording, attribution, and rights clearance."
MCT-UWINDSOR-365-085,85,directing_academic_footnote,actor_struggle;beginning;daily_inspiration;desire;directing_academic_footnote;method_terms;moment;moments;objective;quote_candidates_priority.csv;whole;will,"It means that the will rises and fills the whole being with a certain desire. This desire is led by a certain picture, which is the anticipation of the fulfillment of the objective — as a last moment or a series of moments; it depends on the actor or the nature of the objective; This describes the objective in general, but we know that in exercising the objective from the very beginning, we speak of it as ""I want"" or ""I wish"" - bx the condition €§i§3. what does this mean?",csv_extraction_text,true,chekhov_on_directing_footnote_targets_raw.csv,69,0880f7cdbf64daab,797,1376,"December 11, 1937","December 11, 1937",primary_chekhov_transcription: by Michael Chekhov; transcribed by Deirdre Hurst du Prey,"lesson/transcription/UWindsor attribution approved by Dawson, exact source context still required",https://collections.uwindsor.ca/chekhov/item/797,https://collections.uwindsor.ca/files/original/b07d7e67c15afa42f355e3bcb11d3475d79bb80a.pdf,pdf_cache/item_797_december-11-1937.pdf,extracted_text_all/item_797_december-11-1937.txt,1,OBJECTIVE WITH CONDITIONS: What does the objective really mean for an actor?,This is the main point.,beginning;desire;moment;moments;objective;whole;will,actor_struggle;daily_inspiration;directing_academic_footnote;method_terms,0.888,123,Tier 1 model-curated internal candidate,needs_visual_verification_against_pdf_page,,internal_candidate_only__not_publicly_cleared,internal Dawson/Lisa research only; UWindsor/archive and exact-use rights review required before any public/app use,DG-0880f7cdbf64daab,Duplicate/overlap also found in quote_candidates_priority.csv row 70 (exact_normalized_duplicate).,Selected from chekhov_on_directing_footnote_targets_raw.csv row 69 with score 123 and extraction_quality_proxy 0.888; primary Chekhov transcription; accepted after exact/overlap/page/item dedupe and diversity caps.,OCR/text-layer extraction candidate copied exactly from CSV field candidate_text_from_extraction_not_final; do not quote publicly until visually verified and cleared.,"Render/inspect the cited PDF page, visually transcribe exact wording, then Dawson/Lisa exact wording, attribution, and rights clearance."
MCT-UWINDSOR-365-086,86,directing_academic_footnote,action;actor_struggle;atmosphere;beginning;common_actor_struggles_quote_bucket_raw.csv;creative;daily_inspiration;directing_academic_footnote;director;free;imagination;method_terms;objective;quote_candidates_priority.csv;will,If they are vague at the beginning. they will lose heart very soon. (Directog'e exoroinnn) Create the atmosphere through your imagination. You have been given an action and with these conditions you must explore the possibilities of what you have been given.,csv_extraction_text,true,chekhov_on_directing_footnote_targets_raw.csv,156,427f26a8bda232bf,664,1223,"February 4, 1937","February 4, 1937",primary_chekhov_transcription: by Michael Chekhov; transcribed by Deirdre Hurst du Prey,"lesson/transcription/UWindsor attribution approved by Dawson, exact source context still required",https://collections.uwindsor.ca/chekhov/item/664,https://collections.uwindsor.ca/files/original/d4bdb6c4bbe89264fb2204c26611ce086fa2d405.pdf,pdf_cache/item_664_february-4-1937.pdf,extracted_text_all/item_664_february-4-1937.txt,3,"The reason we are BO pedantic is that the clearer yon give the starting point to your actors, the more creative they will become.",Cgiticign: uhat was the action?,action;atmosphere;beginning;imagination;will,actor_struggle;daily_inspiration;directing_academic_footnote;method_terms,0.894,117,Tier 1 model-curated internal candidate,needs_visual_verification_against_pdf_page,,internal_candidate_only__not_publicly_cleared,internal Dawson/Lisa research only; UWindsor/archive and exact-use rights review required before any public/app use,DG-427f26a8bda232bf,Duplicate/overlap also found in common_actor_struggles_quote_bucket_raw.csv row 149 (same_item_page_source_page_cap). Duplicate/overlap also found in common_actor_struggles_quote_bucket_raw.csv row 103 (exact_normalized_duplicate). Duplicate/overlap also found in quote_candidates_priority.csv row 238 (same_item_page_source_page_cap). Duplicate/overlap also found in quote_candidates_priority.csv row 168 (exact_normalized_duplicate). Duplicate/overlap also found in quote_candidates_priority.csv row 465 (same_item_page_source_page_cap).,Selected from chekhov_on_directing_footnote_targets_raw.csv row 156 with score 117 and extraction_quality_proxy 0.894; primary Chekhov transcription; accepted after exact/overlap/page/item dedupe and diversity caps.,OCR/text-layer extraction candidate copied exactly from CSV field candidate_text_from_extraction_not_final; do not quote publicly until visually verified and cleared.,"Render/inspect the cited PDF page, visually transcribe exact wording, then Dawson/Lisa exact wording, attribution, and rights clearance."
MCT-UWINDSOR-365-087,87,directing_academic_footnote,actor_struggle;common_actor_struggles_quote_bucket_raw.csv;daily_inspiration;directing_academic_footnote;end;free;imagination;method_terms;play;quote_candidates_priority.csv;scene;speech;style,"Chekhov , Larch 10, 1938 bodies free. \ How. try to imagine in the style of tho play;imagination and style in the speech - this is the main idea today. At the end of the scene when Nicholas is sitting speaking with the invisible Spy — this invisible gentleman in spectacles - about ""usual and unusual"" people. imagine in the style of the play. how he speaks.",csv_extraction_text,true,chekhov_on_directing_footnote_targets_raw.csv,167,5f15cd52c0f7fce4,849,1456,"March 10, 1938","March 10, 1938",primary_chekhov_transcription: by Michael Chekhov; transcribed by Deirdre Hurst du Prey,"lesson/transcription/UWindsor attribution approved by Dawson, exact source context still required",https://collections.uwindsor.ca/chekhov/item/849,https://collections.uwindsor.ca/files/original/98b2cb2d05d0a8ad946766804bc27893b9ec4ca4.pdf,pdf_cache/item_849_march-10-1938.pdf,extracted_text_all/item_849_march-10-1938.txt,5,h.,After this long torture and psychological fight with this image he is extremely exhausted and falls asleep sitting on the chair.,end;free;imagination;play;scene;speech;style,actor_struggle;daily_inspiration;directing_academic_footnote;method_terms,0.885,117,Tier 1 model-curated internal candidate,needs_visual_verification_against_pdf_page,,internal_candidate_only__not_publicly_cleared,internal Dawson/Lisa research only; UWindsor/archive and exact-use rights review required before any public/app use,DG-5f15cd52c0f7fce4,Duplicate/overlap also found in common_actor_struggles_quote_bucket_raw.csv row 115 (exact_normalized_duplicate). Duplicate/overlap also found in quote_candidates_priority.csv row 181 (exact_normalized_duplicate).,Selected from chekhov_on_directing_footnote_targets_raw.csv row 167 with score 117 and extraction_quality_proxy 0.885; primary Chekhov transcription; accepted after exact/overlap/page/item dedupe and diversity caps.,OCR/text-layer extraction candidate copied exactly from CSV field candidate_text_from_extraction_not_final; do not quote publicly until visually verified and cleared. Contains visible OCR artifacts; visual verification required before quotation.,"Render/inspect the cited PDF page, visually transcribe exact wording, then Dawson/Lisa exact wording, attribution, and rights clearance."
MCT-UWINDSOR-365-088,88,directing_academic_footnote,actor_struggle;analyse;body;common_actor_struggles_quote_bucket_raw.csv;daily_inspiration;desire;directing_academic_footnote;living;method_terms;objective;quote_candidates_priority.csv;whole;will,"810 have to understand the objective with our whole beingthis in the trick we must show them devllo. . If you will analyse it, you will find that it in not peoeible to have a. real desire only in your head - you will find that your desired and objectivoo are living in your arms and hendea Ln younlogo. and in your cheat and back; in your neck and. ever-where.",csv_extraction_text,true,chekhov_on_directing_footnote_targets_raw.csv,160,ccd022de8d801f1a,937,1562,"February 9, 1939","February 9, 1939",primary_chekhov_transcription: by Michael Chekhov; transcribed by Deirdre Hurst du Prey,"lesson/transcription/UWindsor attribution approved by Dawson, exact source context still required",https://collections.uwindsor.ca/chekhov/item/937,https://collections.uwindsor.ca/files/original/08478b34e7e55de40f24988fa6932ec50c0ac422.pdf,pdf_cache/item_937_february-9-1939.pdf,extracted_text_all/item_937_february-9-1939.txt,5,What does thie mean?,"V We can \mderotond the objective beeause these devile have given us the power of mdcmtonding, but we can aloe pour this understanding into our whole body. definitely into our body. just on the old actor had it in hie body.",analyse;desire;living;objective;whole;will,actor_struggle;daily_inspiration;directing_academic_footnote;method_terms,0.882,117,Tier 1 model-curated internal candidate,needs_visual_verification_against_pdf_page,,internal_candidate_only__not_publicly_cleared,internal Dawson/Lisa research only; UWindsor/archive and exact-use rights review required before any public/app use,DG-ccd022de8d801f1a,Duplicate/overlap also found in common_actor_struggles_quote_bucket_raw.csv row 107 (exact_normalized_duplicate). Duplicate/overlap also found in quote_candidates_priority.csv row 173 (exact_normalized_duplicate). Duplicate/overlap also found in quote_candidates_priority.csv row 382 (same_item_page_source_page_cap).,Selected from chekhov_on_directing_footnote_targets_raw.csv row 160 with score 117 and extraction_quality_proxy 0.882; primary Chekhov transcription; accepted after exact/overlap/page/item dedupe and diversity caps.,OCR/text-layer extraction candidate copied exactly from CSV field candidate_text_from_extraction_not_final; do not quote publicly until visually verified and cleared.,"Render/inspect the cited PDF page, visually transcribe exact wording, then Dawson/Lisa exact wording, attribution, and rights clearance."
MCT-UWINDSOR-365-089,89,directing_academic_footnote,actor_struggle;atmosphere;beginning;chekhov_on_directing_footnote_targets_raw.csv;cold;common_actor_struggles_quote_bucket_raw.csv;daily_inspiration;directing_academic_footnote;method_terms;play;quote_candidates_priority.csv;voice,"Imagine that you are lying at the foot of the mountain at the beginning of the play — you have been lying there for hundreds of years. Atmospheres : 1stAtmosphere: Starting with the atmosphere at the beginning of the play — the dirty blue—green light, the cold, stone~like people lying asleep for centuries in an atmosphere of endless soerrow.",csv_extraction_text,true,chekhov_on_directing_footnote_targets_raw.csv,194,d8e5fccc002d044e,622,1178,"November 13, 1936","November 13, 1936",primary_chekhov_transcription: by Michael Chekhov; transcribed by Deirdre Hurst du Prey,"lesson/transcription/UWindsor attribution approved by Dawson, exact source context still required",https://collections.uwindsor.ca/chekhov/item/622,https://collections.uwindsor.ca/files/original/faaa5309160377459c28d36f29c6abce28dfe2eb.pdf,pdf_cache/item_622_november-13-1936.pdf,extracted_text_all/item_622_november-13-1936.txt,3,We might almost say that we do the height of the mountain in this play.,"They begin to stir at the sgsound of the Guard‘s voice, they move 2 little and are still again. gngdgj.ggﬁagggp The appearance of the Copper Rider on the mountainside.",atmosphere;beginning;cold;play,actor_struggle;daily_inspiration;directing_academic_footnote;method_terms,0.886,116,Tier 1 model-curated internal candidate,needs_visual_verification_against_pdf_page,,internal_candidate_only__not_publicly_cleared,internal Dawson/Lisa research only; UWindsor/archive and exact-use rights review required before any public/app use,DG-d8e5fccc002d044e,Duplicate/overlap also found in chekhov_on_directing_footnote_targets_raw.csv row 193 (same_item_page_source_page_cap). Duplicate/overlap also found in common_actor_struggles_quote_bucket_raw.csv row 137 (exact_normalized_duplicate). Duplicate/overlap also found in common_actor_struggles_quote_bucket_raw.csv row 136 (same_item_page_source_page_cap). Duplicate/overlap also found in quote_candidates_priority.csv row 213 (exact_normalized_duplicate). Duplicate/overlap also found in quote_candidates_priority.csv row 212 (same_item_page_source_page_cap). Duplicate/overlap also found in quote_candidates_priority.csv row 312 (same_item_page_source_page_cap).,Selected from chekhov_on_directing_footnote_targets_raw.csv row 194 with score 116 and extraction_quality_proxy 0.886; primary Chekhov transcription; accepted after exact/overlap/page/item dedupe and diversity caps.,OCR/text-layer extraction candidate copied exactly from CSV field candidate_text_from_extraction_not_final; do not quote publicly until visually verified and cleared.,"Render/inspect the cited PDF page, visually transcribe exact wording, then Dawson/Lisa exact wording, attribution, and rights clearance."
MCT-UWINDSOR-365-090,90,directing_academic_footnote,actor_struggle;body;characterization;daily_inspiration;directing_academic_footnote;first;imagination;life;method_terms;quote_candidates_priority.csv;scene;speech;tempo;will,"Bo pedontic about it at first. then it will come as a netuml thing — Hg; and 3113. _ What does this menu? Before you start to imagine your scene, you have to ask, ""what aml going to seen my imagination?"" You must as}: yourself what you are [going to see for your characterization - his body, or his inner life or certain movements or speech, how the scene develops. what the tempo oi‘ tho scene can suggost - if the tempo is slow. it is one psychological picture and if it is quick. it is quite anothor.",csv_extraction_text,true,chekhov_on_directing_footnote_targets_raw.csv,62,79e7640f4224b4b0,933,1558,"January 30, 1939","January 30, 1939",primary_chekhov_transcription: by Michael Chekhov; transcribed by Deirdre Hurst du Prey,"lesson/transcription/UWindsor attribution approved by Dawson, exact source context still required",https://collections.uwindsor.ca/chekhov/item/933,https://collections.uwindsor.ca/files/original/1b5d395dcacc5b94e22c42d9b4048a2847e0b734.pdf,pdf_cache/item_933_january-30-1939.pdf,extracted_text_all/item_933_january-30-1939.txt,2,"The will power is the first effort you must make, and the will must have an aim.",The tempo gives an obsolutely different life.,body;characterization;first;imagination;life;scene;speech;tempo;will,actor_struggle;daily_inspiration;directing_academic_footnote;method_terms,0.884,124,Tier 1 model-curated internal candidate,needs_visual_verification_against_pdf_page,,internal_candidate_only__not_publicly_cleared,internal Dawson/Lisa research only; UWindsor/archive and exact-use rights review required before any public/app use,DG-79e7640f4224b4b0,Duplicate/overlap also found in quote_candidates_priority.csv row 63 (exact_normalized_duplicate). Duplicate/overlap also found in quote_candidates_priority.csv row 561 (substring_or_overlap_duplicate).,Selected from chekhov_on_directing_footnote_targets_raw.csv row 62 with score 124 and extraction_quality_proxy 0.884; primary Chekhov transcription; accepted after exact/overlap/page/item dedupe and diversity caps.,OCR/text-layer extraction candidate copied exactly from CSV field candidate_text_from_extraction_not_final; do not quote publicly until visually verified and cleared. Contains visible OCR artifacts; visual verification required before quotation.,"Render/inspect the cited PDF page, visually transcribe exact wording, then Dawson/Lisa exact wording, attribution, and rights clearance."
MCT-UWINDSOR-365-091,91,directing_academic_footnote,actor_struggle;atmosphere;common_actor_struggles_quote_bucket_raw.csv;daily_inspiration;directing_academic_footnote;director;director's;first;imagination;method_terms;psychological gesture;quote_candidates_priority.csv;will,"After the first and second ahowingo tho sketches will be much clearer and nearer to the director's ideal. The director may show psychological gestures. actions, imagination. atmosphere, etc.",csv_extraction_text,true,chekhov_on_directing_footnote_targets_raw.csv,117,e3e5551e3ae5bf7b,672,1231,"February 25, 1937: Performance of Sketches","February 25, 1937",primary_chekhov_transcription: by Michael Chekhov; transcribed by Deirdre Hurst du Prey,"lesson/transcription/UWindsor attribution approved by Dawson, exact source context still required",https://collections.uwindsor.ca/chekhov/item/672,https://collections.uwindsor.ca/files/original/30a40bb2b6f3d5ba98b7ded44367c274f563a654.pdf,pdf_cache/item_672_february-25-1937-performance-of-sketches.pdf,extracted_text_all/item_672_february-25-1937-performance-of-sketches.txt,1,"It may be very dreadful, but the effort is absolutely noooooary.",All are possible. but tho director must know clearly what he is doing and why.,atmosphere;director;director's;first;imagination;psychological gesture;will,actor_struggle;daily_inspiration;directing_academic_footnote;method_terms,0.885,120,Tier 1 model-curated internal candidate,needs_visual_verification_against_pdf_page,,internal_candidate_only__not_publicly_cleared,internal Dawson/Lisa research only; UWindsor/archive and exact-use rights review required before any public/app use,DG-e3e5551e3ae5bf7b,Duplicate/overlap also found in common_actor_struggles_quote_bucket_raw.csv row 72 (exact_normalized_duplicate). Duplicate/overlap also found in quote_candidates_priority.csv row 122 (exact_normalized_duplicate).,Selected from chekhov_on_directing_footnote_targets_raw.csv row 117 with score 120 and extraction_quality_proxy 0.885; primary Chekhov transcription; accepted after exact/overlap/page/item dedupe and diversity caps.,OCR/text-layer extraction candidate copied exactly from CSV field candidate_text_from_extraction_not_final; do not quote publicly until visually verified and cleared. Contains visible OCR artifacts; visual verification required before quotation.,"Render/inspect the cited PDF page, visually transcribe exact wording, then Dawson/Lisa exact wording, attribution, and rights clearance."
MCT-UWINDSOR-365-092,92,method_terms,actor_struggle;atmosphere;common_actor_struggles_quote_bucket_raw.csv;daily_inspiration;directing_academic_footnote;first;method_terms;play;quote_candidates_priority.csv;will,"They offend them, but having twinges of conscience they find peace among themselves. on the basis of atmogheres - first an atmosphere of depression and than one of quarroling. It is not tragedy or even drama - it is simply a. play between comedy and drama. but it will be interesting to develop the atmospheres. when the ( theme is an insigxificant one.",csv_extraction_text,true,chekhov_on_directing_footnote_targets_raw.csv,198,5725f80dd5e02037,773,1352,"October 29, 1937","October 29, 1937",primary_chekhov_transcription: by Michael Chekhov; transcribed by Deirdre Hurst du Prey,"lesson/transcription/UWindsor attribution approved by Dawson, exact source context still required",https://collections.uwindsor.ca/chekhov/item/773,https://collections.uwindsor.ca/files/original/e26be0889f0520195b3b425a1c0f4cdd1d7ca4cf.pdf,pdf_cache/item_773_october-29-1937.pdf,extracted_text_all/item_773_october-29-1937.txt,9,When the visitors enter the room the 1 people suppress their anger. but in time they begin to quarrel with the other family.,No separate context_after field supplied by source extraction; inspect cited page/text_path for surrounding context.,atmosphere;first;play;will,actor_struggle;daily_inspiration;directing_academic_footnote;method_terms,0.880,116,Tier 1 model-curated internal candidate,needs_visual_verification_against_pdf_page,,internal_candidate_only__not_publicly_cleared,internal Dawson/Lisa research only; UWindsor/archive and exact-use rights review required before any public/app use,DG-5725f80dd5e02037,Duplicate/overlap also found in common_actor_struggles_quote_bucket_raw.csv row 139 (exact_normalized_duplicate). Duplicate/overlap also found in quote_candidates_priority.csv row 217 (exact_normalized_duplicate).,Selected from chekhov_on_directing_footnote_targets_raw.csv row 198 with score 116 and extraction_quality_proxy 0.880; primary Chekhov transcription; accepted after exact/overlap/page/item dedupe and diversity caps.,OCR/text-layer extraction candidate copied exactly from CSV field candidate_text_from_extraction_not_final; do not quote publicly until visually verified and cleared.,"Render/inspect the cited PDF page, visually transcribe exact wording, then Dawson/Lisa exact wording, attribution, and rights clearance."
MCT-UWINDSOR-365-093,93,directing_academic_footnote,actor_struggle;attention;beginning;common_actor_struggles_quote_bucket_raw.csv;daily_inspiration;directing_academic_footnote;end;group;individuality;method_terms;quote_candidates_priority.csv,"The theme is very simple — in the beginning we are enemies. and in the end we are friends. Pay attention to this ""individuality in the group!",csv_extraction_text,true,chekhov_on_directing_footnote_targets_raw.csv,97,d20454f35694e7c0,861,1468,"March 18, 1938","March 18, 1938",primary_chekhov_transcription: by Michael Chekhov; transcribed by Deirdre Hurst du Prey,"lesson/transcription/UWindsor attribution approved by Dawson, exact source context still required",https://collections.uwindsor.ca/chekhov/item/861,https://collections.uwindsor.ca/files/original/ae6438dc92b7fc7632d282f7ad2688a8607e4936.pdf,pdf_cache/item_861_march-18-1938.pdf,extracted_text_all/item_861_march-18-1938.txt,2,"“ Chekhov sarch 18, 1938 To be friendly - concentric — to be friendly - ec- \ centric.",Th5 must.,attention;beginning;end;group;individuality,actor_struggle;daily_inspiration;directing_academic_footnote;method_terms,0.887,122,Tier 1 model-curated internal candidate,needs_visual_verification_against_pdf_page,,internal_candidate_only__not_publicly_cleared,internal Dawson/Lisa research only; UWindsor/archive and exact-use rights review required before any public/app use,DG-d20454f35694e7c0,Duplicate/overlap also found in common_actor_struggles_quote_bucket_raw.csv row 62 (exact_normalized_duplicate). Duplicate/overlap also found in quote_candidates_priority.csv row 99 (exact_normalized_duplicate).,Selected from chekhov_on_directing_footnote_targets_raw.csv row 97 with score 122 and extraction_quality_proxy 0.887; primary Chekhov transcription; accepted after exact/overlap/page/item dedupe and diversity caps.,OCR/text-layer extraction candidate copied exactly from CSV field candidate_text_from_extraction_not_final; do not quote publicly until visually verified and cleared.,"Render/inspect the cited PDF page, visually transcribe exact wording, then Dawson/Lisa exact wording, attribution, and rights clearance."
MCT-UWINDSOR-365-094,94,method_terms,actor_struggle;cannot;concentrate;daily_inspiration;directing_academic_footnote;first;gesture;love;method_terms;qualities;quality;quote_candidates_priority.csv;soul,"It is a miracle for uSe We cannot command ourselves to be full of love, or full of hatred, but we can always do the gesture. ‘This isin our power, and when we are masters we are able to feel this small secret, which is really a big secret, and if we are able to do a gesture and to fill it, then we are able to command our soul to get the quality of caution, First of all, it is possible by doing tho gesture to fill it with certain qualities.",csv_extraction_text,true,chekhov_on_directing_footnote_targets_raw.csv,108,6e6b4a863e58648e,811,8504,"January 27, 1938","January 27, 1938",primary_chekhov_transcription: by Michael Chekhov; transcribed by Deirdre Hurst du Prey,"lesson/transcription/UWindsor attribution approved by Dawson, exact source context still required",https://collections.uwindsor.ca/chekhov/item/811,https://collections.uwindsor.ca/files/original/077111dcf82faca563a3b41cf1a8182bac430d93.pdf,pdf_cache/item_811_january-27-1938.pdf,extracted_text_all/item_811_january-27-1938.txt,3,We know what we want but we cannot get it.,"Do it several times and concentrate. (You have to repeat scales many,many times on the piano).",cannot;first;gesture;love;qualities;quality;soul,actor_struggle;daily_inspiration;directing_academic_footnote;method_terms,0.864,121,Tier 1 model-curated internal candidate,needs_visual_verification_against_pdf_page,,internal_candidate_only__not_publicly_cleared,internal Dawson/Lisa research only; UWindsor/archive and exact-use rights review required before any public/app use,DG-6e6b4a863e58648e,Duplicate/overlap also found in quote_candidates_priority.csv row 110 (exact_normalized_duplicate). Duplicate/overlap also found in quote_candidates_priority.csv row 663 (same_item_page_source_page_cap).,Selected from chekhov_on_directing_footnote_targets_raw.csv row 108 with score 121 and extraction_quality_proxy 0.864; primary Chekhov transcription; accepted after exact/overlap/page/item dedupe and diversity caps.,OCR/text-layer extraction candidate copied exactly from CSV field candidate_text_from_extraction_not_final; do not quote publicly until visually verified and cleared. Contains visible OCR artifacts; visual verification required before quotation.,"Render/inspect the cited PDF page, visually transcribe exact wording, then Dawson/Lisa exact wording, attribution, and rights clearance."
MCT-UWINDSOR-365-095,95,directing_academic_footnote,actor_struggle;common_actor_struggles_quote_bucket_raw.csv;daily_inspiration;dead;directing_academic_footnote;feeling;form;imagination;life;method_terms;objective;quote_candidates_priority.csv;whole;will,"If it seems to he sometimes only outer shape and form, it does not matter. it will be filled later. But we must not forget that there are real means to keep the inner life: objective. imagination. feeling of the whole.",csv_extraction_text,true,chekhov_on_directing_footnote_targets_raw.csv,140,0917c16b7f8cc504,832,1439,"February 21, 1938","February 21, 1938",primary_chekhov_transcription: by Michael Chekhov; transcribed by Deirdre Hurst du Prey,"lesson/transcription/UWindsor attribution approved by Dawson, exact source context still required",https://collections.uwindsor.ca/chekhov/item/832,https://collections.uwindsor.ca/files/original/4b8060d6e50e827af242313313bd4d6ad707c832.pdf,pdf_cache/item_832_february-21-1938.pdf,extracted_text_all/item_832_february-21-1938.txt,9,1938 always know this and find it\ It 15 so beautiful to explore all these variations.,"Therefore. we must not allow dead forms. ~ I want to remind you about words. when you are speaking your sentences, they are part of the whole.",feeling;form;imagination;life;objective;whole;will,actor_struggle;daily_inspiration;directing_academic_footnote;method_terms,0.887,118,Tier 1 model-curated internal candidate,needs_visual_verification_against_pdf_page,,internal_candidate_only__not_publicly_cleared,internal Dawson/Lisa research only; UWindsor/archive and exact-use rights review required before any public/app use,DG-0917c16b7f8cc504,Duplicate/overlap also found in common_actor_struggles_quote_bucket_raw.csv row 92 (exact_normalized_duplicate). Duplicate/overlap also found in common_actor_struggles_quote_bucket_raw.csv row 147 (same_item_page_source_page_cap). Duplicate/overlap also found in quote_candidates_priority.csv row 147 (exact_normalized_duplicate). Duplicate/overlap also found in quote_candidates_priority.csv row 234 (same_item_page_source_page_cap). Duplicate/overlap also found in quote_candidates_priority.csv row 370 (same_item_page_source_page_cap).,Selected from chekhov_on_directing_footnote_targets_raw.csv row 140 with score 118 and extraction_quality_proxy 0.887; primary Chekhov transcription; accepted after exact/overlap/page/item dedupe and diversity caps.,OCR/text-layer extraction candidate copied exactly from CSV field candidate_text_from_extraction_not_final; do not quote publicly until visually verified and cleared.,"Render/inspect the cited PDF page, visually transcribe exact wording, then Dawson/Lisa exact wording, attribution, and rights clearance."
MCT-UWINDSOR-365-096,96,directing_academic_footnote,ability;actor_struggle;desire;directing_academic_footnote;director;director's;end;first;gesture;method_terms;play;quote_candidates_priority.csv,"Then at the opposite point. the gesture at the end when they are mocking Don Quixote. the gesture ends in a sort of etiff stupidity, with the arms raised wide above the head. This ability to transform the director's suggestions into your own desire is the only way for an actor to approach the reading of the play for the first time. or the liotening to a new play.",csv_extraction_text,true,chekhov_on_directing_footnote_targets_raw.csv,200,d647865434dd65b2,911,1536,"October 5, 1938: Transform director's suggestion into actor's desire","October 5, 1938",primary_chekhov_transcription: by Michael Chekhov; transcribed by Deirdre Hurst du Prey,"lesson/transcription/UWindsor attribution approved by Dawson, exact source context still required",https://collections.uwindsor.ca/chekhov/item/911,https://collections.uwindsor.ca/files/original/f00c4aef9d5917d8441d218d0db59853a3011a1d.pdf,pdf_cache/item_911_october-5-1938-transform-director-s-suggestion-into-actor-s-desire.pdf,extracted_text_all/item_911_october-5-1938-transform-director-s-suggestion-into-actor-s-desire.txt,2,Transform my words into your desire. lhs basis is the psychological gesture; the gesture is one or heaviness. slowness. down into stupidity and dullness.,"The actor must listen so that he becomes the play. the pert, the audience. everything.",ability;desire;director;director's;end;first;gesture;play,actor_struggle;directing_academic_footnote;method_terms,0.887,116,Tier 1 model-curated internal candidate,needs_visual_verification_against_pdf_page,,internal_candidate_only__not_publicly_cleared,internal Dawson/Lisa research only; UWindsor/archive and exact-use rights review required before any public/app use,DG-d647865434dd65b2,Duplicate/overlap also found in quote_candidates_priority.csv row 219 (exact_normalized_duplicate).,Selected from chekhov_on_directing_footnote_targets_raw.csv row 200 with score 116 and extraction_quality_proxy 0.887; primary Chekhov transcription; accepted after exact/overlap/page/item dedupe and diversity caps.,OCR/text-layer extraction candidate copied exactly from CSV field candidate_text_from_extraction_not_final; do not quote publicly until visually verified and cleared.,"Render/inspect the cited PDF page, visually transcribe exact wording, then Dawson/Lisa exact wording, attribution, and rights clearance."
MCT-UWINDSOR-365-097,97,directing_academic_footnote,actor_struggle;atmosphere;beginning;common_actor_struggles_quote_bucket_raw.csv;daily_inspiration;directing;directing_academic_footnote;first;method_terms;play;quote_candidates_priority.csv;speech;will,"Our second step is to start again from the beginning and try to find the right atmosphere. Then, out of the right atmosphere, and the right gestures, we will find the first idea of acting.",csv_extraction_text,true,chekhov_on_directing_footnote_targets_raw.csv,136,6d5563e9f2801037,622,1178,"November 13, 1936","November 13, 1936",primary_chekhov_transcription: by Michael Chekhov; transcribed by Deirdre Hurst du Prey,"lesson/transcription/UWindsor attribution approved by Dawson, exact source context still required",https://collections.uwindsor.ca/chekhov/item/622,https://collections.uwindsor.ca/files/original/faaa5309160377459c28d36f29c6abce28dfe2eb.pdf,pdf_cache/item_622_november-13-1936.pdf,extracted_text_all/item_622_november-13-1936.txt,1,"DIRECTING THE PlAY In the work we have done with The Golden Steed, we have tried to coordinate our speech with our gestures.","If we are successful in this work, then we ﬁill see what it means to direct a play.",atmosphere;beginning;first;will,actor_struggle;daily_inspiration;directing_academic_footnote;method_terms,0.894,119,Tier 1 model-curated internal candidate,needs_visual_verification_against_pdf_page,,internal_candidate_only__not_publicly_cleared,internal Dawson/Lisa research only; UWindsor/archive and exact-use rights review required before any public/app use,DG-6d5563e9f2801037,Duplicate/overlap also found in common_actor_struggles_quote_bucket_raw.csv row 90 (exact_normalized_duplicate). Duplicate/overlap also found in quote_candidates_priority.csv row 143 (exact_normalized_duplicate). Duplicate/overlap also found in quote_candidates_priority.csv row 508 (same_item_page_source_page_cap). Duplicate/overlap also found in quote_candidates_priority.csv row 807 (same_item_page_source_page_cap).,Selected from chekhov_on_directing_footnote_targets_raw.csv row 136 with score 119 and extraction_quality_proxy 0.894; primary Chekhov transcription; accepted after exact/overlap/page/item dedupe and diversity caps.,OCR/text-layer extraction candidate copied exactly from CSV field candidate_text_from_extraction_not_final; do not quote publicly until visually verified and cleared.,"Render/inspect the cited PDF page, visually transcribe exact wording, then Dawson/Lisa exact wording, attribution, and rights clearance."
MCT-UWINDSOR-365-098,98,directing_academic_footnote,actor_struggle;cannot;daily_inspiration;directing_academic_footnote;director;end;feeling;method_terms;quote_candidates_priority.csv;tempo;truth,"It cannot be taken no pedentiéelly - everything Whimust be taken into. conqidoratioh by your hum}; feeling of .,...:,,.tx~uth. and by your artistic inntinct oveh boa-fern the director tolls you the different objectives and tempo. 'otc.'- To a I cumin extent it it: always the truth in given circumo’cencoo. end when you are over this limit. you are two and yet not tme‘boceuue you should have in your ooul eoncthinguliko-a ingrained. a. madam of Dickcn'e humer.",csv_extraction_text,true,chekhov_on_directing_footnote_targets_raw.csv,101,083e93cd4fbce953,985,1617,"August 18, 1939","August 18, 1939",primary_chekhov_transcription: by Michael Chekhov; transcribed by Deirdre Hurst du Prey,"lesson/transcription/UWindsor attribution approved by Dawson, exact source context still required",https://collections.uwindsor.ca/chekhov/item/985,https://collections.uwindsor.ca/files/original/f0e47ae79cc85e1e65e2d09ece4ae3072bf0c9fc.pdf,pdf_cache/item_985_august-18-1939.pdf,extracted_text_all/item_985_august-18-1939.txt,2,"Chekhov linguist 18, 1939 that even if you didn't know that it was Dickcnn end a comedy. you couldn't make a tragiodielogue out of it.","I THE peycnonoexmz, plasma.",cannot;director;end;feeling;tempo;truth,actor_struggle;daily_inspiration;directing_academic_footnote;method_terms,0.875,121,Tier 1 model-curated internal candidate,needs_visual_verification_against_pdf_page,,internal_candidate_only__not_publicly_cleared,internal Dawson/Lisa research only; UWindsor/archive and exact-use rights review required before any public/app use,DG-083e93cd4fbce953,Duplicate/overlap also found in quote_candidates_priority.csv row 103 (exact_normalized_duplicate).,Selected from chekhov_on_directing_footnote_targets_raw.csv row 101 with score 121 and extraction_quality_proxy 0.875; primary Chekhov transcription; accepted after exact/overlap/page/item dedupe and diversity caps.,OCR/text-layer extraction candidate copied exactly from CSV field candidate_text_from_extraction_not_final; do not quote publicly until visually verified and cleared.,"Render/inspect the cited PDF page, visually transcribe exact wording, then Dawson/Lisa exact wording, attribution, and rights clearance."
MCT-UWINDSOR-365-099,99,method_terms,actor_struggle;common_actor_struggles_quote_bucket_raw.csv;daily_inspiration;directing_academic_footnote;feeling;first;gesture;imagination;method_terms;psychological gesture;quote_candidates_priority.csv;rehearse;will,"Thou when I am going to rehearse it in my imagination I will first may to myself. ""I will never give in with my dcsirc to act, with my feeling that I an an actor."" Then I will take the psychological gesture and apply it carefully.",csv_extraction_text,true,chekhov_on_directing_footnote_targets_raw.csv,178,45babcf3364c21c0,909,1534,"October 3, 1938","October 3, 1938",primary_chekhov_transcription: by Michael Chekhov; transcribed by Deirdre Hurst du Prey,"lesson/transcription/UWindsor attribution approved by Dawson, exact source context still required",https://collections.uwindsor.ca/chekhov/item/909,https://collections.uwindsor.ca/files/original/55713c94a7f4fe667e5b9bfd4d91cc242241e053.pdf,pdf_cache/item_909_october-3-1938.pdf,extracted_text_all/item_909_october-3-1938.txt,4,"What have 1 to act?"" I choose this or_thut scene. and 1 start to act it an an amateur. as a child. as a goniue.",Does it help me or not?,feeling;first;gesture;imagination;psychological gesture;rehearse;will,actor_struggle;daily_inspiration;directing_academic_footnote;method_terms,0.885,117,Tier 1 model-curated internal candidate,needs_visual_verification_against_pdf_page,,internal_candidate_only__not_publicly_cleared,internal Dawson/Lisa research only; UWindsor/archive and exact-use rights review required before any public/app use,DG-45babcf3364c21c0,Duplicate/overlap also found in common_actor_struggles_quote_bucket_raw.csv row 125 (exact_normalized_duplicate). Duplicate/overlap also found in quote_candidates_priority.csv row 192 (exact_normalized_duplicate).,Selected from chekhov_on_directing_footnote_targets_raw.csv row 178 with score 117 and extraction_quality_proxy 0.885; primary Chekhov transcription; accepted after exact/overlap/page/item dedupe and diversity caps.,OCR/text-layer extraction candidate copied exactly from CSV field candidate_text_from_extraction_not_final; do not quote publicly until visually verified and cleared.,"Render/inspect the cited PDF page, visually transcribe exact wording, then Dawson/Lisa exact wording, attribution, and rights clearance."
MCT-UWINDSOR-365-100,100,method_terms,actor_struggle;cannot;concentration;daily_inspiration;desire;directing_academic_footnote;first;future;imagination;method_terms;quote_candidates_priority.csv;will,But still there is a little door through which we can enter a small tech. and having very little time but a strong will and the desire to do something which may later on grow into something which we cannot even forooco. gueotion: Regarding this future actor. If he has mastered the technique of concentration and imagination and in confronted by a script. would you say that he would be developed in such a way that he would be able to give a perfect reading on the first day?,csv_extraction_text,true,chekhov_on_directing_footnote_targets_raw.csv,109,bfa68395665ca103,1084,1713,"January 29, 1942: Open lecture to actors held at ""Actors Service,"" New York","January 29, 1942",primary_chekhov_transcription: by Michael Chekhov; transcribed by Deirdre Hurst du Prey,"lesson/transcription/UWindsor attribution approved by Dawson, exact source context still required",https://collections.uwindsor.ca/chekhov/item/1084,https://collections.uwindsor.ca/files/original/b506e5abb546f4589a4901ffce64e32926377f04.pdf,pdf_cache/item_1084_january-29-1942-open-lecture-to-actors-held-at-actors-service-new-york.pdf,extracted_text_all/item_1084_january-29-1942-open-lecture-to-actors-held-at-actors-service-new-york.txt,30,Angggg (Hiehaol Chekhov): It is a very difficult problem. and from certain points of view we cannot solve it because if you need money. you need it.,Answer (Michael Chokhov)x The manner in which the uctoro are compelled to work now will not give us any help.,cannot;concentration;desire;first;future;imagination;will,actor_struggle;daily_inspiration;directing_academic_footnote;method_terms,0.893,121,Tier 1 model-curated internal candidate,needs_visual_verification_against_pdf_page,,internal_candidate_only__not_publicly_cleared,internal Dawson/Lisa research only; UWindsor/archive and exact-use rights review required before any public/app use,DG-bfa68395665ca103,Duplicate/overlap also found in quote_candidates_priority.csv row 111 (exact_normalized_duplicate). Duplicate/overlap also found in quote_candidates_priority.csv row 781 (same_item_page_source_page_cap).,Selected from chekhov_on_directing_footnote_targets_raw.csv row 109 with score 121 and extraction_quality_proxy 0.893; primary Chekhov transcription; accepted after exact/overlap/page/item dedupe and diversity caps.,OCR/text-layer extraction candidate copied exactly from CSV field candidate_text_from_extraction_not_final; do not quote publicly until visually verified and cleared.,"Render/inspect the cited PDF page, visually transcribe exact wording, then Dawson/Lisa exact wording, attribution, and rights clearance."
MCT-UWINDSOR-365-101,101,directing_academic_footnote,atmosphere;climax;climaxes;common_actor_struggles_quote_bucket_raw.csv;daily_inspiration;directing_academic_footnote;first;form;method_terms;moment;quote_candidates_priority.csv,"If there are two climaxes it means that in order to form the transition between the two, one climax must lose its power and the other must gain ita power. The first climax is in the sphere 01 the Copper atmosphere, from the moment the crowd sayo.",csv_extraction_text,true,chekhov_on_directing_footnote_targets_raw.csv,188,bbcc990cf3c9f751,664,1223,"February 4, 1937","February 4, 1937",primary_chekhov_transcription: by Michael Chekhov; transcribed by Deirdre Hurst du Prey,"lesson/transcription/UWindsor attribution approved by Dawson, exact source context still required",https://collections.uwindsor.ca/chekhov/item/664,https://collections.uwindsor.ca/files/original/d4bdb6c4bbe89264fb2204c26611ce086fa2d405.pdf,pdf_cache/item_664_february-4-1937.pdf,extracted_text_all/item_664_february-4-1937.txt,5,The climax ie the tension of some powers.,"""Look!"" and climbs up.",atmosphere;climax;climaxes;first;form;moment,daily_inspiration;directing_academic_footnote;method_terms,0.887,116,Tier 1 model-curated internal candidate,needs_visual_verification_against_pdf_page,,internal_candidate_only__not_publicly_cleared,internal Dawson/Lisa research only; UWindsor/archive and exact-use rights review required before any public/app use,DG-bbcc990cf3c9f751,Duplicate/overlap also found in common_actor_struggles_quote_bucket_raw.csv row 131 (exact_normalized_duplicate). Duplicate/overlap also found in quote_candidates_priority.csv row 203 (exact_normalized_duplicate).,Selected from chekhov_on_directing_footnote_targets_raw.csv row 188 with score 116 and extraction_quality_proxy 0.887; primary Chekhov transcription; accepted after exact/overlap/page/item dedupe and diversity caps.,OCR/text-layer extraction candidate copied exactly from CSV field candidate_text_from_extraction_not_final; do not quote publicly until visually verified and cleared.,"Render/inspect the cited PDF page, visually transcribe exact wording, then Dawson/Lisa exact wording, attribution, and rights clearance."
MCT-UWINDSOR-365-102,102,directing_academic_footnote,actor_struggle;atmosphere;common_actor_struggles_quote_bucket_raw.csv;daily_inspiration;directing_academic_footnote;feeling;feelings;method_terms;moments;play;quote_candidates_priority.csv;scenes;whole,'Becaune the performance itself hao feelings - its own feeling: - and the feelings of the Enrformaneo - not of tho acter — we call atmosphere. The atmosphere of the whole play. of certain definize scenes. of moments. of acts. etc.,csv_extraction_text,true,chekhov_on_directing_footnote_targets_raw.csv,180,c8b57726e79c9dd6,1056,1688,"September 23, 1940","September 23, 1940",primary_chekhov_transcription: by Michael Chekhov; transcribed by Deirdre Hurst du Prey,"lesson/transcription/UWindsor attribution approved by Dawson, exact source context still required",https://collections.uwindsor.ca/chekhov/item/1056,https://collections.uwindsor.ca/files/original/b8e587cd8a4fea17f7a67569a9f10b9e763662aa.pdf,pdf_cache/item_1056_september-23-1940.pdf,extracted_text_all/item_1056_september-23-1940.txt,2,19h0 call it an independent being?,"You can easily imagine ﬁhet there can be an atmosphere on the stage. or in our eveyydey life -'a very definite atmosphere such as a cuteatrophe dn lhe ntreots In thin catastrophe you can fool one definite general ntnouphoro, ﬁelonging to when?",atmosphere;feeling;feelings;moments;play;scenes;whole,actor_struggle;daily_inspiration;directing_academic_footnote;method_terms,0.881,117,Tier 1 model-curated internal candidate,needs_visual_verification_against_pdf_page,,internal_candidate_only__not_publicly_cleared,internal Dawson/Lisa research only; UWindsor/archive and exact-use rights review required before any public/app use,DG-c8b57726e79c9dd6,Duplicate/overlap also found in common_actor_struggles_quote_bucket_raw.csv row 127 (exact_normalized_duplicate). Duplicate/overlap also found in quote_candidates_priority.csv row 194 (exact_normalized_duplicate).,Selected from chekhov_on_directing_footnote_targets_raw.csv row 180 with score 117 and extraction_quality_proxy 0.881; primary Chekhov transcription; accepted after exact/overlap/page/item dedupe and diversity caps.,OCR/text-layer extraction candidate copied exactly from CSV field candidate_text_from_extraction_not_final; do not quote publicly until visually verified and cleared. Contains visible OCR artifacts; visual verification required before quotation.,"Render/inspect the cited PDF page, visually transcribe exact wording, then Dawson/Lisa exact wording, attribution, and rights clearance."
MCT-UWINDSOR-365-103,103,directing_academic_footnote,actor_struggle;beginning;daily_inspiration;directing_academic_footnote;first;method_terms;qualities;quote_candidates_priority.csv;soul;will,"If you will do this exorcise for five minutes every day. it will be enough for the beginning. when you have penetrated more and more into the soul of the person you do not like and hoVe found good qualities and abilities and intentions in than, you will get another this feeli Instead of nausea, you W111 be fed by touchin soul which you do not like. It is quite another feelir will feel yoursolf, first of all.",csv_extraction_text,true,chekhov_on_directing_footnote_targets_raw.csv,181,425aa1b579481ca5,748,1327,"September 27, 1937","September 27, 1937",primary_chekhov_transcription: by Michael Chekhov; transcribed by Deirdre Hurst du Prey,"lesson/transcription/UWindsor attribution approved by Dawson, exact source context still required",https://collections.uwindsor.ca/chekhov/item/748,https://collections.uwindsor.ca/files/original/587ea44317353a61f23f82cb781177f080c57c49.pdf,pdf_cache/item_748_september-27-1937.pdf,extracted_text_all/item_748_september-27-1937.txt,9,Then you will get something which we call feelings. of course. they are feelings and emotions. but quite a different kind of emotions from those we experionce in our everyday life.,"""mighty"" in a certain way. not that you will be mi ty in the accepted sense, but you will feel yourself more free in your feelings. {Ou will not be afraid of showing your feelings or of harinr than. any of",beginning;first;qualities;soul;will,actor_struggle;daily_inspiration;directing_academic_footnote;method_terms,0.891,117,Tier 1 model-curated internal candidate,needs_visual_verification_against_pdf_page,,internal_candidate_only__not_publicly_cleared,internal Dawson/Lisa research only; UWindsor/archive and exact-use rights review required before any public/app use,DG-425aa1b579481ca5,Duplicate/overlap also found in quote_candidates_priority.csv row 195 (exact_normalized_duplicate).,Selected from chekhov_on_directing_footnote_targets_raw.csv row 181 with score 117 and extraction_quality_proxy 0.891; primary Chekhov transcription; accepted after exact/overlap/page/item dedupe and diversity caps.,OCR/text-layer extraction candidate copied exactly from CSV field candidate_text_from_extraction_not_final; do not quote publicly until visually verified and cleared.,"Render/inspect the cited PDF page, visually transcribe exact wording, then Dawson/Lisa exact wording, attribution, and rights clearance."
MCT-UWINDSOR-365-104,104,directing_academic_footnote,actor_struggle;beginning;blind;daily_inspiration;directing_academic_footnote;future;imaginary;method_terms;quote_candidates_priority.csv;rehearsals;style;truth;whole;will,"You are blind and dear to everything else. \ If you Judge yourself now from the point of View of the future performance thero in nothing — it is impossible from the point of truth or justification perhaps, but in such rehearsals. at the very beginning when we are only concerned with the style, it will be vmong but let it be wrong - we have time to repair it. Actors of the old school try to act the whole part at once - from where?",csv_extraction_text,true,chekhov_on_directing_footnote_targets_raw.csv,150,ee45000762cf24f7,873,1480,"May 10, 1938 (afternoon)","May 10, 1938",primary_chekhov_transcription: by Michael Chekhov; transcribed by Deirdre Hurst du Prey,"lesson/transcription/UWindsor attribution approved by Dawson, exact source context still required",https://collections.uwindsor.ca/chekhov/item/873,https://collections.uwindsor.ca/files/original/7deedba3c73650ce7d5bcc86221bcf51fac9f964.pdf,pdf_cache/item_873_may-10-1938-afternoon.pdf,extracted_text_all/item_873_may-10-1938-afternoon.txt,7,Don't lose yourself in imaginary things; only one thing is being exercised - styld - nothing more.,Just a heap of something which will lead to chaos.,beginning;blind;future;rehearsals;style;truth;whole;will,actor_struggle;daily_inspiration;directing_academic_footnote;method_terms,0.892,118,Tier 1 model-curated internal candidate,needs_visual_verification_against_pdf_page,,internal_candidate_only__not_publicly_cleared,internal Dawson/Lisa research only; UWindsor/archive and exact-use rights review required before any public/app use,DG-ee45000762cf24f7,Duplicate/overlap also found in quote_candidates_priority.csv row 158 (exact_normalized_duplicate). Duplicate/overlap also found in quote_candidates_priority.csv row 262 (same_item_page_source_page_cap).,Selected from chekhov_on_directing_footnote_targets_raw.csv row 150 with score 118 and extraction_quality_proxy 0.892; primary Chekhov transcription; accepted after exact/overlap/page/item dedupe and diversity caps.,OCR/text-layer extraction candidate copied exactly from CSV field candidate_text_from_extraction_not_final; do not quote publicly until visually verified and cleared.,"Render/inspect the cited PDF page, visually transcribe exact wording, then Dawson/Lisa exact wording, attribution, and rights clearance."
MCT-UWINDSOR-365-105,105,directing_academic_footnote,actor_struggle;common_actor_struggles_quote_bucket_raw.csv;daily_inspiration;directing_academic_footnote;end;feeling;first;freedom;gesture;method_terms;quote_candidates_priority.csv,"To awaken this feeling of freedom in the sense in which we are trying to understand it, try to do the following thing. First do it as it I have imposed it on you. end then make an inner gesture and do it quite freely.",csv_extraction_text,true,chekhov_on_directing_footnote_targets_raw.csv,199,97b55dae0df17e9c,909,1534,"October 3, 1938","October 3, 1938",primary_chekhov_transcription: by Michael Chekhov; transcribed by Deirdre Hurst du Prey,"lesson/transcription/UWindsor attribution approved by Dawson, exact source context still required",https://collections.uwindsor.ca/chekhov/item/909,https://collections.uwindsor.ca/files/original/55713c94a7f4fe667e5b9bfd4d91cc242241e053.pdf,pdf_cache/item_909_october-3-1938.pdf,extracted_text_all/item_909_october-3-1938.txt,9,Then L on free.,This is the difference between freedom and onslavemont.,end;feeling;first;freedom;gesture,actor_struggle;daily_inspiration;directing_academic_footnote;method_terms,0.896,116,Tier 1 model-curated internal candidate,needs_visual_verification_against_pdf_page,,internal_candidate_only__not_publicly_cleared,internal Dawson/Lisa research only; UWindsor/archive and exact-use rights review required before any public/app use,DG-97b55dae0df17e9c,Duplicate/overlap also found in common_actor_struggles_quote_bucket_raw.csv row 140 (exact_normalized_duplicate). Duplicate/overlap also found in quote_candidates_priority.csv row 218 (exact_normalized_duplicate).,Selected from chekhov_on_directing_footnote_targets_raw.csv row 199 with score 116 and extraction_quality_proxy 0.896; primary Chekhov transcription; accepted after exact/overlap/page/item dedupe and diversity caps.,OCR/text-layer extraction candidate copied exactly from CSV field candidate_text_from_extraction_not_final; do not quote publicly until visually verified and cleared.,"Render/inspect the cited PDF page, visually transcribe exact wording, then Dawson/Lisa exact wording, attribution, and rights clearance."
MCT-UWINDSOR-365-106,106,directing_academic_footnote,actor_struggle;attention;common_actor_struggles_quote_bucket_raw.csv;daily_inspiration;directing_academic_footnote;end;feeling;method_terms;moment;quote_candidates_priority.csv;whole;will,"Pay attention to the moment when you start end when you finish, as this is very important for the feeling of the whole. It must be a great experience for you, then you will awaken your actor's",csv_extraction_text,true,chekhov_on_directing_footnote_targets_raw.csv,179,2fa45285cfc2d5be,755,1334,"October 4, 1937","October 4, 1937",primary_chekhov_transcription: by Michael Chekhov; transcribed by Deirdre Hurst du Prey,"lesson/transcription/UWindsor attribution approved by Dawson, exact source context still required",https://collections.uwindsor.ca/chekhov/item/755,https://collections.uwindsor.ca/files/original/0f5b47ae117ec9f9a7c8450938e35ae555992c61.pdf,pdf_cache/item_755_october-4-1937.pdf,extracted_text_all/item_755_october-4-1937.txt,6,Run and touch a post and then come back with the feeling that this is one big movement on the stage; don't break it anywhere. ﬁhile watching. others must g9 it inside.,No separate context_after field supplied by source extraction; inspect cited page/text_path for surrounding context.,attention;end;feeling;moment;whole;will,actor_struggle;daily_inspiration;directing_academic_footnote;method_terms,0.890,117,Tier 1 model-curated internal candidate,needs_visual_verification_against_pdf_page,,internal_candidate_only__not_publicly_cleared,internal Dawson/Lisa research only; UWindsor/archive and exact-use rights review required before any public/app use,DG-2fa45285cfc2d5be,Duplicate/overlap also found in common_actor_struggles_quote_bucket_raw.csv row 126 (exact_normalized_duplicate). Duplicate/overlap also found in quote_candidates_priority.csv row 321 (same_item_page_source_page_cap). Duplicate/overlap also found in quote_candidates_priority.csv row 193 (exact_normalized_duplicate). Duplicate/overlap also found in quote_candidates_priority.csv row 529 (same_item_page_source_page_cap).,Selected from chekhov_on_directing_footnote_targets_raw.csv row 179 with score 117 and extraction_quality_proxy 0.890; primary Chekhov transcription; accepted after exact/overlap/page/item dedupe and diversity caps.,OCR/text-layer extraction candidate copied exactly from CSV field candidate_text_from_extraction_not_final; do not quote publicly until visually verified and cleared. Candidate may be page/window-boundary cut because it lacks terminal punctuation.,"Render/inspect the cited PDF page, visually transcribe exact wording, then Dawson/Lisa exact wording, attribution, and rights clearance."
MCT-UWINDSOR-365-107,107,directing_academic_footnote,actor_struggle;attention;common_actor_struggles_quote_bucket_raw.csv;concentration;daily_inspiration;directing_academic_footnote;first;method_terms;quote_candidates_priority.csv;whole;will,"1937 In acting such a sketch we will pay attention. for example, first to concentration. You must then find the points. throughout the whole sketch, in which you must be concentrated.",csv_extraction_text,true,chekhov_on_directing_footnote_targets_raw.csv,182,1ecd9e7ce77331cf,752,1331,"September 30, 1937","September 30, 1937",primary_chekhov_transcription: by Michael Chekhov; transcribed by Deirdre Hurst du Prey,"lesson/transcription/UWindsor attribution approved by Dawson, exact source context still required",https://collections.uwindsor.ca/chekhov/item/752,https://collections.uwindsor.ca/files/original/3fb3acda7bf7faff226f074d6d2416ed443c2ba5.pdf,pdf_cache/item_752_september-30-1937.pdf,extracted_text_all/item_752_september-30-1937.txt,21,Chekhov September 30.,In this way you will escape the condition when the actor is on the stage and is full of temperament. but he does not know what he doing because he is not able to concentrate on anything.,attention;concentration;first;whole;will,actor_struggle;daily_inspiration;directing_academic_footnote;method_terms,0.890,117,Tier 1 model-curated internal candidate,needs_visual_verification_against_pdf_page,,internal_candidate_only__not_publicly_cleared,internal Dawson/Lisa research only; UWindsor/archive and exact-use rights review required before any public/app use,DG-1ecd9e7ce77331cf,Duplicate/overlap also found in common_actor_struggles_quote_bucket_raw.csv row 128 (exact_normalized_duplicate). Duplicate/overlap also found in quote_candidates_priority.csv row 196 (exact_normalized_duplicate).,Selected from chekhov_on_directing_footnote_targets_raw.csv row 182 with score 117 and extraction_quality_proxy 0.890; primary Chekhov transcription; accepted after exact/overlap/page/item dedupe and diversity caps.,OCR/text-layer extraction candidate copied exactly from CSV field candidate_text_from_extraction_not_final; do not quote publicly until visually verified and cleared.,"Render/inspect the cited PDF page, visually transcribe exact wording, then Dawson/Lisa exact wording, attribution, and rights clearance."
MCT-UWINDSOR-365-108,108,directing_academic_footnote,actor_struggle;atmosphere;common_actor_struggles_quote_bucket_raw.csv;daily_inspiration;directing_academic_footnote;feeling;first;method_terms;quote_candidates_priority.csv;whole;will,Then you will feel at once that your whole being is full of this atmosphere: you are full of the feeling wo want to have. But first we must create it around us. and iheu it is ours.,csv_extraction_text,true,chekhov_on_directing_footnote_targets_raw.csv,157,90c1a6755d3f0e9b,819,1426,"February 4, 1938","February 4, 1938",primary_chekhov_transcription: by Michael Chekhov; transcribed by Deirdre Hurst du Prey,"lesson/transcription/UWindsor attribution approved by Dawson, exact source context still required",https://collections.uwindsor.ca/chekhov/item/819,https://collections.uwindsor.ca/files/original/668aec0988713db9ff0e4bf95b359eb7353b8d12.pdf,pdf_cache/item_819_february-4-1938.pdf,extracted_text_all/item_819_february-4-1938.txt,6,"So take the atmospheio and radiate it buck, this is also possible and easy. if the atuosphore is there and is taken into us and becomes the feelings, than you must develop the ahility to speak, to sing, to move, to not out of this atmosphere. inia is the next stop. now try to move in this atmosphere; from the atmosphere: being inspired by the atmoophore.",Study this process of how to move in the atmosphere which we described as one of depressing Silence. ”cu try to speak a sentence out of this atmosPhoro.,atmosphere;feeling;first;whole;will,actor_struggle;daily_inspiration;directing_academic_footnote;method_terms,0.890,117,Tier 1 model-curated internal candidate,needs_visual_verification_against_pdf_page,,internal_candidate_only__not_publicly_cleared,internal Dawson/Lisa research only; UWindsor/archive and exact-use rights review required before any public/app use,DG-90c1a6755d3f0e9b,Duplicate/overlap also found in common_actor_struggles_quote_bucket_raw.csv row 104 (exact_normalized_duplicate). Duplicate/overlap also found in quote_candidates_priority.csv row 169 (exact_normalized_duplicate).,Selected from chekhov_on_directing_footnote_targets_raw.csv row 157 with score 117 and extraction_quality_proxy 0.890; primary Chekhov transcription; accepted after exact/overlap/page/item dedupe and diversity caps.,OCR/text-layer extraction candidate copied exactly from CSV field candidate_text_from_extraction_not_final; do not quote publicly until visually verified and cleared. Contains visible OCR artifacts; visual verification required before quotation.,"Render/inspect the cited PDF page, visually transcribe exact wording, then Dawson/Lisa exact wording, attribution, and rights clearance."
MCT-UWINDSOR-365-109,109,directing_academic_footnote,actor_struggle;cannot;daily_inspiration;directing_academic_footnote;direction;director;first;mistake;play;quote_candidates_priority.csv;truth;will,Justification and fooling\of truth is required to be there in everything. he must go through this torture. otherwise we_will always rely upon the director. and this in not oesoiblo because the director can give direction only if the actors are able to give him enough material; The second point to remember is that you must get accustomed to the method absolutely. otherwise we cannot even prepare the play. ;We have to so through this torture and understand once and for all what it means to justify. ihero is no other way to make it easier. The first rough mistake must be justified as feel has done.,csv_extraction_text,true,chekhov_on_directing_footnote_targets_raw.csv,56,a421210d23c129cd,873,1480,"May 10, 1938 (afternoon)","May 10, 1938",primary_chekhov_transcription: by Michael Chekhov; transcribed by Deirdre Hurst du Prey,"lesson/transcription/UWindsor attribution approved by Dawson, exact source context still required",https://collections.uwindsor.ca/chekhov/item/873,https://collections.uwindsor.ca/files/original/7deedba3c73650ce7d5bcc86221bcf51fac9f964.pdf,pdf_cache/item_873_may-10-1938-afternoon.pdf,extracted_text_all/item_873_may-10-1938-afternoon.txt,9,"You can be as free as you like, but it must be justified each time; never movo~ ment in general; this is never allowed.","After he has justified his first rough movements, he must try again and he will be able to justify things which are finer and more subtle. then still more subtle things will be Justified. if you hope to justify everything at once it will not be possible.",cannot;direction;director;first;mistake;play;truth;will,actor_struggle;daily_inspiration;directing_academic_footnote,0.890,125,Tier 1 model-curated internal candidate,needs_visual_verification_against_pdf_page,,internal_candidate_only__not_publicly_cleared,internal Dawson/Lisa research only; UWindsor/archive and exact-use rights review required before any public/app use,DG-a421210d23c129cd,Duplicate/overlap also found in quote_candidates_priority.csv row 57 (exact_normalized_duplicate).,Selected from chekhov_on_directing_footnote_targets_raw.csv row 56 with score 125 and extraction_quality_proxy 0.890; primary Chekhov transcription; accepted after exact/overlap/page/item dedupe and diversity caps.,OCR/text-layer extraction candidate copied exactly from CSV field candidate_text_from_extraction_not_final; do not quote publicly until visually verified and cleared.,"Render/inspect the cited PDF page, visually transcribe exact wording, then Dawson/Lisa exact wording, attribution, and rights clearance."
MCT-UWINDSOR-365-110,110,method_terms,ability;actor_struggle;atmosphere;common_actor_struggles_quote_bucket_raw.csv;daily_inspiration;directing_academic_footnote;first;method_terms;quote_candidates_priority.csv;will,"And third, the ability to make a cressendo from one atmosphere to another. and to find all the links leading from one atmosnhoro to the other. When we have this we will be actors of the first class.",csv_extraction_text,true,chekhov_on_directing_footnote_targets_raw.csv,192,f254cccf7ba7396c,775,1354,"November 1, 1937","November 1, 1937",primary_chekhov_transcription: by Michael Chekhov; transcribed by Deirdre Hurst du Prey,"lesson/transcription/UWindsor attribution approved by Dawson, exact source context still required",https://collections.uwindsor.ca/chekhov/item/775,https://collections.uwindsor.ca/files/original/d57aa48bbaaf10c5df1aaaa5cb030eff0cdbdc10.pdf,pdf_cache/item_775_november-1-1937.pdf,extracted_text_all/item_775_november-1-1937.txt,1,This is another good sign. and it gives me so much happiness.,We must not require of ourselves to do such an abse— 1utoly rhythmical thing yet.,ability;atmosphere;first;will,actor_struggle;daily_inspiration;directing_academic_footnote;method_terms,0.889,116,Tier 1 model-curated internal candidate,needs_visual_verification_against_pdf_page,,internal_candidate_only__not_publicly_cleared,internal Dawson/Lisa research only; UWindsor/archive and exact-use rights review required before any public/app use,DG-f254cccf7ba7396c,Duplicate/overlap also found in common_actor_struggles_quote_bucket_raw.csv row 135 (exact_normalized_duplicate). Duplicate/overlap also found in quote_candidates_priority.csv row 211 (exact_normalized_duplicate).,Selected from chekhov_on_directing_footnote_targets_raw.csv row 192 with score 116 and extraction_quality_proxy 0.889; primary Chekhov transcription; accepted after exact/overlap/page/item dedupe and diversity caps.,OCR/text-layer extraction candidate copied exactly from CSV field candidate_text_from_extraction_not_final; do not quote publicly until visually verified and cleared.,"Render/inspect the cited PDF page, visually transcribe exact wording, then Dawson/Lisa exact wording, attribution, and rights clearance."
MCT-UWINDSOR-365-111,111,directing_academic_footnote,actor_struggle;audience;beginning;directing_academic_footnote;director;end;form;gesture;method_terms;psychological gesture;quote_candidates_priority.csv;weak;will,"The beginning and the end are. in a certain way. always opposite to each other. if you will repeat the beginning and the end. nothing will have happened. lhe audience needs to start with something and to end with something opposite, and this is what the two figures of the beggars lack, and perhaps this Imakes their being on the stage groundless. Joan of Age: Let us remember the psychological gesture exercises - they were so strong and so impressive, but in perfornance it was very weak. it is again another form of losinb the gram The director gave a beautiful ground, but did not carry it through.",csv_extraction_text,true,chekhov_on_directing_footnote_targets_raw.csv,55,d3e01e75feeec514,680,1259,"March 16, 1937 (afternoon)","March 16, 1937",primary_chekhov_transcription: by Michael Chekhov; transcribed by Deirdre Hurst du Prey,"lesson/transcription/UWindsor attribution approved by Dawson, exact source context still required",https://collections.uwindsor.ca/chekhov/item/680,https://collections.uwindsor.ca/files/original/94450b2ff459e4301f61eb3f0162a520266af770.pdf,pdf_cache/item_680_march-16-1937-afternoon.pdf,extracted_text_all/item_680_march-16-1937-afternoon.txt,20,The director must find something to ¢ive them a metamorphosis - a development for the beginning and the end.,"This often happens - it is in the actor's nature to forgot everything that he has understood the day before. it is the period when everything is disay;earin5 into the subconscious region, and the actor is not really able to do an‘-",audience;beginning;director;end;form;gesture;psychological gesture;weak;will,actor_struggle;directing_academic_footnote;method_terms,0.887,125,Tier 1 model-curated internal candidate,needs_visual_verification_against_pdf_page,,internal_candidate_only__not_publicly_cleared,internal Dawson/Lisa research only; UWindsor/archive and exact-use rights review required before any public/app use,DG-d3e01e75feeec514,Duplicate/overlap also found in quote_candidates_priority.csv row 56 (exact_normalized_duplicate).,Selected from chekhov_on_directing_footnote_targets_raw.csv row 55 with score 125 and extraction_quality_proxy 0.887; primary Chekhov transcription; accepted after exact/overlap/page/item dedupe and diversity caps.,OCR/text-layer extraction candidate copied exactly from CSV field candidate_text_from_extraction_not_final; do not quote publicly until visually verified and cleared.,"Render/inspect the cited PDF page, visually transcribe exact wording, then Dawson/Lisa exact wording, attribution, and rights clearance."
MCT-UWINDSOR-365-112,112,directing_academic_footnote,action;actor_struggle;climax;cold;daily_inspiration;directing_academic_footnote;ensemble;feeling;group;method_terms;moment;quality;quote_candidates_priority.csv;tempo;whole;will,"Speak the word in the quality of the object. for instance, heavy, light, cold, *ake the quality and transform it into the movement, the word - you must do this by the feeling of the whole space, the whole group, the wholu action. when you are tired from this wogk you must make an effort and you will reach another level, and on this other level are beautiful things. Low let everyone join the group on the Stage and pass various objects frpm one to the other. increasing the tempo with a feeling of ensemble, reaching a climax and then slowing down thzough the feeling 3f ensemble.",csv_extraction_text,true,chekhov_on_directing_footnote_targets_raw.csv,63,f5e1b174deedaa43,678,1257,"March 12, 1937","March 12, 1937",primary_chekhov_transcription: by Michael Chekhov; transcribed by Deirdre Hurst du Prey,"lesson/transcription/UWindsor attribution approved by Dawson, exact source context still required",https://collections.uwindsor.ca/chekhov/item/678,https://collections.uwindsor.ca/files/original/637e2c81692e595e4a4c8b419f81591f997c4ae4.pdf,pdf_cache/item_678_march-12-1937.pdf,extracted_text_all/item_678_march-12-1937.txt,4,"1937 Then take other objects and give them to each other, being aware of the quality'of thd object.","Then for one moment realize the whgln - one stage, one family. one group, one dialogue - the wholo.",action;climax;cold;ensemble;feeling;group;quality;tempo;whole;will,actor_struggle;daily_inspiration;directing_academic_footnote;method_terms,0.883,124,Tier 1 model-curated internal candidate,needs_visual_verification_against_pdf_page,,internal_candidate_only__not_publicly_cleared,internal Dawson/Lisa research only; UWindsor/archive and exact-use rights review required before any public/app use,DG-f5e1b174deedaa43,Duplicate/overlap also found in quote_candidates_priority.csv row 489 (same_item_page_source_page_cap). Duplicate/overlap also found in quote_candidates_priority.csv row 64 (exact_normalized_duplicate). Duplicate/overlap also found in quote_candidates_priority.csv row 794 (same_item_page_source_page_cap). Duplicate/overlap also found in quote_candidates_priority.csv row 578 (same_item_page_source_page_cap).,Selected from chekhov_on_directing_footnote_targets_raw.csv row 63 with score 124 and extraction_quality_proxy 0.883; primary Chekhov transcription; accepted after exact/overlap/page/item dedupe and diversity caps.,OCR/text-layer extraction candidate copied exactly from CSV field candidate_text_from_extraction_not_final; do not quote publicly until visually verified and cleared.,"Render/inspect the cited PDF page, visually transcribe exact wording, then Dawson/Lisa exact wording, attribution, and rights clearance."
MCT-UWINDSOR-365-113,113,method_terms,actor_struggle;atmosphere;common_actor_struggles_quote_bucket_raw.csv;daily_inspiration;directing_academic_footnote;first;method_terms;objective;quote_candidates_priority.csv,"That is the first exercise. To imagine that svery space can be filled with atmosphere, which has an objective presence like a human being, but it is atmosphere because it exigsts independently.",csv_extraction_text,true,chekhov_on_directing_footnote_targets_raw.csv,183,1ef29b70f3c66db3,592,1147,"June 4, 1936: Lessons to teachers: Lesson XVII",04-Jun-36,primary_chekhov_transcription: by Michael Chekhov; transcribed by Deirdre Hurst du Prey,"lesson/transcription/UWindsor attribution approved by Dawson, exact source context still required",https://collections.uwindsor.ca/chekhov/item/592,https://collections.uwindsor.ca/files/original/00307c9394308e42bc406ddb011331ef2f16723b.pdf,pdf_cache/item_592_june-4-1936-lessons-to-teachers-lesson-xvii.pdf,extracted_text_all/item_592_june-4-1936-lessons-to-teachers-lesson-xvii.txt,8,"We must exercise not only to open ourselves and show to the audience our souls, but we must imagine that the space has a soul.",No separate context_after field supplied by source extraction; inspect cited page/text_path for surrounding context.,atmosphere;first;objective,actor_struggle;daily_inspiration;directing_academic_footnote;method_terms,0.885,116,Tier 1 model-curated internal candidate,needs_visual_verification_against_pdf_page,,internal_candidate_only__not_publicly_cleared,internal Dawson/Lisa research only; UWindsor/archive and exact-use rights review required before any public/app use,DG-1ef29b70f3c66db3,Duplicate/overlap also found in common_actor_struggles_quote_bucket_raw.csv row 129 (exact_normalized_duplicate). Duplicate/overlap also found in quote_candidates_priority.csv row 197 (exact_normalized_duplicate).,Selected from chekhov_on_directing_footnote_targets_raw.csv row 183 with score 116 and extraction_quality_proxy 0.885; primary Chekhov transcription; accepted after exact/overlap/page/item dedupe and diversity caps.,OCR/text-layer extraction candidate copied exactly from CSV field candidate_text_from_extraction_not_final; do not quote publicly until visually verified and cleared.,"Render/inspect the cited PDF page, visually transcribe exact wording, then Dawson/Lisa exact wording, attribution, and rights clearance."
MCT-UWINDSOR-365-114,114,directing_academic_footnote,actor_struggle;beauty;composition;daily_inspiration;directing_academic_footnote;feeling;first;form;future;group;method_terms;qualities;quote_candidates_priority.csv;rhythm;whole,"‘ with ﬁle feeling of case. fooling of form. feeling of beauty. fueling of the whole Hhich'uill embrace the whole prbcokgs. build the otrﬁcturcc - group fooling - froc handohgnd brains.” RHYTHMICAL QUALITIES AND CLIP:’i‘XESI We shall now do exorcism with the theme of '_‘:___ho Flood Elm Dn1uq5].Th1cz zinc wo-'L-hall do it as apapumjipn fqr our future ’cheory of rhythm, on we shall start with the very first cxorogsoa landing to thin rhythm idea. Difforbnt qualities can be applied no a composition for tho whole.",csv_extraction_text,true,chekhov_on_directing_footnote_targets_raw.csv,111,455699710d3a0074,895,1502,"June 27, 1938","June 27, 1938",primary_chekhov_transcription: by Michael Chekhov; transcribed by Deirdre Hurst du Prey,"lesson/transcription/UWindsor attribution approved by Dawson, exact source context still required",https://collections.uwindsor.ca/chekhov/item/895,https://collections.uwindsor.ca/files/original/ace522e73ef59a7a40aa42d49260e7014e514d26.pdf,pdf_cache/item_895_june-27-1938.pdf,extracted_text_all/item_895_june-27-1938.txt,6,"Chekhw ' Juno 2?, 1938 Add to this the fouling of beauty — beauty in our uonno - beauty in our aesthetic consciousness.","We hmio taken 1:110 qualities of 'utuccato.“ ""cold, "" and ""he.vm“ and no have incorporated it in a whole compositign - a rhythmical. whole.",beauty;composition;feeling;first;form;future;group;qualities;rhythm;whole,actor_struggle;daily_inspiration;directing_academic_footnote;method_terms,0.855,121,Tier 1 model-curated internal candidate,needs_visual_verification_against_pdf_page,,internal_candidate_only__not_publicly_cleared,internal Dawson/Lisa research only; UWindsor/archive and exact-use rights review required before any public/app use,DG-455699710d3a0074,Duplicate/overlap also found in quote_candidates_priority.csv row 113 (exact_normalized_duplicate).,Selected from chekhov_on_directing_footnote_targets_raw.csv row 111 with score 121 and extraction_quality_proxy 0.855; primary Chekhov transcription; accepted after exact/overlap/page/item dedupe and diversity caps.,OCR/text-layer extraction candidate copied exactly from CSV field candidate_text_from_extraction_not_final; do not quote publicly until visually verified and cleared. Contains visible OCR artifacts; visual verification required before quotation.,"Render/inspect the cited PDF page, visually transcribe exact wording, then Dawson/Lisa exact wording, attribution, and rights clearance."
MCT-UWINDSOR-365-115,115,method_terms,actor_struggle;beginning;common_actor_struggles_quote_bucket_raw.csv;directing_academic_footnote;end;feelings;first;method_terms;middle;moment;quote_candidates_priority.csv;tempo,As a condition. the tempo is given: the beginning is very slow. the middle part very quick. and very slow at the end. Use these movements to awaken your feelings.,csv_extraction_text,true,chekhov_on_directing_footnote_targets_raw.csv,164,4e210b5fd9783b81,743,1322,"July 14, 1937","July 14, 1937",primary_chekhov_transcription: by Michael Chekhov; transcribed by Deirdre Hurst du Prey,"lesson/transcription/UWindsor attribution approved by Dawson, exact source context still required",https://collections.uwindsor.ca/chekhov/item/743,https://collections.uwindsor.ca/files/original/e23b4774e71df90723e36ef1bbf1206f1a0a140f.pdf,pdf_cache/item_743_july-14-1937.pdf,extracted_text_all/item_743_july-14-1937.txt,2,"The first position is a contmctod'cme on the ground, as if you are pulling something, tho second moment is on the knees. tho arms outstretched to the sides holding something; tho third position is again sitting on the floor, but not contmctod this time. and pushing something away.",Until your feelings are aroused. the exercise has not been explored mlly.,beginning;end;feelings;middle;tempo,actor_struggle;directing_academic_footnote;method_terms,0.884,117,Tier 1 model-curated internal candidate,needs_visual_verification_against_pdf_page,,internal_candidate_only__not_publicly_cleared,internal Dawson/Lisa research only; UWindsor/archive and exact-use rights review required before any public/app use,DG-4e210b5fd9783b81,Duplicate/overlap also found in common_actor_struggles_quote_bucket_raw.csv row 112 (exact_normalized_duplicate). Duplicate/overlap also found in quote_candidates_priority.csv row 178 (exact_normalized_duplicate). Duplicate/overlap also found in quote_candidates_priority.csv row 476 (same_item_page_source_page_cap).,Selected from chekhov_on_directing_footnote_targets_raw.csv row 164 with score 117 and extraction_quality_proxy 0.884; primary Chekhov transcription; accepted after exact/overlap/page/item dedupe and diversity caps.,OCR/text-layer extraction candidate copied exactly from CSV field candidate_text_from_extraction_not_final; do not quote publicly until visually verified and cleared.,"Render/inspect the cited PDF page, visually transcribe exact wording, then Dawson/Lisa exact wording, attribution, and rights clearance."
MCT-UWINDSOR-365-116,116,method_terms,action;actor_struggle;atmosphere;cast;climax;common_actor_struggles_quote_bucket_raw.csv;daily_inspiration;directing_academic_footnote;direction;director;director's;first;imagination;method_terms;moment;play;quote_candidates_priority.csv;stop;talking;whole;will,First create the atmosphere when the two sisters are talking about Kirkov. This is a moment of climax for Alina because she has taken her sister completely into her confidence.,csv_extraction_text,true,chekhov_on_directing_footnote_targets_raw.csv,189,caaca652a61775c4,666,1225,"February 9, 1937","February 9, 1937",primary_chekhov_transcription: by Michael Chekhov; transcribed by Deirdre Hurst du Prey,"lesson/transcription/UWindsor attribution approved by Dawson, exact source context still required",https://collections.uwindsor.ca/chekhov/item/666,https://collections.uwindsor.ca/files/original/cbeec9b999193fcd2e163118a42a1f6de5ef8838.pdf,pdf_cache/item_666_february-9-1937.pdf,extracted_text_all/item_666_february-9-1937.txt,1,Balladinan (Director's oxerciooeu) Imagination aniatmoepherox see the action in your imagination and create tho atmosphere.,She has given herself away completely to her sister in a very warm. human way. lhen create the atmosphere at the cement when Joplana covers Alina's corpse.,atmosphere;climax;first;moment;talking,actor_struggle;daily_inspiration;directing_academic_footnote;method_terms,0.890,116,Tier 1 model-curated internal candidate,needs_visual_verification_against_pdf_page,,internal_candidate_only__not_publicly_cleared,internal Dawson/Lisa research only; UWindsor/archive and exact-use rights review required before any public/app use,DG-caaca652a61775c4,Duplicate/overlap also found in common_actor_struggles_quote_bucket_raw.csv row 132 (exact_normalized_duplicate). Duplicate/overlap also found in quote_candidates_priority.csv row 381 (same_item_page_source_page_cap). Duplicate/overlap also found in quote_candidates_priority.csv row 204 (exact_normalized_duplicate). Duplicate/overlap also found in quote_candidates_priority.csv row 289 (same_item_page_source_page_cap). Duplicate/overlap also found in quote_candidates_priority.csv row 640 (same_item_page_source_page_cap).,Selected from chekhov_on_directing_footnote_targets_raw.csv row 189 with score 116 and extraction_quality_proxy 0.890; primary Chekhov transcription; accepted after exact/overlap/page/item dedupe and diversity caps.,OCR/text-layer extraction candidate copied exactly from CSV field candidate_text_from_extraction_not_final; do not quote publicly until visually verified and cleared.,"Render/inspect the cited PDF page, visually transcribe exact wording, then Dawson/Lisa exact wording, attribution, and rights clearance."
MCT-UWINDSOR-365-117,117,method_terms,ability;actor_struggle;audience;daily_inspiration;directing_academic_footnote;first;imagination;method_terms;quote_candidates_priority.csv;tempo;whole,"But to be Able tonunp it. we hmio . first to ‘govolop fthc ability to incrcaod our Iprbdoncu by 421m simple ‘dcniro or by the means of imagination - that 5.5 the first thing - t‘u be able to separate them Excreiugn It in very useful to take some exor’cinoa from dif— ferent points,“ vicm — the whole £101:th in 25 whole orgaﬁlsn. The excl-ciao of creating graupn in different tempos a you must be in thq tempo which in umosfqd, and tho audience must got the imyronulrm b! that tompb.",csv_extraction_text,true,chekhov_on_directing_footnote_targets_raw.csv,152,25053f05974c4e1b,1001,1633,"September 20, 1939","September 20, 1939",primary_chekhov_transcription: by Michael Chekhov; transcribed by Deirdre Hurst du Prey,"lesson/transcription/UWindsor attribution approved by Dawson, exact source context still required",https://collections.uwindsor.ca/chekhov/item/1001,https://collections.uwindsor.ca/files/original/736a4878a0cb7d490bb413e1f391ef54f7ff90a2.pdf,pdf_cache/item_1001_september-20-1939.pdf,extracted_text_all/item_1001_september-20-1939.txt,6,"It 5.0 almyn like that — it tho spirit in in «compo. then comes a dramatic or tragic or uyliftmg thing - the Opposito is true when the body mkon tho place of thq with. then comes oithor humor or hysteriu.‘ I: 110 are ablo to managg the process of Separation of bur opiritﬁnd body in any mam-and than tho' » whole Image in ,botWoon.",‘Don't oopnrdto the body and ﬁpirb‘: tampon thiurtln'c'.,ability;audience;first;imagination;tempo;whole,actor_struggle;daily_inspiration;directing_academic_footnote;method_terms,0.868,118,Tier 1 model-curated internal candidate,needs_visual_verification_against_pdf_page,,internal_candidate_only__not_publicly_cleared,internal Dawson/Lisa research only; UWindsor/archive and exact-use rights review required before any public/app use,DG-25053f05974c4e1b,Duplicate/overlap also found in quote_candidates_priority.csv row 163 (exact_normalized_duplicate).,Selected from chekhov_on_directing_footnote_targets_raw.csv row 152 with score 118 and extraction_quality_proxy 0.868; primary Chekhov transcription; accepted after exact/overlap/page/item dedupe and diversity caps.,OCR/text-layer extraction candidate copied exactly from CSV field candidate_text_from_extraction_not_final; do not quote publicly until visually verified and cleared. Contains visible OCR artifacts; visual verification required before quotation.,"Render/inspect the cited PDF page, visually transcribe exact wording, then Dawson/Lisa exact wording, attribution, and rights clearance."
MCT-UWINDSOR-365-118,118,method_terms,beginning;composition;daily_inspiration;directing_academic_footnote;end;first;free;gesture;method_terms;middle;qualities;quote_candidates_priority.csv,"The middle part is always the transition between the first and last part, in the sense that we ara aiming at a certain goal. and the transition is further away from the starting point, and nearer to the goal. All the qualities and powers which belong to this big rhythmical gesture consisting of three part3, must be combined or changed so that during this middle part - this transitional part - the qualities of the end are more and more defeating the qualities of the beginning.",csv_extraction_text,true,chekhov_on_directing_footnote_targets_raw.csv,168,79e3ca887f3e66dd,850,1457,"March 11, 1938","March 11, 1938",primary_chekhov_transcription: by Michael Chekhov; transcribed by Deirdre Hurst du Prey,"lesson/transcription/UWindsor attribution approved by Dawson, exact source context still required",https://collections.uwindsor.ca/chekhov/item/850,https://collections.uwindsor.ca/files/original/04a7d0a5aa2d77995d0d3887bb96ad0c2b4ea6f4.pdf,pdf_cache/item_850_march-11-1938.pdf,extracted_text_all/item_850_march-11-1938.txt,2,"1938 We know that by producing certain rhythmical effects we have, as artists. tb develop the ability whilo being in the starting point in the beginning. to be able to anticipate the last part, and rhile moving to the last part, and being in the last part. to live in the beginning, recalling it. reviving it. and making it present in our artistic mind.",This is the main idea of the transition. although in each special and particular case of the rhythmical event or process. it can be varied indefinitely.,beginning;end;first;gesture;middle;qualities,directing_academic_footnote;method_terms,0.889,117,Tier 1 model-curated internal candidate,needs_visual_verification_against_pdf_page,,internal_candidate_only__not_publicly_cleared,internal Dawson/Lisa research only; UWindsor/archive and exact-use rights review required before any public/app use,DG-79e3ca887f3e66dd,Duplicate/overlap also found in quote_candidates_priority.csv row 182 (exact_normalized_duplicate). Duplicate/overlap also found in quote_candidates_priority.csv row 575 (same_item_page_source_page_cap).,Selected from chekhov_on_directing_footnote_targets_raw.csv row 168 with score 117 and extraction_quality_proxy 0.889; primary Chekhov transcription; accepted after exact/overlap/page/item dedupe and diversity caps.,OCR/text-layer extraction candidate copied exactly from CSV field candidate_text_from_extraction_not_final; do not quote publicly until visually verified and cleared.,"Render/inspect the cited PDF page, visually transcribe exact wording, then Dawson/Lisa exact wording, attribution, and rights clearance."
MCT-UWINDSOR-365-119,119,method_terms,actor_struggle;author;daily_inspiration;directing_academic_footnote;first;form;method_terms;play;quote_candidates_priority.csv;speech;theatre,"But 1f we only remain with the outside form and speak the words and move in the first rehcarsal as if we are ready to act, it means that we remain always on the surface, on the outside edge. Therefore, at present we have a theatre which exists oaly for rcpolt!ﬁg theauthor‘s words, THE AUTHOR®‘S IDEA or THE PLAY: We must dig deeply and penetrate to the very deepest point of the play, which isthe author‘sAdaa? this —e must elaborate on this first deepest place with our gestures, $ur speech, and our imnges.",csv_extraction_text,true,chekhov_on_directing_footnote_targets_raw.csv,151,2c5bfef5d2dbf422,627,1183,"November 21, 1936","November 21, 1936",primary_chekhov_transcription: by Michael Chekhov; transcribed by Deirdre Hurst du Prey,"lesson/transcription/UWindsor attribution approved by Dawson, exact source context still required",https://collections.uwindsor.ca/chekhov/item/627,https://collections.uwindsor.ca/files/original/cdbe14f3a5fcaa28017108631105830c2b86a218.pdf,pdf_cache/item_627_november-21-1936.pdf,extracted_text_all/item_627_november-21-1936.txt,3,"To find the author‘s idea and then do as we like with it, That is the right of our kind of theatro.","Then, and only then, will we be ready to begin to act.",author;first;form;play;speech;theatre,actor_struggle;daily_inspiration;directing_academic_footnote;method_terms,0.889,118,Tier 1 model-curated internal candidate,needs_visual_verification_against_pdf_page,,internal_candidate_only__not_publicly_cleared,internal Dawson/Lisa research only; UWindsor/archive and exact-use rights review required before any public/app use,DG-2c5bfef5d2dbf422,Duplicate/overlap also found in quote_candidates_priority.csv row 161 (exact_normalized_duplicate).,Selected from chekhov_on_directing_footnote_targets_raw.csv row 151 with score 118 and extraction_quality_proxy 0.889; primary Chekhov transcription; accepted after exact/overlap/page/item dedupe and diversity caps.,OCR/text-layer extraction candidate copied exactly from CSV field candidate_text_from_extraction_not_final; do not quote publicly until visually verified and cleared.,"Render/inspect the cited PDF page, visually transcribe exact wording, then Dawson/Lisa exact wording, attribution, and rights clearance."
MCT-UWINDSOR-365-120,120,daily_inspiration,actor_struggle;common_actor_struggles_quote_bucket_raw.csv;daily_inspiration;directing_academic_footnote;feeling;first;form;joy;method_terms;quote_candidates_priority.csv;will,This work will give you the first feeling fot form. We must have fire and joy in doing each exercise.,csv_extraction_text,true,chekhov_on_directing_footnote_targets_raw.csv,175,632eb24abbe28f11,632,1188,"November 26, 1936","November 26, 1936",primary_chekhov_transcription: by Michael Chekhov; transcribed by Deirdre Hurst du Prey,"lesson/transcription/UWindsor attribution approved by Dawson, exact source context still required",https://collections.uwindsor.ca/chekhov/item/632,https://collections.uwindsor.ca/files/original/dd20ccab6d711a44b7e436376f9ed4a455d7ff64.pdf,pdf_cache/item_632_november-26-1936.pdf,extracted_text_all/item_632_november-26-1936.txt,5,"Number 8 Promised Leand Broken Synphony & Kop ¥oon zood Second Y¥ision Spring Water Keteor or Falling Star Through theso divisions, which are provisional, if you will imegine them and sact them in your imaginstion, you will get more than the first feeling for the form which the play can take with time.","The school is good, but the fire and joy are absol— utely important.",feeling;first;form;joy;will,actor_struggle;daily_inspiration;directing_academic_footnote;method_terms,0.888,117,Tier 1 model-curated internal candidate,needs_visual_verification_against_pdf_page,,internal_candidate_only__not_publicly_cleared,internal Dawson/Lisa research only; UWindsor/archive and exact-use rights review required before any public/app use,DG-632eb24abbe28f11,Duplicate/overlap also found in common_actor_struggles_quote_bucket_raw.csv row 122 (exact_normalized_duplicate). Duplicate/overlap also found in quote_candidates_priority.csv row 189 (exact_normalized_duplicate).,Selected from chekhov_on_directing_footnote_targets_raw.csv row 175 with score 117 and extraction_quality_proxy 0.888; primary Chekhov transcription; accepted after exact/overlap/page/item dedupe and diversity caps.,OCR/text-layer extraction candidate copied exactly from CSV field candidate_text_from_extraction_not_final; do not quote publicly until visually verified and cleared.,"Render/inspect the cited PDF page, visually transcribe exact wording, then Dawson/Lisa exact wording, attribution, and rights clearance."
MCT-UWINDSOR-365-121,121,library_source_card,actor_struggle;beginning;daily_inspiration;directing_academic_footnote;directors;end;library_source_card;play;quote_candidates_priority.csv;whole;will,"If we should go on with this I would any that Miriam should try to express the metamorphoceo of tho cootumoo and tho characters. hhonvﬁou are Working pith ouch directors as vo have in our school, vmo are trying to olaborato this idea of metamorphoscs in tho whole play through costumes, settings. acting and everything! the designer must be more interested and more careful with the transitions and tho motamorphosoo from the beginning to the end, and why the play in divided into three parts. ctc.. etc. when working with such directors it will be essential for tho stage designer to pay ottontion to the idea of the motomorphoois of tho whole.",csv_extraction_text,true,chekhov_on_directing_footnote_targets_raw.csv,81,892fc213a6dc4221,919,1544,"November 3, 1938: Plans for the studio's life in Dartington and in America","November 3, 1938",primary_chekhov_transcription: by Michael Chekhov; transcribed by Deirdre Hurst du Prey,"lesson/transcription/UWindsor attribution approved by Dawson, exact source context still required",https://collections.uwindsor.ca/chekhov/item/919,https://collections.uwindsor.ca/files/original/0ecd55612a63172cb686f41aace83151918fc8ae.pdf,pdf_cache/item_919_november-3-1938-plans-for-the-studio-s-life-in-dartington-and-in-america.pdf,extracted_text_all/item_919_november-3-1938-plans-for-the-studio-s-life-in-dartington-and-in-america.txt,4,"We know that no have oomohow divided tho play into certain sections. certain parts, and you have shown tho three parts.",I am sorry you have not brought everything with you.,beginning;directors;end;play;whole;will,actor_struggle;daily_inspiration;directing_academic_footnote,0.886,123,Tier 1 model-curated internal candidate,needs_visual_verification_against_pdf_page,,internal_candidate_only__not_publicly_cleared,internal Dawson/Lisa research only; UWindsor/archive and exact-use rights review required before any public/app use,DG-892fc213a6dc4221,Duplicate/overlap also found in quote_candidates_priority.csv row 83 (exact_normalized_duplicate).,Selected from chekhov_on_directing_footnote_targets_raw.csv row 81 with score 123 and extraction_quality_proxy 0.886; primary Chekhov transcription; accepted after exact/overlap/page/item dedupe and diversity caps.,OCR/text-layer extraction candidate copied exactly from CSV field candidate_text_from_extraction_not_final; do not quote publicly until visually verified and cleared. Contains visible OCR artifacts; visual verification required before quotation.,"Render/inspect the cited PDF page, visually transcribe exact wording, then Dawson/Lisa exact wording, attribution, and rights clearance."
MCT-UWINDSOR-365-122,122,method_terms,ability;actor_struggle;cannot;daily_inspiration;directing_academic_footnote;end;group;method_terms;objective;quote_candidates_priority.csv;scene;whole;will,If you are concentrated en this ovenf; of the parlors of the ghost in the Hamlet scene. than you cannot do it prinitively or bluntly. If we are concentrated on the peweru of the ghost. than we will get the ability to group the whole eta-celled Complicated psychology in one grip of our will - where the objective site — end we will immediately reset on it; If you will imagine - for the sake of exact-aiming the power of cancontmtien - that your hchrt is growing no large an the whole earth. you will nee that everything is included in your heart. and everything in near to you.,csv_extraction_text,true,chekhov_on_directing_footnote_targets_raw.csv,147,9fc0aea207ce2082,1024,1656,"January 29, 1940","January 29, 1940",primary_chekhov_transcription: by Michael Chekhov; transcribed by Deirdre Hurst du Prey,"lesson/transcription/UWindsor attribution approved by Dawson, exact source context still required",https://collections.uwindsor.ca/chekhov/item/1024,https://collections.uwindsor.ca/files/original/0f3f8c3ba73e3cb7146e1bd3d461e6bb7bfc73a5.pdf,pdf_cache/item_1024_january-29-1940.pdf,extracted_text_all/item_1024_january-29-1940.txt,6,' ~ Thin-deco not mean ﬂint We have ie be primitive in our acting; It means to Ibecene concrete - you have simply #10 be concentroted - to-‘be able to be nlmyo concentrated on something is part of our Method.,There will be nothing between you. and you will come to a certain new kind of \mdorumnding of beings or proceeeeo in the,ability;cannot;end;group;objective;scene;whole;will,actor_struggle;daily_inspiration;directing_academic_footnote;method_terms,0.884,118,Tier 1 model-curated internal candidate,needs_visual_verification_against_pdf_page,,internal_candidate_only__not_publicly_cleared,internal Dawson/Lisa research only; UWindsor/archive and exact-use rights review required before any public/app use,DG-9fc0aea207ce2082,Duplicate/overlap also found in quote_candidates_priority.csv row 155 (exact_normalized_duplicate). Duplicate/overlap also found in quote_candidates_priority.csv row 667 (substring_or_overlap_duplicate).,Selected from chekhov_on_directing_footnote_targets_raw.csv row 147 with score 118 and extraction_quality_proxy 0.884; primary Chekhov transcription; accepted after exact/overlap/page/item dedupe and diversity caps.,OCR/text-layer extraction candidate copied exactly from CSV field candidate_text_from_extraction_not_final; do not quote publicly until visually verified and cleared.,"Render/inspect the cited PDF page, visually transcribe exact wording, then Dawson/Lisa exact wording, attribution, and rights clearance."
MCT-UWINDSOR-365-123,123,actor_struggle,ability;actor_struggle;body;cannot;characterization;chekhov_on_directing_footnote_targets_raw.csv;creative;daily_inspiration;directing_academic_footnote;events;feeling;form;inspiration;life;method_terms;quote_candidates_priority.csv,"19Q1 HJCHAEL CHEKHDV'S SIXTH CIASS FOR PROFESSIONAL ACTORS ""THE CREATIVE PROCESS — THE INSPIRATION - THE METHOD"" THE CREATIVE PROCESS AND THE IYAGINATION THE METHOD OUTER EVENTS AND THE ACTOR'S INNER LIFE FEELING OF FORM - THE AGTOR'S BODY CHARACTERIZATION uovrmﬁmm AS FORM FEELING 0F EASE Leo Tolstoy when scientists today try to calculate the ability of the human heart to pump so muchlliquid which moves through the big and small channels of the body. they cannot see that it is mechanically impossible to imagine such a pump as our heart.",csv_extraction_text,true,chekhov_on_directing_footnote_targets_raw.csv,196,87205da33f4923ec,1075,1706,"November 24, 1941: Michael Chekhov's sixth class for professional actors: The creative process -- The inspiration -- The method","November 24, 1941",primary_chekhov_transcription: by Michael Chekhov; transcribed by Deirdre Hurst du Prey,"lesson/transcription/UWindsor attribution approved by Dawson, exact source context still required",https://collections.uwindsor.ca/chekhov/item/1075,https://collections.uwindsor.ca/files/original/08f95e8a833eb7b3958cb11238ab06cc63364865.pdf,pdf_cache/item_1075_november-24-1941-michael-chekhov-s-sixth-class-for-professional-actors-the-creative-proces.pdf,extracted_text_all/item_1075_november-24-1941-michael-chekhov-s-sixth-class-for-professional-actors-the-creative-proces.txt,1,1/3 4‘: fr: (7 3 New York November 2k.,"First of all, the human heart. which would be able to move this quantity of blood, must be much bigger and stronger than it is, and the substance of the heart would havo to be of quite different material.",ability;body;cannot;characterization;creative;events;feeling;form;inspiration;life,actor_struggle;daily_inspiration;directing_academic_footnote;method_terms,0.887,116,Tier 1 model-curated internal candidate,needs_visual_verification_against_pdf_page,,internal_candidate_only__not_publicly_cleared,internal Dawson/Lisa research only; UWindsor/archive and exact-use rights review required before any public/app use,DG-87205da33f4923ec,Duplicate/overlap also found in chekhov_on_directing_footnote_targets_raw.csv row 195 (substring_or_overlap_duplicate). Duplicate/overlap also found in quote_candidates_priority.csv row 215 (exact_normalized_duplicate). Duplicate/overlap also found in quote_candidates_priority.csv row 214 (substring_or_overlap_duplicate).,Selected from chekhov_on_directing_footnote_targets_raw.csv row 196 with score 116 and extraction_quality_proxy 0.887; primary Chekhov transcription; accepted after exact/overlap/page/item dedupe and diversity caps.,OCR/text-layer extraction candidate copied exactly from CSV field candidate_text_from_extraction_not_final; do not quote publicly until visually verified and cleared.,"Render/inspect the cited PDF page, visually transcribe exact wording, then Dawson/Lisa exact wording, attribution, and rights clearance."
MCT-UWINDSOR-365-124,124,method_terms,actor_struggle;body;daily_inspiration;directing_academic_footnote;first;form;free;gesture;method_terms;psychological gesture;qualities;quote_candidates_priority.csv;whole,"In recent lessons we have established first, that the gesture arises in oneperson. is received by another. influences him. and also influences the one in when the gesture arose. Secondly, We have established that the gesture must occupy the whole body (better to say the whole being). because the whole being includes the psychological and physical whole. (Thinking - that is ""imagining"" in our profession.) The psychological gesture, if it is made by the whole body, is like a form into whieh. and through which we must pour out different qualities we need for this or that aim.",csv_extraction_text,true,chekhov_on_directing_footnote_targets_raw.csv,143,9955cb2237ee278a,817,1408,"February 3, 1938","February 3, 1938",primary_chekhov_transcription: by Michael Chekhov; transcribed by Deirdre Hurst du Prey,"lesson/transcription/UWindsor attribution approved by Dawson, exact source context still required",https://collections.uwindsor.ca/chekhov/item/817,https://collections.uwindsor.ca/files/original/3f54a4f6bde6164cc8f974e24765b1f322a1d124.pdf,pdf_cache/item_817_february-3-1938.pdf,extracted_text_all/item_817_february-3-1938.txt,1,We must explore the realm of the psychological gesture together. .,Under quel— ities we are free to understand everytldng.,body;first;form;gesture;psychological gesture;qualities;whole,actor_struggle;daily_inspiration;directing_academic_footnote;method_terms,0.881,118,Tier 1 model-curated internal candidate,needs_visual_verification_against_pdf_page,,internal_candidate_only__not_publicly_cleared,internal Dawson/Lisa research only; UWindsor/archive and exact-use rights review required before any public/app use,DG-9955cb2237ee278a,Duplicate/overlap also found in quote_candidates_priority.csv row 332 (same_item_page_source_page_cap). Duplicate/overlap also found in quote_candidates_priority.csv row 150 (exact_normalized_duplicate).,Selected from chekhov_on_directing_footnote_targets_raw.csv row 143 with score 118 and extraction_quality_proxy 0.881; primary Chekhov transcription; accepted after exact/overlap/page/item dedupe and diversity caps.,OCR/text-layer extraction candidate copied exactly from CSV field candidate_text_from_extraction_not_final; do not quote publicly until visually verified and cleared.,"Render/inspect the cited PDF page, visually transcribe exact wording, then Dawson/Lisa exact wording, attribution, and rights clearance."
MCT-UWINDSOR-365-125,125,method_terms,actor_struggle;body;concentrate;daily_inspiration;directing_academic_footnote;feeling;first;method_terms;qualities;quote_candidates_priority.csv;whole,We have used this theme for other nine but this in the first time we have done it for the feeling of the whole ~ it awakens more activity if it in used no on improvisation exercise. our bodies must be built soundly - we must be healthy - that means we muat have a feeling that our bodiou are healthy. so concentrate on the centre in your cheats which is holding your whole body in ite right proportion and by walking given you the right figure. and everything in your body is at your disposal — you have your body in your hands. in your power. now. do the Actor's March with these qualities.,csv_extraction_text,true,chekhov_on_directing_footnote_targets_raw.csv,149,6fde0072c2421aef,897,1522,"June 28, 1938","June 28, 1938",primary_chekhov_transcription: by Michael Chekhov; transcribed by Deirdre Hurst du Prey,"lesson/transcription/UWindsor attribution approved by Dawson, exact source context still required",https://collections.uwindsor.ca/chekhov/item/897,https://collections.uwindsor.ca/files/original/826da14cda43eeaed79571c6568d0e1eeea717de.pdf,pdf_cache/item_897_june-28-1938.pdf,extracted_text_all/item_897_june-28-1938.txt,10,Fly over the whole composition - anticipate it and then be euro that you have the feeling of the whole for each section separately. and for the whole performance.,No separate context_after field supplied by source extraction; inspect cited page/text_path for surrounding context.,body;concentrate;feeling;first;qualities;whole,actor_struggle;daily_inspiration;directing_academic_footnote;method_terms,0.892,118,Tier 1 model-curated internal candidate,needs_visual_verification_against_pdf_page,,internal_candidate_only__not_publicly_cleared,internal Dawson/Lisa research only; UWindsor/archive and exact-use rights review required before any public/app use,DG-6fde0072c2421aef,Duplicate/overlap also found in quote_candidates_priority.csv row 157 (exact_normalized_duplicate).,Selected from chekhov_on_directing_footnote_targets_raw.csv row 149 with score 118 and extraction_quality_proxy 0.892; primary Chekhov transcription; accepted after exact/overlap/page/item dedupe and diversity caps.,OCR/text-layer extraction candidate copied exactly from CSV field candidate_text_from_extraction_not_final; do not quote publicly until visually verified and cleared.,"Render/inspect the cited PDF page, visually transcribe exact wording, then Dawson/Lisa exact wording, attribution, and rights clearance."
MCT-UWINDSOR-365-126,126,actor_struggle,actor_struggle;audience;daily_inspiration;directing_academic_footnote;end;feelings;first;inspiration;inspired;quote_candidates_priority.csv;will,"It is so beautiful when you are able to nppecr on the stage end are sure that if you do this technical thins inside you, you will really throw to your audience so many intangible things which are the feelings vmich have come as an inspiration to you - that your audience will say in the first ten seconds. ”Yes. hero is something."" Your stream of something is so strong that you will set from the audience, “Yes. we are ready."" and then you rull get inspired because the audience has sent its “yes"" - the audience is open. Ehon you must create with your audience. together. first this toy and then",csv_extraction_text,true,chekhov_on_directing_footnote_targets_raw.csv,146,474aa1ade3d661cb,802,1381,"January 16, 1938","January 16, 1938",primary_chekhov_transcription: by Michael Chekhov; transcribed by Deirdre Hurst du Prey,"lesson/transcription/UWindsor attribution approved by Dawson, exact source context still required",https://collections.uwindsor.ca/chekhov/item/802,https://collections.uwindsor.ca/files/original/0b09e77011a6688c0839f8c81be6c62207d6443d.pdf,pdf_cache/item_802_january-16-1938.pdf,extracted_text_all/item_802_january-16-1938.txt,13,I want you to be straw that when I remind you about this realm of the feelings. that we can only create this ground if you are firmly standing on it.,No separate context_after field supplied by source extraction; inspect cited page/text_path for surrounding context.,audience;end;feelings;first;inspiration;inspired;will,actor_struggle;daily_inspiration;directing_academic_footnote,0.893,118,Tier 1 model-curated internal candidate,needs_visual_verification_against_pdf_page,,internal_candidate_only__not_publicly_cleared,internal Dawson/Lisa research only; UWindsor/archive and exact-use rights review required before any public/app use,DG-474aa1ade3d661cb,Duplicate/overlap also found in quote_candidates_priority.csv row 154 (exact_normalized_duplicate).,Selected from chekhov_on_directing_footnote_targets_raw.csv row 146 with score 118 and extraction_quality_proxy 0.893; primary Chekhov transcription; accepted after exact/overlap/page/item dedupe and diversity caps.,OCR/text-layer extraction candidate copied exactly from CSV field candidate_text_from_extraction_not_final; do not quote publicly until visually verified and cleared. Candidate may be page/window-boundary cut because it lacks terminal punctuation.,"Render/inspect the cited PDF page, visually transcribe exact wording, then Dawson/Lisa exact wording, attribution, and rights clearance."
MCT-UWINDSOR-365-127,127,actor_struggle,ability;actor_struggle;audience;cannot;daily_inspiration;difficult;directing_academic_footnote;first;play;quote_candidates_priority.csv;speech;stop;theatre;will,"S‘HE \‘4 v, ‘3' -‘ Lu Chekhov August 26, 19M) '1 was always more or less active in my theatre work, but once I came inte‘ a terribly difficult situation. It was in Germany when I met Reinhardt for the first time, and he gave so the ""leuding part in his play."" Ho wanted to perform the play in Vienna. and he gave me this part} Now if you know German actors. you will realise that after they have noted the play a hundredtimes. they got a strange ability - they open}: so quickly that they don' t understand each other - the audience does not understand 1:th well either, but the actors cannot stop this qqick speech.",csv_extraction_text,true,chekhov_on_directing_footnote_targets_raw.csv,135,726dbff98ad19979,1049,1681,"August 26, 1940","August 26, 1940",primary_chekhov_transcription: by Michael Chekhov; transcribed by Deirdre Hurst du Prey,"lesson/transcription/UWindsor attribution approved by Dawson, exact source context still required",https://collections.uwindsor.ca/chekhov/item/1049,https://collections.uwindsor.ca/files/original/87cb832450f0b48af98904df404863ad2c28b0ba.pdf,pdf_cache/item_1049_august-26-1940.pdf,extracted_text_all/item_1049_august-26-1940.txt,8,No separate context_before field supplied by source extraction; inspect cited page/text_path for surrounding context.,I was familiar with the Ganges language. but it was not my mother tongue? nut Reinhzrot told no 1:0 he ready in eight days - my first Comm-1 past!,ability;audience;cannot;difficult;first;play;speech;stop;theatre;will,actor_struggle;daily_inspiration;directing_academic_footnote,0.878,119,Tier 1 model-curated internal candidate,needs_visual_verification_against_pdf_page,,internal_candidate_only__not_publicly_cleared,internal Dawson/Lisa research only; UWindsor/archive and exact-use rights review required before any public/app use,DG-726dbff98ad19979,Duplicate/overlap also found in quote_candidates_priority.csv row 141 (exact_normalized_duplicate).,Selected from chekhov_on_directing_footnote_targets_raw.csv row 135 with score 119 and extraction_quality_proxy 0.878; primary Chekhov transcription; accepted after exact/overlap/page/item dedupe and diversity caps.,OCR/text-layer extraction candidate copied exactly from CSV field candidate_text_from_extraction_not_final; do not quote publicly until visually verified and cleared.,"Render/inspect the cited PDF page, visually transcribe exact wording, then Dawson/Lisa exact wording, attribution, and rights clearance."
MCT-UWINDSOR-365-128,128,method_terms,ability;actor_struggle;archetype;atmosphere;beauty;body;center;chekhov_on_directing_footnote_targets_raw.csv;daily_inspiration;directing_academic_footnote;feeling;feelings;form;gesture;inspiration;method_terms;objective;psychological gesture;quote_candidates_priority.csv;radiation;style;whole;will,"1937 Old Students and ‘ Atmosphere Objective (with new conditions) Contact Four Brothers: Feeling of case Feeling of form Feeling of beauty Feeling of the whole Radiation The center of interest 01d Students onlx: Character éby use of the invisible body, center, ate.) Archetype trying to find it by all the means) Getting the feelings through Inspiration (technioue of preparing the ground, opening the doors, etc.§ Psychological gesture Significance Style I hope that when you come back from the holidays. you will be ‘mprovod in your ability to use the Hathod — to manage and govern it.",csv_extraction_text,true,chekhov_on_directing_footnote_targets_raw.csv,184,859eca9cd1fbc2e8,798,1377,"December 13, 1937","December 13, 1937",primary_chekhov_transcription: by Michael Chekhov; transcribed by Deirdre Hurst du Prey,"lesson/transcription/UWindsor attribution approved by Dawson, exact source context still required",https://collections.uwindsor.ca/chekhov/item/798,https://collections.uwindsor.ca/files/original/70e7b92ad0a517102f4033289e8adb4913899e3c.pdf,pdf_cache/item_798_december-13-1937.pdf,extracted_text_all/item_798_december-13-1937.txt,3,Chekhov December 13.,Go through all the sketches in which you have a part.,ability;archetype;atmosphere;beauty;body;center;feeling;feelings;form;gesture;inspiration;objective;psychological gesture;radiation;style;whole;will,actor_struggle;daily_inspiration;directing_academic_footnote;method_terms,0.884,116,Tier 1 model-curated internal candidate,needs_visual_verification_against_pdf_page,,internal_candidate_only__not_publicly_cleared,internal Dawson/Lisa research only; UWindsor/archive and exact-use rights review required before any public/app use,DG-859eca9cd1fbc2e8,Duplicate/overlap also found in chekhov_on_directing_footnote_targets_raw.csv row 185 (substring_or_overlap_duplicate). Duplicate/overlap also found in quote_candidates_priority.csv row 198 (exact_normalized_duplicate).,Selected from chekhov_on_directing_footnote_targets_raw.csv row 184 with score 116 and extraction_quality_proxy 0.884; primary Chekhov transcription; accepted after exact/overlap/page/item dedupe and diversity caps.,OCR/text-layer extraction candidate copied exactly from CSV field candidate_text_from_extraction_not_final; do not quote publicly until visually verified and cleared.,"Render/inspect the cited PDF page, visually transcribe exact wording, then Dawson/Lisa exact wording, attribution, and rights clearance."
MCT-UWINDSOR-365-129,129,actor_struggle,actor_struggle;audience;daily_inspiration;directing_academic_footnote;gesture;living;method_terms;qualities;quality;quote_candidates_priority.csv;speech;theatre;will,"That is why we must create a new speech and gesture and theatre. Children have this quality, but through their education, all their living qualities are logt. fven the smallest whisper must be foilt asgs a gesture so that the audience will live with the actor every one of the gestures in his speech.",csv_extraction_text,true,common_actor_struggles_quote_bucket_raw.csv,98,3d1e11f59a09589f,619,1175,"November 10, 1936","November 10, 1936",primary_chekhov_transcription: by Michael Chekhov; transcribed by Deirdre Hurst du Prey,"lesson/transcription/UWindsor attribution approved by Dawson, exact source context still required",https://collections.uwindsor.ca/chekhov/item/619,https://collections.uwindsor.ca/files/original/f4b5e8349b8630e30c77df42dd364db7fafb3cab.pdf,pdf_cache/item_619_november-10-1936.pdf,extracted_text_all/item_619_november-10-1936.txt,2,"We, as actors, want to live.",No separate context_after field supplied by source extraction; inspect cited page/text_path for surrounding context.,audience;gesture;living;qualities;quality;speech;theatre;will,actor_struggle;daily_inspiration;directing_academic_footnote;method_terms,0.893,118,Tier 1 model-curated internal candidate,needs_visual_verification_against_pdf_page,,internal_candidate_only__not_publicly_cleared,internal Dawson/Lisa research only; UWindsor/archive and exact-use rights review required before any public/app use,DG-3d1e11f59a09589f,Duplicate/overlap also found in quote_candidates_priority.csv row 160 (exact_normalized_duplicate). Duplicate/overlap also found in quote_candidates_priority.csv row 417 (substring_or_overlap_duplicate).,Selected from common_actor_struggles_quote_bucket_raw.csv row 98 with score 118 and extraction_quality_proxy 0.893; primary Chekhov transcription; accepted after exact/overlap/page/item dedupe and diversity caps.,OCR/text-layer extraction candidate copied exactly from CSV field candidate_text_from_extraction_not_final; do not quote publicly until visually verified and cleared.,"Render/inspect the cited PDF page, visually transcribe exact wording, then Dawson/Lisa exact wording, attribution, and rights clearance."
MCT-UWINDSOR-365-130,130,actor_struggle,actor_struggle;cannot;daily_inspiration;directing_academic_footnote;individuality;method_terms;objective;quote_candidates_priority.csv;whole,"Chekhov May 21, 1936 is there but we must realize that the objective is never a possessive power. In hyanotism there is always a certain element of annihilation without which it cannot be fulfilled. because the whole trick is that the individuality of the other person falls asleep under my power, and he is no longer there.",csv_extraction_text,true,common_actor_struggles_quote_bucket_raw.csv,97,1d04e029c9302a7c,878,1485,"May 21, 1938 (afternoon)","May 21, 1938",primary_chekhov_transcription: by Michael Chekhov; transcribed by Deirdre Hurst du Prey,"lesson/transcription/UWindsor attribution approved by Dawson, exact source context still required",https://collections.uwindsor.ca/chekhov/item/878,https://collections.uwindsor.ca/files/original/998a6c46918b896aa442b5d090fee04a37f2046d.pdf,pdf_cache/item_878_may-21-1938-afternoon.pdf,extracted_text_all/item_878_may-21-1938-afternoon.txt,8,M.,"But wheh two actors have an objective, and they are fighting together in a very active dialogue. they are not killing each other. they are giving each other power.",cannot;individuality;objective;whole,actor_struggle;daily_inspiration;directing_academic_footnote;method_terms,0.884,118,Tier 1 model-curated internal candidate,needs_visual_verification_against_pdf_page,,internal_candidate_only__not_publicly_cleared,internal Dawson/Lisa research only; UWindsor/archive and exact-use rights review required before any public/app use,DG-1d04e029c9302a7c,Duplicate/overlap also found in quote_candidates_priority.csv row 159 (exact_normalized_duplicate).,Selected from common_actor_struggles_quote_bucket_raw.csv row 97 with score 118 and extraction_quality_proxy 0.884; primary Chekhov transcription; accepted after exact/overlap/page/item dedupe and diversity caps.,OCR/text-layer extraction candidate copied exactly from CSV field candidate_text_from_extraction_not_final; do not quote publicly until visually verified and cleared.,"Render/inspect the cited PDF page, visually transcribe exact wording, then Dawson/Lisa exact wording, attribution, and rights clearance."
MCT-UWINDSOR-365-131,131,actor_struggle,actor_struggle;blind;cast;daily_inspiration;directing_academic_footnote;director;feelings;gesture;imagination;intellectual;living;method_terms;psychological gesture;quality;quote_candidates_priority.csv;whole;will,"The whole point of the Method is the gesture and the imagination, as a result of which the feelings will grow and the poison of the intellect will be avoided. Your actors were empty before you, and they were living in an illusion that they were doing something. uhen the director does this he is blind.",csv_extraction_text,true,common_actor_struggles_quote_bucket_raw.csv,145,8a613936ae7f17d9,669,1228,"February 18, 1937","February 18, 1937",primary_chekhov_transcription: by Michael Chekhov; transcribed by Deirdre Hurst du Prey,"lesson/transcription/UWindsor attribution approved by Dawson, exact source context still required",https://collections.uwindsor.ca/chekhov/item/669,https://collections.uwindsor.ca/files/original/b410ed50995e1999193e915c9a7efa8ce8fb2c43.pdf,pdf_cache/item_669_february-18-1937.pdf,extracted_text_all/item_669_february-18-1937.txt,1,"The psychological gesture must be taken so pro— foundly. so soriouoly. because without this exploration of the approach through the gesture, the gesture is nothing but an illusion. and this kind of illusion kills the whole Method.",He is looking at his actors but he does not see then.,blind;director;feelings;gesture;imagination;living;whole;will,actor_struggle;daily_inspiration;directing_academic_footnote;method_terms,0.888,115,Tier 1 model-curated internal candidate,needs_visual_verification_against_pdf_page,,internal_candidate_only__not_publicly_cleared,internal Dawson/Lisa research only; UWindsor/archive and exact-use rights review required before any public/app use,DG-8a613936ae7f17d9,Duplicate/overlap also found in quote_candidates_priority.csv row 231 (exact_normalized_duplicate). Duplicate/overlap also found in quote_candidates_priority.csv row 547 (same_item_page_source_page_cap).,Selected from common_actor_struggles_quote_bucket_raw.csv row 145 with score 115 and extraction_quality_proxy 0.888; primary Chekhov transcription; accepted after exact/overlap/page/item dedupe and diversity caps.,OCR/text-layer extraction candidate copied exactly from CSV field candidate_text_from_extraction_not_final; do not quote publicly until visually verified and cleared.,"Render/inspect the cited PDF page, visually transcribe exact wording, then Dawson/Lisa exact wording, attribution, and rights clearance."
MCT-UWINDSOR-365-132,132,actor_struggle,actor_struggle;archetype;creative;daily_inspiration;directing_academic_footnote;feelings;individuality;method_terms;quote_candidates_priority.csv;rhythm;theatre,"""CONTINUOUS ACTING oo CONTINUOUS ACTING IMPROVISATION THE ACTOR'S CREATIVE INDIVIDUALITY THE ACTOR IZ THE THEATRE BRIDGES AND TRANSITIONS PERFORMING ARCHETYPAL PSYCHOLOGY, NOT PERSONAL FEELINGS THE ARCHETYPE RHYTHM. Bernard Shaw Stanislavsky ‘We must at least believe that there is something going on in us continuously.",csv_extraction_text,true,common_actor_struggles_quote_bucket_raw.csv,142,bfbe1d574fc89388,1083,2032,"December 29, 1941: Michael Chekhov's fourteenth class for professional actors: Continuous acting","December 29, 1941",primary_chekhov_transcription: by Michael Chekhov; transcribed by Deirdre Hurst du Prey,"lesson/transcription/UWindsor attribution approved by Dawson, exact source context still required",https://collections.uwindsor.ca/chekhov/item/1083,https://collections.uwindsor.ca/files/original/7594e836cb38d354f43b64f72f19ad3492a03c3b.pdf,pdf_cache/item_1083_december-29-1941-michael-chekhov-s-fourteenth-class-for-professional-actors-continuous-act.pdf,extracted_text_all/item_1083_december-29-1941-michael-chekhov-s-fourteenth-class-for-professional-actors-continuous-act.txt,1,"ew York December 29, 1941 MICHAEL CHEXHOV'S FOURTEENTH CLABS FOR FROFESSIONAL ACTORS .","Will this not increase in us our activities, our self-confidence, our ingenuity, our originality and our ability and desire to grow, day after day, week after week?",archetype;creative;feelings;individuality;rhythm;theatre,actor_struggle;daily_inspiration;directing_academic_footnote;method_terms,0.890,115,Tier 1 model-curated internal candidate,needs_visual_verification_against_pdf_page,,internal_candidate_only__not_publicly_cleared,internal Dawson/Lisa research only; UWindsor/archive and exact-use rights review required before any public/app use,DG-bfbe1d574fc89388,Duplicate/overlap also found in quote_candidates_priority.csv row 223 (exact_normalized_duplicate). Duplicate/overlap also found in quote_candidates_priority.csv row 927 (same_item_page_source_page_cap). Duplicate/overlap also found in quote_candidates_priority.csv row 926 (substring_or_overlap_duplicate).,Selected from common_actor_struggles_quote_bucket_raw.csv row 142 with score 115 and extraction_quality_proxy 0.890; primary Chekhov transcription; accepted after exact/overlap/page/item dedupe and diversity caps.,OCR/text-layer extraction candidate copied exactly from CSV field candidate_text_from_extraction_not_final; do not quote publicly until visually verified and cleared.,"Render/inspect the cited PDF page, visually transcribe exact wording, then Dawson/Lisa exact wording, attribution, and rights clearance."
MCT-UWINDSOR-365-133,133,actor_struggle,actor_struggle;beginning;cannot;daily_inspiration;directing_academic_footnote;director;imagination;life;quote_candidates_priority.csv;rehearsal;will,Firﬁt of all. the director gave some material for the imagination - to speak without imagination has no aenso. therefore it won for imagination. but the beginning of the rehearsal cannot be full. The beginning of the imagination must be very clearly pointed out. otherwino we will begin in a vacuum.,csv_extraction_text,true,common_actor_struggles_quote_bucket_raw.csv,150,e503d621c285e149,656,1212,"January 19, 1937","January 19, 1937",primary_chekhov_transcription: by Michael Chekhov; transcribed by Deirdre Hurst du Prey,"lesson/transcription/UWindsor attribution approved by Dawson, exact source context still required",https://collections.uwindsor.ca/chekhov/item/656,https://collections.uwindsor.ca/files/original/f3467eb2f551b0a9ced528fcaac1cee461aabacf.pdf,pdf_cache/item_656_january-19-1937.pdf,extracted_text_all/item_656_january-19-1937.txt,1,But thcro are some mistakes.,We must not slur our everyday life and iho rehearsal. otherwiuo it brings about a half-and-half state. neither rehearsal nor everyday life.,beginning;cannot;director;imagination;rehearsal;will,actor_struggle;daily_inspiration;directing_academic_footnote,0.882,115,Tier 1 model-curated internal candidate,needs_visual_verification_against_pdf_page,,internal_candidate_only__not_publicly_cleared,internal Dawson/Lisa research only; UWindsor/archive and exact-use rights review required before any public/app use,DG-e503d621c285e149,Duplicate/overlap also found in quote_candidates_priority.csv row 240 (exact_normalized_duplicate). Duplicate/overlap also found in quote_candidates_priority.csv row 648 (same_item_page_source_page_cap). Duplicate/overlap also found in quote_candidates_priority.csv row 646 (same_item_page_source_page_cap). Duplicate/overlap also found in quote_candidates_priority.csv row 647 (substring_or_overlap_duplicate).,Selected from common_actor_struggles_quote_bucket_raw.csv row 150 with score 115 and extraction_quality_proxy 0.882; primary Chekhov transcription; accepted after exact/overlap/page/item dedupe and diversity caps.,OCR/text-layer extraction candidate copied exactly from CSV field candidate_text_from_extraction_not_final; do not quote publicly until visually verified and cleared.,"Render/inspect the cited PDF page, visually transcribe exact wording, then Dawson/Lisa exact wording, attribution, and rights clearance."
MCT-UWINDSOR-365-134,134,daily_inspiration,actor_struggle;atmosphere;daily_inspiration;directing_academic_footnote;director;gesture;method_terms;qualities;quote_candidates_priority.csv;scene;speech;will,"Through atmosphere we will find speech as gesture, and through the study of our images we will find our characters. We must be very clear in our images and must accept from the director, the scene designer, etc., new qualities for our images . «e must be able to incorporate them.",csv_extraction_text,true,common_actor_struggles_quote_bucket_raw.csv,141,db6fd94fb0f1cecd,616,1172,"November 6, 1936",06-Nov-36,primary_chekhov_transcription: by Michael Chekhov; transcribed by Deirdre Hurst du Prey,"lesson/transcription/UWindsor attribution approved by Dawson, exact source context still required",https://collections.uwindsor.ca/chekhov/item/616,https://collections.uwindsor.ca/files/original/55cc65481de77273a51bdf738fd88e011b79a59f.pdf,pdf_cache/item_616_november-6-1936.pdf,extracted_text_all/item_616_november-6-1936.txt,2,"As actors, we must be able to find the way from the imaginative to the actual moverent.",Exerciges: 1.,atmosphere;director;gesture;qualities;scene;speech;will,actor_struggle;daily_inspiration;directing_academic_footnote;method_terms,0.890,115,Tier 1 model-curated internal candidate,needs_visual_verification_against_pdf_page,,internal_candidate_only__not_publicly_cleared,internal Dawson/Lisa research only; UWindsor/archive and exact-use rights review required before any public/app use,DG-db6fd94fb0f1cecd,Duplicate/overlap also found in quote_candidates_priority.csv row 220 (exact_normalized_duplicate).,Selected from common_actor_struggles_quote_bucket_raw.csv row 141 with score 115 and extraction_quality_proxy 0.890; primary Chekhov transcription; accepted after exact/overlap/page/item dedupe and diversity caps.,OCR/text-layer extraction candidate copied exactly from CSV field candidate_text_from_extraction_not_final; do not quote publicly until visually verified and cleared.,"Render/inspect the cited PDF page, visually transcribe exact wording, then Dawson/Lisa exact wording, attribution, and rights clearance."
MCT-UWINDSOR-365-135,135,actor_struggle,actor_struggle;attention;audience;center;daily_inspiration;directing_academic_footnote;director;feeling;method_terms;quote_candidates_priority.csv;whole;will,The director always knows where the at— tention of the audience will be. We must awaken this feeling that the center of attention is walking about. but the whole,csv_extraction_text,true,common_actor_struggles_quote_bucket_raw.csv,67,31b8041cdef01b15,772,1351,"October 28, 1937","October 28, 1937",primary_chekhov_transcription: by Michael Chekhov; transcribed by Deirdre Hurst du Prey,"lesson/transcription/UWindsor attribution approved by Dawson, exact source context still required",https://collections.uwindsor.ca/chekhov/item/772,https://collections.uwindsor.ca/files/original/8408dc997b8275aba00c3df4b2432bb6953be2d1.pdf,pdf_cache/item_772_october-28-1937.pdf,extracted_text_all/item_772_october-28-1937.txt,2,A well directed play is always one in which the audience is gathered to one point then to another.,No separate context_after field supplied by source extraction; inspect cited page/text_path for surrounding context.,attention;audience;center;director;feeling;whole;will,actor_struggle;daily_inspiration;directing_academic_footnote;method_terms,0.888,121,Tier 1 model-curated internal candidate,needs_visual_verification_against_pdf_page,,internal_candidate_only__not_publicly_cleared,internal Dawson/Lisa research only; UWindsor/archive and exact-use rights review required before any public/app use,DG-31b8041cdef01b15,Duplicate/overlap also found in quote_candidates_priority.csv row 116 (exact_normalized_duplicate).,Selected from common_actor_struggles_quote_bucket_raw.csv row 67 with score 121 and extraction_quality_proxy 0.888; primary Chekhov transcription; accepted after exact/overlap/page/item dedupe and diversity caps.,OCR/text-layer extraction candidate copied exactly from CSV field candidate_text_from_extraction_not_final; do not quote publicly until visually verified and cleared. Candidate may be page/window-boundary cut because it lacks terminal punctuation.,"Render/inspect the cited PDF page, visually transcribe exact wording, then Dawson/Lisa exact wording, attribution, and rights clearance."
MCT-UWINDSOR-365-136,136,actor_struggle,ability;actor_struggle;audience;daily_inspiration;difficult;directing_academic_footnote;future;quote_candidates_priority.csv;stop;theatre;will,And we can help him by our belief in his ability to create the theatre of the future. I mean we. the audience. and his colleagues and friends. or course. it will be difficult for him because there are so many things which stop the actor's doveIOpmcnt in our times.,csv_extraction_text,true,common_actor_struggles_quote_bucket_raw.csv,144,ff0b4593568a3c70,1085,1714,"February 17, 1942: Second open lecture to actors held at ""Actors Service,"" New York","February 17, 1942",primary_chekhov_transcription: by Michael Chekhov; transcribed by Deirdre Hurst du Prey,"lesson/transcription/UWindsor attribution approved by Dawson, exact source context still required",https://collections.uwindsor.ca/chekhov/item/1085,https://collections.uwindsor.ca/files/original/e2ad8ea668fcbc88e78d31b43871e4335c42382c.pdf,pdf_cache/item_1085_february-17-1942-second-open-lecture-to-actors-held-at-actors-service-new-york.pdf,extracted_text_all/item_1085_february-17-1942-second-open-lecture-to-actors-held-at-actors-service-new-york.txt,2,"Therefore, I think the actor in the one who has to worry about the theatre. and to create a new one.",For instance. tho box office in a very pleasant place. but it in disturbing.,ability;audience;difficult;future;stop;theatre;will,actor_struggle;daily_inspiration;directing_academic_footnote,0.890,115,Tier 1 model-curated internal candidate,needs_visual_verification_against_pdf_page,,internal_candidate_only__not_publicly_cleared,internal Dawson/Lisa research only; UWindsor/archive and exact-use rights review required before any public/app use,DG-ff0b4593568a3c70,Duplicate/overlap also found in quote_candidates_priority.csv row 230 (exact_normalized_duplicate).,Selected from common_actor_struggles_quote_bucket_raw.csv row 144 with score 115 and extraction_quality_proxy 0.890; primary Chekhov transcription; accepted after exact/overlap/page/item dedupe and diversity caps.,OCR/text-layer extraction candidate copied exactly from CSV field candidate_text_from_extraction_not_final; do not quote publicly until visually verified and cleared.,"Render/inspect the cited PDF page, visually transcribe exact wording, then Dawson/Lisa exact wording, attribution, and rights clearance."
MCT-UWINDSOR-365-137,137,daily_inspiration,actor_struggle;cannot;daily_inspiration;directing_academic_footnote;end;feeling;first;quote_candidates_priority.csv;scene;whole,Dickens is never only funny and never only tragic - we cannot accept the sentimentality which is there sometimes - the important thing is that he in both tragic and humennc. The prison scene in where we hear the first sign of this half-drama half-tragedy. imagine the scene with the feeling of the whole.,csv_extraction_text,true,quote_candidates_priority.csv,250,5f0c8e05e8921360,970,1595,"July, 1939","July, 1939",primary_chekhov_transcription: by Michael Chekhov; transcribed by Deirdre Hurst du Prey,"lesson/transcription/UWindsor attribution approved by Dawson, exact source context still required",https://collections.uwindsor.ca/chekhov/item/970,https://collections.uwindsor.ca/files/original/107d9cc3cfad4b46dbc238f4206efbadda6ef167.pdf,pdf_cache/item_970_july-1939.pdf,extracted_text_all/item_970_july-1939.txt,2,This is very necessary ~ there are two lines in the play - one is absolutely humorous and this prevails. and the other is a slight seriousness which even touches the tragic. and this will be shown in the priuon scene. with the curious ooliloquy which is heard out of the darkneoo.,Hinges of Peace: The old ladies are filled with real devotion to the teacher end loader.,cannot;feeling;first;scene;whole,actor_struggle;daily_inspiration;directing_academic_footnote,0.889,115,Tier 1 model-curated internal candidate,needs_visual_verification_against_pdf_page,,internal_candidate_only__not_publicly_cleared,internal Dawson/Lisa research only; UWindsor/archive and exact-use rights review required before any public/app use,DG-5f0c8e05e8921360,Duplicate/overlap also found in quote_candidates_priority.csv row 299 (same_item_page_source_page_cap).,Selected from quote_candidates_priority.csv row 250 with score 115 and extraction_quality_proxy 0.889; primary Chekhov transcription; accepted after exact/overlap/page/item dedupe and diversity caps.,OCR/text-layer extraction candidate copied exactly from CSV field candidate_text_from_extraction_not_final; do not quote publicly until visually verified and cleared.,"Render/inspect the cited PDF page, visually transcribe exact wording, then Dawson/Lisa exact wording, attribution, and rights clearance."
MCT-UWINDSOR-365-138,138,daily_inspiration,ability;actor_struggle;art;body;daily_inspiration;directing_academic_footnote;end;feeling;first;form;method_terms;quote_candidates_priority.csv;scene;whole;will,"FEELLMZ OF THE WHSLE: Whatever we do we must be able to antlcipate the end and to feel the begiuning. and that gives us the ability to feel the whole thing. which is absolutely LGCGSBaty for the artist. Jo have the feeling of the whole perforzuuce. the whole art, the whole scene, everything.",csv_extraction_text,true,quote_candidates_priority.csv,264,179052b832d27940,868,1475,"May 2, 1938 (afternoon)","May 2, 1938",primary_chekhov_transcription: by Michael Chekhov; transcribed by Deirdre Hurst du Prey,"lesson/transcription/UWindsor attribution approved by Dawson, exact source context still required",https://collections.uwindsor.ca/chekhov/item/868,https://collections.uwindsor.ca/files/original/365dc9def42eace61ce95ddb43ad2171052d0ff3.pdf,pdf_cache/item_868_may-2-1938-afternoon.pdf,extracted_text_all/item_868_may-2-1938-afternoon.txt,4,"You know that there in a Sign which will tell you whether you are doing your exercises correctly or incorrectly. if you have pleasure. that meazs you are right, but if you have to strive and feel certain contractions. that means you are not doing them correctly.",I want you to take it as a whole which you have to fulfill.,ability;art;end;feeling;scene;whole,actor_struggle;daily_inspiration;directing_academic_footnote,0.889,115,Tier 1 model-curated internal candidate,needs_visual_verification_against_pdf_page,,internal_candidate_only__not_publicly_cleared,internal Dawson/Lisa research only; UWindsor/archive and exact-use rights review required before any public/app use,DG-179052b832d27940,Duplicate/overlap also found in quote_candidates_priority.csv row 803 (same_item_page_source_page_cap).,Selected from quote_candidates_priority.csv row 264 with score 115 and extraction_quality_proxy 0.889; primary Chekhov transcription; accepted after exact/overlap/page/item dedupe and diversity caps.,OCR/text-layer extraction candidate copied exactly from CSV field candidate_text_from_extraction_not_final; do not quote publicly until visually verified and cleared.,"Render/inspect the cited PDF page, visually transcribe exact wording, then Dawson/Lisa exact wording, attribution, and rights clearance."
MCT-UWINDSOR-365-139,139,daily_inspiration,action;actor_struggle;beginning;daily_inspiration;directing_academic_footnote;director;free;gesture;imagination;inspiration;method_terms;moment;psychological gesture;quote_candidates_priority.csv;rehearsal;will,"He must give the action as well as the imagination, as for example. lifting, penetrating - something to do. )he moment the director wishes to use the approach of the psychological gesture, he must give his actors something to do. 1he actor must 3323 what he does. otherwise he cmx only act, and this_:cting will always be too early.",csv_extraction_text,true,quote_candidates_priority.csv,241,2d3a14fcd50c216f,656,1212,"January 19, 1937","January 19, 1937",primary_chekhov_transcription: by Michael Chekhov; transcribed by Deirdre Hurst du Prey,"lesson/transcription/UWindsor attribution approved by Dawson, exact source context still required",https://collections.uwindsor.ca/chekhov/item/656,https://collections.uwindsor.ca/files/original/f3467eb2f551b0a9ced528fcaac1cee461aabacf.pdf,pdf_cache/item_656_january-19-1937.pdf,extracted_text_all/item_656_january-19-1937.txt,10,Jhon the director forgets to define the activity there is confusion.,No separate context_after field supplied by source extraction; inspect cited page/text_path for surrounding context.,action;director;gesture;imagination;moment;psychological gesture;will,actor_struggle;daily_inspiration;directing_academic_footnote;method_terms,0.889,115,Tier 1 model-curated internal candidate,needs_visual_verification_against_pdf_page,,internal_candidate_only__not_publicly_cleared,internal Dawson/Lisa research only; UWindsor/archive and exact-use rights review required before any public/app use,DG-2d3a14fcd50c216f,Duplicate/overlap also found in quote_candidates_priority.csv row 556 (same_item_page_source_page_cap). Duplicate/overlap also found in quote_candidates_priority.csv row 387 (same_item_page_source_page_cap).,Selected from quote_candidates_priority.csv row 241 with score 115 and extraction_quality_proxy 0.889; primary Chekhov transcription; accepted after exact/overlap/page/item dedupe and diversity caps.,OCR/text-layer extraction candidate copied exactly from CSV field candidate_text_from_extraction_not_final; do not quote publicly until visually verified and cleared.,"Render/inspect the cited PDF page, visually transcribe exact wording, then Dawson/Lisa exact wording, attribution, and rights clearance."
MCT-UWINDSOR-365-140,140,method_terms,action;actor_struggle;daily_inspiration;directing_academic_footnote;first;method_terms;objective;radiation;rehearsal;scene;style,"1amichacl Chekhov November 18, 1937 IE?ROVISATIDH OBJECTIVE \ ACTION AND COUNTER-ACTION CONSCIOUS CONTROL OF THE METHOD STYLE RADIATION - PSYCHOLOGICAL ROVEMENT Hamlet Uday Shanhar IIPROVISATIONI 01d Students: Repeat the Hamlet scene ~ first begin by creating the powerful activity necessary for the rehearsal.",csv_extraction_text,true,quote_candidates_priority.csv,313,029af2ad5a23a8cb,784,1363,"November 18, 1937","November 18, 1937",primary_chekhov_transcription: by Michael Chekhov; transcribed by Deirdre Hurst du Prey,"lesson/transcription/UWindsor attribution approved by Dawson, exact source context still required",https://collections.uwindsor.ca/chekhov/item/784,https://collections.uwindsor.ca/files/original/8248d5b961a34afcf476eb20d0629e9294619557.pdf,pdf_cache/item_784_november-18-1937.pdf,extracted_text_all/item_784_november-18-1937.txt,1,No separate context_before field supplied by source extraction; inspect cited page/text_path for surrounding context.,We are going to improvise because we want to develop such an ability in our souls - the ability to fill all cans on the stage during performances.,action;first;objective;radiation;rehearsal;scene;style,actor_struggle;daily_inspiration;directing_academic_footnote;method_terms,0.884,114,Tier 1 model-curated internal candidate,needs_visual_verification_against_pdf_page,,internal_candidate_only__not_publicly_cleared,internal Dawson/Lisa research only; UWindsor/archive and exact-use rights review required before any public/app use,DG-029af2ad5a23a8cb,No retained duplicate after exact/overlap/page/item dedupe; see reject log for rejected overlaps.,Selected from quote_candidates_priority.csv row 313 with score 114 and extraction_quality_proxy 0.884; primary Chekhov transcription; accepted after exact/overlap/page/item dedupe and diversity caps.,OCR/text-layer extraction candidate copied exactly from CSV field candidate_text_from_extraction_not_final; do not quote publicly until visually verified and cleared.,"Render/inspect the cited PDF page, visually transcribe exact wording, then Dawson/Lisa exact wording, attribution, and rights clearance."
MCT-UWINDSOR-365-141,141,daily_inspiration,actor_struggle;concentration;daily_inspiration;directing_academic_footnote;first;life;method_terms;moment;whole;will,"First consontmte‘und then try. through 3pm concentration. to not with your whole being. observing Boar's inner life at this moment. Then I will um: you to incorporate it as much as possible. or take the moment; ""when Hamlet is on the castle tower and seat: for the first time the ghost of his father and says.",csv_extraction_text,true,quote_candidates_priority.csv,288,829acf0e67306bd4,1029,1661,"February 5, 1940","February 5, 1940",primary_chekhov_transcription: by Michael Chekhov; transcribed by Deirdre Hurst du Prey,"lesson/transcription/UWindsor attribution approved by Dawson, exact source context still required",https://collections.uwindsor.ca/chekhov/item/1029,https://collections.uwindsor.ca/files/original/dc267173960cebfac8e5ba52409dc0155103b21d.pdf,pdf_cache/item_1029_february-5-1940.pdf,extracted_text_all/item_1029_february-5-1940.txt,5,'Try to imagine his in a concentrated way and try to do it.,"""Father-I“.",concentration;first;life;moment;whole;will,actor_struggle;daily_inspiration;directing_academic_footnote;method_terms,0.881,114,Tier 1 model-curated internal candidate,needs_visual_verification_against_pdf_page,,internal_candidate_only__not_publicly_cleared,internal Dawson/Lisa research only; UWindsor/archive and exact-use rights review required before any public/app use,DG-829acf0e67306bd4,No retained duplicate after exact/overlap/page/item dedupe; see reject log for rejected overlaps.,Selected from quote_candidates_priority.csv row 288 with score 114 and extraction_quality_proxy 0.881; primary Chekhov transcription; accepted after exact/overlap/page/item dedupe and diversity caps.,OCR/text-layer extraction candidate copied exactly from CSV field candidate_text_from_extraction_not_final; do not quote publicly until visually verified and cleared.,"Render/inspect the cited PDF page, visually transcribe exact wording, then Dawson/Lisa exact wording, attribution, and rights clearance."
MCT-UWINDSOR-365-142,142,daily_inspiration,actor_struggle;body;daily_inspiration;directing_academic_footnote;feeling;method_terms;objective;qualities;quote_candidates_priority.csv;soul;whole;will,Again you must take the objective with your whole body. because you must tako it through your body. in order to awaken some beautiful new qualities for your actor’s being. with your whole body try to suspect him. and you will truly awaken the most beautiful feeling for tho actor. that or be— ing present on the stage with your whole being.,csv_extraction_text,true,quote_candidates_priority.csv,275,d2539dba354c5936,752,1331,"September 30, 1937","September 30, 1937",primary_chekhov_transcription: by Michael Chekhov; transcribed by Deirdre Hurst du Prey,"lesson/transcription/UWindsor attribution approved by Dawson, exact source context still required",https://collections.uwindsor.ca/chekhov/item/752,https://collections.uwindsor.ca/files/original/3fb3acda7bf7faff226f074d6d2416ed443c2ba5.pdf,pdf_cache/item_752_september-30-1937.pdf,extracted_text_all/item_752_september-30-1937.txt,10,You want to penetrate into the most innermost part of his soul in order to find out whether he ie spying or not.,You will never spoah on tho stago only to recite soliloguios — novor.,body;feeling;objective;qualities;whole;will,actor_struggle;daily_inspiration;directing_academic_footnote;method_terms,0.893,115,Tier 1 model-curated internal candidate,needs_visual_verification_against_pdf_page,,internal_candidate_only__not_publicly_cleared,internal Dawson/Lisa research only; UWindsor/archive and exact-use rights review required before any public/app use,DG-d2539dba354c5936,Duplicate/overlap also found in quote_candidates_priority.csv row 347 (substring_or_overlap_duplicate).,Selected from quote_candidates_priority.csv row 275 with score 115 and extraction_quality_proxy 0.893; primary Chekhov transcription; accepted after exact/overlap/page/item dedupe and diversity caps.,OCR/text-layer extraction candidate copied exactly from CSV field candidate_text_from_extraction_not_final; do not quote publicly until visually verified and cleared. Contains visible OCR artifacts; visual verification required before quotation.,"Render/inspect the cited PDF page, visually transcribe exact wording, then Dawson/Lisa exact wording, attribution, and rights clearance."
MCT-UWINDSOR-365-143,143,method_terms,actor_struggle;atmosphere;cannot;daily_inspiration;directing_academic_footnote;director;director's;feelings;method_terms,PERSONAL FEELINGS AND ATMOSPHERE: So we have to distinguish between portion-'11 feelings and the atmosphere. Let us imagine 13211.03. ~ the eecne in which they aremeiting the appearance of the ghostﬂWe cannot imagine that they are all in the same pereonal mood - that would be wrong from the actor's and the director's point of,csv_extraction_text,true,quote_candidates_priority.csv,274,d5649e6d8fdc8112,1056,1688,"September 23, 1940","September 23, 1940",primary_chekhov_transcription: by Michael Chekhov; transcribed by Deirdre Hurst du Prey,"lesson/transcription/UWindsor attribution approved by Dawson, exact source context still required",https://collections.uwindsor.ca/chekhov/item/1056,https://collections.uwindsor.ca/files/original/b8e587cd8a4fea17f7a67569a9f10b9e763662aa.pdf,pdf_cache/item_1056_september-23-1940.pdf,extracted_text_all/item_1056_september-23-1940.txt,8,We have to absorb the atmosphere which we ourvolvee have ingined. then react immediately he this imaginary air. and then our feelinge' begin to radiate en the stage. \‘Ihen our feelinge begin to radiate. when the oettinge create a contain atmosphere. colors. light. mice-up. all together they create 0. certain atmosphere on the stage which belonge to no one but to the performance on the w of he feelingn.,No separate context_after field supplied by source extraction; inspect cited page/text_path for surrounding context.,atmosphere;cannot;director;director's;feelings,actor_struggle;daily_inspiration;directing_academic_footnote;method_terms,0.872,115,Tier 1 model-curated internal candidate,needs_visual_verification_against_pdf_page,,internal_candidate_only__not_publicly_cleared,internal Dawson/Lisa research only; UWindsor/archive and exact-use rights review required before any public/app use,DG-d5649e6d8fdc8112,No retained duplicate after exact/overlap/page/item dedupe; see reject log for rejected overlaps.,Selected from quote_candidates_priority.csv row 274 with score 115 and extraction_quality_proxy 0.872; primary Chekhov transcription; accepted after exact/overlap/page/item dedupe and diversity caps.,OCR/text-layer extraction candidate copied exactly from CSV field candidate_text_from_extraction_not_final; do not quote publicly until visually verified and cleared. Candidate may be page/window-boundary cut because it lacks terminal punctuation.,"Render/inspect the cited PDF page, visually transcribe exact wording, then Dawson/Lisa exact wording, attribution, and rights clearance."
MCT-UWINDSOR-365-144,144,daily_inspiration,actor_struggle;beginning;courage;daily_inspiration;directing_academic_footnote;end;quote_candidates_priority.csv;theatre;will,Therefore. there in very much to do in the theatre. many things have to be rediscovered so that the beginning will become the end. And I think we muot do everything we can to mke the theatre more noble. more complicated. as it were. because this will serve our human culture more than anything else.,csv_extraction_text,true,quote_candidates_priority.csv,316,024582e4216e5ab5,1070,1702,"November 7, 1941: Michael Chekhov's first class for professional actors: Why is a method needed in the theatre of today?","November 7, 1941",primary_chekhov_transcription: by Michael Chekhov; transcribed by Deirdre Hurst du Prey,"lesson/transcription/UWindsor attribution approved by Dawson, exact source context still required",https://collections.uwindsor.ca/chekhov/item/1070,https://collections.uwindsor.ca/files/original/c05e92ea6e8514c94bfdbd2e4903b58efae0f482.pdf,pdf_cache/item_1070_november-7-1941-michael-chekhov-s-first-class-for-professional-actors-why-is-a-method-need.pdf,extracted_text_all/item_1070_november-7-1941-michael-chekhov-s-first-class-for-professional-actors-why-is-a-method-need.txt,7,But the beginning was very high and the end will be still higher.,"All the moral preaching is nothing, in comparison with the theatre, if one has the vision as to what will be the end of this beginning.",beginning;end;theatre;will,actor_struggle;daily_inspiration;directing_academic_footnote,0.890,114,Tier 1 model-curated internal candidate,needs_visual_verification_against_pdf_page,,internal_candidate_only__not_publicly_cleared,internal Dawson/Lisa research only; UWindsor/archive and exact-use rights review required before any public/app use,DG-024582e4216e5ab5,Duplicate/overlap also found in quote_candidates_priority.csv row 520 (same_item_page_source_page_cap). Duplicate/overlap also found in quote_candidates_priority.csv row 518 (same_item_page_source_page_cap). Duplicate/overlap also found in quote_candidates_priority.csv row 519 (same_item_page_source_page_cap). Duplicate/overlap also found in quote_candidates_priority.csv row 521 (same_item_page_source_page_cap). Duplicate/overlap also found in quote_candidates_priority.csv row 522 (same_item_page_source_page_cap).,Selected from quote_candidates_priority.csv row 316 with score 114 and extraction_quality_proxy 0.890; primary Chekhov transcription; accepted after exact/overlap/page/item dedupe and diversity caps.,OCR/text-layer extraction candidate copied exactly from CSV field candidate_text_from_extraction_not_final; do not quote publicly until visually verified and cleared.,"Render/inspect the cited PDF page, visually transcribe exact wording, then Dawson/Lisa exact wording, attribution, and rights clearance."
MCT-UWINDSOR-365-145,145,daily_inspiration,actor_struggle;daily_inspiration;difficult;directing_academic_footnote;director;form;future;method_terms;moment;play;quote_candidates_priority.csv;whole;will,"Then this cooperation. which in so difficult. will gradually get a form, a shape. FLYING OVER THE PLAY: The Fairv Tale: As the director, try to find in your preparatory work such gestures which will embrace the whole performance. and then try to proceed to the details. it is not good for the director to know too much. and the actors too little.",csv_extraction_text,true,quote_candidates_priority.csv,242,d3eb1e0e7c866a4a,660,1219,"January 25, 1937","January 25, 1937",primary_chekhov_transcription: by Michael Chekhov; transcribed by Deirdre Hurst du Prey,"lesson/transcription/UWindsor attribution approved by Dawson, exact source context still required",https://collections.uwindsor.ca/chekhov/item/660,https://collections.uwindsor.ca/files/original/1a6a83bcbf0a102fe3a2b4df34b3ccc4c293c1ad.pdf,pdf_cache/item_660_january-25-1937.pdf,extracted_text_all/item_660_january-25-1937.txt,7,"Therefore the director must not only have an idea of what the future performance will be, but he must really direct each person, each moment.","The director must lead his east through the whole performance, and then he must show one part, and thenagain thevhole or one big section. if you keep your cast for a long time in one place you will meet difficulties later when you start your rehearsals.",difficult;director;form;play;whole;will,actor_struggle;daily_inspiration;directing_academic_footnote;method_terms,0.894,115,Tier 1 model-curated internal candidate,needs_visual_verification_against_pdf_page,,internal_candidate_only__not_publicly_cleared,internal Dawson/Lisa research only; UWindsor/archive and exact-use rights review required before any public/app use,DG-d3eb1e0e7c866a4a,Duplicate/overlap also found in quote_candidates_priority.csv row 655 (same_item_page_source_page_cap).,Selected from quote_candidates_priority.csv row 242 with score 115 and extraction_quality_proxy 0.894; primary Chekhov transcription; accepted after exact/overlap/page/item dedupe and diversity caps.,OCR/text-layer extraction candidate copied exactly from CSV field candidate_text_from_extraction_not_final; do not quote publicly until visually verified and cleared.,"Render/inspect the cited PDF page, visually transcribe exact wording, then Dawson/Lisa exact wording, attribution, and rights clearance."
MCT-UWINDSOR-365-146,146,daily_inspiration,actor_struggle;atmosphere;cast;daily_inspiration;directing_academic_footnote;director;method_terms;quality;quote_candidates_priority.csv;scene;style;tempo;will,"NUAHCIEI The director can take one scene and the given atmosphere and then tell the cast that the tempo will be like so. and the quality like so. The scene with the Saint was good in the style of tragedy, and on this basis the director can elaborate everything. because there is already some quality in this scene; we are already on some ground.",csv_extraction_text,true,quote_candidates_priority.csv,249,3a0590885b615556,739,1318,"July 7, 1937","July 7, 1937",primary_chekhov_transcription: by Michael Chekhov; transcribed by Deirdre Hurst du Prey,"lesson/transcription/UWindsor attribution approved by Dawson, exact source context still required",https://collections.uwindsor.ca/chekhov/item/739,https://collections.uwindsor.ca/files/original/10f2210c287b5f00a0974647f0b9c8ca208cf696.pdf,pdf_cache/item_739_july-7-1937.pdf,extracted_text_all/item_739_july-7-1937.txt,2,"What is absolutely wrong is when tempo is considered as time, the director looks at his watch and sees that the performance was three minuteu longer. so he asko his cast to be quicker next time.",There was smother good thing in this rehearsal.,atmosphere;cast;director;quality;scene;style;tempo;will,actor_struggle;daily_inspiration;directing_academic_footnote;method_terms,0.891,115,Tier 1 model-curated internal candidate,needs_visual_verification_against_pdf_page,,internal_candidate_only__not_publicly_cleared,internal Dawson/Lisa research only; UWindsor/archive and exact-use rights review required before any public/app use,DG-3a0590885b615556,Duplicate/overlap also found in quote_candidates_priority.csv row 676 (same_item_page_source_page_cap).,Selected from quote_candidates_priority.csv row 249 with score 115 and extraction_quality_proxy 0.891; primary Chekhov transcription; accepted after exact/overlap/page/item dedupe and diversity caps.,OCR/text-layer extraction candidate copied exactly from CSV field candidate_text_from_extraction_not_final; do not quote publicly until visually verified and cleared.,"Render/inspect the cited PDF page, visually transcribe exact wording, then Dawson/Lisa exact wording, attribution, and rights clearance."
MCT-UWINDSOR-365-147,147,method_terms,action;actor_struggle;beginning;directing_academic_footnote;director;gesture;method_terms;psychological gesture;quote_candidates_priority.csv;will,"The director must always find the difference between action and acting. ihe action is the preparation for acting. let us supeoso your psychological gesture is ""pushingﬂ Rho purer your pushing is at the beginning - that is in the slutonic world - the richer will be your gushing in the world of the performance.",csv_extraction_text,true,quote_candidates_priority.csv,334,b4e10db4529a5d53,653,1209,"January 16, 1937","January 16, 1937",primary_chekhov_transcription: by Michael Chekhov; transcribed by Deirdre Hurst du Prey,"lesson/transcription/UWindsor attribution approved by Dawson, exact source context still required",https://collections.uwindsor.ca/chekhov/item/653,https://collections.uwindsor.ca/files/original/bb9c03dd6f50894ac6261959089f8a4d3dbf8291.pdf,pdf_cache/item_653_january-16-1937.pdf,extracted_text_all/item_653_january-16-1937.txt,7,Therefore. the result of all the evil things you wish to do is exactly the opposite!,And this Hill create a persuasive,action;beginning;director;gesture;psychological gesture;will,actor_struggle;directing_academic_footnote;method_terms,0.896,113,Tier 1 model-curated internal candidate,needs_visual_verification_against_pdf_page,,internal_candidate_only__not_publicly_cleared,internal Dawson/Lisa research only; UWindsor/archive and exact-use rights review required before any public/app use,DG-b4e10db4529a5d53,Duplicate/overlap also found in quote_candidates_priority.csv row 770 (substring_or_overlap_duplicate).,Selected from quote_candidates_priority.csv row 334 with score 113 and extraction_quality_proxy 0.896; primary Chekhov transcription; accepted after exact/overlap/page/item dedupe and diversity caps.,OCR/text-layer extraction candidate copied exactly from CSV field candidate_text_from_extraction_not_final; do not quote publicly until visually verified and cleared.,"Render/inspect the cited PDF page, visually transcribe exact wording, then Dawson/Lisa exact wording, attribution, and rights clearance."
MCT-UWINDSOR-365-148,148,daily_inspiration,ability;actor_struggle;atmosphere;cannot;daily_inspiration;directing_academic_footnote;method_terms;mistake;whole;will,"We make the mistake of thinking that the atmosphere cannot be shoyn through words; it can and must be shown through our words and movements. the atmosphere must permeate our whole lifo on the stage. There are many poss‘bilities in this atmosphere of nuepicion, but it is only through exercise that you will get thie ability to develop the atmosphere.",csv_extraction_text,true,quote_candidates_priority.csv,263,f421853c78ef42f5,874,1481,"May 12, 1938","May 12, 1938",primary_chekhov_transcription: by Michael Chekhov; transcribed by Deirdre Hurst du Prey,"lesson/transcription/UWindsor attribution approved by Dawson, exact source context still required",https://collections.uwindsor.ca/chekhov/item/874,https://collections.uwindsor.ca/files/original/15470ac5bd1a88bc2f19e2a023478f5a31b36beb.pdf,pdf_cache/item_874_may-12-1938.pdf,extracted_text_all/item_874_may-12-1938.txt,3,"Chekhov Izay 12, .1938 You must find the desire and the ability to be open to the thlnm you want to bé open to. right now you don't want to be open to the atmosphere. iho mistake you make is that when you begin to speak the atmosphere is shattered.",I want to give you an example of something which you should know by new.,ability;atmosphere;cannot;mistake;whole;will,actor_struggle;daily_inspiration;directing_academic_footnote;method_terms,0.892,115,Tier 1 model-curated internal candidate,needs_visual_verification_against_pdf_page,,internal_candidate_only__not_publicly_cleared,internal Dawson/Lisa research only; UWindsor/archive and exact-use rights review required before any public/app use,DG-f421853c78ef42f5,No retained duplicate after exact/overlap/page/item dedupe; see reject log for rejected overlaps.,Selected from quote_candidates_priority.csv row 263 with score 115 and extraction_quality_proxy 0.892; primary Chekhov transcription; accepted after exact/overlap/page/item dedupe and diversity caps.,OCR/text-layer extraction candidate copied exactly from CSV field candidate_text_from_extraction_not_final; do not quote publicly until visually verified and cleared.,"Render/inspect the cited PDF page, visually transcribe exact wording, then Dawson/Lisa exact wording, attribution, and rights clearance."
MCT-UWINDSOR-365-149,149,daily_inspiration,ability;actor_struggle;atmosphere;daily_inspiration;directing_academic_footnote;feeling;method_terms;play;scene;whole,We have to go on - consider yourselves se fighters with your ability to spread the atmosphere. to be present on the stage. to grasp the whole scene and the play with the feeling of the whole. Everything in all righe. but there is nothing going on when there are only speeches and cues and pauses - it does not make B. scene Because the actors don't,csv_extraction_text,true,quote_candidates_priority.csv,265,e3a21c52331080b6,1011,1643,"November 1, 1939","November 1, 1939",primary_chekhov_transcription: by Michael Chekhov; transcribed by Deirdre Hurst du Prey,"lesson/transcription/UWindsor attribution approved by Dawson, exact source context still required",https://collections.uwindsor.ca/chekhov/item/1011,https://collections.uwindsor.ca/files/original/ceec1253d5e5e0101dcee6ca8a20d4fff3fb2728.pdf,pdf_cache/item_1011_november-1-1939.pdf,extracted_text_all/item_1011_november-1-1939.txt,2,OUR METHOD: .,No separate context_after field supplied by source extraction; inspect cited page/text_path for surrounding context.,ability;atmosphere;feeling;play;scene;whole,actor_struggle;daily_inspiration;directing_academic_footnote;method_terms,0.888,115,Tier 1 model-curated internal candidate,needs_visual_verification_against_pdf_page,,internal_candidate_only__not_publicly_cleared,internal Dawson/Lisa research only; UWindsor/archive and exact-use rights review required before any public/app use,DG-e3a21c52331080b6,No retained duplicate after exact/overlap/page/item dedupe; see reject log for rejected overlaps.,Selected from quote_candidates_priority.csv row 265 with score 115 and extraction_quality_proxy 0.888; primary Chekhov transcription; accepted after exact/overlap/page/item dedupe and diversity caps.,OCR/text-layer extraction candidate copied exactly from CSV field candidate_text_from_extraction_not_final; do not quote publicly until visually verified and cleared. Candidate may be page/window-boundary cut because it lacks terminal punctuation.,"Render/inspect the cited PDF page, visually transcribe exact wording, then Dawson/Lisa exact wording, attribution, and rights clearance."
MCT-UWINDSOR-365-150,150,daily_inspiration,action;actor_struggle;body;daily_inspiration;directing_academic_footnote;feelings;method_terms;quote_candidates_priority.csv;whole,"Can such a platoon act? Therefore, we must appeal to our body. must stmighten it. and expand it in every Ian-action, amiss): it to help no to awoken our feelings. h'hen we are doing ""Ah,“ the whole body must be in tho state of ""Ah,"" in which you send streams out and get some streams from oomewhero.",csv_extraction_text,true,quote_candidates_priority.csv,294,b5a51215348bf1d0,930,1555,"January 23, 1939","January 23, 1939",primary_chekhov_transcription: by Michael Chekhov; transcribed by Deirdre Hurst du Prey,"lesson/transcription/UWindsor attribution approved by Dawson, exact source context still required",https://collections.uwindsor.ca/chekhov/item/930,https://collections.uwindsor.ca/files/original/18fb6188833f003d171e77183646ac754c008584.pdf,pdf_cache/item_930_january-23-1939.pdf,extracted_text_all/item_930_january-23-1939.txt,4,If the intellect is over-developed. it consumes the body — o :earicaturo would show a. big clever head w'ith eyes which are psychologically closed.,"Your whole body must I feel sound. open. strong, alive, and full of stream 01"" warmth and light.",action;body;feelings;whole,actor_struggle;daily_inspiration;directing_academic_footnote;method_terms,0.876,114,Tier 1 model-curated internal candidate,needs_visual_verification_against_pdf_page,,internal_candidate_only__not_publicly_cleared,internal Dawson/Lisa research only; UWindsor/archive and exact-use rights review required before any public/app use,DG-b5a51215348bf1d0,Duplicate/overlap also found in quote_candidates_priority.csv row 295 (substring_or_overlap_duplicate). Duplicate/overlap also found in quote_candidates_priority.csv row 654 (same_item_page_source_page_cap).,Selected from quote_candidates_priority.csv row 294 with score 114 and extraction_quality_proxy 0.876; primary Chekhov transcription; accepted after exact/overlap/page/item dedupe and diversity caps.,OCR/text-layer extraction candidate copied exactly from CSV field candidate_text_from_extraction_not_final; do not quote publicly until visually verified and cleared. Contains visible OCR artifacts; visual verification required before quotation.,"Render/inspect the cited PDF page, visually transcribe exact wording, then Dawson/Lisa exact wording, attribution, and rights clearance."
MCT-UWINDSOR-365-151,151,daily_inspiration,actor_struggle;beginning;daily_inspiration;directing_academic_footnote;first;future;whole;will,"Thcy will reveal. themselves gradually from that intﬁgvalcd. consistent whole which was created during thc first super-conscious period of anticipation. Evon in the beginning. during the first reading of a ploy, future vorticipantu in the performance mum react to it through their imaginnriono and not through their intellects.",csv_extraction_text,true,quote_candidates_priority.csv,277,930d1a97395c8b0a,558,1109,The theatre of the future,1936,primary_chekhov_transcription: by Michael Chekhov; transcribed by Deirdre Hurst du Prey,"lesson/transcription/UWindsor attribution approved by Dawson, exact source context still required",https://collections.uwindsor.ca/chekhov/item/558,https://collections.uwindsor.ca/files/original/aaf14603c5c621a5d40a63735d020981cc99921c.pdf,pdf_cache/item_558_the-theatre-of-the-future.pdf,extracted_text_all/item_558_the-theatre-of-the-future.txt,5,"It is there. and not in the world of realities that the production and performance. with all details and nuances, must first ripen and be born.",In the second stage‘ their imaginations betrom more and more enriched.,beginning;first;future;whole;will,actor_struggle;daily_inspiration;directing_academic_footnote,0.884,114,Tier 1 model-curated internal candidate,needs_visual_verification_against_pdf_page,,internal_candidate_only__not_publicly_cleared,internal Dawson/Lisa research only; UWindsor/archive and exact-use rights review required before any public/app use,DG-930d1a97395c8b0a,No retained duplicate after exact/overlap/page/item dedupe; see reject log for rejected overlaps.,Selected from quote_candidates_priority.csv row 277 with score 114 and extraction_quality_proxy 0.884; primary Chekhov transcription; accepted after exact/overlap/page/item dedupe and diversity caps.,OCR/text-layer extraction candidate copied exactly from CSV field candidate_text_from_extraction_not_final; do not quote publicly until visually verified and cleared. Contains visible OCR artifacts; visual verification required before quotation.,"Render/inspect the cited PDF page, visually transcribe exact wording, then Dawson/Lisa exact wording, attribution, and rights clearance."
MCT-UWINDSOR-365-152,152,daily_inspiration,actor_struggle;daily_inspiration;directing_academic_footnote;feeling;method_terms;play;qualities;quote_candidates_priority.csv;style;whole;will,"By thin means we get the very important thing which we call the feeling of the whole play. Thin time we will combine these things: the flying over the play. the feeling of the whole play. and the feeling for the style of the play which in light, easy. butterfly, sparkling. chillike qualities.",csv_extraction_text,true,quote_candidates_priority.csv,279,ae53de660708552b,924,1549,"December 8, 1938","December 8, 1938",primary_chekhov_transcription: by Michael Chekhov; transcribed by Deirdre Hurst du Prey,"lesson/transcription/UWindsor attribution approved by Dawson, exact source context still required",https://collections.uwindsor.ca/chekhov/item/924,https://collections.uwindsor.ca/files/original/c05e7b0f1d6480b694a5b2ac88aafaa855b80a45.pdf,pdf_cache/item_924_december-8-1938.pdf,extracted_text_all/item_924_december-8-1938.txt,2,For this aim we. from time to time. combine certain important scenes and ask the cant to act than one after another. as if it were the whole content of the play!,All the character: are like children.,feeling;play;qualities;style;whole;will,actor_struggle;daily_inspiration;directing_academic_footnote;method_terms,0.883,114,Tier 1 model-curated internal candidate,needs_visual_verification_against_pdf_page,,internal_candidate_only__not_publicly_cleared,internal Dawson/Lisa research only; UWindsor/archive and exact-use rights review required before any public/app use,DG-ae53de660708552b,Duplicate/overlap also found in quote_candidates_priority.csv row 281 (same_item_page_source_page_cap). Duplicate/overlap also found in quote_candidates_priority.csv row 280 (substring_or_overlap_duplicate).,Selected from quote_candidates_priority.csv row 279 with score 114 and extraction_quality_proxy 0.883; primary Chekhov transcription; accepted after exact/overlap/page/item dedupe and diversity caps.,OCR/text-layer extraction candidate copied exactly from CSV field candidate_text_from_extraction_not_final; do not quote publicly until visually verified and cleared.,"Render/inspect the cited PDF page, visually transcribe exact wording, then Dawson/Lisa exact wording, attribution, and rights clearance."
MCT-UWINDSOR-365-153,153,method_terms,actor_struggle;atmosphere;climax;daily_inspiration;directing_academic_footnote;first;method_terms;moment;play;problem;quote_candidates_priority.csv;rhythm;scene;style;whole,"IEXK r» Michael Chekhov September 1.‘ 1939 RHYTHM AT5105?HERE Adventuree of Samuel Pickwick Eu ., w _ Dingley Dell scene: V The atmosphere in one of eerredi and impending dieaeter. in the style of the play. Piekwick. from Ithe moment of hie entmnce. ie concerned with the problem of Arabella and Winkle — he in abeolutely dietmetad.",csv_extraction_text,true,quote_candidates_priority.csv,324,cc59136a3d481cd2,994,1626,"September 1, 1939","September 1, 1939",primary_chekhov_transcription: by Michael Chekhov; transcribed by Deirdre Hurst du Prey,"lesson/transcription/UWindsor attribution approved by Dawson, exact source context still required",https://collections.uwindsor.ca/chekhov/item/994,https://collections.uwindsor.ca/files/original/0eb74921a5f67bb7bdcd1676c934269c1f7faee3.pdf,pdf_cache/item_994_september-1-1939.pdf,extracted_text_all/item_994_september-1-1939.txt,1,No separate context_before field supplied by source extraction; inspect cited page/text_path for surrounding context.,We must understand what hue happened to him we must nee what he is thinking and perhope even opoaking to himself.,atmosphere;moment;play;problem;rhythm;scene;style,actor_struggle;daily_inspiration;directing_academic_footnote;method_terms,0.885,114,Tier 1 model-curated internal candidate,needs_visual_verification_against_pdf_page,,internal_candidate_only__not_publicly_cleared,internal Dawson/Lisa research only; UWindsor/archive and exact-use rights review required before any public/app use,DG-cc59136a3d481cd2,Duplicate/overlap also found in quote_candidates_priority.csv row 590 (same_item_page_source_page_cap). Duplicate/overlap also found in quote_candidates_priority.csv row 888 (same_item_page_source_page_cap). Duplicate/overlap also found in quote_candidates_priority.csv row 889 (same_item_page_source_page_cap).,Selected from quote_candidates_priority.csv row 324 with score 114 and extraction_quality_proxy 0.885; primary Chekhov transcription; accepted after exact/overlap/page/item dedupe and diversity caps.,OCR/text-layer extraction candidate copied exactly from CSV field candidate_text_from_extraction_not_final; do not quote publicly until visually verified and cleared.,"Render/inspect the cited PDF page, visually transcribe exact wording, then Dawson/Lisa exact wording, attribution, and rights clearance."
MCT-UWINDSOR-365-154,154,daily_inspiration,actor_struggle;attention;daily_inspiration;directing_academic_footnote;feeling;first;living;method_terms;quote_candidates_priority.csv;tempo;whole;will,"This will give us two things — first of all quite a new interpretation. and secondly, by making it shorter (having it as a feeling of the whole). he must be open to this new interpretation because of the change in tempo (change in tempo as a change in the means). How. twice as short.",csv_extraction_text,true,quote_candidates_priority.csv,304,e87c7deed632a31d,850,1457,"March 11, 1938","March 11, 1938",primary_chekhov_transcription: by Michael Chekhov; transcribed by Deirdre Hurst du Prey,"lesson/transcription/UWindsor attribution approved by Dawson, exact source context still required",https://collections.uwindsor.ca/chekhov/item/850,https://collections.uwindsor.ca/files/original/04a7d0a5aa2d77995d0d3887bb96ad0c2b4ea6f4.pdf,pdf_cache/item_850_march-11-1938.pdf,extracted_text_all/item_850_march-11-1938.txt,4,Very short whole.,"The tank is now very, veny inward. in the same tempo as last time. but now we have to experience it in— wardly in three parts. by the condition that during the first part you will be living in the first part.",feeling;first;tempo;whole;will,actor_struggle;daily_inspiration;directing_academic_footnote;method_terms,0.883,114,Tier 1 model-curated internal candidate,needs_visual_verification_against_pdf_page,,internal_candidate_only__not_publicly_cleared,internal Dawson/Lisa research only; UWindsor/archive and exact-use rights review required before any public/app use,DG-e87c7deed632a31d,Duplicate/overlap also found in quote_candidates_priority.csv row 305 (same_item_page_source_page_cap). Duplicate/overlap also found in quote_candidates_priority.csv row 303 (substring_or_overlap_duplicate). Duplicate/overlap also found in quote_candidates_priority.csv row 487 (same_item_page_source_page_cap). Duplicate/overlap also found in quote_candidates_priority.csv row 792 (same_item_page_source_page_cap). Duplicate/overlap also found in quote_candidates_priority.csv row 793 (same_item_page_source_page_cap).,Selected from quote_candidates_priority.csv row 304 with score 114 and extraction_quality_proxy 0.883; primary Chekhov transcription; accepted after exact/overlap/page/item dedupe and diversity caps.,OCR/text-layer extraction candidate copied exactly from CSV field candidate_text_from_extraction_not_final; do not quote publicly until visually verified and cleared.,"Render/inspect the cited PDF page, visually transcribe exact wording, then Dawson/Lisa exact wording, attribution, and rights clearance."
MCT-UWINDSOR-365-155,155,daily_inspiration,ability;actor_struggle;art;beauty;daily_inspiration;directing_academic_footnote;group;life;method_terms;qualities;quote_candidates_priority.csv;will,Tho‘po‘xcr So uniinitod.‘ You will been that there in a life baforo no of strength. beauty. and clarity. and wisdom in our art and. all obntacloo inside and around us can be pushed army lightly 11’ no haw; the vision. the ability to know tho qualities of‘tho group.“ which is tremendous strength and power.,csv_extraction_text,true,quote_candidates_priority.csv,326,aa833e3db790d746,1052,1684,"September 6, 1940","September 6, 1940",primary_chekhov_transcription: by Michael Chekhov; transcribed by Deirdre Hurst du Prey,"lesson/transcription/UWindsor attribution approved by Dawson, exact source context still required",https://collections.uwindsor.ca/chekhov/item/1052,https://collections.uwindsor.ca/files/original/0b6c92b01981a78520dec6b677a8ebf117dc81e2.pdf,pdf_cache/item_1052_september-6-1940.pdf,extracted_text_all/item_1052_september-6-1940.txt,3,It 19 Itho only thing which 1g wogj’éi‘mhuo to strive for and build on.,‘ I ' .,ability;art;beauty;group;life;qualities;will,actor_struggle;daily_inspiration;directing_academic_footnote;method_terms,0.851,114,Tier 1 model-curated internal candidate,needs_visual_verification_against_pdf_page,,internal_candidate_only__not_publicly_cleared,internal Dawson/Lisa research only; UWindsor/archive and exact-use rights review required before any public/app use,DG-aa833e3db790d746,Duplicate/overlap also found in quote_candidates_priority.csv row 744 (substring_or_overlap_duplicate).,Selected from quote_candidates_priority.csv row 326 with score 114 and extraction_quality_proxy 0.851; primary Chekhov transcription; accepted after exact/overlap/page/item dedupe and diversity caps.,OCR/text-layer extraction candidate copied exactly from CSV field candidate_text_from_extraction_not_final; do not quote publicly until visually verified and cleared. Contains visible OCR artifacts; visual verification required before quotation.,"Render/inspect the cited PDF page, visually transcribe exact wording, then Dawson/Lisa exact wording, attribution, and rights clearance."
MCT-UWINDSOR-365-156,156,method_terms,actor_struggle;archetype;atmosphere;daily_inspiration;directing_academic_footnote;feelings;method_terms;objective;quote_candidates_priority.csv;radiation;will,"If the objective'is really fully taken. it is a tremendous means for expressing the archetype — atmosphere. radiation. everything can be used for this purpose. If. for instance. you are playing Juliet, and you are lying on top of the tomb. you may be very full of some aura, and feelings and conceptionsjand yet all you can do is lie there.",csv_extraction_text,true,quote_candidates_priority.csv,309,3c649b684c719955,866,1473,"March 28, 1938 (afternoon)","March 28, 1938",primary_chekhov_transcription: by Michael Chekhov; transcribed by Deirdre Hurst du Prey,"lesson/transcription/UWindsor attribution approved by Dawson, exact source context still required",https://collections.uwindsor.ca/chekhov/item/866,https://collections.uwindsor.ca/files/original/688e0e58b9663ec599c83866709317943c96bf6c.pdf,pdf_cache/item_866_march-28-1938-afternoon.pdf,extracted_text_all/item_866_march-28-1938-afternoon.txt,13,If the means are elaborated through exercises they will adjust themselves to this archetype.,To what extent can your inner impulse reach the audience?,archetype;atmosphere;feelings;objective;radiation,actor_struggle;daily_inspiration;directing_academic_footnote;method_terms,0.888,114,Tier 1 model-curated internal candidate,needs_visual_verification_against_pdf_page,,internal_candidate_only__not_publicly_cleared,internal Dawson/Lisa research only; UWindsor/archive and exact-use rights review required before any public/app use,DG-3c649b684c719955,Duplicate/overlap also found in quote_candidates_priority.csv row 498 (same_item_page_source_page_cap).,Selected from quote_candidates_priority.csv row 309 with score 114 and extraction_quality_proxy 0.888; primary Chekhov transcription; accepted after exact/overlap/page/item dedupe and diversity caps.,OCR/text-layer extraction candidate copied exactly from CSV field candidate_text_from_extraction_not_final; do not quote publicly until visually verified and cleared.,"Render/inspect the cited PDF page, visually transcribe exact wording, then Dawson/Lisa exact wording, attribution, and rights clearance."
MCT-UWINDSOR-365-157,157,daily_inspiration,ability;actor_struggle;concentration;daily_inspiration;directing_academic_footnote;first;method_terms;whole,"This ability to be concentrated with our whole boing is the only one that can ho uoc'o 'by on artistrboéauso such kind of concentration awakens pGTIOl‘S in us, and the other kind. the concentration with our brain only. robs us of crontivo power. Pretend you are hearing it for tho first timo and take it quite fresh.",csv_extraction_text,true,quote_candidates_priority.csv,340,02752466acfec55c,853,1460,"March 14, 1938","March 14, 1938",primary_chekhov_transcription: by Michael Chekhov; transcribed by Deirdre Hurst du Prey,"lesson/transcription/UWindsor attribution approved by Dawson, exact source context still required",https://collections.uwindsor.ca/chekhov/item/853,https://collections.uwindsor.ca/files/original/1da51265c981b438859505a5c636ae67a01b4255.pdf,pdf_cache/item_853_march-14-1938.pdf,extracted_text_all/item_853_march-14-1938.txt,3,No are not concentrating with our brain activ— ity. nor with our senooa. ;but with our-:‘ohoio creative being.,Exorcinoa; .P-Iove about quite freely. keeping the some objective in your being.,ability;concentration;first;whole,actor_struggle;daily_inspiration;directing_academic_footnote;method_terms,0.880,113,Tier 1 model-curated internal candidate,needs_visual_verification_against_pdf_page,,internal_candidate_only__not_publicly_cleared,internal Dawson/Lisa research only; UWindsor/archive and exact-use rights review required before any public/app use,DG-02752466acfec55c,No retained duplicate after exact/overlap/page/item dedupe; see reject log for rejected overlaps.,Selected from quote_candidates_priority.csv row 340 with score 113 and extraction_quality_proxy 0.880; primary Chekhov transcription; accepted after exact/overlap/page/item dedupe and diversity caps.,OCR/text-layer extraction candidate copied exactly from CSV field candidate_text_from_extraction_not_final; do not quote publicly until visually verified and cleared. Contains visible OCR artifacts; visual verification required before quotation.,"Render/inspect the cited PDF page, visually transcribe exact wording, then Dawson/Lisa exact wording, attribution, and rights clearance."
MCT-UWINDSOR-365-158,158,daily_inspiration,action;actor_struggle;audience;center;daily_inspiration;directing_academic_footnote;feeling;feelings;future;life;method_terms;play;quote_candidates_priority.csv;rhythm;will,This play of space is absolutely an obvious feeling. and it is one of the most important feelings for the rhythm in the future. because the rhythm is life which goes on in different spaces and times. You must learn to follow this space and play with it.,csv_extraction_text,true,quote_candidates_priority.csv,269,86d7c0bab71261b0,789,1368,"November 29, 1937","November 29, 1937",primary_chekhov_transcription: by Michael Chekhov; transcribed by Deirdre Hurst du Prey,"lesson/transcription/UWindsor attribution approved by Dawson, exact source context still required",https://collections.uwindsor.ca/chekhov/item/789,https://collections.uwindsor.ca/files/original/697a76c0295c34a708fab266ec9cbc2c4080af6a.pdf,pdf_cache/item_789_november-29-1937.pdf,extracted_text_all/item_789_november-29-1937.txt,7,This fooling of center is very important for the future feeling of rhythm - to mold the space and make cubes. circles. squares. etc.. with the space.,But we will come to this question when we begin our rhythmical improvisation.,feeling;feelings;future;life;play;rhythm,actor_struggle;daily_inspiration;directing_academic_footnote;method_terms,0.895,115,Tier 1 model-curated internal candidate,needs_visual_verification_against_pdf_page,,internal_candidate_only__not_publicly_cleared,internal Dawson/Lisa research only; UWindsor/archive and exact-use rights review required before any public/app use,DG-86d7c0bab71261b0,Duplicate/overlap also found in quote_candidates_priority.csv row 429 (same_item_page_source_page_cap). Duplicate/overlap also found in quote_candidates_priority.csv row 734 (same_item_page_source_page_cap). Duplicate/overlap also found in quote_candidates_priority.csv row 735 (substring_or_overlap_duplicate).,Selected from quote_candidates_priority.csv row 269 with score 115 and extraction_quality_proxy 0.895; primary Chekhov transcription; accepted after exact/overlap/page/item dedupe and diversity caps.,OCR/text-layer extraction candidate copied exactly from CSV field candidate_text_from_extraction_not_final; do not quote publicly until visually verified and cleared.,"Render/inspect the cited PDF page, visually transcribe exact wording, then Dawson/Lisa exact wording, attribution, and rights clearance."
MCT-UWINDSOR-365-159,159,daily_inspiration,actor_struggle;beginning;creative;daily_inspiration;directing_academic_footnote;end;first;group;method_terms;quote_candidates_priority.csv;rhythm;whole;will,"On a small scale, like now, you must be able to mount the staircase softhnt you will not notice it. when you have to look at it. you are not being creative. How. we have done this technically several times and we know what we are going to do - take the first simply rhythm exercises, absolutely seriously, and they will bring us the result.",csv_extraction_text,true,quote_candidates_priority.csv,307,65d2bafd2ebcd913,857,1464,"March 16, 1938","March 16, 1938",primary_chekhov_transcription: by Michael Chekhov; transcribed by Deirdre Hurst du Prey,"lesson/transcription/UWindsor attribution approved by Dawson, exact source context still required",https://collections.uwindsor.ca/chekhov/item/857,https://collections.uwindsor.ca/files/original/f86af6b8855ca611ef7a1751e13b83503409b655.pdf,pdf_cache/item_857_march-16-1938.pdf,extracted_text_all/item_857_march-16-1938.txt,2,This is.in general. on a big scale.,The idea for the first time is to experience this process as a whole - nothing more.,creative;first;rhythm;will,actor_struggle;daily_inspiration;directing_academic_footnote;method_terms,0.885,114,Tier 1 model-curated internal candidate,needs_visual_verification_against_pdf_page,,internal_candidate_only__not_publicly_cleared,internal Dawson/Lisa research only; UWindsor/archive and exact-use rights review required before any public/app use,DG-65d2bafd2ebcd913,Duplicate/overlap also found in quote_candidates_priority.csv row 797 (same_item_page_source_page_cap). Duplicate/overlap also found in quote_candidates_priority.csv row 581 (same_item_page_source_page_cap).,Selected from quote_candidates_priority.csv row 307 with score 114 and extraction_quality_proxy 0.885; primary Chekhov transcription; accepted after exact/overlap/page/item dedupe and diversity caps.,OCR/text-layer extraction candidate copied exactly from CSV field candidate_text_from_extraction_not_final; do not quote publicly until visually verified and cleared.,"Render/inspect the cited PDF page, visually transcribe exact wording, then Dawson/Lisa exact wording, attribution, and rights clearance."
MCT-UWINDSOR-365-160,160,daily_inspiration,actor_struggle;daily_inspiration;directing_academic_footnote;first;future;method_terms;scene;style;will,In rm cases we will approach our future plays through improvisation. Scene from Hamlet. to be used only as a. theme - the style and mood only to be used - it is not necessary to rememJoor the words.2 The first night scene in which Horatio and the guard want to meet the ghost.,csv_extraction_text,true,quote_candidates_priority.csv,319,9153a6d9b6592373,770,8503,"October 25, 1937","October 25, 1937",primary_chekhov_transcription: by Michael Chekhov; transcribed by Deirdre Hurst du Prey,"lesson/transcription/UWindsor attribution approved by Dawson, exact source context still required",https://collections.uwindsor.ca/chekhov/item/770,https://collections.uwindsor.ca/files/original/8641e87823769212d822db98d0c7db353845dd56.pdf,pdf_cache/item_770_october-25-1937.pdf,extracted_text_all/item_770_october-25-1937.txt,4,In our ﬁxture theatre. when we start our rehearsals we will combine improvisation and rehearsal.,Listen to it with your imagination.,first;future;scene;style;will,actor_struggle;daily_inspiration;directing_academic_footnote;method_terms,0.882,114,Tier 1 model-curated internal candidate,needs_visual_verification_against_pdf_page,,internal_candidate_only__not_publicly_cleared,internal Dawson/Lisa research only; UWindsor/archive and exact-use rights review required before any public/app use,DG-9153a6d9b6592373,No retained duplicate after exact/overlap/page/item dedupe; see reject log for rejected overlaps.,Selected from quote_candidates_priority.csv row 319 with score 114 and extraction_quality_proxy 0.882; primary Chekhov transcription; accepted after exact/overlap/page/item dedupe and diversity caps.,OCR/text-layer extraction candidate copied exactly from CSV field candidate_text_from_extraction_not_final; do not quote publicly until visually verified and cleared.,"Render/inspect the cited PDF page, visually transcribe exact wording, then Dawson/Lisa exact wording, attribution, and rights clearance."
MCT-UWINDSOR-365-161,161,daily_inspiration,actor_struggle;cast;daily_inspiration;directing_academic_footnote;directors;play;quote_candidates_priority.csv;whole;will,"You must remind your cast that the whole playis to be done. when you give exercises for small momonts, you must also give exercises for the whole play so that the results will come sooner. Joplana should not be so close behind ualladina. if there is more space Salladina will feel the elemental forces better.",csv_extraction_text,true,quote_candidates_priority.csv,364,6f0b227a70478211,662,1221,"February 1, 1937","February 1, 1937",primary_chekhov_transcription: by Michael Chekhov; transcribed by Deirdre Hurst du Prey,"lesson/transcription/UWindsor attribution approved by Dawson, exact source context still required",https://collections.uwindsor.ca/chekhov/item/662,https://collections.uwindsor.ca/files/original/1966a3ede8cfa9cdb6ab96fac16a2021763e49f5.pdf,pdf_cache/item_662_february-1-1937.pdf,extracted_text_all/item_662_february-1-1937.txt,3,All directors muut do this from time to time.,Alina must have a .estura to do when she is 5,cast;play;whole;will,actor_struggle;daily_inspiration;directing_academic_footnote,0.888,112,Tier 1 model-curated internal candidate,needs_visual_verification_against_pdf_page,,internal_candidate_only__not_publicly_cleared,internal Dawson/Lisa research only; UWindsor/archive and exact-use rights review required before any public/app use,DG-6f0b227a70478211,Duplicate/overlap also found in quote_candidates_priority.csv row 616 (same_item_page_source_page_cap).,Selected from quote_candidates_priority.csv row 364 with score 112 and extraction_quality_proxy 0.888; primary Chekhov transcription; accepted after exact/overlap/page/item dedupe and diversity caps.,OCR/text-layer extraction candidate copied exactly from CSV field candidate_text_from_extraction_not_final; do not quote publicly until visually verified and cleared.,"Render/inspect the cited PDF page, visually transcribe exact wording, then Dawson/Lisa exact wording, attribution, and rights clearance."
MCT-UWINDSOR-365-162,162,daily_inspiration,actor_struggle;daily_inspiration;directing_academic_footnote;form;love;method_terms;qualities;will,But until you reach this point you will not be able to be the actor we want — you must hate yourself tremendously. then all the false things will fall away. and you will show us your own.beautiful qualities. I tell you this only because I love you very much. and know that you are a very serious. deep person. so I give you my suggestions in this heart form.,csv_extraction_text,true,quote_candidates_priority.csv,310,e66d0d578b67f99a,848,1455,"March 8, 1938 (afternoon)","March 8, 1938",primary_chekhov_transcription: by Michael Chekhov; transcribed by Deirdre Hurst du Prey,"lesson/transcription/UWindsor attribution approved by Dawson, exact source context still required",https://collections.uwindsor.ca/chekhov/item/848,https://collections.uwindsor.ca/files/original/c8278710ab789a625d44cebe6841eae32d9223f0.pdf,pdf_cache/item_848_march-8-1938-afternoon.pdf,extracted_text_all/item_848_march-8-1938-afternoon.txt,7,You must hate this part of you which pretends. when you will really hate yourself you will come to me and say that you must leave the school. and I will say to you that now you will begin to be ah actor.,If you will hate me,form;love;qualities;will,actor_struggle;daily_inspiration;directing_academic_footnote;method_terms,0.897,114,Tier 1 model-curated internal candidate,needs_visual_verification_against_pdf_page,,internal_candidate_only__not_publicly_cleared,internal Dawson/Lisa research only; UWindsor/archive and exact-use rights review required before any public/app use,DG-e66d0d578b67f99a,No retained duplicate after exact/overlap/page/item dedupe; see reject log for rejected overlaps.,Selected from quote_candidates_priority.csv row 310 with score 114 and extraction_quality_proxy 0.897; primary Chekhov transcription; accepted after exact/overlap/page/item dedupe and diversity caps.,OCR/text-layer extraction candidate copied exactly from CSV field candidate_text_from_extraction_not_final; do not quote publicly until visually verified and cleared.,"Render/inspect the cited PDF page, visually transcribe exact wording, then Dawson/Lisa exact wording, attribution, and rights clearance."
MCT-UWINDSOR-365-163,163,daily_inspiration,actor_struggle;creative;daily_inspiration;directing_academic_footnote;directors;events;first;future;life;play;quote_candidates_priority.csv;soul;will,"Actors and directors of tha future will make thzlr first acquulnLance with a play in a runner identical with Ihe way in which the soul of a child receives the first. impreanlonu of Ilia around It. Thair first reading of a script will be ulmllur to the way in which a child ""reads"" successive events of life.",csv_extraction_text,true,quote_candidates_priority.csv,352,b1d855df59cf3707,558,1109,The theatre of the future,1936,primary_chekhov_transcription: by Michael Chekhov; transcribed by Deirdre Hurst du Prey,"lesson/transcription/UWindsor attribution approved by Dawson, exact source context still required",https://collections.uwindsor.ca/chekhov/item/558,https://collections.uwindsor.ca/files/original/aaf14603c5c621a5d40a63735d020981cc99921c.pdf,pdf_cache/item_558_the-theatre-of-the-future.pdf,extracted_text_all/item_558_the-theatre-of-the-future.txt,3,The only difference (a that now we are applying it In our labors over an artistic work oi one kind or another.,"The actors and directoru of the future. in approaching their creative tasks, will lay grant stream on the imprcsalono they receive from the vcry first reading at a play.",directors;events;first;future;life;play;soul;will,actor_struggle;daily_inspiration;directing_academic_footnote,0.889,112,Tier 1 model-curated internal candidate,needs_visual_verification_against_pdf_page,,internal_candidate_only__not_publicly_cleared,internal Dawson/Lisa research only; UWindsor/archive and exact-use rights review required before any public/app use,DG-b1d855df59cf3707,Duplicate/overlap also found in quote_candidates_priority.csv row 595 (same_item_page_source_page_cap). Duplicate/overlap also found in quote_candidates_priority.csv row 905 (same_item_page_source_page_cap).,Selected from quote_candidates_priority.csv row 352 with score 112 and extraction_quality_proxy 0.889; primary Chekhov transcription; accepted after exact/overlap/page/item dedupe and diversity caps.,OCR/text-layer extraction candidate copied exactly from CSV field candidate_text_from_extraction_not_final; do not quote publicly until visually verified and cleared.,"Render/inspect the cited PDF page, visually transcribe exact wording, then Dawson/Lisa exact wording, attribution, and rights clearance."
MCT-UWINDSOR-365-164,164,daily_inspiration,actor_struggle;body;daily_inspiration;directing_academic_footnote;gesture;love;method_terms;speech;whole,"Kichael Chekhov November 12, 1936 SPEECGH ANB sSPSECHAR ANCG CESTURE sending out our speech, we are sending out some— thing very full, very complete and with very definite shape. You must love the gesture in your speech; therefore, you must sperk with your whole body,.",csv_extraction_text,true,quote_candidates_priority.csv,311,6121f8ae6ce923f4,621,1177,"November 12, 1936","November 12, 1936",primary_chekhov_transcription: by Michael Chekhov; transcribed by Deirdre Hurst du Prey,"lesson/transcription/UWindsor attribution approved by Dawson, exact source context still required",https://collections.uwindsor.ca/chekhov/item/621,https://collections.uwindsor.ca/files/original/d2dfe79d37434bb7029231de142a30b5f9da6c68.pdf,pdf_cache/item_621_november-12-1936.pdf,extracted_text_all/item_621_november-12-1936.txt,1,No separate context_before field supplied by source extraction; inspect cited page/text_path for surrounding context.,"Your gesture, at the moment you make it, is your speech.",body;gesture;love;speech;whole,actor_struggle;daily_inspiration;directing_academic_footnote;method_terms,0.883,114,Tier 1 model-curated internal candidate,needs_visual_verification_against_pdf_page,,internal_candidate_only__not_publicly_cleared,internal Dawson/Lisa research only; UWindsor/archive and exact-use rights review required before any public/app use,DG-6121f8ae6ce923f4,No retained duplicate after exact/overlap/page/item dedupe; see reject log for rejected overlaps.,Selected from quote_candidates_priority.csv row 311 with score 114 and extraction_quality_proxy 0.883; primary Chekhov transcription; accepted after exact/overlap/page/item dedupe and diversity caps.,OCR/text-layer extraction candidate copied exactly from CSV field candidate_text_from_extraction_not_final; do not quote publicly until visually verified and cleared.,"Render/inspect the cited PDF page, visually transcribe exact wording, then Dawson/Lisa exact wording, attribution, and rights clearance."
MCT-UWINDSOR-365-165,165,daily_inspiration,actor_struggle;body;daily_inspiration;dead;directing_academic_footnote;feeling;method_terms;objective;whole;will,When you~aro asked to take the objective with your whole body. it means you must try to awaken the feeling that your beck] is thinkinr. wishing. feelinv. If this is not yet the feet. then we are like a sleeping person. i‘he spirit is not dead - in the morning the spirit will come back and the person will be awake.,csv_extraction_text,true,quote_candidates_priority.csv,355,eacba8ca6c68b98d,799,1378,"December 14, 1937","December 14, 1937",primary_chekhov_transcription: by Michael Chekhov; transcribed by Deirdre Hurst du Prey,"lesson/transcription/UWindsor attribution approved by Dawson, exact source context still required",https://collections.uwindsor.ca/chekhov/item/799,https://collections.uwindsor.ca/files/original/75d3f1df239b051e5ca8534bcea5d8e88a44c762.pdf,pdf_cache/item_799_december-14-1937.pdf,extracted_text_all/item_799_december-14-1937.txt,8,"Therefore, when we take our objectives with our mind. this is only doing half the work.",But when the person sleeps. his body is like a plant lying there.,body;dead;feeling;objective;whole;will,actor_struggle;daily_inspiration;directing_academic_footnote;method_terms,0.888,112,Tier 1 model-curated internal candidate,needs_visual_verification_against_pdf_page,,internal_candidate_only__not_publicly_cleared,internal Dawson/Lisa research only; UWindsor/archive and exact-use rights review required before any public/app use,DG-eacba8ca6c68b98d,No retained duplicate after exact/overlap/page/item dedupe; see reject log for rejected overlaps.,Selected from quote_candidates_priority.csv row 355 with score 112 and extraction_quality_proxy 0.888; primary Chekhov transcription; accepted after exact/overlap/page/item dedupe and diversity caps.,OCR/text-layer extraction candidate copied exactly from CSV field candidate_text_from_extraction_not_final; do not quote publicly until visually verified and cleared.,"Render/inspect the cited PDF page, visually transcribe exact wording, then Dawson/Lisa exact wording, attribution, and rights clearance."
MCT-UWINDSOR-365-166,166,actor_struggle,actor_struggle;body;characterization;daily_inspiration;directing_academic_footnote;first;imagination;method_terms;play;quote_candidates_priority.csv;will,"This first principle must be absolutely carried through. in order to play a character part, we must create in our imagination anothor body, and for this second body We must find the costume. In modern plays the question of characterization is forgotten entirely, and this is wrong. if you will be attentive to our modern clothes you will see how characterisitic they can be.",csv_extraction_text,true,quote_candidates_priority.csv,236,575591f048367971,671,1230,"February 23, 1937","February 23, 1937",primary_chekhov_transcription: by Michael Chekhov; transcribed by Deirdre Hurst du Prey,"lesson/transcription/UWindsor attribution approved by Dawson, exact source context still required",https://collections.uwindsor.ca/chekhov/item/671,https://collections.uwindsor.ca/files/original/6cc6deabe5420a6aa50b8ea99085882f7eb06aab.pdf,pdf_cache/item_671_february-23-1937.pdf,extracted_text_all/item_671_february-23-1937.txt,1,That the costume is not something which hides tho body. but which on the contrary ghoﬂg the body.,"In approaching the costume question, not only in costume plays but in modern plays as woll, we must understand the problem in tho some way. no must make the costune for the character's body. and never for our own real body.",body;characterization;first;imagination;play;will,actor_struggle;daily_inspiration;directing_academic_footnote;method_terms,0.886,115,Tier 1 model-curated internal candidate,needs_visual_verification_against_pdf_page,,internal_candidate_only__not_publicly_cleared,internal Dawson/Lisa research only; UWindsor/archive and exact-use rights review required before any public/app use,DG-575591f048367971,Duplicate/overlap also found in quote_candidates_priority.csv row 959 (same_item_page_source_page_cap).,Selected from quote_candidates_priority.csv row 236 with score 115 and extraction_quality_proxy 0.886; primary Chekhov transcription; accepted after exact/overlap/page/item dedupe and diversity caps.,OCR/text-layer extraction candidate copied exactly from CSV field candidate_text_from_extraction_not_final; do not quote publicly until visually verified and cleared.,"Render/inspect the cited PDF page, visually transcribe exact wording, then Dawson/Lisa exact wording, attribution, and rights clearance."
MCT-UWINDSOR-365-167,167,daily_inspiration,action;actor_struggle;beginning;daily_inspiration;directing_academic_footnote;director;gesture;method_terms;naturalistic;play;psychological gesture;quality;quote_candidates_priority.csv;rehearsal;scene;whole;will,"We find it in terms of time, space, quality and activity, What we find through the means of the psychological 5as¥urs we carry right into the play, The psychological gesture is not naturalistic, and it is not abstract. It is the thing underlying the whole psychological action and the action of the play,.",csv_extraction_text,true,quote_candidates_priority.csv,416,9ba2cdd544d2ad2c,700,1279,"May 6, 1937","May 6, 1937",primary_chekhov_transcription: by Michael Chekhov; transcribed by Deirdre Hurst du Prey,"lesson/transcription/UWindsor attribution approved by Dawson, exact source context still required",https://collections.uwindsor.ca/chekhov/item/700,https://collections.uwindsor.ca/files/original/18707ab02d93edfa7c9b974c6116a45da6ff9b36.pdf,pdf_cache/item_700_may-6-1937.pdf,extracted_text_all/item_700_may-6-1937.txt,7,PSYCHOLOGICAL GESTURE: Balladina: The psychological gesture is something which under— liss cvarything — it remaing our fundamental form.,The director must cive the cast time to establish the atmosphere before they try to radiate it. )e must make sure that the atmosphere is really there.,action;gesture;naturalistic;play;psychological gesture;quality;whole,actor_struggle;daily_inspiration;directing_academic_footnote;method_terms,0.887,112,Tier 1 model-curated internal candidate,needs_visual_verification_against_pdf_page,,internal_candidate_only__not_publicly_cleared,internal Dawson/Lisa research only; UWindsor/archive and exact-use rights review required before any public/app use,DG-9ba2cdd544d2ad2c,Duplicate/overlap also found in quote_candidates_priority.csv row 415 (same_item_page_source_page_cap).,Selected from quote_candidates_priority.csv row 416 with score 112 and extraction_quality_proxy 0.887; primary Chekhov transcription; accepted after exact/overlap/page/item dedupe and diversity caps.,OCR/text-layer extraction candidate copied exactly from CSV field candidate_text_from_extraction_not_final; do not quote publicly until visually verified and cleared.,"Render/inspect the cited PDF page, visually transcribe exact wording, then Dawson/Lisa exact wording, attribution, and rights clearance."
MCT-UWINDSOR-365-168,168,daily_inspiration,actor_struggle;audience;daily_inspiration;directing_academic_footnote;end;feeling;method_terms;moment;rhythm;whole,"If we ere able, by means of rhythm. to keep everything which has already panned, end ta bring it eemehow blah. we give the audience the oppoe‘cxmity to experience the feeling of the whole - the audience has the whole thing which have alreadypeeed ~ in one ineten‘c £111 in preeent there. I The next moment - the feueth - ie when Pickwick gate the letter.",csv_extraction_text,true,quote_candidates_priority.csv,278,31ddf446b6a25b31,988,1620,"August 21, 1939","August 21, 1939",primary_chekhov_transcription: by Michael Chekhov; transcribed by Deirdre Hurst du Prey,"lesson/transcription/UWindsor attribution approved by Dawson, exact source context still required",https://collections.uwindsor.ca/chekhov/item/988,https://collections.uwindsor.ca/files/original/7d6f4147bcfcc688cc4926e73c756f7d76530a41.pdf,pdf_cache/item_988_august-21-1939.pdf,extracted_text_all/item_988_august-21-1939.txt,8,And thin in one of the meet important 1mm in rhythm. he want he preserve everything FEELING OF THE WHOLE! _ ' This leads to another rhyﬁhuicul lee which we knew no the feelin of the nhele.,Af’eor they are sure that Jingle has gone.,audience;end;feeling;moment;rhythm;whole,actor_struggle;daily_inspiration;directing_academic_footnote;method_terms,0.885,114,Tier 1 model-curated internal candidate,needs_visual_verification_against_pdf_page,,internal_candidate_only__not_publicly_cleared,internal Dawson/Lisa research only; UWindsor/archive and exact-use rights review required before any public/app use,DG-31ddf446b6a25b31,No retained duplicate after exact/overlap/page/item dedupe; see reject log for rejected overlaps.,Selected from quote_candidates_priority.csv row 278 with score 114 and extraction_quality_proxy 0.885; primary Chekhov transcription; accepted after exact/overlap/page/item dedupe and diversity caps.,OCR/text-layer extraction candidate copied exactly from CSV field candidate_text_from_extraction_not_final; do not quote publicly until visually verified and cleared.,"Render/inspect the cited PDF page, visually transcribe exact wording, then Dawson/Lisa exact wording, attribution, and rights clearance."
MCT-UWINDSOR-365-169,169,daily_inspiration,actor_struggle;cannot;daily_inspiration;directing_academic_footnote;future;method_terms;mistake;objective;play;quote_candidates_priority.csv;theatre;truth;whole;will,"PSYCHOLOGICAL TRUTH: Such elementary thinge as nimble psycholonieol truth must be in our plays and in everything we do, otherwiee we cannot take up the curtain. You must find the difference hetween pretend— ing and wrong artificial tones. and the real objective.",csv_extraction_text,true,quote_candidates_priority.csv,315,6df5babd0ae2b7d3,921,1546,"November 7, 1938","November 7, 1938",primary_chekhov_transcription: by Michael Chekhov; transcribed by Deirdre Hurst du Prey,"lesson/transcription/UWindsor attribution approved by Dawson, exact source context still required",https://collections.uwindsor.ca/chekhov/item/921,https://collections.uwindsor.ca/files/original/5b007ba8165d450f56d562ad4ce0cca537bbfb82.pdf,pdf_cache/item_921_november-7-1938.pdf,extracted_text_all/item_921_november-7-1938.txt,9,You muot threw thin away with the help of the objective. by taking the objective with your whole being.,In our future theatre you will often hate me. and be very raﬂgry with me because I will torture you with such things if 1 see that your nature lice.,cannot;objective;truth,actor_struggle;daily_inspiration;directing_academic_footnote;method_terms,0.888,114,Tier 1 model-curated internal candidate,needs_visual_verification_against_pdf_page,,internal_candidate_only__not_publicly_cleared,internal Dawson/Lisa research only; UWindsor/archive and exact-use rights review required before any public/app use,DG-6df5babd0ae2b7d3,Duplicate/overlap also found in quote_candidates_priority.csv row 517 (same_item_page_source_page_cap). Duplicate/overlap also found in quote_candidates_priority.csv row 812 (same_item_page_source_page_cap).,Selected from quote_candidates_priority.csv row 315 with score 114 and extraction_quality_proxy 0.888; primary Chekhov transcription; accepted after exact/overlap/page/item dedupe and diversity caps.,OCR/text-layer extraction candidate copied exactly from CSV field candidate_text_from_extraction_not_final; do not quote publicly until visually verified and cleared.,"Render/inspect the cited PDF page, visually transcribe exact wording, then Dawson/Lisa exact wording, attribution, and rights clearance."
MCT-UWINDSOR-365-170,170,daily_inspiration,actor_struggle;body;daily_inspiration;directing_academic_footnote;feeling;feelings;form;imagination;inspired;method_terms;moment;quote_candidates_priority.csv;whole;will,"In finding this form, try to fill your body with the feelings which you are able to soc. now try to do just tho moment of, ""Blow, winds. and crack your cheeks!"" imagine that you are so inspired. so happy, that your whole body is burni , with feelings. Then you will never have the slightest feeling of bodily heaviness.",csv_extraction_text,true,quote_candidates_priority.csv,383,54959740fd45f840,804,1383,"January 18, 1938","January 18, 1938",primary_chekhov_transcription: by Michael Chekhov; transcribed by Deirdre Hurst du Prey,"lesson/transcription/UWindsor attribution approved by Dawson, exact source context still required",https://collections.uwindsor.ca/chekhov/item/804,https://collections.uwindsor.ca/files/original/2b0556740b00c2914e14508ac33bc90eb5351ffd.pdf,pdf_cache/item_804_january-18-1938.pdf,extracted_text_all/item_804_january-18-1938.txt,3,"Imagine that you wish to do certain movements, because you see them in your imagination.",Your body will be your friend which you use with great pleasure and freedom.,body;feeling;feelings;form;inspired;moment;whole;will,actor_struggle;daily_inspiration;directing_academic_footnote;method_terms,0.889,112,Tier 1 model-curated internal candidate,needs_visual_verification_against_pdf_page,,internal_candidate_only__not_publicly_cleared,internal Dawson/Lisa research only; UWindsor/archive and exact-use rights review required before any public/app use,DG-54959740fd45f840,Duplicate/overlap also found in quote_candidates_priority.csv row 994 (same_item_page_source_page_cap).,Selected from quote_candidates_priority.csv row 383 with score 112 and extraction_quality_proxy 0.889; primary Chekhov transcription; accepted after exact/overlap/page/item dedupe and diversity caps.,OCR/text-layer extraction candidate copied exactly from CSV field candidate_text_from_extraction_not_final; do not quote publicly until visually verified and cleared. Contains visible OCR artifacts; visual verification required before quotation.,"Render/inspect the cited PDF page, visually transcribe exact wording, then Dawson/Lisa exact wording, attribution, and rights clearance."
MCT-UWINDSOR-365-171,171,daily_inspiration,actor_struggle;atmosphere;cold;daily_inspiration;directing_academic_footnote;director;method_terms;play;quote_candidates_priority.csv,"This welmust show in our longing. {ine of the most important technical things we must remember is that even when the director is thinking and direct— ing in a dry, cold way, the @actors must remain warm and in the atmosphere of the play — they must never be tired or cold in their work — they must keep the atmosphere.",csv_extraction_text,true,quote_candidates_priority.csv,357,3c81c09e13385feb,650,1206,"December 16, 1936","December 16, 1936",primary_chekhov_transcription: by Michael Chekhov; transcribed by Deirdre Hurst du Prey,"lesson/transcription/UWindsor attribution approved by Dawson, exact source context still required",https://collections.uwindsor.ca/chekhov/item/650,https://collections.uwindsor.ca/files/original/aee8e657266959d1476bc85e20ed168eb26ff2e8.pdf,pdf_cache/item_650_december-16-1936.pdf,extracted_text_all/item_650_december-16-1936.txt,1,"The real mystery of the bread is that we eat, or accept, the spirit.","The crowd must be aw@akened in turn, one after the other.",atmosphere;cold;director;play,actor_struggle;daily_inspiration;directing_academic_footnote;method_terms,0.886,112,Tier 1 model-curated internal candidate,needs_visual_verification_against_pdf_page,,internal_candidate_only__not_publicly_cleared,internal Dawson/Lisa research only; UWindsor/archive and exact-use rights review required before any public/app use,DG-3c81c09e13385feb,Duplicate/overlap also found in quote_candidates_priority.csv row 832 (substring_or_overlap_duplicate).,Selected from quote_candidates_priority.csv row 357 with score 112 and extraction_quality_proxy 0.886; primary Chekhov transcription; accepted after exact/overlap/page/item dedupe and diversity caps.,OCR/text-layer extraction candidate copied exactly from CSV field candidate_text_from_extraction_not_final; do not quote publicly until visually verified and cleared.,"Render/inspect the cited PDF page, visually transcribe exact wording, then Dawson/Lisa exact wording, attribution, and rights clearance."
MCT-UWINDSOR-365-172,172,daily_inspiration,actor_struggle;composition;concentration;daily_inspiration;directing_academic_footnote;first;imagination;love;method_terms;quote_candidates_priority.csv;voice,FIRST Lﬁsore 1 SCENIC TIME THE IMAGINATION THE ACTOR AND THE PART EXPRESSING THE {PAGE CONCENTRATION HOVEHENT - THE CEHTER COMPOSITION - HAREONY THE WORD - THE VOICE SCENIC TIME! Imurovisaticn Rancincx You are awaiting the arrival of samnone whom you love very much.,csv_extraction_text,true,quote_candidates_priority.csv,276,ac9616e1030d3526,553,1104,"March 16, 1935: Three lessons given to Beatrice Straight and Deirdre Hurst: First Lesson",16-Mar-35,primary_chekhov_transcription: by Michael Chekhov; transcribed by Deirdre Hurst du Prey,"lesson/transcription/UWindsor attribution approved by Dawson, exact source context still required",https://collections.uwindsor.ca/chekhov/item/553,https://collections.uwindsor.ca/files/original/f3e3f4a8063d37448ed8a47f772057928f5bbf42.pdf,pdf_cache/item_553_march-16-1935-three-lessons-given-to-beatrice-straight-and-deirdre-hurst-first-lesson.pdf,extracted_text_all/item_553_march-16-1935-three-lessons-given-to-beatrice-straight-and-deirdre-hurst-first-lesson.txt,1,Tamara Uuykurhnnovn Rated an interpreter. and Deirdto Hurst took Shorthnnd not»: of the looucna.,"Show your extrema happiness. then the growth of the (car that perhaps he will not come, and than your unhappincun when you realize that ho is not coming.",composition;concentration;first;imagination;love;voice,actor_struggle;daily_inspiration;directing_academic_footnote;method_terms,0.879,114,Tier 1 model-curated internal candidate,needs_visual_verification_against_pdf_page,,internal_candidate_only__not_publicly_cleared,internal Dawson/Lisa research only; UWindsor/archive and exact-use rights review required before any public/app use,DG-ac9616e1030d3526,Duplicate/overlap also found in quote_candidates_priority.csv row 441 (same_item_page_source_page_cap). Duplicate/overlap also found in quote_candidates_priority.csv row 440 (substring_or_overlap_duplicate).,Selected from quote_candidates_priority.csv row 276 with score 114 and extraction_quality_proxy 0.879; primary Chekhov transcription; accepted after exact/overlap/page/item dedupe and diversity caps.,OCR/text-layer extraction candidate copied exactly from CSV field candidate_text_from_extraction_not_final; do not quote publicly until visually verified and cleared.,"Render/inspect the cited PDF page, visually transcribe exact wording, then Dawson/Lisa exact wording, attribution, and rights clearance."
MCT-UWINDSOR-365-173,173,actor_struggle,ability;actor_struggle;art;attention;audience;daily_inspiration;directing_academic_footnote;first;imagination;individuality;method_terms;moment,"Tho good motor dooo 2101: pay attention to obvious things - «9,. ho: ho dooo it. and from hm many fine. un'oxpccizod thingo ho comm 130 the moment when he dooo mouthing oloo - thin my lo"" the tee]. art. 1‘ To got thio ability to load the audience from one obvious point to another. through the fine may of the actor‘s individuality. no nuot first turn to our imagination.",csv_extraction_text,true,quote_candidates_priority.csv,244,51e6dee03ef882f2,933,1558,"January 30, 1939","January 30, 1939",primary_chekhov_transcription: by Michael Chekhov; transcribed by Deirdre Hurst du Prey,"lesson/transcription/UWindsor attribution approved by Dawson, exact source context still required",https://collections.uwindsor.ca/chekhov/item/933,https://collections.uwindsor.ca/files/original/1b5d395dcacc5b94e22c42d9b4048a2847e0b734.pdf,pdf_cache/item_933_january-30-1939.pdf,extracted_text_all/item_933_january-30-1939.txt,8,Tho real. urtiot ohooo uo 3m ho walks. the bad actor ohowo uo only the obviouo thingo'.,The more we are able to ooo all thooo ﬂno thingo in our imagination. ~tho more no will find otill noro ouch oral). dotailo.,ability;art;attention;audience;first;imagination;individuality;moment,actor_struggle;daily_inspiration;directing_academic_footnote;method_terms,0.868,115,Tier 1 model-curated internal candidate,needs_visual_verification_against_pdf_page,,internal_candidate_only__not_publicly_cleared,internal Dawson/Lisa research only; UWindsor/archive and exact-use rights review required before any public/app use,DG-51e6dee03ef882f2,No retained duplicate after exact/overlap/page/item dedupe; see reject log for rejected overlaps.,Selected from quote_candidates_priority.csv row 244 with score 115 and extraction_quality_proxy 0.868; primary Chekhov transcription; accepted after exact/overlap/page/item dedupe and diversity caps.,OCR/text-layer extraction candidate copied exactly from CSV field candidate_text_from_extraction_not_final; do not quote publicly until visually verified and cleared. Contains visible OCR artifacts; visual verification required before quotation.,"Render/inspect the cited PDF page, visually transcribe exact wording, then Dawson/Lisa exact wording, attribution, and rights clearance."
MCT-UWINDSOR-365-174,174,daily_inspiration,action;actor_struggle;art;daily_inspiration;difficult;directing_academic_footnote;form;gesture;imagination;mechanical;method_terms;play;psychological gesture;quote_candidates_priority.csv;will,"The ideal is tho performance. and not the gesture as gesture. ihe gesture is only interesting A. for us if The psychological gesture must come out of your imagination, and the image and action will. in turn, grow out of this. There is a beautiful thing in art which is difficult to exorcise.",csv_extraction_text,true,quote_candidates_priority.csv,366,e30688a54c38cda7,667,1226,"February 11, 1937","February 11, 1937",primary_chekhov_transcription: by Michael Chekhov; transcribed by Deirdre Hurst du Prey,"lesson/transcription/UWindsor attribution approved by Dawson, exact source context still required",https://collections.uwindsor.ca/chekhov/item/667,https://collections.uwindsor.ca/files/original/9183c6f18d8fde48a712a78c27da5f2041258ad2.pdf,pdf_cache/item_667_february-11-1937.pdf,extracted_text_all/item_667_february-11-1937.txt,10,Cno must always have an action in mind when doing a psychological gesture.,For instance. if you know some musical rules such as metro. the ideal mould be to keep strict time.,action;art;difficult;gesture;imagination;psychological gesture;will,actor_struggle;daily_inspiration;directing_academic_footnote;method_terms,0.890,112,Tier 1 model-curated internal candidate,needs_visual_verification_against_pdf_page,,internal_candidate_only__not_publicly_cleared,internal Dawson/Lisa research only; UWindsor/archive and exact-use rights review required before any public/app use,DG-e30688a54c38cda7,Duplicate/overlap also found in quote_candidates_priority.csv row 945 (same_item_page_source_page_cap). Duplicate/overlap also found in quote_candidates_priority.csv row 944 (same_item_page_source_page_cap).,Selected from quote_candidates_priority.csv row 366 with score 112 and extraction_quality_proxy 0.890; primary Chekhov transcription; accepted after exact/overlap/page/item dedupe and diversity caps.,OCR/text-layer extraction candidate copied exactly from CSV field candidate_text_from_extraction_not_final; do not quote publicly until visually verified and cleared. Contains visible OCR artifacts; visual verification required before quotation.,"Render/inspect the cited PDF page, visually transcribe exact wording, then Dawson/Lisa exact wording, attribution, and rights clearance."
MCT-UWINDSOR-365-175,175,daily_inspiration,actor_struggle;body;creative;daily_inspiration;directing_academic_footnote;imaginary;imagination;rehearsing;voice;whole;will,Those are two things which must alwayo be there absolutely ~ reel rehearsing on the otepn with real body and voice. and imaginary peheareinr in your creative imagination. They are the two parts of one whole thing which will make you masters of your own ooull So I would recommend you to appoel to your imagination day after day.,csv_extraction_text,true,quote_candidates_priority.csv,419,cebedaf5c81a7f8c,922,1547,"November 11, 1938","November 11, 1938",primary_chekhov_transcription: by Michael Chekhov; transcribed by Deirdre Hurst du Prey,"lesson/transcription/UWindsor attribution approved by Dawson, exact source context still required",https://collections.uwindsor.ca/chekhov/item/922,https://collections.uwindsor.ca/files/original/59a9b356c814ae8ee6c80519d08716e731dc62ec.pdf,pdf_cache/item_922_november-11-1938.pdf,extracted_text_all/item_922_november-11-1938.txt,3,If you try to do something without having imagined it. your body and your voice will lead you eotray becaueo you have not imagined youreolf acting with truth.,Take five or ton minuted or half an hour to be orezy with your parts. taking this definite scene or that ono.,body;creative;imaginary;imagination;rehearsing;voice;whole;will,actor_struggle;daily_inspiration;directing_academic_footnote,0.888,112,Tier 1 model-curated internal candidate,needs_visual_verification_against_pdf_page,,internal_candidate_only__not_publicly_cleared,internal Dawson/Lisa research only; UWindsor/archive and exact-use rights review required before any public/app use,DG-cebedaf5c81a7f8c,No retained duplicate after exact/overlap/page/item dedupe; see reject log for rejected overlaps.,Selected from quote_candidates_priority.csv row 419 with score 112 and extraction_quality_proxy 0.888; primary Chekhov transcription; accepted after exact/overlap/page/item dedupe and diversity caps.,OCR/text-layer extraction candidate copied exactly from CSV field candidate_text_from_extraction_not_final; do not quote publicly until visually verified and cleared.,"Render/inspect the cited PDF page, visually transcribe exact wording, then Dawson/Lisa exact wording, attribution, and rights clearance."
MCT-UWINDSOR-365-176,176,method_terms,actor_struggle;atmosphere;audience;beauty;cannot;daily_inspiration;directing_academic_footnote;form;gesture;method_terms;psychological gesture;truth;whole;will,Bluest). ugg‘ezageggejteeepheros we. cannot live in'th'e W crbati‘ie lilusienn V I > Then we have the'W — again an 111nmlon._eeeeth1ng which will answer the expectation of the audience when “the curtain goes up. The laudieneo ueee eiwificmee. atmosphere. feeilng of truth. beauty. who. form. psychological gesture; and the whole audience 1:: drawn into the world of illueicn. into theW.,csv_extraction_text,true,quote_candidates_priority.csv,209,3f9052a187f7f033,1045,1677,"June 27, 1940: Talk to students on the mission of the theatre","June 27, 1940",primary_chekhov_transcription: by Michael Chekhov; transcribed by Deirdre Hurst du Prey,"lesson/transcription/UWindsor attribution approved by Dawson, exact source context still required",https://collections.uwindsor.ca/chekhov/item/1045,https://collections.uwindsor.ca/files/original/e5cf805a810d6b4180b8193e225a3f9e59bda7fc.pdf,pdf_cache/item_1045_june-27-1940-talk-to-students-on-the-mission-of-the-theatre.pdf,extracted_text_all/item_1045_june-27-1940-talk-to-students-on-the-mission-of-the-theatre.txt,6,"19% It in en,ineeeg§:§bablo thing which iethero and not there.",The actor.'evon'whcnlect1ng Ibsen. beeeeeﬁee. greet magician.,atmosphere;audience;beauty;cannot;form;gesture;psychological gesture;truth;whole;will,actor_struggle;daily_inspiration;directing_academic_footnote;method_terms,0.851,116,Tier 1 model-curated internal candidate,needs_visual_verification_against_pdf_page,,internal_candidate_only__not_publicly_cleared,internal Dawson/Lisa research only; UWindsor/archive and exact-use rights review required before any public/app use,DG-3f9052a187f7f033,No retained duplicate after exact/overlap/page/item dedupe; see reject log for rejected overlaps.,Selected from quote_candidates_priority.csv row 209 with score 116 and extraction_quality_proxy 0.851; primary Chekhov transcription; accepted after exact/overlap/page/item dedupe and diversity caps.,OCR/text-layer extraction candidate copied exactly from CSV field candidate_text_from_extraction_not_final; do not quote publicly until visually verified and cleared.,"Render/inspect the cited PDF page, visually transcribe exact wording, then Dawson/Lisa exact wording, attribution, and rights clearance."
MCT-UWINDSOR-365-177,177,daily_inspiration,actor_struggle;atmosphere;composition;daily_inspiration;directing_academic_footnote;gesture;imagination;method_terms;problem;psychological gesture;quote_candidates_priority.csv;scene;speech;whole,"If you wish to explore the speech and prepare the speech through psychological gestures. then you must find the gesture for each sentence. It is yossible to find a gesture for a whole block of speech, and say only a ward or two of the whole script. the 5*sture takes the place of the words. of some of our there is u CDqusion in the m‘",csv_extraction_text,true,quote_candidates_priority.csv,372,61bb3b3c469b6408,671,1230,"February 23, 1937","February 23, 1937",primary_chekhov_transcription: by Michael Chekhov; transcribed by Deirdre Hurst du Prey,"lesson/transcription/UWindsor attribution approved by Dawson, exact source context still required",https://collections.uwindsor.ca/chekhov/item/671,https://collections.uwindsor.ca/files/original/6cc6deabe5420a6aa50b8ea99085882f7eb06aab.pdf,pdf_cache/item_671_february-23-1937.pdf,extracted_text_all/item_671_february-23-1937.txt,3,Be sure that your actors have digested the gestures before they read the lines. as was done in this exercise.,No separate context_after field supplied by source extraction; inspect cited page/text_path for surrounding context.,gesture;psychological gesture;speech;whole,actor_struggle;daily_inspiration;directing_academic_footnote;method_terms,0.891,112,Tier 1 model-curated internal candidate,needs_visual_verification_against_pdf_page,,internal_candidate_only__not_publicly_cleared,internal Dawson/Lisa research only; UWindsor/archive and exact-use rights review required before any public/app use,DG-61bb3b3c469b6408,Duplicate/overlap also found in quote_candidates_priority.csv row 628 (same_item_page_source_page_cap).,Selected from quote_candidates_priority.csv row 372 with score 112 and extraction_quality_proxy 0.891; primary Chekhov transcription; accepted after exact/overlap/page/item dedupe and diversity caps.,OCR/text-layer extraction candidate copied exactly from CSV field candidate_text_from_extraction_not_final; do not quote publicly until visually verified and cleared. Candidate may be page/window-boundary cut because it lacks terminal punctuation.,"Render/inspect the cited PDF page, visually transcribe exact wording, then Dawson/Lisa exact wording, attribution, and rights clearance."
MCT-UWINDSOR-365-178,178,actor_struggle,actor_struggle;daily_inspiration;directing_academic_footnote;end;feeling;play;quote_candidates_priority.csv;whole;will,"In KingLear, before Lear sppears in his throne spanath, AMAqnsegteomsud sthess aze speaking. ~TAIS 18 the intro— duction, and the whole play must be started with the feeling that someone will come; and then there is the noise of trumpets, and the play starts. At the end of the play King Lear dies, and the same thing happens — the feeling that someone has zone — the same thing but opposite.",csv_extraction_text,true,quote_candidates_priority.csv,267,a765af5af5e5d1d0,626,1182,"November 20, 1936","November 20, 1936",primary_chekhov_transcription: by Michael Chekhov; transcribed by Deirdre Hurst du Prey,"lesson/transcription/UWindsor attribution approved by Dawson, exact source context still required",https://collections.uwindsor.ca/chekhov/item/626,https://collections.uwindsor.ca/files/original/fb63555e3e80e5b1f7250c8ba64bb8b597333d0d.pdf,pdf_cache/item_626_november-20-1936.pdf,extracted_text_all/item_626_november-20-1936.txt,5,They are in a certain sense the same thing — it is the frame for the whole play.,"The others Are speaking, but King Lear has gone.",end;feeling;play;whole;will,actor_struggle;daily_inspiration;directing_academic_footnote,0.886,115,Tier 1 model-curated internal candidate,needs_visual_verification_against_pdf_page,,internal_candidate_only__not_publicly_cleared,internal Dawson/Lisa research only; UWindsor/archive and exact-use rights review required before any public/app use,DG-a765af5af5e5d1d0,Duplicate/overlap also found in quote_candidates_priority.csv row 728 (same_item_page_source_page_cap).,Selected from quote_candidates_priority.csv row 267 with score 115 and extraction_quality_proxy 0.886; primary Chekhov transcription; accepted after exact/overlap/page/item dedupe and diversity caps.,OCR/text-layer extraction candidate copied exactly from CSV field candidate_text_from_extraction_not_final; do not quote publicly until visually verified and cleared.,"Render/inspect the cited PDF page, visually transcribe exact wording, then Dawson/Lisa exact wording, attribution, and rights clearance."
MCT-UWINDSOR-365-179,179,method_terms,actor_struggle;author;daily_inspiration;directing_academic_footnote;director;form;method_terms;play;problem;style;whole,1938 Our idea was always to get a stormy performance - the form ‘ filled to the bursting like our style. But the tremendous amount of words spoils the whole thing. although to cut them out with the pencil is irﬁpoeeiblo - something is lost and instead of beboming more condensed and serious. the play becomes amp-till; This has presented alrig problem when the author and director collaborate.,csv_extraction_text,true,quote_candidates_priority.csv,245,f9d1b60464fc5344,903,1528,"July 11, 1938","July 11, 1938",primary_chekhov_transcription: by Michael Chekhov; transcribed by Deirdre Hurst du Prey,"lesson/transcription/UWindsor attribution approved by Dawson, exact source context still required",https://collections.uwindsor.ca/chekhov/item/903,https://collections.uwindsor.ca/files/original/4e64a54aa0cdb66593b07903f1c15bac7e4d51bb.pdf,pdf_cache/item_903_july-11-1938.pdf,extracted_text_all/item_903_july-11-1938.txt,15,Chokhov - July 11.,"We are trying now to find the right wording, and the necessary number of wordu‘. and the order in which they must be epekon from the stages and that presents a difficult but very interesting task, and one that cannot be done atomic} Mr. shdcmeff has tried to tau-compose the thoughts so that they are all there. but with the minimum of wordo.",author;director;form;play;problem;style;whole,actor_struggle;daily_inspiration;directing_academic_footnote;method_terms,0.886,115,Tier 1 model-curated internal candidate,needs_visual_verification_against_pdf_page,,internal_candidate_only__not_publicly_cleared,internal Dawson/Lisa research only; UWindsor/archive and exact-use rights review required before any public/app use,DG-f9d1b60464fc5344,No retained duplicate after exact/overlap/page/item dedupe; see reject log for rejected overlaps.,Selected from quote_candidates_priority.csv row 245 with score 115 and extraction_quality_proxy 0.886; primary Chekhov transcription; accepted after exact/overlap/page/item dedupe and diversity caps.,OCR/text-layer extraction candidate copied exactly from CSV field candidate_text_from_extraction_not_final; do not quote publicly until visually verified and cleared.,"Render/inspect the cited PDF page, visually transcribe exact wording, then Dawson/Lisa exact wording, attribution, and rights clearance."
MCT-UWINDSOR-365-180,180,daily_inspiration,actor_struggle;daily_inspiration;directing_academic_footnote;first;play;whole;will,It in the palette from which the whole play can be pointed. We meet have the impression here that $9 have when we one a magic cicy like Venice for the first time at night — We are lncopablo of taking it all in. but after We have lived in Venice for a while we will khow it better and in more particular wayn.,csv_extraction_text,true,quote_candidates_priority.csv,533,48d299ad1221aaa2,1057,1689,"October 9, 1940","October 9, 1940",primary_chekhov_transcription: by Michael Chekhov; transcribed by Deirdre Hurst du Prey,"lesson/transcription/UWindsor attribution approved by Dawson, exact source context still required",https://collections.uwindsor.ca/chekhov/item/1057,https://collections.uwindsor.ca/files/original/e0cdae8c0d6269e5e4b6ff04f617e77103429341.pdf,pdf_cache/item_1057_october-9-1940.pdf,extracted_text_all/item_1057_october-9-1940.txt,1,It in the kaleidoscopic scene in which everything in what it in in the whole play.,This in then the Collar scene.,first;play;whole;will,actor_struggle;daily_inspiration;directing_academic_footnote,0.884,111,Tier 1 model-curated internal candidate,needs_visual_verification_against_pdf_page,,internal_candidate_only__not_publicly_cleared,internal Dawson/Lisa research only; UWindsor/archive and exact-use rights review required before any public/app use,DG-48d299ad1221aaa2,No retained duplicate after exact/overlap/page/item dedupe; see reject log for rejected overlaps.,Selected from quote_candidates_priority.csv row 533 with score 111 and extraction_quality_proxy 0.884; primary Chekhov transcription; accepted after exact/overlap/page/item dedupe and diversity caps.,OCR/text-layer extraction candidate copied exactly from CSV field candidate_text_from_extraction_not_final; do not quote publicly until visually verified and cleared.,"Render/inspect the cited PDF page, visually transcribe exact wording, then Dawson/Lisa exact wording, attribution, and rights clearance."
MCT-UWINDSOR-365-181,181,method_terms,actor_struggle;art;atmosphere;body;cannot;daily_inspiration;directing_academic_footnote;gesture;life;method_terms;objective;psychological gesture,"Therefore. our life and our art are together and cannot be separated. THE ACTOH'S BODY AND FMOTIONS: We have spoken about the objective and such things as tho rhythmical gesture, psychological gesture, contact, atmosphere, etc., as the means which we are going to use for our acting.",csv_extraction_text,true,quote_candidates_priority.csv,354,e433d17f009e824e,799,1378,"December 14, 1937","December 14, 1937",primary_chekhov_transcription: by Michael Chekhov; transcribed by Deirdre Hurst du Prey,"lesson/transcription/UWindsor attribution approved by Dawson, exact source context still required",https://collections.uwindsor.ca/chekhov/item/799,https://collections.uwindsor.ca/files/original/75d3f1df239b051e5ca8534bcea5d8e88a44c762.pdf,pdf_cache/item_799_december-14-1937.pdf,extracted_text_all/item_799_december-14-1937.txt,6,"We may know some good and bad things inside us. but may not be able to do anything about it — to know your nature and to manage it are two different things. when we are awakened in our life to such things. then we will be awakened on the stage, too.",We are going to use then for elaborating our bodics and our emotions.,art;atmosphere;body;cannot;gesture;life;objective;psychological gesture,actor_struggle;daily_inspiration;directing_academic_footnote;method_terms,0.889,112,Tier 1 model-curated internal candidate,needs_visual_verification_against_pdf_page,,internal_candidate_only__not_publicly_cleared,internal Dawson/Lisa research only; UWindsor/archive and exact-use rights review required before any public/app use,DG-e433d17f009e824e,No retained duplicate after exact/overlap/page/item dedupe; see reject log for rejected overlaps.,Selected from quote_candidates_priority.csv row 354 with score 112 and extraction_quality_proxy 0.889; primary Chekhov transcription; accepted after exact/overlap/page/item dedupe and diversity caps.,OCR/text-layer extraction candidate copied exactly from CSV field candidate_text_from_extraction_not_final; do not quote publicly until visually verified and cleared. Contains visible OCR artifacts; visual verification required before quotation.,"Render/inspect the cited PDF page, visually transcribe exact wording, then Dawson/Lisa exact wording, attribution, and rights clearance."
MCT-UWINDSOR-365-182,182,daily_inspiration,ability;actor_struggle;atmosphere;audience;daily_inspiration;directing_academic_footnote;event;inspiration;life;method_terms;play;quote_candidates_priority.csv;whole;will,"With your ability to create the aimosphero it will live subconsciously throughout the play. You will see how much inspiration you will get from this atmosphere, and than you will get the ability to out each day in a different way. which is the most beautiful thing in our profession. it is absolutely flexible: it is life, life on the stage.",csv_extraction_text,true,quote_candidates_priority.csv,380,5922f8751dd12853,819,1426,"February 4, 1938","February 4, 1938",primary_chekhov_transcription: by Michael Chekhov; transcribed by Deirdre Hurst du Prey,"lesson/transcription/UWindsor attribution approved by Dawson, exact source context still required",https://collections.uwindsor.ca/chekhov/item/819,https://collections.uwindsor.ca/files/original/668aec0988713db9ff0e4bf95b359eb7353b8d12.pdf,pdf_cache/item_819_february-4-1938.pdf,extracted_text_all/item_819_february-4-1938.txt,11,Jith— out atmosphere you keep your audience dry. go fool each event on the stage with this muscle hidoh governs the atmosphere - this is the whole secrot.,"Then you will get such supp rt from each other. if you are sure as an actor that your atmosphere will be taken by all the others around you. you will get such a Joy, such an ocstecy from this because you know that you are lifted up by this atmosphere.",ability;atmosphere;inspiration;life;play;will,actor_struggle;daily_inspiration;directing_academic_footnote;method_terms,0.891,112,Tier 1 model-curated internal candidate,needs_visual_verification_against_pdf_page,,internal_candidate_only__not_publicly_cleared,internal Dawson/Lisa research only; UWindsor/archive and exact-use rights review required before any public/app use,DG-5922f8751dd12853,Duplicate/overlap also found in quote_candidates_priority.csv row 379 (same_item_page_source_page_cap). Duplicate/overlap also found in quote_candidates_priority.csv row 976 (substring_or_overlap_duplicate).,Selected from quote_candidates_priority.csv row 380 with score 112 and extraction_quality_proxy 0.891; primary Chekhov transcription; accepted after exact/overlap/page/item dedupe and diversity caps.,OCR/text-layer extraction candidate copied exactly from CSV field candidate_text_from_extraction_not_final; do not quote publicly until visually verified and cleared.,"Render/inspect the cited PDF page, visually transcribe exact wording, then Dawson/Lisa exact wording, attribution, and rights clearance."
MCT-UWINDSOR-365-183,183,actor_struggle,actor_struggle;climax;daily_inspiration;directing_academic_footnote;fear;first;life;moment,He tries to ring his revolver but is not able to. when his fear has reached its climax. he touches his papers and realizes what he is doing. Then he finds for the first time a contact between his theoretical writing and real life. and this is the moment when his philosophy begins to live in him.,csv_extraction_text,true,quote_candidates_priority.csv,525,ef1ae81700a84cc7,764,1343,"October 16, 1937","October 16, 1937",primary_chekhov_transcription: by Michael Chekhov; transcribed by Deirdre Hurst du Prey,"lesson/transcription/UWindsor attribution approved by Dawson, exact source context still required",https://collections.uwindsor.ca/chekhov/item/764,https://collections.uwindsor.ca/files/original/91fd9ed55b23b5db8f336de841fa51e7f166b720.pdf,pdf_cache/item_764_october-16-1937.pdf,extracted_text_all/item_764_october-16-1937.txt,7,"Chekhov October 16, 1937 that part of his life, and the fear grows so strong that he is almost mad.",Through the head into the frightened heart. and then the contact is es— tablished and he feels that it has happened.,climax;fear;first;life;moment,actor_struggle;daily_inspiration;directing_academic_footnote,0.892,111,Tier 1 model-curated internal candidate,needs_visual_verification_against_pdf_page,,internal_candidate_only__not_publicly_cleared,internal Dawson/Lisa research only; UWindsor/archive and exact-use rights review required before any public/app use,DG-ef1ae81700a84cc7,No retained duplicate after exact/overlap/page/item dedupe; see reject log for rejected overlaps.,Selected from quote_candidates_priority.csv row 525 with score 111 and extraction_quality_proxy 0.892; primary Chekhov transcription; accepted after exact/overlap/page/item dedupe and diversity caps.,OCR/text-layer extraction candidate copied exactly from CSV field candidate_text_from_extraction_not_final; do not quote publicly until visually verified and cleared.,"Render/inspect the cited PDF page, visually transcribe exact wording, then Dawson/Lisa exact wording, attribution, and rights clearance."
MCT-UWINDSOR-365-184,184,daily_inspiration,actor_struggle;daily_inspiration;directing_academic_footnote;end;life;method_terms;stop;tempo;whole,Only at the end of the selilequy do you have the right to stop the whole life in the whole world. and send these strong rays of seriousness into the very funny comedy. The tempo is sitting in youp'den’t keep it back but let it grow fully.,csv_extraction_text,true,quote_candidates_priority.csv,314,ffebfac4fb4f0970,918,1543,"November 3, 1938","November 3, 1938",primary_chekhov_transcription: by Michael Chekhov; transcribed by Deirdre Hurst du Prey,"lesson/transcription/UWindsor attribution approved by Dawson, exact source context still required",https://collections.uwindsor.ca/chekhov/item/918,https://collections.uwindsor.ca/files/original/51a43c735a5eb29add69de56a5655ebc26575bbe.pdf,pdf_cache/item_918_november-3-1938.pdf,extracted_text_all/item_918_november-3-1938.txt,4,Only at the end of the solilequy can it be justified. not before. and not in the other sconce otherwise you kill that effect. and the scenes are dragged.,No separate context_after field supplied by source extraction; inspect cited page/text_path for surrounding context.,end;life;stop;tempo;whole,actor_struggle;daily_inspiration;directing_academic_footnote;method_terms,0.889,114,Tier 1 model-curated internal candidate,needs_visual_verification_against_pdf_page,,internal_candidate_only__not_publicly_cleared,internal Dawson/Lisa research only; UWindsor/archive and exact-use rights review required before any public/app use,DG-ffebfac4fb4f0970,No retained duplicate after exact/overlap/page/item dedupe; see reject log for rejected overlaps.,Selected from quote_candidates_priority.csv row 314 with score 114 and extraction_quality_proxy 0.889; primary Chekhov transcription; accepted after exact/overlap/page/item dedupe and diversity caps.,OCR/text-layer extraction candidate copied exactly from CSV field candidate_text_from_extraction_not_final; do not quote publicly until visually verified and cleared.,"Render/inspect the cited PDF page, visually transcribe exact wording, then Dawson/Lisa exact wording, attribution, and rights clearance."
MCT-UWINDSOR-365-185,185,method_terms,ability;action;actor_struggle;atmosphere;daily_inspiration;directing_academic_footnote;end;events;method_terms;play;scene,"Slxdonoff's ploy end Monty's play, that sometimes the atmosphere with which we start the scene comes quite naturally. and then remains behind because the action {goes on, but the atmosphere is not flexible enough and simply disappears. You must develop the ability to fol— low the events so that the atmosphere follows them as easily as you follow them as actors by doing objectives, (gestures. etc.",csv_extraction_text,true,quote_candidates_priority.csv,239,e79581df2a42b4a9,820,1427,"February 7, 1938","February 7, 1938",primary_chekhov_transcription: by Michael Chekhov; transcribed by Deirdre Hurst du Prey,"lesson/transcription/UWindsor attribution approved by Dawson, exact source context still required",https://collections.uwindsor.ca/chekhov/item/820,https://collections.uwindsor.ca/files/original/03f045894e5c4a688347cef980771e17e4782901.pdf,pdf_cache/item_820_february-7-1938.pdf,extracted_text_all/item_820_february-7-1938.txt,11,I have noticed during our recent rehearsals :33.,The ataosphere must be flexible enough to be able to change when each new event occurs on the stage from your own. :Lction.,ability;action;atmosphere;end;events;play;scene,actor_struggle;daily_inspiration;directing_academic_footnote;method_terms,0.884,115,Tier 1 model-curated internal candidate,needs_visual_verification_against_pdf_page,,internal_candidate_only__not_publicly_cleared,internal Dawson/Lisa research only; UWindsor/archive and exact-use rights review required before any public/app use,DG-e79581df2a42b4a9,No retained duplicate after exact/overlap/page/item dedupe; see reject log for rejected overlaps.,Selected from quote_candidates_priority.csv row 239 with score 115 and extraction_quality_proxy 0.884; primary Chekhov transcription; accepted after exact/overlap/page/item dedupe and diversity caps.,OCR/text-layer extraction candidate copied exactly from CSV field candidate_text_from_extraction_not_final; do not quote publicly until visually verified and cleared.,"Render/inspect the cited PDF page, visually transcribe exact wording, then Dawson/Lisa exact wording, attribution, and rights clearance."
MCT-UWINDSOR-365-186,186,daily_inspiration,actor_struggle;center;daily_inspiration;directing_academic_footnote;first;free;method_terms;will,If we don't have to keep our hands in our pockets for the first two weeks before we overcome our sense of shame. we will realize what our hands and arm can do for us as means of expression. If we are free to move our hands and arms from our center and not from our joints and are free. them we can speak of economy 01‘ time.,csv_extraction_text,true,quote_candidates_priority.csv,523,0222003f32b08289,1070,1702,"November 7, 1941: Michael Chekhov's first class for professional actors: Why is a method needed in the theatre of today?","November 7, 1941",primary_chekhov_transcription: by Michael Chekhov; transcribed by Deirdre Hurst du Prey,"lesson/transcription/UWindsor attribution approved by Dawson, exact source context still required",https://collections.uwindsor.ca/chekhov/item/1070,https://collections.uwindsor.ca/files/original/c05e92ea6e8514c94bfdbd2e4903b58efae0f482.pdf,pdf_cache/item_1070_november-7-1941-michael-chekhov-s-first-class-for-professional-actors-why-is-a-method-need.pdf,extracted_text_all/item_1070_november-7-1941-michael-chekhov-s-first-class-for-professional-actors-why-is-a-method-need.txt,22,It is a long one. but when it is accomplished it is such an economy of time. when you can laugh. cry. sing. be happy. at once - when you have trained your imagination so that you can one the whole of Othello at once - that is real economy of time.,So really it is the greatest economy of time to spend a long period of time in training. when everything is there. after a long period of training. than I will believe that the performance can be done even in two weeks.,center;first;free;will,actor_struggle;daily_inspiration;directing_academic_footnote;method_terms,0.891,111,Tier 1 model-curated internal candidate,needs_visual_verification_against_pdf_page,,internal_candidate_only__not_publicly_cleared,internal Dawson/Lisa research only; UWindsor/archive and exact-use rights review required before any public/app use,DG-0222003f32b08289,No retained duplicate after exact/overlap/page/item dedupe; see reject log for rejected overlaps.,Selected from quote_candidates_priority.csv row 523 with score 111 and extraction_quality_proxy 0.891; primary Chekhov transcription; accepted after exact/overlap/page/item dedupe and diversity caps.,OCR/text-layer extraction candidate copied exactly from CSV field candidate_text_from_extraction_not_final; do not quote publicly until visually verified and cleared.,"Render/inspect the cited PDF page, visually transcribe exact wording, then Dawson/Lisa exact wording, attribution, and rights clearance."
MCT-UWINDSOR-365-187,187,daily_inspiration,actor_struggle;cannot;daily_inspiration;directing_academic_footnote;first;form;imagination;method_terms;moments;quote_candidates_priority.csv;scene;will,"The method is always the same: to create somethirg from nothing in our imagination. ihis point is unchangeablo. tnly your imagination will help you. Griti so of first Eeheorsal: Deirdre: is diroctor you must find the ""form” of this soeno.",csv_extraction_text,true,quote_candidates_priority.csv,292,48f36bb14e6aaf51,652,1208,"January 14, 1937","January 14, 1937",primary_chekhov_transcription: by Michael Chekhov; transcribed by Deirdre Hurst du Prey,"lesson/transcription/UWindsor attribution approved by Dawson, exact source context still required",https://collections.uwindsor.ca/chekhov/item/652,https://collections.uwindsor.ca/files/original/19c5ab30fdad4f4219d19eb0dc92c37957cabc04.pdf,pdf_cache/item_652_january-14-1937.pdf,extracted_text_all/item_652_january-14-1937.txt,9,1937 upon the play and the character of the director and actors.,You must prepare alone these forms and moments in the scene. we need much time to awaken our imaginations because we cannot at the present time imagine things quickly and react to them.,first;form;imagination;will,actor_struggle;daily_inspiration;directing_academic_footnote;method_terms,0.886,114,Tier 1 model-curated internal candidate,needs_visual_verification_against_pdf_page,,internal_candidate_only__not_publicly_cleared,internal Dawson/Lisa research only; UWindsor/archive and exact-use rights review required before any public/app use,DG-48f36bb14e6aaf51,Duplicate/overlap also found in quote_candidates_priority.csv row 849 (same_item_page_source_page_cap).,Selected from quote_candidates_priority.csv row 292 with score 114 and extraction_quality_proxy 0.886; primary Chekhov transcription; accepted after exact/overlap/page/item dedupe and diversity caps.,OCR/text-layer extraction candidate copied exactly from CSV field candidate_text_from_extraction_not_final; do not quote publicly until visually verified and cleared.,"Render/inspect the cited PDF page, visually transcribe exact wording, then Dawson/Lisa exact wording, attribution, and rights clearance."
MCT-UWINDSOR-365-188,188,daily_inspiration,actor_struggle;cannot;center;daily_inspiration;directing_academic_footnote;feeling;living;method_terms;quote_candidates_priority.csv;rhythm;whole;will,"If we serve this invisible thing with our whole being, then we will come gradually to grasp what in rhythm. Thin invieiblo thing is like a high super-being - it in our angel. who in gunﬂding over us. inepiroo us. one to when we can turn as the center of our work. withouf this feeling that thin rhythm is a living being. we cannot grasp it.",csv_extraction_text,true,quote_candidates_priority.csv,349,ab10b3b2af7bac3e,579,1131,"April 17, 1936: Notes taken during conversation",17-Apr-36,primary_chekhov_transcription: by Michael Chekhov; transcribed by Deirdre Hurst du Prey,"lesson/transcription/UWindsor attribution approved by Dawson, exact source context still required",https://collections.uwindsor.ca/chekhov/item/579,https://collections.uwindsor.ca/files/original/4cf60cf968a24ed9987133106edae8f303aa5cfa.pdf,pdf_cache/item_579_april-17-1936-notes-taken-during-conversation.pdf,extracted_text_all/item_579_april-17-1936-notes-taken-during-conversation.txt,2,This is very abstract. but it will come to us as we work gradually an if by iteelf.,It in a real being.,cannot;center;feeling;living;rhythm;whole;will,actor_struggle;daily_inspiration;directing_academic_footnote;method_terms,0.883,112,Tier 1 model-curated internal candidate,needs_visual_verification_against_pdf_page,,internal_candidate_only__not_publicly_cleared,internal Dawson/Lisa research only; UWindsor/archive and exact-use rights review required before any public/app use,DG-ab10b3b2af7bac3e,Duplicate/overlap also found in quote_candidates_priority.csv row 903 (same_item_page_source_page_cap). Duplicate/overlap also found in quote_candidates_priority.csv row 902 (substring_or_overlap_duplicate).,Selected from quote_candidates_priority.csv row 349 with score 112 and extraction_quality_proxy 0.883; primary Chekhov transcription; accepted after exact/overlap/page/item dedupe and diversity caps.,OCR/text-layer extraction candidate copied exactly from CSV field candidate_text_from_extraction_not_final; do not quote publicly until visually verified and cleared.,"Render/inspect the cited PDF page, visually transcribe exact wording, then Dawson/Lisa exact wording, attribution, and rights clearance."
MCT-UWINDSOR-365-189,189,daily_inspiration,actor_struggle;cannot;daily_inspiration;directing_academic_footnote;imagination;play;quote_candidates_priority.csv;whole,"I This is the real imagination which we must have today, and opposite to it in the actor who says: Before I know the whole play. my part, and all my words. where I am standing. who is my partner. etc; I cannot start to play. The majority of the present day actors are such.",csv_extraction_text,true,quote_candidates_priority.csv,410,7ed7cd812182a9a0,863,1470,"March 21, 1938","March 21, 1938",primary_chekhov_transcription: by Michael Chekhov; transcribed by Deirdre Hurst du Prey,"lesson/transcription/UWindsor attribution approved by Dawson, exact source context still required",https://collections.uwindsor.ca/chekhov/item/863,https://collections.uwindsor.ca/files/original/989cf1497afb03f43c6bc3e3858df0550f8d964d.pdf,pdf_cache/item_863_march-21-1938.pdf,extracted_text_all/item_863_march-21-1938.txt,2,"When we have the whole play and we know tho content and tho succession of ewento, then we are kings in our actor's profession - we rule everything.",They cannot act without the part.,cannot;imagination;play;whole,actor_struggle;daily_inspiration;directing_academic_footnote,0.892,112,Tier 1 model-curated internal candidate,needs_visual_verification_against_pdf_page,,internal_candidate_only__not_publicly_cleared,internal Dawson/Lisa research only; UWindsor/archive and exact-use rights review required before any public/app use,DG-7ed7cd812182a9a0,Duplicate/overlap also found in quote_candidates_priority.csv row 409 (substring_or_overlap_duplicate). Duplicate/overlap also found in quote_candidates_priority.csv row 864 (same_item_page_source_page_cap).,Selected from quote_candidates_priority.csv row 410 with score 112 and extraction_quality_proxy 0.892; primary Chekhov transcription; accepted after exact/overlap/page/item dedupe and diversity caps.,OCR/text-layer extraction candidate copied exactly from CSV field candidate_text_from_extraction_not_final; do not quote publicly until visually verified and cleared.,"Render/inspect the cited PDF page, visually transcribe exact wording, then Dawson/Lisa exact wording, attribution, and rights clearance."
MCT-UWINDSOR-365-190,190,method_terms,ability;actor_struggle;cannot;daily_inspiration;directing_academic_footnote;director;gesture;method_terms;play;quote_candidates_priority.csv;whole,"The ability to justify everything that is given from the outside is something we must possess to a very high degree, because if the director gives a gesture which is necessary for a harmonious part of the whole. the actor who is not able to justify everything he receives from the outside, may not be abla to accent the gesture. This in not right because the director cannot change the zeaturo. having in mind the angle play.",csv_extraction_text,true,quote_candidates_priority.csv,205,41548693694974b6,666,1225,"February 9, 1937","February 9, 1937",primary_chekhov_transcription: by Michael Chekhov; transcribed by Deirdre Hurst du Prey,"lesson/transcription/UWindsor attribution approved by Dawson, exact source context still required",https://collections.uwindsor.ca/chekhov/item/666,https://collections.uwindsor.ca/files/original/cbeec9b999193fcd2e163118a42a1f6de5ef8838.pdf,pdf_cache/item_666_february-9-1937.pdf,extracted_text_all/item_666_february-9-1937.txt,3,Thu actor must be able to justify each outer position.,"Tharufore,it is necessary for the actors to be able to justify everything the director gives as outward forms as if they arb only notes in the harmony of the whole tune.",ability;cannot;director;gesture;play;whole,actor_struggle;daily_inspiration;directing_academic_footnote;method_terms,0.888,116,Tier 1 model-curated internal candidate,needs_visual_verification_against_pdf_page,,internal_candidate_only__not_publicly_cleared,internal Dawson/Lisa research only; UWindsor/archive and exact-use rights review required before any public/app use,DG-41548693694974b6,Duplicate/overlap also found in quote_candidates_priority.csv row 846 (same_item_page_source_page_cap).,Selected from quote_candidates_priority.csv row 205 with score 116 and extraction_quality_proxy 0.888; primary Chekhov transcription; accepted after exact/overlap/page/item dedupe and diversity caps.,OCR/text-layer extraction candidate copied exactly from CSV field candidate_text_from_extraction_not_final; do not quote publicly until visually verified and cleared.,"Render/inspect the cited PDF page, visually transcribe exact wording, then Dawson/Lisa exact wording, attribution, and rights clearance."
MCT-UWINDSOR-365-191,191,daily_inspiration,action;actor_struggle;climax;daily_inspiration;directing_academic_footnote;first;method_terms;middle;moment;qualities;quote_candidates_priority.csv;whole;will,The c1123: of the middle part will be the moment when this bid peueomrne abeolutoly withou‘e any outer action - simply a esycholaglcal clhﬁﬁz. First climax - before the atom Second - at the and Big pauee - the moment of turning - it in the climax.,csv_extraction_text,true,quote_candidates_priority.csv,300,636f422e2878ecfb,895,1502,"June 27, 1938","June 27, 1938",primary_chekhov_transcription: by Michael Chekhov; transcribed by Deirdre Hurst du Prey,"lesson/transcription/UWindsor attribution approved by Dawson, exact source context still required",https://collections.uwindsor.ca/chekhov/item/895,https://collections.uwindsor.ca/files/original/ace522e73ef59a7a40aa42d49260e7014e514d26.pdf,pdf_cache/item_895_june-27-1938.pdf,extracted_text_all/item_895_june-27-1938.txt,7,The breaking of the‘dnm will be the only oceent.,Please imagine the whole performance in term: of qualitleu and climaxeu - all other things we will inprovluo.,action;climax;first;middle;moment;will,actor_struggle;directing_academic_footnote;method_terms,0.869,114,Tier 1 model-curated internal candidate,needs_visual_verification_against_pdf_page,,internal_candidate_only__not_publicly_cleared,internal Dawson/Lisa research only; UWindsor/archive and exact-use rights review required before any public/app use,DG-636f422e2878ecfb,Duplicate/overlap also found in quote_candidates_priority.csv row 787 (same_item_page_source_page_cap). Duplicate/overlap also found in quote_candidates_priority.csv row 482 (same_item_page_source_page_cap).,Selected from quote_candidates_priority.csv row 300 with score 114 and extraction_quality_proxy 0.869; primary Chekhov transcription; accepted after exact/overlap/page/item dedupe and diversity caps.,OCR/text-layer extraction candidate copied exactly from CSV field candidate_text_from_extraction_not_final; do not quote publicly until visually verified and cleared.,"Render/inspect the cited PDF page, visually transcribe exact wording, then Dawson/Lisa exact wording, attribution, and rights clearance."
MCT-UWINDSOR-365-192,192,daily_inspiration,actor_struggle;atmosphere;daily_inspiration;directing_academic_footnote;method_terms;soul;theatre;will,"The atmosphere is what we, as the sudience, have tofeel. If you attend a performance which goes not touch your soul Or that perfTormance 1s Our theatre will be very responsible for the soul of the performance., | actors who wish to create a new theatre, we must re¥xive the soul in humanity,.",csv_extraction_text,true,quote_candidates_priority.csv,442,fe5ae61b2ce891d9,603,1159,"October 16, 1936",16-Oct-36,primary_chekhov_transcription: by Michael Chekhov; transcribed by Deirdre Hurst du Prey,"lesson/transcription/UWindsor attribution approved by Dawson, exact source context still required",https://collections.uwindsor.ca/chekhov/item/603,https://collections.uwindsor.ca/files/original/5a0ee195fb3b6a9b6aa95fa9d211c81411bafee7.pdf,pdf_cache/item_603_october-16-1936.pdf,extracted_text_all/item_603_october-16-1936.txt,2,It is that which is between the spirit and the body of the performance — at or gouloftheperformance.,"If you imagine a theatre which is only operating inWpirit and body, you will see that the nearer we are to & machine thing.",atmosphere;soul;theatre;will,actor_struggle;daily_inspiration;directing_academic_footnote;method_terms,0.889,111,Tier 1 model-curated internal candidate,needs_visual_verification_against_pdf_page,,internal_candidate_only__not_publicly_cleared,internal Dawson/Lisa research only; UWindsor/archive and exact-use rights review required before any public/app use,DG-fe5ae61b2ce891d9,No retained duplicate after exact/overlap/page/item dedupe; see reject log for rejected overlaps.,Selected from quote_candidates_priority.csv row 442 with score 111 and extraction_quality_proxy 0.889; primary Chekhov transcription; accepted after exact/overlap/page/item dedupe and diversity caps.,OCR/text-layer extraction candidate copied exactly from CSV field candidate_text_from_extraction_not_final; do not quote publicly until visually verified and cleared.,"Render/inspect the cited PDF page, visually transcribe exact wording, then Dawson/Lisa exact wording, attribution, and rights clearance."
MCT-UWINDSOR-365-193,193,daily_inspiration,actor_struggle;climax;daily_inspiration;directing_academic_footnote;form;love;method_terms;moment;scene;will,Now. imagine the love scene has reached its climax. and at this moment we hear a whistle. This is the sign'tho showman gives the lovers that Pancz-acio is coming back. will you please try to incorporate this scene of passionate love - tigers in the form of butterflies - eat— ing. singing. dancing.,csv_extraction_text,true,quote_candidates_priority.csv,499,72ae2c699103b07f,844,1451,"March 4, 1938","March 4, 1938",primary_chekhov_transcription: by Michael Chekhov; transcribed by Deirdre Hurst du Prey,"lesson/transcription/UWindsor attribution approved by Dawson, exact source context still required",https://collections.uwindsor.ca/chekhov/item/844,https://collections.uwindsor.ca/files/original/de68843d17eb0cd495656cc7f58b38cde77d02e0.pdf,pdf_cache/item_844_march-4-1938.pdf,extracted_text_all/item_844_march-4-1938.txt,4,"After they haw olobmted and are in o. romantic mood, (nothing of real passion because tho Made of the play in the ""butterfly"" love). imagino in this style that the showman in standing on the street holes and this love scene is on the second floor.",This time I want you very much to,climax;form;love;moment;scene;will,actor_struggle;daily_inspiration;directing_academic_footnote;method_terms,0.880,111,Tier 1 model-curated internal candidate,needs_visual_verification_against_pdf_page,,internal_candidate_only__not_publicly_cleared,internal Dawson/Lisa research only; UWindsor/archive and exact-use rights review required before any public/app use,DG-72ae2c699103b07f,No retained duplicate after exact/overlap/page/item dedupe; see reject log for rejected overlaps.,Selected from quote_candidates_priority.csv row 499 with score 111 and extraction_quality_proxy 0.880; primary Chekhov transcription; accepted after exact/overlap/page/item dedupe and diversity caps.,OCR/text-layer extraction candidate copied exactly from CSV field candidate_text_from_extraction_not_final; do not quote publicly until visually verified and cleared. Contains visible OCR artifacts; visual verification required before quotation.,"Render/inspect the cited PDF page, visually transcribe exact wording, then Dawson/Lisa exact wording, attribution, and rights clearance."
MCT-UWINDSOR-365-194,194,actor_struggle,actor_struggle;art;beginning;daily_inspiration;directing_academic_footnote;end;feelings;quote_candidates_priority.csv;whole;will,"For instance, all the things we are doing on the stage, whether we are performing thinking, or willing, or doing things, they are all feelings from the beginning to the end, because the whole art lies in therealm of feelings and not in the realm of thoughts at all, and actually not the will in the real sense of the word. (ne philosopher has said, ""Where is the will when we are doing something?",csv_extraction_text,true,quote_candidates_priority.csv,224,12c085618d5f479c,1083,2032,"December 29, 1941: Michael Chekhov's fourteenth class for professional actors: Continuous acting","December 29, 1941",primary_chekhov_transcription: by Michael Chekhov; transcribed by Deirdre Hurst du Prey,"lesson/transcription/UWindsor attribution approved by Dawson, exact source context still required",https://collections.uwindsor.ca/chekhov/item/1083,https://collections.uwindsor.ca/files/original/7594e836cb38d354f43b64f72f19ad3492a03c3b.pdf,pdf_cache/item_1083_december-29-1941-michael-chekhov-s-fourteenth-class-for-professional-actors-continuous-act.pdf,extracted_text_all/item_1083_december-29-1941-michael-chekhov-s-fourteenth-class-for-professional-actors-continuous-act.txt,13,Let me tell you one more heresy.,"It is a great illusion."" For instance, I wish to pick up the chair, I think it is my will which I am expressing, but it has nothing to do with the will, The will is so 5",art;beginning;end;feelings;whole;will,actor_struggle;daily_inspiration;directing_academic_footnote,0.869,115,Tier 1 model-curated internal candidate,needs_visual_verification_against_pdf_page,,internal_candidate_only__not_publicly_cleared,internal Dawson/Lisa research only; UWindsor/archive and exact-use rights review required before any public/app use,DG-12c085618d5f479c,Duplicate/overlap also found in quote_candidates_priority.csv row 225 (substring_or_overlap_duplicate).,Selected from quote_candidates_priority.csv row 224 with score 115 and extraction_quality_proxy 0.869; primary Chekhov transcription; accepted after exact/overlap/page/item dedupe and diversity caps.,OCR/text-layer extraction candidate copied exactly from CSV field candidate_text_from_extraction_not_final; do not quote publicly until visually verified and cleared.,"Render/inspect the cited PDF page, visually transcribe exact wording, then Dawson/Lisa exact wording, attribution, and rights clearance."
MCT-UWINDSOR-365-195,195,daily_inspiration,actor_struggle;art;daily_inspiration;directing_academic_footnote;end;first;life;whole;will,"If you shut your eyes to this pioneering then we will lose something which in so important for our whole life as artiste and as human beings. Try to feel this difference - before the method came into our art. first through Stanislavsky, and the second attempt which is now being made in our school to continue-end develop thie method.",csv_extraction_text,true,quote_candidates_priority.csv,480,1e747eb5a763a850,908,1533,"July 21, 1938","July 21, 1938",primary_chekhov_transcription: by Michael Chekhov; transcribed by Deirdre Hurst du Prey,"lesson/transcription/UWindsor attribution approved by Dawson, exact source context still required",https://collections.uwindsor.ca/chekhov/item/908,https://collections.uwindsor.ca/files/original/badf137020ccde154582837157f4ded4a7be8234.pdf,pdf_cache/item_908_july-21-1938.pdf,extracted_text_all/item_908_july-21-1938.txt,9,"You can be pioneers if you want, and this is a great thing.",It is a certain important poriod_in our art. so don't miss this opportunity to be pioneers in the cultural life of the theatre. which is part of the world of art. and this can be a very noble part - it is not yet. but it can be. he one. sitting in a concert will actually speak in a free manner about whether the concert is good or bad. because the person does not feel himself educated enough to be speaking about the music as easily as he would ref,art;end;first;life;whole;will,actor_struggle;daily_inspiration;directing_academic_footnote,0.894,111,Tier 1 model-curated internal candidate,needs_visual_verification_against_pdf_page,,internal_candidate_only__not_publicly_cleared,internal Dawson/Lisa research only; UWindsor/archive and exact-use rights review required before any public/app use,DG-1e747eb5a763a850,No retained duplicate after exact/overlap/page/item dedupe; see reject log for rejected overlaps.,Selected from quote_candidates_priority.csv row 480 with score 111 and extraction_quality_proxy 0.894; primary Chekhov transcription; accepted after exact/overlap/page/item dedupe and diversity caps.,OCR/text-layer extraction candidate copied exactly from CSV field candidate_text_from_extraction_not_final; do not quote publicly until visually verified and cleared.,"Render/inspect the cited PDF page, visually transcribe exact wording, then Dawson/Lisa exact wording, attribution, and rights clearance."
MCT-UWINDSOR-365-196,196,actor_struggle,actor_struggle;daily_inspiration;directing_academic_footnote;feeling;first;form;method_terms;whole,"Chekhov November 16, 1936 evening, of the whole performance, not because he is a star and desires to show himgelf. lHe must feel that he comes to serve the idea, which is higher than his own interests, and the leader exercise is the first feeling we must develop for serving an artistic idea. In this simple exercise, in which one person leads and serves, this is the most simple form for developing these ideas.",csv_extraction_text,true,quote_candidates_priority.csv,266,4538212f3b10c5e5,623,1179,"November 16, 1936","November 16, 1936",primary_chekhov_transcription: by Michael Chekhov; transcribed by Deirdre Hurst du Prey,"lesson/transcription/UWindsor attribution approved by Dawson, exact source context still required",https://collections.uwindsor.ca/chekhov/item/623,https://collections.uwindsor.ca/files/original/1009eb1faf0af960e5cf1cee0b654e9201d1f7e0.pdf,pdf_cache/item_623_november-16-1936.pdf,extracted_text_all/item_623_november-16-1936.txt,4,i.,THE IDEAL i Let us take a group of actors who come together for a performance.,feeling;first;form;whole,actor_struggle;daily_inspiration;directing_academic_footnote;method_terms,0.891,115,Tier 1 model-curated internal candidate,needs_visual_verification_against_pdf_page,,internal_candidate_only__not_publicly_cleared,internal Dawson/Lisa research only; UWindsor/archive and exact-use rights review required before any public/app use,DG-4538212f3b10c5e5,No retained duplicate after exact/overlap/page/item dedupe; see reject log for rejected overlaps.,Selected from quote_candidates_priority.csv row 266 with score 115 and extraction_quality_proxy 0.891; primary Chekhov transcription; accepted after exact/overlap/page/item dedupe and diversity caps.,OCR/text-layer extraction candidate copied exactly from CSV field candidate_text_from_extraction_not_final; do not quote publicly until visually verified and cleared.,"Render/inspect the cited PDF page, visually transcribe exact wording, then Dawson/Lisa exact wording, attribution, and rights clearance."
MCT-UWINDSOR-365-197,197,actor_struggle,actor_struggle;audience;composition;daily_inspiration;directing_academic_footnote;end;imagination;method_terms;moment;quote_candidates_priority.csv;receiving;will,"It is the ngsifnl theme - the fool theme. Hhen it stops somewhere. it gives a special musical composition, and this means that if the theme is broken, the person who is receiving the theme must create it to the and, in his own imagination or in the deeper levels of his being, and this will be much more beautiful than if it had been played to the end, because it coaxes some deeper powers in the audience itself.",csv_extraction_text,true,quote_candidates_priority.csv,227,612d6274df9ca43c,667,1226,"February 11, 1937","February 11, 1937",primary_chekhov_transcription: by Michael Chekhov; transcribed by Deirdre Hurst du Prey,"lesson/transcription/UWindsor attribution approved by Dawson, exact source context still required",https://collections.uwindsor.ca/chekhov/item/667,https://collections.uwindsor.ca/files/original/9183c6f18d8fde48a712a78c27da5f2041258ad2.pdf,pdf_cache/item_667_february-11-1937.pdf,extracted_text_all/item_667_february-11-1937.txt,6,"Chekhov February 11, 1937 once that we have understood the main theme in this symphony — the silver moment is the sake thohe in another Roy. and the golden moment is the same fhing.","In the Golden moment the theme breaks, and we only go up without going down.",audience;composition;end;imagination;receiving;will,actor_struggle;daily_inspiration;directing_academic_footnote;method_terms,0.892,115,Tier 1 model-curated internal candidate,needs_visual_verification_against_pdf_page,,internal_candidate_only__not_publicly_cleared,internal Dawson/Lisa research only; UWindsor/archive and exact-use rights review required before any public/app use,DG-612d6274df9ca43c,Duplicate/overlap also found in quote_candidates_priority.csv row 226 (same_item_page_source_page_cap).,Selected from quote_candidates_priority.csv row 227 with score 115 and extraction_quality_proxy 0.892; primary Chekhov transcription; accepted after exact/overlap/page/item dedupe and diversity caps.,OCR/text-layer extraction candidate copied exactly from CSV field candidate_text_from_extraction_not_final; do not quote publicly until visually verified and cleared.,"Render/inspect the cited PDF page, visually transcribe exact wording, then Dawson/Lisa exact wording, attribution, and rights clearance."
MCT-UWINDSOR-365-198,198,daily_inspiration,actor_struggle;art;daily_inspiration;desire;directing_academic_footnote;love;method_terms;radiation;whole,"Therefore, radiation is our more or loss subconscious desire-cach actor wants to radiato just an each person who loves wants to radiate. Love is a tremendous radiation. and when it is fulfilled to the last degree. it becomes a sacrifice — to give to such an extent that it is the sacrificing of one': whole be Iho same is true of art.",csv_extraction_text,true,quote_candidates_priority.csv,451,861b4b8775911432,800,1379,"December 16, 1937","December 16, 1937",primary_chekhov_transcription: by Michael Chekhov; transcribed by Deirdre Hurst du Prey,"lesson/transcription/UWindsor attribution approved by Dawson, exact source context still required",https://collections.uwindsor.ca/chekhov/item/800,https://collections.uwindsor.ca/files/original/bdb91627f7bbca3330f0fb6ed3bf15e8d0b4e3e7.pdf,pdf_cache/item_800_december-16-1937.pdf,extracted_text_all/item_800_december-16-1937.txt,8,In our Hothod there is nothing of this.,Art is not possible without love.,art;desire;love;radiation;whole,actor_struggle;daily_inspiration;directing_academic_footnote;method_terms,0.891,111,Tier 1 model-curated internal candidate,needs_visual_verification_against_pdf_page,,internal_candidate_only__not_publicly_cleared,internal Dawson/Lisa research only; UWindsor/archive and exact-use rights review required before any public/app use,DG-861b4b8775911432,No retained duplicate after exact/overlap/page/item dedupe; see reject log for rejected overlaps.,Selected from quote_candidates_priority.csv row 451 with score 111 and extraction_quality_proxy 0.891; primary Chekhov transcription; accepted after exact/overlap/page/item dedupe and diversity caps.,OCR/text-layer extraction candidate copied exactly from CSV field candidate_text_from_extraction_not_final; do not quote publicly until visually verified and cleared.,"Render/inspect the cited PDF page, visually transcribe exact wording, then Dawson/Lisa exact wording, attribution, and rights clearance."
MCT-UWINDSOR-365-199,199,daily_inspiration,actor_struggle;beauty;daily_inspiration;directing_academic_footnote;feeling;method_terms;quality;tempo;will,New. if you have thle feeling of beauty. whenever I when you. you): groupe will inevitably be beautiful. We meet get the inpreeelm of beautiful eculpture. new. in tremendous tempo. the some thing. will you please add another quality - what we call feelinr' of fez-n .. where we try to feel ’chnt everything .1230 e fem.,csv_extraction_text,true,quote_candidates_priority.csv,505,b114f1b5eee42cb0,955,1580,"May 18, 1939","May 18, 1939",primary_chekhov_transcription: by Michael Chekhov; transcribed by Deirdre Hurst du Prey,"lesson/transcription/UWindsor attribution approved by Dawson, exact source context still required",https://collections.uwindsor.ca/chekhov/item/955,https://collections.uwindsor.ca/files/original/f6b6ef8766e1894e627b68337b32914ef2040cd3.pdf,pdf_cache/item_955_may-18-1939.pdf,extracted_text_all/item_955_may-18-1939.txt,4,M; the moment we are apt to confuee two things” peychologlcel and outward oxpreoelon.,NOT] do the exercise which I will suggest to you - feeling of ceee - relaxed mecloe - feeling of fem - feeling of beeu‘ty.,beauty;feeling;quality;tempo;will,actor_struggle;daily_inspiration;directing_academic_footnote;method_terms,0.869,111,Tier 1 model-curated internal candidate,needs_visual_verification_against_pdf_page,,internal_candidate_only__not_publicly_cleared,internal Dawson/Lisa research only; UWindsor/archive and exact-use rights review required before any public/app use,DG-b114f1b5eee42cb0,No retained duplicate after exact/overlap/page/item dedupe; see reject log for rejected overlaps.,Selected from quote_candidates_priority.csv row 505 with score 111 and extraction_quality_proxy 0.869; primary Chekhov transcription; accepted after exact/overlap/page/item dedupe and diversity caps.,OCR/text-layer extraction candidate copied exactly from CSV field candidate_text_from_extraction_not_final; do not quote publicly until visually verified and cleared.,"Render/inspect the cited PDF page, visually transcribe exact wording, then Dawson/Lisa exact wording, attribution, and rights clearance."
MCT-UWINDSOR-365-200,200,method_terms,actor_struggle;audience;concentrate;concentration;directing_academic_footnote;end;feelings;first;method_terms;play;quote_candidates_priority.csv;will,"You can use it for establishing contact with your partners, and you can use it \7h0n you first enter tho stage for hinting to your audience what will happen to the here at the end of the play. By means of strong concentration you can tell them what will happen at tho",csv_extraction_text,true,quote_candidates_priority.csv,420,2fb160ea4349d007,1071,1703,"November 11, 1941: Michael Chekhov's second class for professional actors: Questions and answers","November 11, 1941",primary_chekhov_transcription: by Michael Chekhov; transcribed by Deirdre Hurst du Prey,"lesson/transcription/UWindsor attribution approved by Dawson, exact source context still required",https://collections.uwindsor.ca/chekhov/item/1071,https://collections.uwindsor.ca/files/original/678f40dcb0ce26c1cf25b896dbba1fa08fbf54aa.pdf,pdf_cache/item_1071_november-11-1941-michael-chekhov-s-second-class-for-professional-actors-questions-and-answ.pdf,extracted_text_all/item_1071_november-11-1941-michael-chekhov-s-second-class-for-professional-actors-questions-and-answ.txt,21,Another time you concentrate for quite another aim - you muio ate your feelings from the stage.,No separate context_after field supplied by source extraction; inspect cited page/text_path for surrounding context.,audience;concentration;end;first;play;will,actor_struggle;directing_academic_footnote;method_terms,0.887,112,Tier 1 model-curated internal candidate,needs_visual_verification_against_pdf_page,,internal_candidate_only__not_publicly_cleared,internal Dawson/Lisa research only; UWindsor/archive and exact-use rights review required before any public/app use,DG-2fb160ea4349d007,Duplicate/overlap also found in quote_candidates_priority.csv row 873 (same_item_page_source_page_cap).,Selected from quote_candidates_priority.csv row 420 with score 112 and extraction_quality_proxy 0.887; primary Chekhov transcription; accepted after exact/overlap/page/item dedupe and diversity caps.,OCR/text-layer extraction candidate copied exactly from CSV field candidate_text_from_extraction_not_final; do not quote publicly until visually verified and cleared. Candidate may be page/window-boundary cut because it lacks terminal punctuation. Contains visible OCR artifacts; visual verification required before quotation.,"Render/inspect the cited PDF page, visually transcribe exact wording, then Dawson/Lisa exact wording, attribution, and rights clearance."
MCT-UWINDSOR-365-201,201,daily_inspiration,author;beginning;daily_inspiration;directing_academic_footnote;end;play;quote_candidates_priority.csv;rehearse;whole,We shall not try to rehearse the play. we shall start with improvisation as if we are creators of the play. We shall create the play from the very beginning to the end — the author is helping us but we have to create the whole play from the beginning.,csv_extraction_text,true,quote_candidates_priority.csv,336,ec305196e8ed96e5,806,1396,"January 21, 1938","January 21, 1938",primary_chekhov_transcription: by Michael Chekhov; transcribed by Deirdre Hurst du Prey,"lesson/transcription/UWindsor attribution approved by Dawson, exact source context still required",https://collections.uwindsor.ca/chekhov/item/806,https://collections.uwindsor.ca/files/original/145d0c7f87e812e06edc006ce1b29eee10723051.pdf,pdf_cache/item_806_january-21-1938.pdf,extracted_text_all/item_806_january-21-1938.txt,4,"Yellow / \\, ,/Purple \\ Purple Yellow _ plume Repetition——————— ‘ x Purple Now we shall try to do certain experiments with our future theatre.",We shall start with certain themes from the play of Er.,author;beginning;end;play;rehearse;whole,daily_inspiration;directing_academic_footnote,0.881,113,Tier 1 model-curated internal candidate,needs_visual_verification_against_pdf_page,,internal_candidate_only__not_publicly_cleared,internal Dawson/Lisa research only; UWindsor/archive and exact-use rights review required before any public/app use,DG-ec305196e8ed96e5,Duplicate/overlap also found in quote_candidates_priority.csv row 559 (same_item_page_source_page_cap). Duplicate/overlap also found in quote_candidates_priority.csv row 558 (same_item_page_source_page_cap).,Selected from quote_candidates_priority.csv row 336 with score 113 and extraction_quality_proxy 0.881; primary Chekhov transcription; accepted after exact/overlap/page/item dedupe and diversity caps.,OCR/text-layer extraction candidate copied exactly from CSV field candidate_text_from_extraction_not_final; do not quote publicly until visually verified and cleared.,"Render/inspect the cited PDF page, visually transcribe exact wording, then Dawson/Lisa exact wording, attribution, and rights clearance."
MCT-UWINDSOR-365-202,202,daily_inspiration,actor_struggle;art;body;daily_inspiration;desire;directing_academic_footnote;first;method_terms;objective;quote_candidates_priority.csv;scene;whole;will,We will or.ercioo how we have to use our whole body and being in Mfilling the objective. and how \10 have to use our heads to understand the objective. Exercise: A Piece of Art: Try to find tho objectives: in thin first scene —,csv_extraction_text,true,quote_candidates_priority.csv,290,71fcd2a28b9a8927,937,1562,"February 9, 1939","February 9, 1939",primary_chekhov_transcription: by Michael Chekhov; transcribed by Deirdre Hurst du Prey,"lesson/transcription/UWindsor attribution approved by Dawson, exact source context still required",https://collections.uwindsor.ca/chekhov/item/937,https://collections.uwindsor.ca/files/original/08478b34e7e55de40f24988fa6932ec50c0ac422.pdf,pdf_cache/item_937_february-9-1939.pdf,extracted_text_all/item_937_february-9-1939.txt,6,The only thing we have to exercise ie to awaken our body.,No separate context_after field supplied by source extraction; inspect cited page/text_path for surrounding context.,art;body;first;objective;scene;whole;will,actor_struggle;daily_inspiration;directing_academic_footnote;method_terms,0.881,114,Tier 1 model-curated internal candidate,needs_visual_verification_against_pdf_page,,internal_candidate_only__not_publicly_cleared,internal Dawson/Lisa research only; UWindsor/archive and exact-use rights review required before any public/app use,DG-71fcd2a28b9a8927,Duplicate/overlap also found in quote_candidates_priority.csv row 983 (same_item_page_source_page_cap).,Selected from quote_candidates_priority.csv row 290 with score 114 and extraction_quality_proxy 0.881; primary Chekhov transcription; accepted after exact/overlap/page/item dedupe and diversity caps.,OCR/text-layer extraction candidate copied exactly from CSV field candidate_text_from_extraction_not_final; do not quote publicly until visually verified and cleared. Candidate may be page/window-boundary cut because it lacks terminal punctuation. Contains visible OCR artifacts; visual verification required before quotation.,"Render/inspect the cited PDF page, visually transcribe exact wording, then Dawson/Lisa exact wording, attribution, and rights clearance."
MCT-UWINDSOR-365-203,203,daily_inspiration,actor_struggle;daily_inspiration;directing_academic_footnote;imagination;method_terms;objective;play;quote_candidates_priority.csv;whole;will,"Vorkhovicnukl‘u objective is to awaken Stavrogin'a int-cram: in Kirilov. Each sentence can be ecnnEbio. can be interesting as an objective. and the objective for each sentence can be explained, but you :1th have in your imagination the whole play, than each sentence will become significant.",csv_extraction_text,true,quote_candidates_priority.csv,536,5116f53e29bc476d,1005,1637,"September 25, 1939","September 25, 1939",primary_chekhov_transcription: by Michael Chekhov; transcribed by Deirdre Hurst du Prey,"lesson/transcription/UWindsor attribution approved by Dawson, exact source context still required",https://collections.uwindsor.ca/chekhov/item/1005,https://collections.uwindsor.ca/files/original/cedd29704eece9309c92b0c28fa38ddcf1591888.pdf,pdf_cache/item_1005_september-25-1939.pdf,extracted_text_all/item_1005_september-25-1939.txt,13,It is an if you W were showing him c1 very dirty. nuuninc; trick.,"From now on. to avoid any unpleasant talks between us. will you plcaeo start your study of the play - even 11' you have only one sentence to say - etudy the Script and ask yourself whether there is a. phmao where you don't know what you are speaking about, where you don't know the objective, where you have forgotten the atmosrphotc. where you don't know",imagination;objective;play;whole;will,actor_struggle;daily_inspiration;directing_academic_footnote;method_terms,0.875,111,Tier 1 model-curated internal candidate,needs_visual_verification_against_pdf_page,,internal_candidate_only__not_publicly_cleared,internal Dawson/Lisa research only; UWindsor/archive and exact-use rights review required before any public/app use,DG-5116f53e29bc476d,Duplicate/overlap also found in quote_candidates_priority.csv row 535 (substring_or_overlap_duplicate).,Selected from quote_candidates_priority.csv row 536 with score 111 and extraction_quality_proxy 0.875; primary Chekhov transcription; accepted after exact/overlap/page/item dedupe and diversity caps.,OCR/text-layer extraction candidate copied exactly from CSV field candidate_text_from_extraction_not_final; do not quote publicly until visually verified and cleared.,"Render/inspect the cited PDF page, visually transcribe exact wording, then Dawson/Lisa exact wording, attribution, and rights clearance."
MCT-UWINDSOR-365-204,204,daily_inspiration,actor_struggle;body;center;concentration;creative;daily_inspiration;directing_academic_footnote;first;free;imagination;method_terms;objective;qualities;quote_candidates_priority.csv;whole;will,"1937 ilow important it is to exercise separately all the qualities which an actor must have. In time you may be able to get everything at once, and then you will be absolutely free and rich in your creative activity. because the objective belongs to your actor's nature. imagination. incorporation, concentration - everything becomes your nature in time.",csv_extraction_text,true,quote_candidates_priority.csv,432,a6b7ef183714523f,753,1332,"October 1, 1937","October 1, 1937",primary_chekhov_transcription: by Michael Chekhov; transcribed by Deirdre Hurst du Prey,"lesson/transcription/UWindsor attribution approved by Dawson, exact source context still required",https://collections.uwindsor.ca/chekhov/item/753,https://collections.uwindsor.ca/files/original/c389a6158b6f688ea06cba3d9f8a542001fdbd1d.pdf,pdf_cache/item_753_october-1-1937.pdf,extracted_text_all/item_753_october-1-1937.txt,4,Chekhov October 1.,This is the real way to the actor's frocdom‘.,concentration;creative;free;imagination;objective;qualities;will,actor_struggle;daily_inspiration;directing_academic_footnote;method_terms,0.882,112,Tier 1 model-curated internal candidate,needs_visual_verification_against_pdf_page,,internal_candidate_only__not_publicly_cleared,internal Dawson/Lisa research only; UWindsor/archive and exact-use rights review required before any public/app use,DG-a6b7ef183714523f,Duplicate/overlap also found in quote_candidates_priority.csv row 524 (same_item_page_source_page_cap).,Selected from quote_candidates_priority.csv row 432 with score 112 and extraction_quality_proxy 0.882; primary Chekhov transcription; accepted after exact/overlap/page/item dedupe and diversity caps.,OCR/text-layer extraction candidate copied exactly from CSV field candidate_text_from_extraction_not_final; do not quote publicly until visually verified and cleared.,"Render/inspect the cited PDF page, visually transcribe exact wording, then Dawson/Lisa exact wording, attribution, and rights clearance."
MCT-UWINDSOR-365-205,205,daily_inspiration,actor_struggle;daily_inspiration;directing_academic_footnote;gesture;method_terms;play;psychological gesture;scene;whole;will,"Then from that which is behind the psychology we will find a certain rhythmical outtern which embraces this scene. or that character. or the whole play. In other words, that rhythmical gesture or psychological gesture.",csv_extraction_text,true,quote_candidates_priority.csv,283,99823772481f58b2,830,1437,"February 17, 1938","February 17, 1938",primary_chekhov_transcription: by Michael Chekhov; transcribed by Deirdre Hurst du Prey,"lesson/transcription/UWindsor attribution approved by Dawson, exact source context still required",https://collections.uwindsor.ca/chekhov/item/830,https://collections.uwindsor.ca/files/original/bad86e955a69a0aacceb630255af2e6115e12452.pdf,pdf_cache/item_830_february-17-1938.pdf,extracted_text_all/item_830_february-17-1938.txt,2,"Chekhov February 17, 1938 play we try to penetrate into something which is behind the psychology.",Rhythm is in everything if it is a creation - whether of gods or men - but if it is not a creation you will not find rhythm.,gesture;play;psychological gesture;scene;whole;will,actor_struggle;daily_inspiration;directing_academic_footnote;method_terms,0.892,114,Tier 1 model-curated internal candidate,needs_visual_verification_against_pdf_page,,internal_candidate_only__not_publicly_cleared,internal Dawson/Lisa research only; UWindsor/archive and exact-use rights review required before any public/app use,DG-99823772481f58b2,No retained duplicate after exact/overlap/page/item dedupe; see reject log for rejected overlaps.,Selected from quote_candidates_priority.csv row 283 with score 114 and extraction_quality_proxy 0.892; primary Chekhov transcription; accepted after exact/overlap/page/item dedupe and diversity caps.,OCR/text-layer extraction candidate copied exactly from CSV field candidate_text_from_extraction_not_final; do not quote publicly until visually verified and cleared.,"Render/inspect the cited PDF page, visually transcribe exact wording, then Dawson/Lisa exact wording, attribution, and rights clearance."
MCT-UWINDSOR-365-206,206,daily_inspiration,actor_struggle;daily_inspiration;directing_academic_footnote;first;future;quote_candidates_priority.csv;will,"First start by listening to a sound. and then add your will. music has no space as you know: it exists in time. but for us it is the some thing - we must send our will into the past. present, or future time. First listen to the sounds and then take the sounds; they belong to you.",csv_extraction_text,true,quote_candidates_priority.csv,538,dab7adc18205fdcb,750,1329,"September 28, 1937","September 28, 1937",primary_chekhov_transcription: by Michael Chekhov; transcribed by Deirdre Hurst du Prey,"lesson/transcription/UWindsor attribution approved by Dawson, exact source context still required",https://collections.uwindsor.ca/chekhov/item/750,https://collections.uwindsor.ca/files/original/784b3e61cb387dd20d6a3856a520c4530b1cda90.pdf,pdf_cache/item_750_september-28-1937.pdf,extracted_text_all/item_750_september-28-1937.txt,8,He can do the same thing with sound.,Now your whole body is listening to the sound.,first;future;will,actor_struggle;daily_inspiration;directing_academic_footnote,0.887,111,Tier 1 model-curated internal candidate,needs_visual_verification_against_pdf_page,,internal_candidate_only__not_publicly_cleared,internal Dawson/Lisa research only; UWindsor/archive and exact-use rights review required before any public/app use,DG-dab7adc18205fdcb,Duplicate/overlap also found in quote_candidates_priority.csv row 539 (same_item_page_source_page_cap). Duplicate/overlap also found in quote_candidates_priority.csv row 537 (substring_or_overlap_duplicate).,Selected from quote_candidates_priority.csv row 538 with score 111 and extraction_quality_proxy 0.887; primary Chekhov transcription; accepted after exact/overlap/page/item dedupe and diversity caps.,OCR/text-layer extraction candidate copied exactly from CSV field candidate_text_from_extraction_not_final; do not quote publicly until visually verified and cleared.,"Render/inspect the cited PDF page, visually transcribe exact wording, then Dawson/Lisa exact wording, attribution, and rights clearance."
MCT-UWINDSOR-365-207,207,daily_inspiration,actor_struggle;body;daily_inspiration;directing_academic_footnote;first;form;method_terms;whole,First of 0.11.. experience yeur' whole body — experience your whoie body MS a form given to you - a. beautiful rain. The head. neck. and how the head in situated on the shoulder-a. the arms. legs. etc” which we can use without breﬁkiug Whatever we do on the mega cunlba performed in a £10m.,csv_extraction_text,true,quote_candidates_priority.csv,481,f1a5d2bce580a243,963,1588,"June 23, 1939","June 23, 1939",primary_chekhov_transcription: by Michael Chekhov; transcribed by Deirdre Hurst du Prey,"lesson/transcription/UWindsor attribution approved by Dawson, exact source context still required",https://collections.uwindsor.ca/chekhov/item/963,https://collections.uwindsor.ca/files/original/5977df2f624261a1fbff8eb165f1b50de116da85.pdf,pdf_cache/item_963_june-23-1939.pdf,extracted_text_all/item_963_june-23-1939.txt,8,' .,' Feeling of ease and 10011111402 fem together: LSimply 11m your arms up and down.,body;first;form;whole,actor_struggle;daily_inspiration;directing_academic_footnote;method_terms,0.872,111,Tier 1 model-curated internal candidate,needs_visual_verification_against_pdf_page,,internal_candidate_only__not_publicly_cleared,internal Dawson/Lisa research only; UWindsor/archive and exact-use rights review required before any public/app use,DG-f1a5d2bce580a243,No retained duplicate after exact/overlap/page/item dedupe; see reject log for rejected overlaps.,Selected from quote_candidates_priority.csv row 481 with score 111 and extraction_quality_proxy 0.872; primary Chekhov transcription; accepted after exact/overlap/page/item dedupe and diversity caps.,OCR/text-layer extraction candidate copied exactly from CSV field candidate_text_from_extraction_not_final; do not quote publicly until visually verified and cleared.,"Render/inspect the cited PDF page, visually transcribe exact wording, then Dawson/Lisa exact wording, attribution, and rights clearance."
MCT-UWINDSOR-365-208,208,daily_inspiration,actor_struggle;archetype;cast;daily_inspiration;directing_academic_footnote;feelings;first;gesture;imagination;method_terms;psychological gesture,The imagination. psychological gesture. everything. can be understood as a way to the archetype. Today the cast experienced first the feelings streaming through them. and then they have touched the world of the archetype.,csv_extraction_text,true,quote_candidates_priority.csv,325,23197c1e1c077fcb,749,1328,"September 27, 1937 (afternoon)","September 27, 1937",primary_chekhov_transcription: by Michael Chekhov; transcribed by Deirdre Hurst du Prey,"lesson/transcription/UWindsor attribution approved by Dawson, exact source context still required",https://collections.uwindsor.ca/chekhov/item/749,https://collections.uwindsor.ca/files/original/cf9684a3b207bd3c6399f2ffad5260d688bb15e5.pdf,pdf_cache/item_749_september-27-1937-afternoon.pdf,extracted_text_all/item_749_september-27-1937-afternoon.txt,6,"These are the feelings which the actor, as an ar— tist, can have because it is given to us. and we only need to want it.",That is what I mean by the real feelings.,archetype;cast;feelings;first;gesture;imagination;psychological gesture,actor_struggle;daily_inspiration;directing_academic_footnote;method_terms,0.882,114,Tier 1 model-curated internal candidate,needs_visual_verification_against_pdf_page,,internal_candidate_only__not_publicly_cleared,internal Dawson/Lisa research only; UWindsor/archive and exact-use rights review required before any public/app use,DG-23197c1e1c077fcb,No retained duplicate after exact/overlap/page/item dedupe; see reject log for rejected overlaps.,Selected from quote_candidates_priority.csv row 325 with score 114 and extraction_quality_proxy 0.882; primary Chekhov transcription; accepted after exact/overlap/page/item dedupe and diversity caps.,OCR/text-layer extraction candidate copied exactly from CSV field candidate_text_from_extraction_not_final; do not quote publicly until visually verified and cleared.,"Render/inspect the cited PDF page, visually transcribe exact wording, then Dawson/Lisa exact wording, attribution, and rights clearance."
MCT-UWINDSOR-365-209,209,daily_inspiration,actor_struggle;daily_inspiration;directing_academic_footnote;first;method_terms;scene;tempo;whole;will,"At first. she merges absolutely with the prison, than the next thing is absolutely personal. 7 Tho wholo scans in like one Jewel after nnoﬁhor - the whole nature of the scene requires that. it be like a. mosaic - it lies in each sound. in each “02‘s - the tempo will come later on.",csv_extraction_text,true,quote_candidates_priority.csv,445,59fec1175565b649,989,1621,"August 22, 1939","August 22, 1939",primary_chekhov_transcription: by Michael Chekhov; transcribed by Deirdre Hurst du Prey,"lesson/transcription/UWindsor attribution approved by Dawson, exact source context still required",https://collections.uwindsor.ca/chekhov/item/989,https://collections.uwindsor.ca/files/original/c176a7251d996ef74a4bcdede799dc21395940da.pdf,pdf_cache/item_989_august-22-1939.pdf,extracted_text_all/item_989_august-22-1939.txt,6,"""You are in prison"". she refers td ﬂan horrible place] but it is a very personal thing when she says. ”Hes could you do it?"" Ono ‘iio‘ big‘ and the other is small.",Son's playing with Stiggino is us if he in playing with u very dangerous thing - like a tarantula - this is the atmosphere.,first;scene;tempo;whole;will,actor_struggle;daily_inspiration;directing_academic_footnote;method_terms,0.878,111,Tier 1 model-curated internal candidate,needs_visual_verification_against_pdf_page,,internal_candidate_only__not_publicly_cleared,internal Dawson/Lisa research only; UWindsor/archive and exact-use rights review required before any public/app use,DG-59fec1175565b649,No retained duplicate after exact/overlap/page/item dedupe; see reject log for rejected overlaps.,Selected from quote_candidates_priority.csv row 445 with score 111 and extraction_quality_proxy 0.878; primary Chekhov transcription; accepted after exact/overlap/page/item dedupe and diversity caps.,OCR/text-layer extraction candidate copied exactly from CSV field candidate_text_from_extraction_not_final; do not quote publicly until visually verified and cleared. Contains visible OCR artifacts; visual verification required before quotation.,"Render/inspect the cited PDF page, visually transcribe exact wording, then Dawson/Lisa exact wording, attribution, and rights clearance."
MCT-UWINDSOR-365-210,210,daily_inspiration,actor_struggle;audience;beginning;daily_inspiration;directing_academic_footnote;feeling;scene;whole;will,"How, in Woody's performance it was absolutely with— out any idea of the feeling of the whole, of the coming scene, of anticipation. Where was the beginning? with Blair, you will see how important it is to anticipate and to promise the audience something.",csv_extraction_text,true,quote_candidates_priority.csv,368,1d769b4990892741,827,1434,"February 14, 1938","February 14, 1938",primary_chekhov_transcription: by Michael Chekhov; transcribed by Deirdre Hurst du Prey,"lesson/transcription/UWindsor attribution approved by Dawson, exact source context still required",https://collections.uwindsor.ca/chekhov/item/827,https://collections.uwindsor.ca/files/original/260f65db82dadf54bb248b40c795641a9649bb0f.pdf,pdf_cache/item_827_february-14-1938.pdf,extracted_text_all/item_827_february-14-1938.txt,8,"Then gradually it was lost, and this is another question.","When you start like Woody the audience will not go with you, because you have not toggg us.",audience;beginning;feeling;scene;whole;will,actor_struggle;daily_inspiration;directing_academic_footnote,0.887,112,Tier 1 model-curated internal candidate,needs_visual_verification_against_pdf_page,,internal_candidate_only__not_publicly_cleared,internal Dawson/Lisa research only; UWindsor/archive and exact-use rights review required before any public/app use,DG-1d769b4990892741,No retained duplicate after exact/overlap/page/item dedupe; see reject log for rejected overlaps.,Selected from quote_candidates_priority.csv row 368 with score 112 and extraction_quality_proxy 0.887; primary Chekhov transcription; accepted after exact/overlap/page/item dedupe and diversity caps.,OCR/text-layer extraction candidate copied exactly from CSV field candidate_text_from_extraction_not_final; do not quote publicly until visually verified and cleared.,"Render/inspect the cited PDF page, visually transcribe exact wording, then Dawson/Lisa exact wording, attribution, and rights clearance."
MCT-UWINDSOR-365-211,211,actor_struggle,actor_struggle;daily_inspiration;directing_academic_footnote;feeling;form;method_terms;play;scene;whole;will,"This is again the same rhythmical plan that we have for the whole play — the introduction and the coda. wYa know from Rudolf Steiner‘s method that the round line always gives the impression of the will, while the straight line zives a feeling of thought. Therefore, by bringing Antin down in a round form, we give the impression of will, which is true for this scene.",csv_extraction_text,true,quote_candidates_priority.csv,356,18b833034cd84b14,648,1204,"December 14, 1936","December 15, 1936",primary_chekhov_transcription: by Michael Chekhov; transcribed by Deirdre Hurst du Prey,"lesson/transcription/UWindsor attribution approved by Dawson, exact source context still required",https://collections.uwindsor.ca/chekhov/item/648,https://collections.uwindsor.ca/files/original/5b99a42d499e270917328367415b0a129d9f77f5.pdf,pdf_cache/item_648_december-14-1936.pdf,extracted_text_all/item_648_december-14-1936.txt,3,Without these two figures the crowd or the picture would have no shape.,"The @audience will see this and will rerct with the will and understanding it as a mystery,.",feeling;form;play;scene;whole;will,actor_struggle;daily_inspiration;directing_academic_footnote;method_terms,0.888,112,Tier 1 model-curated internal candidate,needs_visual_verification_against_pdf_page,,internal_candidate_only__not_publicly_cleared,internal Dawson/Lisa research only; UWindsor/archive and exact-use rights review required before any public/app use,DG-18b833034cd84b14,No retained duplicate after exact/overlap/page/item dedupe; see reject log for rejected overlaps.,Selected from quote_candidates_priority.csv row 356 with score 112 and extraction_quality_proxy 0.888; primary Chekhov transcription; accepted after exact/overlap/page/item dedupe and diversity caps.,OCR/text-layer extraction candidate copied exactly from CSV field candidate_text_from_extraction_not_final; do not quote publicly until visually verified and cleared.,"Render/inspect the cited PDF page, visually transcribe exact wording, then Dawson/Lisa exact wording, attribution, and rights clearance."
MCT-UWINDSOR-365-212,212,method_terms,actor_struggle;center;daily_inspiration;directing_academic_footnote;feeling;form;group;method_terms;objective;radiation;style;whole,"..: ‘2 ‘?.\ Eh, Chokhov tiny 30, 1938 contact, radiation. feeling of 03:10, fooling of form. center of interest. significance. 'otmoophoro. objective, churaetoml group fooling. fooling or bounty. psychological gonturo, radiation, style, fooling of the whole.",csv_extraction_text,true,quote_candidates_priority.csv,414,5aaaabfef6cbd7d0,882,1489,"May 30, 1938","May 30, 1938",primary_chekhov_transcription: by Michael Chekhov; transcribed by Deirdre Hurst du Prey,"lesson/transcription/UWindsor attribution approved by Dawson, exact source context still required",https://collections.uwindsor.ca/chekhov/item/882,https://collections.uwindsor.ca/files/original/65cd2883e3f661d1a646ac6214ada42caca629c0.pdf,pdf_cache/item_882_may-30-1938.pdf,extracted_text_all/item_882_may-30-1938.txt,3,No separate context_before field supplied by source extraction; inspect cited page/text_path for surrounding context.,"Repeat the oceno, finish it on your cm, and then leave the otago.",center;feeling;form;group;objective;radiation;style;whole,actor_struggle;daily_inspiration;directing_academic_footnote;method_terms,0.880,112,Tier 1 model-curated internal candidate,needs_visual_verification_against_pdf_page,,internal_candidate_only__not_publicly_cleared,internal Dawson/Lisa research only; UWindsor/archive and exact-use rights review required before any public/app use,DG-5aaaabfef6cbd7d0,No retained duplicate after exact/overlap/page/item dedupe; see reject log for rejected overlaps.,Selected from quote_candidates_priority.csv row 414 with score 112 and extraction_quality_proxy 0.880; primary Chekhov transcription; accepted after exact/overlap/page/item dedupe and diversity caps.,OCR/text-layer extraction candidate copied exactly from CSV field candidate_text_from_extraction_not_final; do not quote publicly until visually verified and cleared.,"Render/inspect the cited PDF page, visually transcribe exact wording, then Dawson/Lisa exact wording, attribution, and rights clearance."
MCT-UWINDSOR-365-213,213,daily_inspiration,actor_struggle;beginning;courage;daily_inspiration;directing_academic_footnote;fear;weak,"Take another thought, “The weaken the individual the more fear he has — the stronger the individual the note courage he possesses."" The second part of the thought is, c be able to Open our hearts we must possess courage."" Realize the power of this sword. If it is very weak in the beginning it does not matter.",csv_extraction_text,true,quote_candidates_priority.csv,607,614ff1ed16c1e00c,801,1380,"December 16, 1937 (afternoon)","December 16, 1937",primary_chekhov_transcription: by Michael Chekhov; transcribed by Deirdre Hurst du Prey,"lesson/transcription/UWindsor attribution approved by Dawson, exact source context still required",https://collections.uwindsor.ca/chekhov/item/801,https://collections.uwindsor.ca/files/original/98c72871d55e14d84fa27db586e9ce62f8a7cdda.pdf,pdf_cache/item_801_december-16-1937-afternoon.pdf,extracted_text_all/item_801_december-16-1937-afternoon.txt,6,Je must exercise this feeling 0; a sword and the strength in our heads.,You need only be aware that it is here.,beginning;courage;fear;weak,actor_struggle;daily_inspiration;directing_academic_footnote,0.891,109,Tier 1 model-curated internal candidate,needs_visual_verification_against_pdf_page,,internal_candidate_only__not_publicly_cleared,internal Dawson/Lisa research only; UWindsor/archive and exact-use rights review required before any public/app use,DG-614ff1ed16c1e00c,No retained duplicate after exact/overlap/page/item dedupe; see reject log for rejected overlaps.,Selected from quote_candidates_priority.csv row 607 with score 109 and extraction_quality_proxy 0.891; primary Chekhov transcription; accepted after exact/overlap/page/item dedupe and diversity caps.,OCR/text-layer extraction candidate copied exactly from CSV field candidate_text_from_extraction_not_final; do not quote publicly until visually verified and cleared.,"Render/inspect the cited PDF page, visually transcribe exact wording, then Dawson/Lisa exact wording, attribution, and rights clearance."
MCT-UWINDSOR-365-214,214,method_terms,actor_struggle;audience;daily_inspiration;directing_academic_footnote;method_terms;quality;radiation;scene;will,"You will see that with ""stars."" what pleases the audience is that behind them there is something more which is so attractive and fascinating, and we can always develop this quality by digging deeper into the part. RADIATION: There was another positive thing in this scene, and that was a very strong radiation.",csv_extraction_text,true,quote_candidates_priority.csv,615,496fef98de3ab6da,1079,1709,"December 8, 1941: Michael Chekhov's tenth class for professional actors: Criticism of scene by Peter Frye","December 8, 1941",primary_chekhov_transcription: by Michael Chekhov; transcribed by Deirdre Hurst du Prey,"lesson/transcription/UWindsor attribution approved by Dawson, exact source context still required",https://collections.uwindsor.ca/chekhov/item/1079,https://collections.uwindsor.ca/files/original/e38e6444d4f667436d8450dc2f0cbad5b34f6afb.pdf,pdf_cache/item_1079_december-8-1941-michael-chekhov-s-tenth-class-for-professional-actors-criticism-of-scene-b.pdf,extracted_text_all/item_1079_december-8-1941-michael-chekhov-s-tenth-class-for-professional-actors-criticism-of-scene-b.txt,3,"It can be taken as an absolute rule so that the part has to be elaborated with such care. and long intensity, so that as actors we will always bc richer than the play requires.",What was good about it was that the actor did not do anything outwardly to help it in the wrong way.,audience;quality;radiation;scene;will,actor_struggle;daily_inspiration;directing_academic_footnote;method_terms,0.891,109,Tier 1 model-curated internal candidate,needs_visual_verification_against_pdf_page,,internal_candidate_only__not_publicly_cleared,internal Dawson/Lisa research only; UWindsor/archive and exact-use rights review required before any public/app use,DG-496fef98de3ab6da,No retained duplicate after exact/overlap/page/item dedupe; see reject log for rejected overlaps.,Selected from quote_candidates_priority.csv row 615 with score 109 and extraction_quality_proxy 0.891; primary Chekhov transcription; accepted after exact/overlap/page/item dedupe and diversity caps.,OCR/text-layer extraction candidate copied exactly from CSV field candidate_text_from_extraction_not_final; do not quote publicly until visually verified and cleared.,"Render/inspect the cited PDF page, visually transcribe exact wording, then Dawson/Lisa exact wording, attribution, and rights clearance."
MCT-UWINDSOR-365-215,215,daily_inspiration,actor_struggle;body;daily_inspiration;directing_academic_footnote;group;living;love;quote_candidates_priority.csv;soul;theatre;voice;whole,"New, everybody in chorus say. ""Do you hear our voice?“ Quiet voice - send it to one living; point. the object on the stage. [love through the whole space across - your soul, your body. your voice. everything moves through the group to the back of the theatre.",csv_extraction_text,true,quote_candidates_priority.csv,376,9d9aa6aaf9079b3e,840,1447,"February 28, 1938 (afternoon)","February 28, 1938",primary_chekhov_transcription: by Michael Chekhov; transcribed by Deirdre Hurst du Prey,"lesson/transcription/UWindsor attribution approved by Dawson, exact source context still required",https://collections.uwindsor.ca/chekhov/item/840,https://collections.uwindsor.ca/files/original/b7b7abf344ec2aa827cd1212581f9f41f2e5d52c.pdf,pdf_cache/item_840_february-28-1938-afternoon.pdf,extracted_text_all/item_840_february-28-1938-afternoon.txt,1,"Do the some kneeling don-m. lying down, send at the back of the stage.",Now. back amm.,body;group;living;love;soul;theatre;voice;whole,actor_struggle;daily_inspiration;directing_academic_footnote,0.878,112,Tier 1 model-curated internal candidate,needs_visual_verification_against_pdf_page,,internal_candidate_only__not_publicly_cleared,internal Dawson/Lisa research only; UWindsor/archive and exact-use rights review required before any public/app use,DG-9d9aa6aaf9079b3e,Duplicate/overlap also found in quote_candidates_priority.csv row 375 (same_item_page_source_page_cap). Duplicate/overlap also found in quote_candidates_priority.csv row 374 (substring_or_overlap_duplicate).,Selected from quote_candidates_priority.csv row 376 with score 112 and extraction_quality_proxy 0.878; primary Chekhov transcription; accepted after exact/overlap/page/item dedupe and diversity caps.,OCR/text-layer extraction candidate copied exactly from CSV field candidate_text_from_extraction_not_final; do not quote publicly until visually verified and cleared.,"Render/inspect the cited PDF page, visually transcribe exact wording, then Dawson/Lisa exact wording, attribution, and rights clearance."
MCT-UWINDSOR-365-216,216,daily_inspiration,actor_struggle;author;daily_inspiration;directing_academic_footnote;director;ensemble;first;future;group;quote_candidates_priority.csv;theatre;will,January 29. 19% Actors no a group. as an ensemble. that is the theatre. and so it will be. it seems to me. in the future that the theatre will consist of actorm first of all. among them more. or less gifted ones. and then the author and the director.,csv_extraction_text,true,quote_candidates_priority.csv,394,7512a076aa38503a,1084,1713,"January 29, 1942: Open lecture to actors held at ""Actors Service,"" New York","January 29, 1942",primary_chekhov_transcription: by Michael Chekhov; transcribed by Deirdre Hurst du Prey,"lesson/transcription/UWindsor attribution approved by Dawson, exact source context still required",https://collections.uwindsor.ca/chekhov/item/1084,https://collections.uwindsor.ca/files/original/b506e5abb546f4589a4901ffce64e32926377f04.pdf,pdf_cache/item_1084_january-29-1942-open-lecture-to-actors-held-at-actors-service-new-york.pdf,extracted_text_all/item_1084_january-29-1942-open-lecture-to-actors-held-at-actors-service-new-york.txt,2,Chekhov.,"If we havecertain visions about the future theatre, and I think we have. then it seems to me that we have to visualize. first of all. what tho actor will be like.",author;director;ensemble;first;future;group;theatre;will,actor_struggle;daily_inspiration;directing_academic_footnote,0.888,112,Tier 1 model-curated internal candidate,needs_visual_verification_against_pdf_page,,internal_candidate_only__not_publicly_cleared,internal Dawson/Lisa research only; UWindsor/archive and exact-use rights review required before any public/app use,DG-7512a076aa38503a,Duplicate/overlap also found in quote_candidates_priority.csv row 393 (substring_or_overlap_duplicate). Duplicate/overlap also found in quote_candidates_priority.csv row 853 (same_item_page_source_page_cap).,Selected from quote_candidates_priority.csv row 394 with score 112 and extraction_quality_proxy 0.888; primary Chekhov transcription; accepted after exact/overlap/page/item dedupe and diversity caps.,OCR/text-layer extraction candidate copied exactly from CSV field candidate_text_from_extraction_not_final; do not quote publicly until visually verified and cleared.,"Render/inspect the cited PDF page, visually transcribe exact wording, then Dawson/Lisa exact wording, attribution, and rights clearance."
MCT-UWINDSOR-365-217,217,method_terms,ability;actor_struggle;beginning;daily_inspiration;directing_academic_footnote;method_terms;radiation;will,"All these things will come more and more simultaneous~ 1y with the ability to realize that you are radiating. and that you can increase this radiation by your will, quite' consciously. :ry to overcome the stiffness which may be present in the beginning of these exercises.",csv_extraction_text,true,quote_candidates_priority.csv,506,990e129138fde4f2,881,1488,"May 27, 1938","May 27, 1938",primary_chekhov_transcription: by Michael Chekhov; transcribed by Deirdre Hurst du Prey,"lesson/transcription/UWindsor attribution approved by Dawson, exact source context still required",https://collections.uwindsor.ca/chekhov/item/881,https://collections.uwindsor.ca/files/original/1d7f81450fa1e2f0463fb39719540cd4a990a007.pdf,pdf_cache/item_881_may-27-1938.pdf,extracted_text_all/item_881_may-27-1938.txt,1,"Let us try to be canecious of this gower of radiation and get it in our own will qy moving about the room quite freely, being conscious of the fact that you are radiating from your spiritual being. by means of your own inner effort - ""I am radiating my own being."" When thie radiation is produced or awnkormd by your own efforts you will get quite a different feeling in your physical body - as it increased life and warmth are there - a certain Kind",Take a sentence and get the illusion that you are,ability;beginning;radiation;will,actor_struggle;daily_inspiration;directing_academic_footnote;method_terms,0.885,111,Tier 1 model-curated internal candidate,needs_visual_verification_against_pdf_page,,internal_candidate_only__not_publicly_cleared,internal Dawson/Lisa research only; UWindsor/archive and exact-use rights review required before any public/app use,DG-990e129138fde4f2,No retained duplicate after exact/overlap/page/item dedupe; see reject log for rejected overlaps.,Selected from quote_candidates_priority.csv row 506 with score 111 and extraction_quality_proxy 0.885; primary Chekhov transcription; accepted after exact/overlap/page/item dedupe and diversity caps.,OCR/text-layer extraction candidate copied exactly from CSV field candidate_text_from_extraction_not_final; do not quote publicly until visually verified and cleared.,"Render/inspect the cited PDF page, visually transcribe exact wording, then Dawson/Lisa exact wording, attribution, and rights clearance."
MCT-UWINDSOR-365-218,218,method_terms,actor_struggle;daily_inspiration;directing_academic_footnote;feeling;first;method_terms;objective;truth;will,"«CHM; Michael Gholmov July 11+, 1939 FEELIHG OF EASE SCENIC TIRE ANTICIPATIDH FEELING OF FORE THE OBJECTIVE FEELING 0F TRUTH Staniomvoky Amulet 'I-‘EELmo 0? EASE. \""lo ohnll try today to do simple omrciooo. and the first will be for developing what on can tho fooling of cone.",csv_extraction_text,true,quote_candidates_priority.csv,477,d0e4394cae4f4e7d,976,1604,"July 14, 1939","July 14, 1939",primary_chekhov_transcription: by Michael Chekhov; transcribed by Deirdre Hurst du Prey,"lesson/transcription/UWindsor attribution approved by Dawson, exact source context still required",https://collections.uwindsor.ca/chekhov/item/976,https://collections.uwindsor.ca/files/original/06a5c78f0118f81732cef8323a45ea9dd923c9f0.pdf,pdf_cache/item_976_july-14-1939.pdf,extracted_text_all/item_976_july-14-1939.txt,1,No separate context_before field supplied by source extraction; inspect cited page/text_path for surrounding context.,Flo try to dovolop in our otudonto sumo qualitio'o'ohich OQIAJAQ. oimyo ac their disposal. and no think thooo quolitioo are very noooooury in all pinya and 1111 part0.,feeling;first;objective;truth;will,actor_struggle;daily_inspiration;directing_academic_footnote;method_terms,0.878,111,Tier 1 model-curated internal candidate,needs_visual_verification_against_pdf_page,,internal_candidate_only__not_publicly_cleared,internal Dawson/Lisa research only; UWindsor/archive and exact-use rights review required before any public/app use,DG-d0e4394cae4f4e7d,No retained duplicate after exact/overlap/page/item dedupe; see reject log for rejected overlaps.,Selected from quote_candidates_priority.csv row 477 with score 111 and extraction_quality_proxy 0.878; primary Chekhov transcription; accepted after exact/overlap/page/item dedupe and diversity caps.,OCR/text-layer extraction candidate copied exactly from CSV field candidate_text_from_extraction_not_final; do not quote publicly until visually verified and cleared. Contains visible OCR artifacts; visual verification required before quotation.,"Render/inspect the cited PDF page, visually transcribe exact wording, then Dawson/Lisa exact wording, attribution, and rights clearance."
MCT-UWINDSOR-365-219,219,daily_inspiration,ability;action;actor_struggle;beauty;daily_inspiration;directing_academic_footnote;feeling;group;method_terms;moment;quote_candidates_priority.csv;whole;will,"Out of the pause will come the action. and after the action we must experience another pausa - the action. or the answer, must give birth to the pause into which the action will disapyear. be very conscious of the two different natures of the pause, and of the moment when the whole group turns the pause.",csv_extraction_text,true,quote_candidates_priority.csv,608,3f600788f69a2861,801,1380,"December 16, 1937 (afternoon)","December 16, 1937",primary_chekhov_transcription: by Michael Chekhov; transcribed by Deirdre Hurst du Prey,"lesson/transcription/UWindsor attribution approved by Dawson, exact source context still required",https://collections.uwindsor.ca/chekhov/item/801,https://collections.uwindsor.ca/files/original/98c72871d55e14d84fa27db586e9ce62f8a7cdda.pdf,pdf_cache/item_801_december-16-1937-afternoon.pdf,extracted_text_all/item_801_december-16-1937-afternoon.txt,9,"In this way we rr Ir0 will explore the difference between the we pau' s - the pause out of which something happens and tha paus, into which something disanpears.",Out of this pause you must turn the cause again into the action of rising and leaving each other forever.,action;group;moment;whole;will,actor_struggle;daily_inspiration;directing_academic_footnote;method_terms,0.892,109,Tier 1 model-curated internal candidate,needs_visual_verification_against_pdf_page,,internal_candidate_only__not_publicly_cleared,internal Dawson/Lisa research only; UWindsor/archive and exact-use rights review required before any public/app use,DG-3f600788f69a2861,Duplicate/overlap also found in quote_candidates_priority.csv row 833 (same_item_page_source_page_cap).,Selected from quote_candidates_priority.csv row 608 with score 109 and extraction_quality_proxy 0.892; primary Chekhov transcription; accepted after exact/overlap/page/item dedupe and diversity caps.,OCR/text-layer extraction candidate copied exactly from CSV field candidate_text_from_extraction_not_final; do not quote publicly until visually verified and cleared.,"Render/inspect the cited PDF page, visually transcribe exact wording, then Dawson/Lisa exact wording, attribution, and rights clearance."
MCT-UWINDSOR-365-220,220,actor_struggle,actor_struggle;body;daily_inspiration;directing_academic_footnote;free;play;whole;will,"""You £001."" The son's character is suffering through the whole play - as a human being he suffers tremendously through many questions that come to him. By being absolutely free and relaxed in body, it will indicate that his suffering is entirely spiritual or mental.",csv_extraction_text,true,quote_candidates_priority.csv,464,fac70e4f8139a4d0,818,1409,"February 3, 1938 (afternoon)","February 3, 1938",primary_chekhov_transcription: by Michael Chekhov; transcribed by Deirdre Hurst du Prey,"lesson/transcription/UWindsor attribution approved by Dawson, exact source context still required",https://collections.uwindsor.ca/chekhov/item/818,https://collections.uwindsor.ca/files/original/e8c36288679654f95f2cade6fac2e9acfa5640ba.pdf,pdf_cache/item_818_february-3-1938-afternoon.pdf,extracted_text_all/item_818_february-3-1938-afternoon.txt,3,Then the spy jumps up with terrific speed and repeats this mannutro. and the son says wit great contempt.,The son is always listening to something and waiting for an answer. and the suffering is not passive but active.,body;free;play;whole;will,actor_struggle;daily_inspiration;directing_academic_footnote,0.889,111,Tier 1 model-curated internal candidate,needs_visual_verification_against_pdf_page,,internal_candidate_only__not_publicly_cleared,internal Dawson/Lisa research only; UWindsor/archive and exact-use rights review required before any public/app use,DG-fac70e4f8139a4d0,No retained duplicate after exact/overlap/page/item dedupe; see reject log for rejected overlaps.,Selected from quote_candidates_priority.csv row 464 with score 111 and extraction_quality_proxy 0.889; primary Chekhov transcription; accepted after exact/overlap/page/item dedupe and diversity caps.,OCR/text-layer extraction candidate copied exactly from CSV field candidate_text_from_extraction_not_final; do not quote publicly until visually verified and cleared.,"Render/inspect the cited PDF page, visually transcribe exact wording, then Dawson/Lisa exact wording, attribution, and rights clearance."
MCT-UWINDSOR-365-221,221,method_terms,ability;actor_struggle;daily_inspiration;directing_academic_footnote;future;method_terms;rhythm;whole;will,"This is the basis for the future understanding of rhythm. he 3 are always speaking about rhythm. but it io too early to touch this question of rhythm because it is a very intangible — yet tangible - thing. The whole question is the preparatory work, and than the ability to use the rhythm will flower of ‘ itself.",csv_extraction_text,true,quote_candidates_priority.csv,621,537769551e2a77a8,828,1435,"February 15, 1938","February 15, 1938",primary_chekhov_transcription: by Michael Chekhov; transcribed by Deirdre Hurst du Prey,"lesson/transcription/UWindsor attribution approved by Dawson, exact source context still required",https://collections.uwindsor.ca/chekhov/item/828,https://collections.uwindsor.ca/files/original/8bb1971bd76cf252cc7035ae59cda4eaf45616a2.pdf,pdf_cache/item_828_february-15-1938.pdf,extracted_text_all/item_828_february-15-1938.txt,2,"This attempt to find the rhythm, the tune. the ‘ ‘ —‘T::tn-v-o1‘—wm - This is wnuv we must oevelop as contact.","Therefore, it may be necessary to work around this 1 question for a long time.",ability;future;rhythm;whole;will,actor_struggle;daily_inspiration;directing_academic_footnote;method_terms,0.887,109,Tier 1 model-curated internal candidate,needs_visual_verification_against_pdf_page,,internal_candidate_only__not_publicly_cleared,internal Dawson/Lisa research only; UWindsor/archive and exact-use rights review required before any public/app use,DG-537769551e2a77a8,No retained duplicate after exact/overlap/page/item dedupe; see reject log for rejected overlaps.,Selected from quote_candidates_priority.csv row 621 with score 109 and extraction_quality_proxy 0.887; primary Chekhov transcription; accepted after exact/overlap/page/item dedupe and diversity caps.,OCR/text-layer extraction candidate copied exactly from CSV field candidate_text_from_extraction_not_final; do not quote publicly until visually verified and cleared.,"Render/inspect the cited PDF page, visually transcribe exact wording, then Dawson/Lisa exact wording, attribution, and rights clearance."
MCT-UWINDSOR-365-222,222,method_terms,actor_struggle;atmosphere;concentration;daily_inspiration;directing_academic_footnote;group;method_terms;objective;will,"Let us suppose that our group is so well trained that they knou exactly what it means to be concentrated. If so it would be enough to say that through your concentration you must try to do the objective, as a result of which you will get the atmosphere. and in getting the atnosphero you must try to radiate it at once.",csv_extraction_text,true,quote_candidates_priority.csv,664,b30ca75cb5c7fad2,661,1220,"January 28, 1937","January 28, 1937",primary_chekhov_transcription: by Michael Chekhov; transcribed by Deirdre Hurst du Prey,"lesson/transcription/UWindsor attribution approved by Dawson, exact source context still required",https://collections.uwindsor.ca/chekhov/item/661,https://collections.uwindsor.ca/files/original/4d8a693583a7cd82377c8899b9becd57ffc3fb64.pdf,pdf_cache/item_661_january-28-1937.pdf,extracted_text_all/item_661_january-28-1937.txt,2,We are trying to awaken in our souls the kind of activity which in higher then thorphysicol senses.,This would he the riqht way.,atmosphere;concentration;group;objective;will,actor_struggle;daily_inspiration;directing_academic_footnote;method_terms,0.894,109,Tier 1 model-curated internal candidate,needs_visual_verification_against_pdf_page,,internal_candidate_only__not_publicly_cleared,internal Dawson/Lisa research only; UWindsor/archive and exact-use rights review required before any public/app use,DG-b30ca75cb5c7fad2,No retained duplicate after exact/overlap/page/item dedupe; see reject log for rejected overlaps.,Selected from quote_candidates_priority.csv row 664 with score 109 and extraction_quality_proxy 0.894; primary Chekhov transcription; accepted after exact/overlap/page/item dedupe and diversity caps.,OCR/text-layer extraction candidate copied exactly from CSV field candidate_text_from_extraction_not_final; do not quote publicly until visually verified and cleared.,"Render/inspect the cited PDF page, visually transcribe exact wording, then Dawson/Lisa exact wording, attribution, and rights clearance."
MCT-UWINDSOR-365-223,223,method_terms,actor_struggle;audience;daily_inspiration;directing_academic_footnote;end;method_terms;play;radiation;theater;will,"‘l‘hey will be accepted enhee'neeieuoiy exeenoeioueiy by eeeo of the audience at enee. ether-e van realize it Later in were exdecedenBum i% we believe we have a nieeien in the theater-e. we must put certain vex-dd before the audience. eueh me ""chrie‘t."" ""infancy,"" and _ the idea et the end of the play that the devil in not defeated. These nain idee'e'we nue’c put before the eudiencee Rogcereal o‘ RADIATION AHD P33334015!",csv_extraction_text,true,quote_candidates_priority.csv,273,a8a65e5d59299c34,1000,1632,"September 15, 1939","September 15, 1939",primary_chekhov_transcription: by Michael Chekhov; transcribed by Deirdre Hurst du Prey,"lesson/transcription/UWindsor attribution approved by Dawson, exact source context still required",https://collections.uwindsor.ca/chekhov/item/1000,https://collections.uwindsor.ca/files/original/bbcbd3d9027bb3848f96ac8167691056f71c1ea5.pdf,pdf_cache/item_1000_september-15-1939.pdf,extracted_text_all/item_1000_september-15-1939.txt,1,"1939 IDEAS OF ""HE PLAY RADIATION - PRESENCE STYLE THE AGTOR'S CREATIOX IDEAS OF THE Pym ‘ I The Poedonnhd-I In thie blag] there e're certain ideas which we must point but to the audience in some may - we meet piece eertnin ideee or oven norde before them.","I The rehearsal. was not good, There are many details whieh are not gqed. but they do not worry no.",audience;end;play;radiation;theater;will,actor_struggle;daily_inspiration;directing_academic_footnote;method_terms,0.869,115,Tier 1 model-curated internal candidate,needs_visual_verification_against_pdf_page,,internal_candidate_only__not_publicly_cleared,internal Dawson/Lisa research only; UWindsor/archive and exact-use rights review required before any public/app use,DG-a8a65e5d59299c34,No retained duplicate after exact/overlap/page/item dedupe; see reject log for rejected overlaps.,Selected from quote_candidates_priority.csv row 273 with score 115 and extraction_quality_proxy 0.869; primary Chekhov transcription; accepted after exact/overlap/page/item dedupe and diversity caps.,OCR/text-layer extraction candidate copied exactly from CSV field candidate_text_from_extraction_not_final; do not quote publicly until visually verified and cleared.,"Render/inspect the cited PDF page, visually transcribe exact wording, then Dawson/Lisa exact wording, attribution, and rights clearance."
MCT-UWINDSOR-365-224,224,actor_struggle,actor_struggle;cannot;daily_inspiration;directing_academic_footnote;form;group;method_terms;theatre,The aims and principles of the Chekhov Theatre Studio. an I am sure you understand. cannot depend upon any group of people. The Chekhov Theatre Studio shall exist in this or that form. maintaining the principles in which it finds its justification for existence.,csv_extraction_text,true,quote_candidates_priority.csv,449,1da1fd0c0b99f82f,1068,1700,"December 11, 1941: The future of the Chekhov Theatre Studio","December 11, 1941",primary_chekhov_transcription: by Michael Chekhov; transcribed by Deirdre Hurst du Prey,"lesson/transcription/UWindsor attribution approved by Dawson, exact source context still required",https://collections.uwindsor.ca/chekhov/item/1068,https://collections.uwindsor.ca/files/original/b2fe0536f84601ce8d459cc985429e2f45805610.pdf,pdf_cache/item_1068_december-11-1941-the-future-of-the-chekhov-theatre-studio.pdf,extracted_text_all/item_1068_december-11-1941-the-future-of-the-chekhov-theatre-studio.txt,7,This is what I call to keep pace with the times.,"Hy effort to appeal to the group by creating a so-eallcd ""nucleus"" or Advisory Committee. has to my mind failed even before starting to function.",cannot;form;group;theatre,actor_struggle;daily_inspiration;directing_academic_footnote;method_terms,0.889,111,Tier 1 model-curated internal candidate,needs_visual_verification_against_pdf_page,,internal_candidate_only__not_publicly_cleared,internal Dawson/Lisa research only; UWindsor/archive and exact-use rights review required before any public/app use,DG-1da1fd0c0b99f82f,No retained duplicate after exact/overlap/page/item dedupe; see reject log for rejected overlaps.,Selected from quote_candidates_priority.csv row 449 with score 111 and extraction_quality_proxy 0.889; primary Chekhov transcription; accepted after exact/overlap/page/item dedupe and diversity caps.,OCR/text-layer extraction candidate copied exactly from CSV field candidate_text_from_extraction_not_final; do not quote publicly until visually verified and cleared.,"Render/inspect the cited PDF page, visually transcribe exact wording, then Dawson/Lisa exact wording, attribution, and rights clearance."
MCT-UWINDSOR-365-225,225,method_terms,actor_struggle;atmosphere;cannot;daily_inspiration;directing_academic_footnote;event;method_terms;quote_candidates_priority.csv;truth;will,"The truth on the stage, which will be out atmosphere, will be a magic power. wany things can be mistaken for atmosphere, but real atmos— phere cannot be imitated. 2+ We must suppose that every event, every thing, every com— position of things, every room, avery city, svery street, atc., has atmosphere.",csv_extraction_text,true,quote_candidates_priority.csv,591,9a1e62d4f5a0038b,592,1147,"June 4, 1936: Lessons to teachers: Lesson XVII",04-Jun-36,primary_chekhov_transcription: by Michael Chekhov; transcribed by Deirdre Hurst du Prey,"lesson/transcription/UWindsor attribution approved by Dawson, exact source context still required",https://collections.uwindsor.ca/chekhov/item/592,https://collections.uwindsor.ca/files/original/00307c9394308e42bc406ddb011331ef2f16723b.pdf,pdf_cache/item_592_june-4-1936-lessons-to-teachers-lesson-xvii.pdf,extracted_text_all/item_592_june-4-1936-lessons-to-teachers-lesson-xvii.txt,9,"The stage cannot lis, and if it is lying, then you cannot have atmosphere.",Cur second exercise is to understand the atmosphere of averything.,atmosphere;cannot;event;truth;will,actor_struggle;daily_inspiration;directing_academic_footnote;method_terms,0.887,109,Tier 1 model-curated internal candidate,needs_visual_verification_against_pdf_page,,internal_candidate_only__not_publicly_cleared,internal Dawson/Lisa research only; UWindsor/archive and exact-use rights review required before any public/app use,DG-9a1e62d4f5a0038b,Duplicate/overlap also found in quote_candidates_priority.csv row 894 (same_item_page_source_page_cap).,Selected from quote_candidates_priority.csv row 591 with score 109 and extraction_quality_proxy 0.887; primary Chekhov transcription; accepted after exact/overlap/page/item dedupe and diversity caps.,OCR/text-layer extraction candidate copied exactly from CSV field candidate_text_from_extraction_not_final; do not quote publicly until visually verified and cleared.,"Render/inspect the cited PDF page, visually transcribe exact wording, then Dawson/Lisa exact wording, attribution, and rights clearance."
MCT-UWINDSOR-365-226,226,method_terms,actor_struggle;beauty;daily_inspiration;directing_academic_footnote;end;method_terms;mistake;naturalistic;quality;quote_candidates_priority.csv,It hau become more naturalistic ~ not quite naturalistic. but it is inclined to fall into 3 naturclistic quality. This con- ‘tradictc the fairy tale quality. which is always a mixture of reality and unreality: end this mixturc makes the beauty of the fairy tale.,csv_extraction_text,true,quote_candidates_priority.csv,472,60227ac5fcd1427f,802,1381,"January 16, 1938","January 16, 1938",primary_chekhov_transcription: by Michael Chekhov; transcribed by Deirdre Hurst du Prey,"lesson/transcription/UWindsor attribution approved by Dawson, exact source context still required",https://collections.uwindsor.ca/chekhov/item/802,https://collections.uwindsor.ca/files/original/0b09e77011a6688c0839f8c81be6c62207d6443d.pdf,pdf_cache/item_802_january-16-1938.pdf,extracted_text_all/item_802_january-16-1938.txt,2,"1938 begin with, I feel that you have lost c little the quality of the fairy tale.",But if we consider what :3 saw as work in progress. than this is not a mistake.,beauty;end;naturalistic;quality,actor_struggle;daily_inspiration;directing_academic_footnote;method_terms,0.888,111,Tier 1 model-curated internal candidate,needs_visual_verification_against_pdf_page,,internal_candidate_only__not_publicly_cleared,internal Dawson/Lisa research only; UWindsor/archive and exact-use rights review required before any public/app use,DG-60227ac5fcd1427f,Duplicate/overlap also found in quote_candidates_priority.csv row 771 (same_item_page_source_page_cap).,Selected from quote_candidates_priority.csv row 472 with score 111 and extraction_quality_proxy 0.888; primary Chekhov transcription; accepted after exact/overlap/page/item dedupe and diversity caps.,OCR/text-layer extraction candidate copied exactly from CSV field candidate_text_from_extraction_not_final; do not quote publicly until visually verified and cleared.,"Render/inspect the cited PDF page, visually transcribe exact wording, then Dawson/Lisa exact wording, attribution, and rights clearance."
MCT-UWINDSOR-365-227,227,daily_inspiration,actor_struggle;body;creative;daily_inspiration;directing_academic_footnote;imagination;important moment;inspiration;method_terms;moment;play;psychological gesture;quote_candidates_priority.csv;whole;will,"J. Chekhov oguuury 16, lﬂdf you must bring the curtain down, and try to realize what was the most important moment in the pl"" - YOU 'ill £03 roal inspiration from this, and it will lead you in the right way. to this way you will see the real idea or the play, which beCOmes clear only at the and of it.",csv_extraction_text,true,quote_candidates_priority.csv,644,c74ee4e489c893d5,653,1209,"January 16, 1937","January 16, 1937",primary_chekhov_transcription: by Michael Chekhov; transcribed by Deirdre Hurst du Prey,"lesson/transcription/UWindsor attribution approved by Dawson, exact source context still required",https://collections.uwindsor.ca/chekhov/item/653,https://collections.uwindsor.ca/files/original/bb9c03dd6f50894ac6261959089f8a4d3dbf8291.pdf,pdf_cache/item_653_january-16-1937.pdf,extracted_text_all/item_653_january-16-1937.txt,2,No separate context_before field supplied by source extraction; inspect cited page/text_path for surrounding context.,You will get a special eye for your play.,important moment;inspiration;moment;play;will,actor_struggle;daily_inspiration;directing_academic_footnote,0.888,109,Tier 1 model-curated internal candidate,needs_visual_verification_against_pdf_page,,internal_candidate_only__not_publicly_cleared,internal Dawson/Lisa research only; UWindsor/archive and exact-use rights review required before any public/app use,DG-c74ee4e489c893d5,Duplicate/overlap also found in quote_candidates_priority.csv row 643 (substring_or_overlap_duplicate). Duplicate/overlap also found in quote_candidates_priority.csv row 985 (same_item_page_source_page_cap).,Selected from quote_candidates_priority.csv row 644 with score 109 and extraction_quality_proxy 0.888; primary Chekhov transcription; accepted after exact/overlap/page/item dedupe and diversity caps.,OCR/text-layer extraction candidate copied exactly from CSV field candidate_text_from_extraction_not_final; do not quote publicly until visually verified and cleared.,"Render/inspect the cited PDF page, visually transcribe exact wording, then Dawson/Lisa exact wording, attribution, and rights clearance."
MCT-UWINDSOR-365-228,228,actor_struggle,actor_struggle;climax;daily_inspiration;directing_academic_footnote;feeling;joy;moments;play;problem;will,You will find a certain real pleasure in standing in different parts of the setting - it is a real feeling of Joy which will speak to you: a real pleasure to stand on the different levels. The problem in to find and establish contact with each other and with the setting. and to find the moments of climax in the play.,csv_extraction_text,true,quote_candidates_priority.csv,740,7e2bc8790c562efd,771,1350,"October 27, 1937","October 27, 1937",primary_chekhov_transcription: by Michael Chekhov; transcribed by Deirdre Hurst du Prey,"lesson/transcription/UWindsor attribution approved by Dawson, exact source context still required",https://collections.uwindsor.ca/chekhov/item/771,https://collections.uwindsor.ca/files/original/4dc2a03c704e844592849c4ff717742798f2695d.pdf,pdf_cache/item_771_october-27-1937.pdf,extracted_text_all/item_771_october-27-1937.txt,2,Try to find the contact between yourself and the setting.,You must all be aware of this.,climax;feeling;joy;moments;play;problem;will,actor_struggle;daily_inspiration;directing_academic_footnote,0.888,109,Tier 1 model-curated internal candidate,needs_visual_verification_against_pdf_page,,internal_candidate_only__not_publicly_cleared,internal Dawson/Lisa research only; UWindsor/archive and exact-use rights review required before any public/app use,DG-7e2bc8790c562efd,No retained duplicate after exact/overlap/page/item dedupe; see reject log for rejected overlaps.,Selected from quote_candidates_priority.csv row 740 with score 109 and extraction_quality_proxy 0.888; primary Chekhov transcription; accepted after exact/overlap/page/item dedupe and diversity caps.,OCR/text-layer extraction candidate copied exactly from CSV field candidate_text_from_extraction_not_final; do not quote publicly until visually verified and cleared.,"Render/inspect the cited PDF page, visually transcribe exact wording, then Dawson/Lisa exact wording, attribution, and rights clearance."
MCT-UWINDSOR-365-229,229,actor_struggle,ability;actor_struggle;attention;daily_inspiration;desire;directing_academic_footnote;direction;form;inspired;method_terms,"“Go may."" Then say, ""Como hcro."" Then. with the eyes rained, .uuy, “Don't como near me."" when we 0.11011 this stream of movement to lead us. we are inspired. and on the other hand We must be able to manage and direct this stream of movement. when the stream is there. ‘7° must pay attention to this ability to direct it. to send it out in the direction or form we desire.",csv_extraction_text,true,quote_candidates_priority.csv,369,f354317899017a52,1060,1692,"February 17, 1941","February 17, 1941",primary_chekhov_transcription: by Michael Chekhov; transcribed by Deirdre Hurst du Prey,"lesson/transcription/UWindsor attribution approved by Dawson, exact source context still required",https://collections.uwindsor.ca/chekhov/item/1060,https://collections.uwindsor.ca/files/original/5a1a27b91b4c1b6286014c7db247496f62ccbaf1.pdf,pdf_cache/item_1060_february-17-1941.pdf,extracted_text_all/item_1060_february-17-1941.txt,18,ExercisePoint your am and use your eyes and say.,‘an can use it instinctively. but sometimes while relying upon our instinct. we lose the power and the ability to direct it and don't know what we are :iieing because the power of ingpimtien is there. but we are not there and our will is not there. and we are not directing this thing.,ability;attention;desire;direction;form;inspired,actor_struggle;daily_inspiration;directing_academic_footnote;method_terms,0.877,112,Tier 1 model-curated internal candidate,needs_visual_verification_against_pdf_page,,internal_candidate_only__not_publicly_cleared,internal Dawson/Lisa research only; UWindsor/archive and exact-use rights review required before any public/app use,DG-f354317899017a52,No retained duplicate after exact/overlap/page/item dedupe; see reject log for rejected overlaps.,Selected from quote_candidates_priority.csv row 369 with score 112 and extraction_quality_proxy 0.877; primary Chekhov transcription; accepted after exact/overlap/page/item dedupe and diversity caps.,OCR/text-layer extraction candidate copied exactly from CSV field candidate_text_from_extraction_not_final; do not quote publicly until visually verified and cleared.,"Render/inspect the cited PDF page, visually transcribe exact wording, then Dawson/Lisa exact wording, attribution, and rights clearance."
MCT-UWINDSOR-365-230,230,method_terms,actor_struggle;atmosphere;attention;body;daily_inspiration;directing_academic_footnote;feelings;method_terms;objective;quote_candidates_priority.csv;whole;will,"""I must accept and pay attention to my feelings, which must arlso."" You can take each point in our Biathod. and you will find that each point leads the may to the feelings. which are tho most precious thing. An objective. for example. is something an actor can take with his whole body and mlfill it.",csv_extraction_text,true,quote_candidates_priority.csv,678,d7f48b76f153f819,740,1319,"July 8, 1937","July 8, 1937",primary_chekhov_transcription: by Michael Chekhov; transcribed by Deirdre Hurst du Prey,"lesson/transcription/UWindsor attribution approved by Dawson, exact source context still required",https://collections.uwindsor.ca/chekhov/item/740,https://collections.uwindsor.ca/files/original/98511406491ddf3597c885aabdde8e68952afe33.pdf,pdf_cache/item_740_july-8-1937.pdf,extracted_text_all/item_740_july-8-1937.txt,3,You must my to yourself.,"If he is really able to mn‘iu the objective, ho will get the fooling - if he is m artist.",attention;body;feelings;objective;whole;will,actor_struggle;daily_inspiration;directing_academic_footnote;method_terms,0.887,109,Tier 1 model-curated internal candidate,needs_visual_verification_against_pdf_page,,internal_candidate_only__not_publicly_cleared,internal Dawson/Lisa research only; UWindsor/archive and exact-use rights review required before any public/app use,DG-d7f48b76f153f819,Duplicate/overlap also found in quote_candidates_priority.csv row 786 (same_item_page_source_page_cap).,Selected from quote_candidates_priority.csv row 678 with score 109 and extraction_quality_proxy 0.887; primary Chekhov transcription; accepted after exact/overlap/page/item dedupe and diversity caps.,OCR/text-layer extraction candidate copied exactly from CSV field candidate_text_from_extraction_not_final; do not quote publicly until visually verified and cleared. Contains visible OCR artifacts; visual verification required before quotation.,"Render/inspect the cited PDF page, visually transcribe exact wording, then Dawson/Lisa exact wording, attribution, and rights clearance."
MCT-UWINDSOR-365-231,231,daily_inspiration,actor_struggle;daily_inspiration;dead;directing_academic_footnote;form;free;group;individuality;life;method_terms,If an ariist speaks someth_ng it must be full of meaning. nothing i3 a dead form on the stage. Individuality an the stage is as precious as in each human life: never become part of a or yd gsychology: 3.01 'd is a group of individual people; one is an iLdiVidual belonging to the group — quite free.,csv_extraction_text,true,quote_candidates_priority.csv,631,dd523dae2f59fd85,839,1446,"February 28, 1938","February 28, 1938",primary_chekhov_transcription: by Michael Chekhov; transcribed by Deirdre Hurst du Prey,"lesson/transcription/UWindsor attribution approved by Dawson, exact source context still required",https://collections.uwindsor.ca/chekhov/item/839,https://collections.uwindsor.ca/files/original/efb826e423e2e196494db41ab155c3144992aa48.pdf,pdf_cache/item_839_february-28-1938.pdf,extracted_text_all/item_839_february-28-1938.txt,2,Jhat is the reason far havir a school.,No separate context_after field supplied by source extraction; inspect cited page/text_path for surrounding context.,dead;form;free;group;individuality;life,actor_struggle;daily_inspiration;directing_academic_footnote;method_terms,0.887,109,Tier 1 model-curated internal candidate,needs_visual_verification_against_pdf_page,,internal_candidate_only__not_publicly_cleared,internal Dawson/Lisa research only; UWindsor/archive and exact-use rights review required before any public/app use,DG-dd523dae2f59fd85,No retained duplicate after exact/overlap/page/item dedupe; see reject log for rejected overlaps.,Selected from quote_candidates_priority.csv row 631 with score 109 and extraction_quality_proxy 0.887; primary Chekhov transcription; accepted after exact/overlap/page/item dedupe and diversity caps.,OCR/text-layer extraction candidate copied exactly from CSV field candidate_text_from_extraction_not_final; do not quote publicly until visually verified and cleared.,"Render/inspect the cited PDF page, visually transcribe exact wording, then Dawson/Lisa exact wording, attribution, and rights clearance."
MCT-UWINDSOR-365-232,232,daily_inspiration,actor_struggle;audience;body;daily_inspiration;directing_academic_footnote;end;group;quote_candidates_priority.csv;scene;speech;whole,Through tho whole scene tho audience must feel that the group is more and more attracted to the spy. so that at the end of his speech he and they are really one being. one body. Great expectation is in the air at the and of his soliloquy.,csv_extraction_text,true,quote_candidates_priority.csv,406,b5616be99c71550e,851,1458,"March 11, 1938 (afternoon)","March 11, 1938",primary_chekhov_transcription: by Michael Chekhov; transcribed by Deirdre Hurst du Prey,"lesson/transcription/UWindsor attribution approved by Dawson, exact source context still required",https://collections.uwindsor.ca/chekhov/item/851,https://collections.uwindsor.ca/files/original/edd7f7e5b385a1c7164073868cfb010e1acee4f9.pdf,pdf_cache/item_851_march-11-1938-afternoon.pdf,extracted_text_all/item_851_march-11-1938-afternoon.txt,1,How he speaks is a little strange to you.,Tho idealist is the only person who pushes away this atmosphere — he despises it - he wants to be alone — to give a blow to the whole thing later on.,audience;body;end;group;scene;speech;whole,actor_struggle;daily_inspiration;directing_academic_footnote,0.888,112,Tier 1 model-curated internal candidate,needs_visual_verification_against_pdf_page,,internal_candidate_only__not_publicly_cleared,internal Dawson/Lisa research only; UWindsor/archive and exact-use rights review required before any public/app use,DG-b5616be99c71550e,Duplicate/overlap also found in quote_candidates_priority.csv row 404 (same_item_page_source_page_cap). Duplicate/overlap also found in quote_candidates_priority.csv row 405 (substring_or_overlap_duplicate).,Selected from quote_candidates_priority.csv row 406 with score 112 and extraction_quality_proxy 0.888; primary Chekhov transcription; accepted after exact/overlap/page/item dedupe and diversity caps.,OCR/text-layer extraction candidate copied exactly from CSV field candidate_text_from_extraction_not_final; do not quote publicly until visually verified and cleared. Contains visible OCR artifacts; visual verification required before quotation.,"Render/inspect the cited PDF page, visually transcribe exact wording, then Dawson/Lisa exact wording, attribution, and rights clearance."
MCT-UWINDSOR-365-233,233,method_terms,actor_struggle;atmosphere;daily_inspiration;directing_academic_footnote;method_terms;qualities;quality;tempo;will,"Up to how we have worked without mentioning tempo, but if you wish to touch an it now you my, although it should perhaps come Later, but then you must mention the tempo with the qualities you wish to reach. If you have the quality and atmosphere you may not have mentioned tempo, but the tempo will",csv_extraction_text,true,quote_candidates_priority.csv,674,244b1e3e792ca157,739,1318,"July 7, 1937","July 7, 1937",primary_chekhov_transcription: by Michael Chekhov; transcribed by Deirdre Hurst du Prey,"lesson/transcription/UWindsor attribution approved by Dawson, exact source context still required",https://collections.uwindsor.ca/chekhov/item/739,https://collections.uwindsor.ca/files/original/10f2210c287b5f00a0974647f0b9c8ca208cf696.pdf,pdf_cache/item_739_july-7-1937.pdf,extracted_text_all/item_739_july-7-1937.txt,1,If the director wishes to start the work with tempo. he must mention the quality.,No separate context_after field supplied by source extraction; inspect cited page/text_path for surrounding context.,atmosphere;qualities;quality;tempo;will,actor_struggle;daily_inspiration;directing_academic_footnote;method_terms,0.887,109,Tier 1 model-curated internal candidate,needs_visual_verification_against_pdf_page,,internal_candidate_only__not_publicly_cleared,internal Dawson/Lisa research only; UWindsor/archive and exact-use rights review required before any public/app use,DG-244b1e3e792ca157,No retained duplicate after exact/overlap/page/item dedupe; see reject log for rejected overlaps.,Selected from quote_candidates_priority.csv row 674 with score 109 and extraction_quality_proxy 0.887; primary Chekhov transcription; accepted after exact/overlap/page/item dedupe and diversity caps.,OCR/text-layer extraction candidate copied exactly from CSV field candidate_text_from_extraction_not_final; do not quote publicly until visually verified and cleared. Candidate may be page/window-boundary cut because it lacks terminal punctuation.,"Render/inspect the cited PDF page, visually transcribe exact wording, then Dawson/Lisa exact wording, attribution, and rights clearance."
MCT-UWINDSOR-365-234,234,method_terms,ability;actor_struggle;body;concentration;daily_inspiration;directing_academic_footnote;method_terms;objective;whole,"At the same time you must not Forget the rule that if you move your little finger your whole body is involved in it. when you have taken an objective, it must strengthen your whole body. The exercises in concentration are very helpful for this... it is half of your ability to have an objective.",csv_extraction_text,true,quote_candidates_priority.csv,717,86811fe2f64d5b1a,700,1279,"May 6, 1937","May 6, 1937",primary_chekhov_transcription: by Michael Chekhov; transcribed by Deirdre Hurst du Prey,"lesson/transcription/UWindsor attribution approved by Dawson, exact source context still required",https://collections.uwindsor.ca/chekhov/item/700,https://collections.uwindsor.ca/files/original/18707ab02d93edfa7c9b974c6116a45da6ff9b36.pdf,pdf_cache/item_700_may-6-1937.pdf,extracted_text_all/item_700_may-6-1937.txt,2,"Chekhov Yay 6, 1937 him a sign with your left hand which will encourage him.","Imagine how much more subtle it makes you inside to have this technique of the objeciive. it gives you an understanding of and a love for nuances. iry to remember the technique of having the objective, of taking it inside your soul and your body. healize what it means to fulfill the objective.",ability;body;concentration;objective;whole,actor_struggle;daily_inspiration;directing_academic_footnote;method_terms,0.891,109,Tier 1 model-curated internal candidate,needs_visual_verification_against_pdf_page,,internal_candidate_only__not_publicly_cleared,internal Dawson/Lisa research only; UWindsor/archive and exact-use rights review required before any public/app use,DG-86811fe2f64d5b1a,No retained duplicate after exact/overlap/page/item dedupe; see reject log for rejected overlaps.,Selected from quote_candidates_priority.csv row 717 with score 109 and extraction_quality_proxy 0.891; primary Chekhov transcription; accepted after exact/overlap/page/item dedupe and diversity caps.,OCR/text-layer extraction candidate copied exactly from CSV field candidate_text_from_extraction_not_final; do not quote publicly until visually verified and cleared.,"Render/inspect the cited PDF page, visually transcribe exact wording, then Dawson/Lisa exact wording, attribution, and rights clearance."
MCT-UWINDSOR-365-235,235,method_terms,actor_struggle;atmosphere;daily_inspiration;directing_academic_footnote;end;feeling;form;method_terms;radiation;unable,1939 you were unable to do any of the points of the Method. either radiation on the stage. feeling of form. atmosphere - none 61’ the points of the Method were fulfilled. So I night my that nothing hue remained after two years work. end I would be right in general.,csv_extraction_text,true,quote_candidates_priority.csv,488,0fddc6efe2081bd4,945,1570,"March 10, 1939","March 11, 1939",primary_chekhov_transcription: by Michael Chekhov; transcribed by Deirdre Hurst du Prey,"lesson/transcription/UWindsor attribution approved by Dawson, exact source context still required",https://collections.uwindsor.ca/chekhov/item/945,https://collections.uwindsor.ca/files/original/3ee5a29756d62a77611386e7a8ee52ce23d18741.pdf,pdf_cache/item_945_march-10-1939.pdf,extracted_text_all/item_945_march-10-1939.txt,7,Chekhov Karen 10.,VII-mt ntruek no meat today was that the feeling of truth (me not only not there — that would be more ‘ or lesa understandable - but in‘ its place was rude lying.,atmosphere;end;feeling;form;radiation;unable,actor_struggle;daily_inspiration;directing_academic_footnote;method_terms,0.875,111,Tier 1 model-curated internal candidate,needs_visual_verification_against_pdf_page,,internal_candidate_only__not_publicly_cleared,internal Dawson/Lisa research only; UWindsor/archive and exact-use rights review required before any public/app use,DG-0fddc6efe2081bd4,No retained duplicate after exact/overlap/page/item dedupe; see reject log for rejected overlaps.,Selected from quote_candidates_priority.csv row 488 with score 111 and extraction_quality_proxy 0.875; primary Chekhov transcription; accepted after exact/overlap/page/item dedupe and diversity caps.,OCR/text-layer extraction candidate copied exactly from CSV field candidate_text_from_extraction_not_final; do not quote publicly until visually verified and cleared.,"Render/inspect the cited PDF page, visually transcribe exact wording, then Dawson/Lisa exact wording, attribution, and rights clearance."
MCT-UWINDSOR-365-236,236,actor_struggle,actor_struggle;creative;daily_inspiration;directing_academic_footnote;group;method_terms;radiation;voice,"It is a part of creative activity not to lose oneself in the group. Psychologicallw, as actors we must always be able to cover space: we must be big enough to cover ’cho Coliseum, but without amgemtion. l’REI-ILICE: Everywhere must be your artistic nreocnce through your voice, and movement. and radiation.",csv_extraction_text,true,quote_candidates_priority.csv,632,d1bcca4ecad6a5d8,840,1447,"February 28, 1938 (afternoon)","February 28, 1938",primary_chekhov_transcription: by Michael Chekhov; transcribed by Deirdre Hurst du Prey,"lesson/transcription/UWindsor attribution approved by Dawson, exact source context still required",https://collections.uwindsor.ca/chekhov/item/840,https://collections.uwindsor.ca/files/original/b7b7abf344ec2aa827cd1212581f9f41f2e5d52c.pdf,pdf_cache/item_840_february-28-1938-afternoon.pdf,extracted_text_all/item_840_february-28-1938-afternoon.txt,3,Never bocomo the crowd. the crowd is made up of individual people.,"Fill the space as artists, not as shouting dictaﬁors.",creative;group;radiation;voice,actor_struggle;daily_inspiration;directing_academic_footnote;method_terms,0.873,109,Tier 1 model-curated internal candidate,needs_visual_verification_against_pdf_page,,internal_candidate_only__not_publicly_cleared,internal Dawson/Lisa research only; UWindsor/archive and exact-use rights review required before any public/app use,DG-d1bcca4ecad6a5d8,No retained duplicate after exact/overlap/page/item dedupe; see reject log for rejected overlaps.,Selected from quote_candidates_priority.csv row 632 with score 109 and extraction_quality_proxy 0.873; primary Chekhov transcription; accepted after exact/overlap/page/item dedupe and diversity caps.,OCR/text-layer extraction candidate copied exactly from CSV field candidate_text_from_extraction_not_final; do not quote publicly until visually verified and cleared.,"Render/inspect the cited PDF page, visually transcribe exact wording, then Dawson/Lisa exact wording, attribution, and rights clearance."
MCT-UWINDSOR-365-237,237,method_terms,actor_struggle;audience;daily_inspiration;directing_academic_footnote;form;method_terms;play;radiation;stop;will,"Instead of having ""new the form will break."" and being able to run in psychological space, the form will be closed and we will stop and be frozen in this form. if we are active in radiation, t will lcad us more and more to this activity. This is a big play, and we must act it with such activity and peter that the audience will",csv_extraction_text,true,quote_candidates_priority.csv,630,94ca04798802d708,838,1445,"February 25, 1938 (afternoon)","February 25, 1938",primary_chekhov_transcription: by Michael Chekhov; transcribed by Deirdre Hurst du Prey,"lesson/transcription/UWindsor attribution approved by Dawson, exact source context still required",https://collections.uwindsor.ca/chekhov/item/838,https://collections.uwindsor.ca/files/original/5d6c71cf4630e266f57ef47fcdbdd74e79be7973.pdf,pdf_cache/item_838_february-25-1938-afternoon.pdf,extracted_text_all/item_838_february-25-1938-afternoon.txt,8,That means that the radiation is like a gun which is always like a gun which is always full and can give the shot. with time. this lack of radiation leads us to this timeless time which is almost stopyed.,No separate context_after field supplied by source extraction; inspect cited page/text_path for surrounding context.,audience;form;play;radiation;stop;will,actor_struggle;daily_inspiration;directing_academic_footnote;method_terms,0.892,109,Tier 1 model-curated internal candidate,needs_visual_verification_against_pdf_page,,internal_candidate_only__not_publicly_cleared,internal Dawson/Lisa research only; UWindsor/archive and exact-use rights review required before any public/app use,DG-94ca04798802d708,No retained duplicate after exact/overlap/page/item dedupe; see reject log for rejected overlaps.,Selected from quote_candidates_priority.csv row 630 with score 109 and extraction_quality_proxy 0.892; primary Chekhov transcription; accepted after exact/overlap/page/item dedupe and diversity caps.,OCR/text-layer extraction candidate copied exactly from CSV field candidate_text_from_extraction_not_final; do not quote publicly until visually verified and cleared. Candidate may be page/window-boundary cut because it lacks terminal punctuation.,"Render/inspect the cited PDF page, visually transcribe exact wording, then Dawson/Lisa exact wording, attribution, and rights clearance."
MCT-UWINDSOR-365-238,238,daily_inspiration,actor_struggle;audience;daily_inspiration;directing_academic_footnote;director;first;future;will,"He was always anticipating the fuzure nudienee, and, therefore. he was a first-class director. because he always knew what the audience would feel. hear, and see. We must develop in oursolves this psychology to en‘tieipnte the future audience - then we will grow immediately because we will kneri whet requirements",csv_extraction_text,true,quote_candidates_priority.csv,696,846c1320ac129e37,960,1585,"June 8, 1939","June 8, 1939",primary_chekhov_transcription: by Michael Chekhov; transcribed by Deirdre Hurst du Prey,"lesson/transcription/UWindsor attribution approved by Dawson, exact source context still required",https://collections.uwindsor.ca/chekhov/item/960,https://collections.uwindsor.ca/files/original/9e234f4c525a02f4f5a5edab848522715d930960.pdf,pdf_cache/item_960_june-8-1939.pdf,extracted_text_all/item_960_june-8-1939.txt,10,I Vakh’cangev had this ability to a tremendous extent.,No separate context_after field supplied by source extraction; inspect cited page/text_path for surrounding context.,audience;director;first;future;will,actor_struggle;daily_inspiration;directing_academic_footnote,0.872,109,Tier 1 model-curated internal candidate,needs_visual_verification_against_pdf_page,,internal_candidate_only__not_publicly_cleared,internal Dawson/Lisa research only; UWindsor/archive and exact-use rights review required before any public/app use,DG-846c1320ac129e37,No retained duplicate after exact/overlap/page/item dedupe; see reject log for rejected overlaps.,Selected from quote_candidates_priority.csv row 696 with score 109 and extraction_quality_proxy 0.872; primary Chekhov transcription; accepted after exact/overlap/page/item dedupe and diversity caps.,OCR/text-layer extraction candidate copied exactly from CSV field candidate_text_from_extraction_not_final; do not quote publicly until visually verified and cleared. Candidate may be page/window-boundary cut because it lacks terminal punctuation.,"Render/inspect the cited PDF page, visually transcribe exact wording, then Dawson/Lisa exact wording, attribution, and rights clearance."
MCT-UWINDSOR-365-239,239,actor_struggle,actor_struggle;body;cannot;daily_inspiration;dead;directing_academic_footnote;director;method_terms;moment;objective;whole;will,"There is nc psychological moment which cannot be exrerierced by our whole body and this is the secret of taking the objective as an actor should take it. if you will recall some performances you have seen, and think of them from tho poirt of View of the objective, you will see that instead of actors filled with an objective there was a head walki on the stage with a dead body. the body only movis; because the director asked it to move. ﬁhe body was Lot actiuy at all",csv_extraction_text,true,quote_candidates_priority.csv,210,8f7fbb37eac12a43,878,1485,"May 21, 1938 (afternoon)","May 21, 1938",primary_chekhov_transcription: by Michael Chekhov; transcribed by Deirdre Hurst du Prey,"lesson/transcription/UWindsor attribution approved by Dawson, exact source context still required",https://collections.uwindsor.ca/chekhov/item/878,https://collections.uwindsor.ca/files/original/998a6c46918b896aa442b5d090fee04a37f2046d.pdf,pdf_cache/item_878_may-21-1938-afternoon.pdf,extracted_text_all/item_878_may-21-1938-afternoon.txt,2,"Chekhcv the state 3? your body whea it is free frtm Lne objective and when it is filled with the Objective. :0 be able to take the objective with you: whole being. if we as“ ourselves whether it was simply and exclusive— ly a physical action. the answer will be No."" because the \ will power which is awakened in our whole body is entirely a psychological fhi . althout this psychological ingulse we cannot do this. so if we can realize that the simp",No separate context_after field supplied by source extraction; inspect cited page/text_path for surrounding context.,body;cannot;dead;director;moment;objective;whole;will,actor_struggle;daily_inspiration;directing_academic_footnote;method_terms,0.893,116,Tier 1 model-curated internal candidate,needs_visual_verification_against_pdf_page,,internal_candidate_only__not_publicly_cleared,internal Dawson/Lisa research only; UWindsor/archive and exact-use rights review required before any public/app use,DG-8f7fbb37eac12a43,No retained duplicate after exact/overlap/page/item dedupe; see reject log for rejected overlaps.,Selected from quote_candidates_priority.csv row 210 with score 116 and extraction_quality_proxy 0.893; primary Chekhov transcription; accepted after exact/overlap/page/item dedupe and diversity caps.,OCR/text-layer extraction candidate copied exactly from CSV field candidate_text_from_extraction_not_final; do not quote publicly until visually verified and cleared. Candidate may be page/window-boundary cut because it lacks terminal punctuation. Contains visible OCR artifacts; visual verification required before quotation.,"Render/inspect the cited PDF page, visually transcribe exact wording, then Dawson/Lisa exact wording, attribution, and rights clearance."
MCT-UWINDSOR-365-240,240,actor_struggle,actor_struggle;body;concentration;daily_inspiration;directing_academic_footnote;first;life;method_terms;objective;quote_candidates_priority.csv;whole,"I As actors we need first of all our bodies. which must be full of life. When you take the objective you do it with your whole body and whole boing, and the some is true with concentration.",csv_extraction_text,true,quote_candidates_priority.csv,322,b946af1e8a1ac628,756,1335,"October 6, 1937","October 6, 1937",primary_chekhov_transcription: by Michael Chekhov; transcribed by Deirdre Hurst du Prey,"lesson/transcription/UWindsor attribution approved by Dawson, exact source context still required",https://collections.uwindsor.ca/chekhov/item/756,https://collections.uwindsor.ca/files/original/c77fa30a6041c117083363507ab8d35ef1f2b306.pdf,pdf_cache/item_756_october-6-1937.pdf,extracted_text_all/item_756_october-6-1937.txt,2,If you really concentrate with the brain you will feel at once that other parts of your being gradually die. and you are helpless.,When you send out your gill to the object you must take in everything which is in and around you.,body;concentration;first;life;objective;whole,actor_struggle;daily_inspiration;directing_academic_footnote;method_terms,0.893,114,Tier 1 model-curated internal candidate,needs_visual_verification_against_pdf_page,,internal_candidate_only__not_publicly_cleared,internal Dawson/Lisa research only; UWindsor/archive and exact-use rights review required before any public/app use,DG-b946af1e8a1ac628,Duplicate/overlap also found in quote_candidates_priority.csv row 531 (same_item_page_source_page_cap).,Selected from quote_candidates_priority.csv row 322 with score 114 and extraction_quality_proxy 0.893; primary Chekhov transcription; accepted after exact/overlap/page/item dedupe and diversity caps.,OCR/text-layer extraction candidate copied exactly from CSV field candidate_text_from_extraction_not_final; do not quote publicly until visually verified and cleared.,"Render/inspect the cited PDF page, visually transcribe exact wording, then Dawson/Lisa exact wording, attribution, and rights clearance."
MCT-UWINDSOR-365-241,241,actor_struggle,actor_struggle;daily_inspiration;directing_academic_footnote;end;feeling;moment;scene;whole,"'Hc is a clown but it must be serious. Try to anticipate the end of the scene the moment you enter. and the moment you enter try to anticipate your departure - a feeling of the whole. with one small moment you could dcetroy the whole scene, it you are revcalod for a moment an being untrue.",csv_extraction_text,true,quote_candidates_priority.csv,682,1476265688e76008,971,1596,"July, 1939","July, 1939",primary_chekhov_transcription: by Michael Chekhov; transcribed by Deirdre Hurst du Prey,"lesson/transcription/UWindsor attribution approved by Dawson, exact source context still required",https://collections.uwindsor.ca/chekhov/item/971,https://collections.uwindsor.ca/files/original/1d7714ea4158983769f33912dd84dac58b3c6512.pdf,pdf_cache/item_971_july-1939.pdf,extracted_text_all/item_971_july-1939.txt,5,You must not it so sincerely that the eudionco‘wlll ask if such a poreon could really exist. otherwise they will say it in clowning.,No separate context_after field supplied by source extraction; inspect cited page/text_path for surrounding context.,end;feeling;moment;scene;whole,actor_struggle;daily_inspiration;directing_academic_footnote,0.890,109,Tier 1 model-curated internal candidate,needs_visual_verification_against_pdf_page,,internal_candidate_only__not_publicly_cleared,internal Dawson/Lisa research only; UWindsor/archive and exact-use rights review required before any public/app use,DG-1476265688e76008,No retained duplicate after exact/overlap/page/item dedupe; see reject log for rejected overlaps.,Selected from quote_candidates_priority.csv row 682 with score 109 and extraction_quality_proxy 0.890; primary Chekhov transcription; accepted after exact/overlap/page/item dedupe and diversity caps.,OCR/text-layer extraction candidate copied exactly from CSV field candidate_text_from_extraction_not_final; do not quote publicly until visually verified and cleared.,"Render/inspect the cited PDF page, visually transcribe exact wording, then Dawson/Lisa exact wording, attribution, and rights clearance."
MCT-UWINDSOR-365-242,242,actor_struggle,actor_struggle;daily_inspiration;directing_academic_footnote;feeling;first;life;moment;whole,"6th Exercise — Feeling for the whole: Before we do something, we must gsee it first in our imaginations as a whole. Take it as though aslready done so that when wo raach the last moment, we already know it, This is most important not only in the work, tut in the whols fesling for life outside.",csv_extraction_text,true,quote_candidates_priority.csv,606,81ee15eca40641be,651,1207,"December 16, 1936: Evening lesson with Michael Chekhov, Alan, and Beatrice Straight for work on exercises to be given next term","December 16, 1936",primary_chekhov_transcription: by Michael Chekhov; transcribed by Deirdre Hurst du Prey,"lesson/transcription/UWindsor attribution approved by Dawson, exact source context still required",https://collections.uwindsor.ca/chekhov/item/651,https://collections.uwindsor.ca/files/original/b662fa28669f194207bddde36a8a5e5212b308ad.pdf,pdf_cache/item_651_december-16-1936-evening-lesson-with-michael-chekhov-alan-and-beatrice-straight-for-work-o.pdf,extracted_text_all/item_651_december-16-1936-evening-lesson-with-michael-chekhov-alan-and-beatrice-straight-for-work-o.txt,2,"Or 2 pause can be the bezinning, ind what happens after can be crystalliszsed in the pause and srow from it. &A pausge can also come in between two things as well.",EHmach movement is a transition.,feeling;first;life;moment;whole,actor_struggle;daily_inspiration;directing_academic_footnote,0.883,109,Tier 1 model-curated internal candidate,needs_visual_verification_against_pdf_page,,internal_candidate_only__not_publicly_cleared,internal Dawson/Lisa research only; UWindsor/archive and exact-use rights review required before any public/app use,DG-81ee15eca40641be,No retained duplicate after exact/overlap/page/item dedupe; see reject log for rejected overlaps.,Selected from quote_candidates_priority.csv row 606 with score 109 and extraction_quality_proxy 0.883; primary Chekhov transcription; accepted after exact/overlap/page/item dedupe and diversity caps.,OCR/text-layer extraction candidate copied exactly from CSV field candidate_text_from_extraction_not_final; do not quote publicly until visually verified and cleared. Contains visible OCR artifacts; visual verification required before quotation.,"Render/inspect the cited PDF page, visually transcribe exact wording, then Dawson/Lisa exact wording, attribution, and rights clearance."
MCT-UWINDSOR-365-243,243,daily_inspiration,art;daily_inspiration;directing_academic_footnote;first;group;imagination;play;theatre;whole,"In the Moscow Art Theatre we have always rehearsed in the wrong way - we started with the first act, the first sentence. so that when we came to the last point we were quiet inside. and had no interest for anything. The method to fly over the whole play keeps the group more alive. and with our imagination we",csv_extraction_text,true,quote_candidates_priority.csv,820,c9a777f29da174b9,772,1351,"October 28, 1937","October 28, 1937",primary_chekhov_transcription: by Michael Chekhov; transcribed by Deirdre Hurst du Prey,"lesson/transcription/UWindsor attribution approved by Dawson, exact source context still required",https://collections.uwindsor.ca/chekhov/item/772,https://collections.uwindsor.ca/files/original/8408dc997b8275aba00c3df4b2432bb6953be2d1.pdf,pdf_cache/item_772_october-28-1937.pdf,extracted_text_all/item_772_october-28-1937.txt,6,These points can be changed at any time. but as a method you must always have some sound basis.,No separate context_after field supplied by source extraction; inspect cited page/text_path for surrounding context.,art;first;group;imagination;play;theatre;whole,daily_inspiration;directing_academic_footnote,0.890,108,Tier 1 model-curated internal candidate,needs_visual_verification_against_pdf_page,,internal_candidate_only__not_publicly_cleared,internal Dawson/Lisa research only; UWindsor/archive and exact-use rights review required before any public/app use,DG-c9a777f29da174b9,No retained duplicate after exact/overlap/page/item dedupe; see reject log for rejected overlaps.,Selected from quote_candidates_priority.csv row 820 with score 108 and extraction_quality_proxy 0.890; primary Chekhov transcription; accepted after exact/overlap/page/item dedupe and diversity caps.,OCR/text-layer extraction candidate copied exactly from CSV field candidate_text_from_extraction_not_final; do not quote publicly until visually verified and cleared. Candidate may be page/window-boundary cut because it lacks terminal punctuation.,"Render/inspect the cited PDF page, visually transcribe exact wording, then Dawson/Lisa exact wording, attribution, and rights clearance."
MCT-UWINDSOR-365-244,244,actor_struggle,actor_struggle;body;daily_inspiration;directing_academic_footnote;feeling;feelings;moment;play;soul;whole,"It 1s possible to play a whole role, such as Othello, Hamlet, or Joan of Arc in the moment in which the actor sends forth his soul. Exercise: Lift your arms, feeling that your soul is dictating the movement to your body, Do the staccoato and legato exercise with the same feeling, sending out your feelings, your soul, each time,.",csv_extraction_text,true,quote_candidates_priority.csv,729,dede61822c985557,629,1185,"November 24, 1936","November 24, 1936",primary_chekhov_transcription: by Michael Chekhov; transcribed by Deirdre Hurst du Prey,"lesson/transcription/UWindsor attribution approved by Dawson, exact source context still required",https://collections.uwindsor.ca/chekhov/item/629,https://collections.uwindsor.ca/files/original/c3eb947d55e5c8edd6d90dfd512e41a100be09d6.pdf,pdf_cache/item_629_november-24-1936.pdf,extracted_text_all/item_629_november-24-1936.txt,4,"IAn, and my body obeys ay will.","Then do the same exercise ""without body."" Then lay your body down on the floor and lift it up.",body;feeling;feelings;moment;play;soul;whole,actor_struggle;daily_inspiration;directing_academic_footnote,0.888,109,Tier 1 model-curated internal candidate,needs_visual_verification_against_pdf_page,,internal_candidate_only__not_publicly_cleared,internal Dawson/Lisa research only; UWindsor/archive and exact-use rights review required before any public/app use,DG-dede61822c985557,No retained duplicate after exact/overlap/page/item dedupe; see reject log for rejected overlaps.,Selected from quote_candidates_priority.csv row 729 with score 109 and extraction_quality_proxy 0.888; primary Chekhov transcription; accepted after exact/overlap/page/item dedupe and diversity caps.,OCR/text-layer extraction candidate copied exactly from CSV field candidate_text_from_extraction_not_final; do not quote publicly until visually verified and cleared.,"Render/inspect the cited PDF page, visually transcribe exact wording, then Dawson/Lisa exact wording, attribution, and rights clearance."
MCT-UWINDSOR-365-245,245,actor_struggle,ability;actor_struggle;attention;daily_inspiration;directing_academic_footnote;first;imagination;method_terms,First there in the power of the imagina— tive picture and second there in the ability to coo through it into the very depths and heart of it. You must pdj‘; attention to thin power of the imagination and to the ability to penetrate into the object.,csv_extraction_text,true,quote_candidates_priority.csv,479,ab04699e60f3c4da,1046,1678,"July 2, 1940: Lesson for beginners -- Summer students","July 2, 1940",primary_chekhov_transcription: by Michael Chekhov; transcribed by Deirdre Hurst du Prey,"lesson/transcription/UWindsor attribution approved by Dawson, exact source context still required",https://collections.uwindsor.ca/chekhov/item/1046,https://collections.uwindsor.ca/files/original/12869238f9f4c4cb83b34c7cc4dcb580c1d301d8.pdf,pdf_cache/item_1046_july-2-1940-lesson-for-beginners-summer-students.pdf,extracted_text_all/item_1046_july-2-1940-lesson-for-beginners-summer-students.txt,1,"We are content with what we see on the surface with our eyes. but in the imagination, when we see something. we immediately knew the whole depth of it.","This work mum: be done every day, othemiue you will find you go back inotcud of going forward if you aim: a. day.",ability;attention;first;imagination,actor_struggle;daily_inspiration;directing_academic_footnote;method_terms,0.890,111,Tier 1 model-curated internal candidate,needs_visual_verification_against_pdf_page,,internal_candidate_only__not_publicly_cleared,internal Dawson/Lisa research only; UWindsor/archive and exact-use rights review required before any public/app use,DG-ab04699e60f3c4da,No retained duplicate after exact/overlap/page/item dedupe; see reject log for rejected overlaps.,Selected from quote_candidates_priority.csv row 479 with score 111 and extraction_quality_proxy 0.890; primary Chekhov transcription; accepted after exact/overlap/page/item dedupe and diversity caps.,OCR/text-layer extraction candidate copied exactly from CSV field candidate_text_from_extraction_not_final; do not quote publicly until visually verified and cleared.,"Render/inspect the cited PDF page, visually transcribe exact wording, then Dawson/Lisa exact wording, attribution, and rights clearance."
MCT-UWINDSOR-365-246,246,actor_struggle,actor_struggle;daily_inspiration;directing_academic_footnote;feeling;life;method_terms;objective;quote_candidates_priority.csv;soul;will,"""I want to get up."" Now take the objective. ""I want to get up und'pick up the box."" The enormous: of yourself in different. ﬂow keep the objective and be aware of another thing - the objective in like life, it is absolutely flexible. cur soul will respond to this Blight difference. and we must kill 11 certain abutmct feeling",csv_extraction_text,true,quote_candidates_priority.csv,666,d2b5106bc325864f,1024,1656,"January 29, 1940","January 29, 1940",primary_chekhov_transcription: by Michael Chekhov; transcribed by Deirdre Hurst du Prey,"lesson/transcription/UWindsor attribution approved by Dawson, exact source context still required",https://collections.uwindsor.ca/chekhov/item/1024,https://collections.uwindsor.ca/files/original/0f3f8c3ba73e3cb7146e1bd3d461e6bb7bfc73a5.pdf,pdf_cache/item_1024_january-29-1940.pdf,extracted_text_all/item_1024_january-29-1940.txt,3,Take the objective.,No separate context_after field supplied by source extraction; inspect cited page/text_path for surrounding context.,feeling;life;objective;soul;will,actor_struggle;daily_inspiration;directing_academic_footnote;method_terms,0.881,109,Tier 1 model-curated internal candidate,needs_visual_verification_against_pdf_page,,internal_candidate_only__not_publicly_cleared,internal Dawson/Lisa research only; UWindsor/archive and exact-use rights review required before any public/app use,DG-d2b5106bc325864f,Duplicate/overlap also found in quote_candidates_priority.csv row 665 (substring_or_overlap_duplicate).,Selected from quote_candidates_priority.csv row 666 with score 109 and extraction_quality_proxy 0.881; primary Chekhov transcription; accepted after exact/overlap/page/item dedupe and diversity caps.,OCR/text-layer extraction candidate copied exactly from CSV field candidate_text_from_extraction_not_final; do not quote publicly until visually verified and cleared. Candidate may be page/window-boundary cut because it lacks terminal punctuation.,"Render/inspect the cited PDF page, visually transcribe exact wording, then Dawson/Lisa exact wording, attribution, and rights clearance."
MCT-UWINDSOR-365-247,247,actor_struggle,actor_struggle;atmosphere;beginning;daily_inspiration;directing_academic_footnote;feeling;first;method_terms;moment;quote_candidates_priority.csv;style;tension;truth;whole,"CEBATLLG Ali‘- SJiﬁrEr It is a very strong atmosphere of susylcion in the beginning — susgieion and tension as if before a crucial moment. After the words, ""5y lawful wedded wife.“ the disaster happens - the tension breaks and the disaster is there.",csv_extraction_text,true,quote_candidates_priority.csv,502,7a3cfe8d87cf12a4,874,1481,"May 12, 1938","May 12, 1938",primary_chekhov_transcription: by Michael Chekhov; transcribed by Deirdre Hurst du Prey,"lesson/transcription/UWindsor attribution approved by Dawson, exact source context still required",https://collections.uwindsor.ca/chekhov/item/874,https://collections.uwindsor.ca/files/original/15470ac5bd1a88bc2f19e2a023478f5a31b36beb.pdf,pdf_cache/item_874_may-12-1938.pdf,extracted_text_all/item_874_may-12-1938.txt,1,IECIL-IQLE FL}.,‘I course ynu will find the color of this particular disaster.,atmosphere;beginning;moment;tension,actor_struggle;daily_inspiration;directing_academic_footnote;method_terms,0.887,111,Tier 1 model-curated internal candidate,needs_visual_verification_against_pdf_page,,internal_candidate_only__not_publicly_cleared,internal Dawson/Lisa research only; UWindsor/archive and exact-use rights review required before any public/app use,DG-7a3cfe8d87cf12a4,Duplicate/overlap also found in quote_candidates_priority.csv row 503 (same_item_page_source_page_cap). Duplicate/overlap also found in quote_candidates_priority.csv row 504 (same_item_page_source_page_cap). Duplicate/overlap also found in quote_candidates_priority.csv row 501 (same_item_page_source_page_cap).,Selected from quote_candidates_priority.csv row 502 with score 111 and extraction_quality_proxy 0.887; primary Chekhov transcription; accepted after exact/overlap/page/item dedupe and diversity caps.,OCR/text-layer extraction candidate copied exactly from CSV field candidate_text_from_extraction_not_final; do not quote publicly until visually verified and cleared.,"Render/inspect the cited PDF page, visually transcribe exact wording, then Dawson/Lisa exact wording, attribution, and rights clearance."
MCT-UWINDSOR-365-248,248,method_terms,actor_struggle;atmosphere;cold;daily_inspiration;difficult;directing_academic_footnote;group;method_terms;whole,"The whole group is without activity until Joo'a strange appearance — when he speaks and pointo to Pickwick the activity in further increased but the atmosphere in not changed: it is still cold and depressed. It in very difficult for Joe in think - it is always with him “acwif"" thinking.",csv_extraction_text,true,quote_candidates_priority.csv,683,182eb0310e57d49d,973,1598,"July, 1939","July, 1939",primary_chekhov_transcription: by Michael Chekhov; transcribed by Deirdre Hurst du Prey,"lesson/transcription/UWindsor attribution approved by Dawson, exact source context still required",https://collections.uwindsor.ca/chekhov/item/973,https://collections.uwindsor.ca/files/original/16565ed9ec2ad682e0f6731d9de34fbfc58556f1.pdf,pdf_cache/item_973_july-1939.pdf,extracted_text_all/item_973_july-1939.txt,1,mm; Michael Chekhov July 1939 ATMOSPHERE macsmms; Scone VI: Atmosphere of grout depression - thiu scone is based to begin with on atmosphere which makes a very uimplo gesture from depression to comedy.,After ho sticks a pin in Pickwick there iouh crescendo.,atmosphere;cold;difficult;group;whole,actor_struggle;daily_inspiration;directing_academic_footnote;method_terms,0.889,109,Tier 1 model-curated internal candidate,needs_visual_verification_against_pdf_page,,internal_candidate_only__not_publicly_cleared,internal Dawson/Lisa research only; UWindsor/archive and exact-use rights review required before any public/app use,DG-182eb0310e57d49d,No retained duplicate after exact/overlap/page/item dedupe; see reject log for rejected overlaps.,Selected from quote_candidates_priority.csv row 683 with score 109 and extraction_quality_proxy 0.889; primary Chekhov transcription; accepted after exact/overlap/page/item dedupe and diversity caps.,OCR/text-layer extraction candidate copied exactly from CSV field candidate_text_from_extraction_not_final; do not quote publicly until visually verified and cleared.,"Render/inspect the cited PDF page, visually transcribe exact wording, then Dawson/Lisa exact wording, attribution, and rights clearance."
MCT-UWINDSOR-365-249,249,actor_struggle,actor_struggle;daily_inspiration;directing_academic_footnote;directors;feeling;gesture;inspiration;method_terms;problem;psychological gesture;quality;quote_candidates_priority.csv;rhythm;speech;truth;will,"It is a good approach to start with the feeling of truth, but you must understand the two levels — one the guise and the other what is going on under tho guise. Take the problem as though you were preparing this sketch for a real eudiexme, than you will get a better inspiration: Directors must correct psychological gestures ry means of time. space, activity, and quality. ﬂelladinax The exercise is to speak the text by doing the psychological gesture at the some time.",csv_extraction_text,true,quote_candidates_priority.csv,201,26db30c7f07a191f,669,1228,"February 18, 1937","February 18, 1937",primary_chekhov_transcription: by Michael Chekhov; transcribed by Deirdre Hurst du Prey,"lesson/transcription/UWindsor attribution approved by Dawson, exact source context still required",https://collections.uwindsor.ca/chekhov/item/669,https://collections.uwindsor.ca/files/original/b410ed50995e1999193e915c9a7efa8ce8fb2c43.pdf,pdf_cache/item_669_february-18-1937.pdf,extracted_text_all/item_669_february-18-1937.txt,9,There must be at least two levels.,The rhythm of speech and the rhythm of the psychological gesture.,directors;feeling;gesture;inspiration;problem;psychological gesture;quality;truth;will,actor_struggle;daily_inspiration;directing_academic_footnote;method_terms,0.886,116,Tier 1 model-curated internal candidate,needs_visual_verification_against_pdf_page,,internal_candidate_only__not_publicly_cleared,internal Dawson/Lisa research only; UWindsor/archive and exact-use rights review required before any public/app use,DG-26db30c7f07a191f,Duplicate/overlap also found in quote_candidates_priority.csv row 548 (same_item_page_source_page_cap).,Selected from quote_candidates_priority.csv row 201 with score 116 and extraction_quality_proxy 0.886; primary Chekhov transcription; accepted after exact/overlap/page/item dedupe and diversity caps.,OCR/text-layer extraction candidate copied exactly from CSV field candidate_text_from_extraction_not_final; do not quote publicly until visually verified and cleared. Contains visible OCR artifacts; visual verification required before quotation.,"Render/inspect the cited PDF page, visually transcribe exact wording, then Dawson/Lisa exact wording, attribution, and rights clearance."
MCT-UWINDSOR-365-250,250,actor_struggle,actor_struggle;beauty;daily_inspiration;directing_academic_footnote;feeling;form;method_terms;soul;whole;will,You know the details. but if you have the feeling of Hamlet. this in the been on which you can build everything; - which will keep everything in your mind one your soul and accumulate gradually all the detoile you need. Wrestling. with feeling of form. feeling of cone. feeling of beauty. feeling of the whole. with mueicul phmoee.,csv_extraction_text,true,quote_candidates_priority.csv,688,fe32caab3269cf2e,963,1588,"June 23, 1939","June 23, 1939",primary_chekhov_transcription: by Michael Chekhov; transcribed by Deirdre Hurst du Prey,"lesson/transcription/UWindsor attribution approved by Dawson, exact source context still required",https://collections.uwindsor.ca/chekhov/item/963,https://collections.uwindsor.ca/files/original/5977df2f624261a1fbff8eb165f1b50de116da85.pdf,pdf_cache/item_963_june-23-1939.pdf,extracted_text_all/item_963_june-23-1939.txt,10,Juot ﬁh‘qug‘no with your parts on the stage - you are going to perform Joan of Arc or‘Runloe.,The phraoe. which you will lmow. will give you the feeling of the whole for each okimioh bocnuuo of the rhythm you will be able to anticipate each thing.,beauty;feeling;form;soul;whole;will,actor_struggle;daily_inspiration;directing_academic_footnote;method_terms,0.886,109,Tier 1 model-curated internal candidate,needs_visual_verification_against_pdf_page,,internal_candidate_only__not_publicly_cleared,internal Dawson/Lisa research only; UWindsor/archive and exact-use rights review required before any public/app use,DG-fe32caab3269cf2e,No retained duplicate after exact/overlap/page/item dedupe; see reject log for rejected overlaps.,Selected from quote_candidates_priority.csv row 688 with score 109 and extraction_quality_proxy 0.886; primary Chekhov transcription; accepted after exact/overlap/page/item dedupe and diversity caps.,OCR/text-layer extraction candidate copied exactly from CSV field candidate_text_from_extraction_not_final; do not quote publicly until visually verified and cleared.,"Render/inspect the cited PDF page, visually transcribe exact wording, then Dawson/Lisa exact wording, attribution, and rights clearance."
MCT-UWINDSOR-365-251,251,method_terms,actor_struggle;atmosphere;cannot;daily_inspiration;directing_academic_footnote;director;method_terms;problem;scene;soul,"It is my right as director to give you some special problem. my speaking the words you are responsible for the atmosphere. by imagining something, you are responsible for the atmosphere. etc. In this scene. the atmosphere of the dim room. late at night, Ficholas cannot find the possibility to reach the mother's soul. and she connot",csv_extraction_text,true,quote_candidates_priority.csv,705,83c4e3635c73b2b5,864,1471,"March 21, 1938 (afternoon)","March 21, 1938",primary_chekhov_transcription: by Michael Chekhov; transcribed by Deirdre Hurst du Prey,"lesson/transcription/UWindsor attribution approved by Dawson, exact source context still required",https://collections.uwindsor.ca/chekhov/item/864,https://collections.uwindsor.ca/files/original/dadb46f94afaef96d5f350220765a9f5b62fe15b.pdf,pdf_cache/item_864_march-21-1938-afternoon.pdf,extracted_text_all/item_864_march-21-1938-afternoon.txt,2,I now ask you to be very conscious of the atmosphere.,No separate context_after field supplied by source extraction; inspect cited page/text_path for surrounding context.,atmosphere;cannot;director;problem;scene;soul,actor_struggle;daily_inspiration;directing_academic_footnote;method_terms,0.888,109,Tier 1 model-curated internal candidate,needs_visual_verification_against_pdf_page,,internal_candidate_only__not_publicly_cleared,internal Dawson/Lisa research only; UWindsor/archive and exact-use rights review required before any public/app use,DG-83c4e3635c73b2b5,No retained duplicate after exact/overlap/page/item dedupe; see reject log for rejected overlaps.,Selected from quote_candidates_priority.csv row 705 with score 109 and extraction_quality_proxy 0.888; primary Chekhov transcription; accepted after exact/overlap/page/item dedupe and diversity caps.,OCR/text-layer extraction candidate copied exactly from CSV field candidate_text_from_extraction_not_final; do not quote publicly until visually verified and cleared. Candidate may be page/window-boundary cut because it lacks terminal punctuation.,"Render/inspect the cited PDF page, visually transcribe exact wording, then Dawson/Lisa exact wording, attribution, and rights clearance."
MCT-UWINDSOR-365-252,252,actor_struggle,actor_struggle;body;center;daily_inspiration;directing_academic_footnote;first;imagination;method_terms;will,"If you see and hear Iago, being clairvoyant in your imagination. you will 900 where the center"" is. Because if you do not find the center first. you may be lost for a very long time, trying to grasp and incorporate in your body all the complicated and sometimes absolutely incalculable richnesecs of the character.",csv_extraction_text,true,quote_candidates_priority.csv,752,f33976a97384f9f0,1081,1711,"December 15, 1941: Michael Chekhov's twelfth class for professional actors: The future theatre","December 15, 1941",primary_chekhov_transcription: by Michael Chekhov; transcribed by Deirdre Hurst du Prey,"lesson/transcription/UWindsor attribution approved by Dawson, exact source context still required",https://collections.uwindsor.ca/chekhov/item/1081,https://collections.uwindsor.ca/files/original/28b6e7e3093a9f18d7802d7d04b3eeaf10176996.pdf,pdf_cache/item_1081_december-15-1941-michael-chekhov-s-twelfth-class-for-professional-actors-the-future-theatr.pdf,extracted_text_all/item_1081_december-15-1941-michael-chekhov-s-twelfth-class-for-professional-actors-the-future-theatr.txt,11,"We can imagine this ﬁgure.- and his prayer only if we are clairvoyant in our imagination, and Egg what he feels. when we take Desdcmena. for instance, and see her acting and living in the world of the imagination. we see her utmost inner life. and if we put the question as to where tor center is - in general or in a particular scene - the suggestion will come and we will lmow where her center is.","Othello. for instance, is a most complicated character if it",body;center;first;imagination;will,actor_struggle;daily_inspiration;directing_academic_footnote;method_terms,0.889,108,Tier 1 model-curated internal candidate,needs_visual_verification_against_pdf_page,,internal_candidate_only__not_publicly_cleared,internal Dawson/Lisa research only; UWindsor/archive and exact-use rights review required before any public/app use,DG-f33976a97384f9f0,No retained duplicate after exact/overlap/page/item dedupe; see reject log for rejected overlaps.,Selected from quote_candidates_priority.csv row 752 with score 108 and extraction_quality_proxy 0.889; primary Chekhov transcription; accepted after exact/overlap/page/item dedupe and diversity caps.,OCR/text-layer extraction candidate copied exactly from CSV field candidate_text_from_extraction_not_final; do not quote publicly until visually verified and cleared.,"Render/inspect the cited PDF page, visually transcribe exact wording, then Dawson/Lisa exact wording, attribution, and rights clearance."
MCT-UWINDSOR-365-253,253,method_terms,actor_struggle;daily_inspiration;directing_academic_footnote;end;free;gesture;method_terms;quote_candidates_priority.csv;will,"Human nature and nature in general, is always giving and taking. It is absolutely true that by dc— ing this gesture two or thrée‘times we will accumulate, end it is also true that by 5.2523,; the gesture two or three times we will be absolutely free.",csv_extraction_text,true,quote_candidates_priority.csv,463,5c647511b0f2afcc,817,1408,"February 3, 1938","February 3, 1938",primary_chekhov_transcription: by Michael Chekhov; transcribed by Deirdre Hurst du Prey,"lesson/transcription/UWindsor attribution approved by Dawson, exact source context still required",https://collections.uwindsor.ca/chekhov/item/817,https://collections.uwindsor.ca/files/original/3f54a4f6bde6164cc8f974e24765b1f322a1d124.pdf,pdf_cache/item_817_february-3-1938.pdf,extracted_text_all/item_817_february-3-1938.txt,3,She becomes more free by making the gesture.,It depends on the human will — whether you are inhaling or oxhalina.,end;free;gesture;will,actor_struggle;daily_inspiration;directing_academic_footnote;method_terms,0.883,111,Tier 1 model-curated internal candidate,needs_visual_verification_against_pdf_page,,internal_candidate_only__not_publicly_cleared,internal Dawson/Lisa research only; UWindsor/archive and exact-use rights review required before any public/app use,DG-5c647511b0f2afcc,Duplicate/overlap also found in quote_candidates_priority.csv row 762 (same_item_page_source_page_cap). Duplicate/overlap also found in quote_candidates_priority.csv row 761 (substring_or_overlap_duplicate).,Selected from quote_candidates_priority.csv row 463 with score 111 and extraction_quality_proxy 0.883; primary Chekhov transcription; accepted after exact/overlap/page/item dedupe and diversity caps.,OCR/text-layer extraction candidate copied exactly from CSV field candidate_text_from_extraction_not_final; do not quote publicly until visually verified and cleared.,"Render/inspect the cited PDF page, visually transcribe exact wording, then Dawson/Lisa exact wording, attribution, and rights clearance."
MCT-UWINDSOR-365-254,254,actor_struggle,actor_struggle;beginning;body;daily_inspiration;directing_academic_footnote;imagination;whole,"1938 gongsteru take our whole activity it is the right imagination, and we must alx-zays follow with our active mghmtion. When we worked with the exercises on King Lear and Claudine ‘thet was actually the beginning of the right kind of imagi— nation, with our hands andhith our whole body.",csv_extraction_text,true,quote_candidates_priority.csv,668,885c52d7fd4e9cdc,901,1526,"July 1, 1938","July 1, 1938",primary_chekhov_transcription: by Michael Chekhov; transcribed by Deirdre Hurst du Prey,"lesson/transcription/UWindsor attribution approved by Dawson, exact source context still required",https://collections.uwindsor.ca/chekhov/item/901,https://collections.uwindsor.ca/files/original/a223f76cf72299bc6bc6a3ffe1e7cd752600137b.pdf,pdf_cache/item_901_july-1-1938.pdf,extracted_text_all/item_901_july-1-1938.txt,15,Chekhov July 1.,'Ihon no came to tho incoryoration. which in the continuation of the precoeo. and now we have come to point 1i. so that psychologically it 10 one unbroken lino!,beginning;body;imagination;whole,actor_struggle;daily_inspiration;directing_academic_footnote,0.883,109,Tier 1 model-curated internal candidate,needs_visual_verification_against_pdf_page,,internal_candidate_only__not_publicly_cleared,internal Dawson/Lisa research only; UWindsor/archive and exact-use rights review required before any public/app use,DG-885c52d7fd4e9cdc,No retained duplicate after exact/overlap/page/item dedupe; see reject log for rejected overlaps.,Selected from quote_candidates_priority.csv row 668 with score 109 and extraction_quality_proxy 0.883; primary Chekhov transcription; accepted after exact/overlap/page/item dedupe and diversity caps.,OCR/text-layer extraction candidate copied exactly from CSV field candidate_text_from_extraction_not_final; do not quote publicly until visually verified and cleared.,"Render/inspect the cited PDF page, visually transcribe exact wording, then Dawson/Lisa exact wording, attribution, and rights clearance."
MCT-UWINDSOR-365-255,255,actor_struggle,actor_struggle;daily_inspiration;directing_academic_footnote;feeling;method_terms;speech;style;whole,"The whole sequence must be done with the feeling of the whole. Everything must ha in the style. especially the speech.' I You must tgka tho qxenoiucq as pedantically as they are given to you, otherwise this vagueness which in death for the artist in thorn, béoauso ii is always around us.",csv_extraction_text,true,quote_candidates_priority.csv,716,c99afd7b24d64670,880,1487,"May 25, 1938","May 26, 1938",primary_chekhov_transcription: by Michael Chekhov; transcribed by Deirdre Hurst du Prey,"lesson/transcription/UWindsor attribution approved by Dawson, exact source context still required",https://collections.uwindsor.ca/chekhov/item/880,https://collections.uwindsor.ca/files/original/fb03aa69f3c2150ebd9c0f458fc5f4a23bd4c487.pdf,pdf_cache/item_880_may-25-1938.pdf,extracted_text_all/item_880_may-25-1938.txt,1,"Than do the same thing three times: the first time slowly. the second time quickly, and the third time slowly, saying each time ”I am getting up.“ “I am sitting down."" Then do it ﬁith a pause between each thing; during each time you must have the “rabbit“ psychology of looking at one place.",We must be proud that in our school wo deny this vagueness. and it only comes when something in neglected but actually there is no point on which our method is vague. {he style of this play consists of juggler‘s psychologyx 1.,feeling;speech;style;whole,actor_struggle;daily_inspiration;directing_academic_footnote;method_terms,0.881,109,Tier 1 model-curated internal candidate,needs_visual_verification_against_pdf_page,,internal_candidate_only__not_publicly_cleared,internal Dawson/Lisa research only; UWindsor/archive and exact-use rights review required before any public/app use,DG-c99afd7b24d64670,No retained duplicate after exact/overlap/page/item dedupe; see reject log for rejected overlaps.,Selected from quote_candidates_priority.csv row 716 with score 109 and extraction_quality_proxy 0.881; primary Chekhov transcription; accepted after exact/overlap/page/item dedupe and diversity caps.,OCR/text-layer extraction candidate copied exactly from CSV field candidate_text_from_extraction_not_final; do not quote publicly until visually verified and cleared. Contains visible OCR artifacts; visual verification required before quotation.,"Render/inspect the cited PDF page, visually transcribe exact wording, then Dawson/Lisa exact wording, attribution, and rights clearance."
MCT-UWINDSOR-365-256,256,actor_struggle,actor_struggle;daily_inspiration;directing_academic_footnote;feelings;important moment;living;moment;play;problem;scene;scenes;will,"They must always be living things for us. The problem of space affects the psycholosy of the scenes in a play, As in Shakespeare, we will find that when a character has an important moment or soliloquy in the play . the scene is set in a large room or space. # 4 #% & # 4 £ _of less w ¥ by 3 e Hurst: Too quiet and too cool — more with the intellect than with the feelings — must be warmer towards the students.",csv_extraction_text,true,quote_candidates_priority.csv,343,d829f1b91db302d3,620,1176,"November 11, 1936","November 11, 1936",primary_chekhov_transcription: by Michael Chekhov; transcribed by Deirdre Hurst du Prey,"lesson/transcription/UWindsor attribution approved by Dawson, exact source context still required",https://collections.uwindsor.ca/chekhov/item/620,https://collections.uwindsor.ca/files/original/d5b69cd7a8ae28a5e0749925e1e2c1c4665bd3ad.pdf,pdf_cache/item_620_november-11-1936.pdf,extracted_text_all/item_620_november-11-1936.txt,1,"¥ichael Cheknhov Hovember 11, 1936 we must never begin to feel the gestures as & schenme.","The exercisge is one in harmony — harmony with each other, with the mood, with themsic, with the group, and with the platforms.",feelings;important moment;living;moment;play;problem;scene;scenes;will,actor_struggle;daily_inspiration;directing_academic_footnote,0.878,113,Tier 1 model-curated internal candidate,needs_visual_verification_against_pdf_page,,internal_candidate_only__not_publicly_cleared,internal Dawson/Lisa research only; UWindsor/archive and exact-use rights review required before any public/app use,DG-d829f1b91db302d3,No retained duplicate after exact/overlap/page/item dedupe; see reject log for rejected overlaps.,Selected from quote_candidates_priority.csv row 343 with score 113 and extraction_quality_proxy 0.878; primary Chekhov transcription; accepted after exact/overlap/page/item dedupe and diversity caps.,OCR/text-layer extraction candidate copied exactly from CSV field candidate_text_from_extraction_not_final; do not quote publicly until visually verified and cleared.,"Render/inspect the cited PDF page, visually transcribe exact wording, then Dawson/Lisa exact wording, attribution, and rights clearance."
MCT-UWINDSOR-365-257,257,actor_struggle,actor_struggle;daily_inspiration;directing_academic_footnote;fear;form;free;group;method_terms;objective;play;theatre;truth,"1H}; Michael Chekhov July 11, 1938 FREE ACTING IMPROVISATIOB METHOD FEAR OF FLOURDERING OBJECTIVE FEELIHG 0F TRUTH ELABGRATIEG THE FORM OF THE PLAY The Group Theatre Mstislav Dobujinsky FREE ACTIKG: _ This is acting; simply acting, presuming that the grounds of the Method are there.",csv_extraction_text,true,quote_candidates_priority.csv,669,9de607187c0e4552,903,1528,"July 11, 1938","July 11, 1938",primary_chekhov_transcription: by Michael Chekhov; transcribed by Deirdre Hurst du Prey,"lesson/transcription/UWindsor attribution approved by Dawson, exact source context still required",https://collections.uwindsor.ca/chekhov/item/903,https://collections.uwindsor.ca/files/original/4e64a54aa0cdb66593b07903f1c15bac7e4d51bb.pdf,pdf_cache/item_903_july-11-1938.pdf,extracted_text_all/item_903_july-11-1938.txt,1,No separate context_before field supplied by source extraction; inspect cited page/text_path for surrounding context.,Quito frao.,fear;form;free;group;objective;play;theatre;truth,actor_struggle;daily_inspiration;directing_academic_footnote;method_terms,0.882,109,Tier 1 model-curated internal candidate,needs_visual_verification_against_pdf_page,,internal_candidate_only__not_publicly_cleared,internal Dawson/Lisa research only; UWindsor/archive and exact-use rights review required before any public/app use,DG-9de607187c0e4552,No retained duplicate after exact/overlap/page/item dedupe; see reject log for rejected overlaps.,Selected from quote_candidates_priority.csv row 669 with score 109 and extraction_quality_proxy 0.882; primary Chekhov transcription; accepted after exact/overlap/page/item dedupe and diversity caps.,OCR/text-layer extraction candidate copied exactly from CSV field candidate_text_from_extraction_not_final; do not quote publicly until visually verified and cleared.,"Render/inspect the cited PDF page, visually transcribe exact wording, then Dawson/Lisa exact wording, attribution, and rights clearance."
MCT-UWINDSOR-365-258,258,method_terms,actor_struggle;concentrate;daily_inspiration;directing_academic_footnote;method_terms;play;scene;style;theatre,"Michael Chekhov . (afternoon) Larch 17, 1930 STYLE - PRESQECE STYLE - PRESTVCEx Scene between Nicholas and the 52x: Concentrate only on one thing, while speaking the text - to savour the style of the play. You can do anything you like. but new this opportunity in the theatre so that every attempt you make you must reckon with the theatre.",csv_extraction_text,true,quote_candidates_priority.csv,704,ffa0c92a4f99adf2,860,1467,"March 17, 1938 (afternoon)","March 17, 1938",primary_chekhov_transcription: by Michael Chekhov; transcribed by Deirdre Hurst du Prey,"lesson/transcription/UWindsor attribution approved by Dawson, exact source context still required",https://collections.uwindsor.ca/chekhov/item/860,https://collections.uwindsor.ca/files/original/5a97c10e73af2cd93673232f4b3f4793bf91d986.pdf,pdf_cache/item_860_march-17-1938-afternoon.pdf,extracted_text_all/item_860_march-17-1938-afternoon.txt,1,No separate context_before field supplied by source extraction; inspect cited page/text_path for surrounding context.,Don't push the words.,concentrate;play;scene;style;theatre,actor_struggle;daily_inspiration;directing_academic_footnote;method_terms,0.886,109,Tier 1 model-curated internal candidate,needs_visual_verification_against_pdf_page,,internal_candidate_only__not_publicly_cleared,internal Dawson/Lisa research only; UWindsor/archive and exact-use rights review required before any public/app use,DG-ffa0c92a4f99adf2,No retained duplicate after exact/overlap/page/item dedupe; see reject log for rejected overlaps.,Selected from quote_candidates_priority.csv row 704 with score 109 and extraction_quality_proxy 0.886; primary Chekhov transcription; accepted after exact/overlap/page/item dedupe and diversity caps.,OCR/text-layer extraction candidate copied exactly from CSV field candidate_text_from_extraction_not_final; do not quote publicly until visually verified and cleared.,"Render/inspect the cited PDF page, visually transcribe exact wording, then Dawson/Lisa exact wording, attribution, and rights clearance."
MCT-UWINDSOR-365-259,259,actor_struggle,actor_struggle;cold;daily_inspiration;directing_academic_footnote;first;living;method_terms;moment;objective,"The objective means that you have to fulfill your task - by discovering whether the Saint is living or not the actor must fulfill some task. For instance, if I plunge my hand into water to discover and explore and ascertain the temperature, that is one thing, but to explore what it means to have my hand in cold water means to do it without any objective. uhere was the first moment of trying to under—",csv_extraction_text,true,quote_candidates_priority.csv,392,f82b2ade8a792733,661,1220,"January 28, 1937","January 28, 1937",primary_chekhov_transcription: by Michael Chekhov; transcribed by Deirdre Hurst du Prey,"lesson/transcription/UWindsor attribution approved by Dawson, exact source context still required",https://collections.uwindsor.ca/chekhov/item/661,https://collections.uwindsor.ca/files/original/4d8a693583a7cd82377c8899b9becd57ffc3fb64.pdf,pdf_cache/item_661_january-28-1937.pdf,extracted_text_all/item_661_january-28-1937.txt,1,If the director had asked her to explore whether he moved willingly or unwillingly. this would have been something to explore.,No separate context_after field supplied by source extraction; inspect cited page/text_path for surrounding context.,cold;first;living;moment;objective,actor_struggle;daily_inspiration;directing_academic_footnote;method_terms,0.890,112,Tier 1 model-curated internal candidate,needs_visual_verification_against_pdf_page,,internal_candidate_only__not_publicly_cleared,internal Dawson/Lisa research only; UWindsor/archive and exact-use rights review required before any public/app use,DG-f82b2ade8a792733,No retained duplicate after exact/overlap/page/item dedupe; see reject log for rejected overlaps.,Selected from quote_candidates_priority.csv row 392 with score 112 and extraction_quality_proxy 0.890; primary Chekhov transcription; accepted after exact/overlap/page/item dedupe and diversity caps.,OCR/text-layer extraction candidate copied exactly from CSV field candidate_text_from_extraction_not_final; do not quote publicly until visually verified and cleared. Candidate may be page/window-boundary cut because it lacks terminal punctuation.,"Render/inspect the cited PDF page, visually transcribe exact wording, then Dawson/Lisa exact wording, attribution, and rights clearance."
MCT-UWINDSOR-365-260,260,actor_struggle,actor_struggle;atmosphere;daily_inspiration;directing_academic_footnote;gesture;life;method_terms;objective;psychological gesture;whole,"Therefore. each objective. each atmosphere, each psychological gesture must be round urgently. This urgency makes the whole difference between irt and everyday life where everything is not urgent. whenthings are urgent in everyday life they express themselves in a hurry. but on the stage to be urgent means to be full, quiet and so on.",csv_extraction_text,true,quote_candidates_priority.csv,699,db6fa1018ad4f457,841,1448,"March 1, 1938","March 1, 1938",primary_chekhov_transcription: by Michael Chekhov; transcribed by Deirdre Hurst du Prey,"lesson/transcription/UWindsor attribution approved by Dawson, exact source context still required",https://collections.uwindsor.ca/chekhov/item/841,https://collections.uwindsor.ca/files/original/ef1b12b953c3d466890980075434adef807d0061.pdf,pdf_cache/item_841_march-1-1938.pdf,extracted_text_all/item_841_march-1-1938.txt,3,"1938 stage as a character must be Curgent"" - it must be done, otherwise it cannot be shown on the stage.",What we have seen was expressive. but it was not urgent ~ it is not important from a certain point of View.,atmosphere;gesture;life;objective;psychological gesture;whole,actor_struggle;daily_inspiration;directing_academic_footnote;method_terms,0.880,109,Tier 1 model-curated internal candidate,needs_visual_verification_against_pdf_page,,internal_candidate_only__not_publicly_cleared,internal Dawson/Lisa research only; UWindsor/archive and exact-use rights review required before any public/app use,DG-db6fa1018ad4f457,No retained duplicate after exact/overlap/page/item dedupe; see reject log for rejected overlaps.,Selected from quote_candidates_priority.csv row 699 with score 109 and extraction_quality_proxy 0.880; primary Chekhov transcription; accepted after exact/overlap/page/item dedupe and diversity caps.,OCR/text-layer extraction candidate copied exactly from CSV field candidate_text_from_extraction_not_final; do not quote publicly until visually verified and cleared.,"Render/inspect the cited PDF page, visually transcribe exact wording, then Dawson/Lisa exact wording, attribution, and rights clearance."
MCT-UWINDSOR-365-261,261,actor_struggle,ability;actor_struggle;concentration;daily_inspiration;directing_academic_footnote;feeling;form;group;method_terms;quote_candidates_priority.csv;radiation,"We must take the point of View that we have all the abilities nocoosufy for an artist and that in the school we must develop theoo ubilitﬁoo. \10 must dovdiop our irongination. our concentration, our ability for group feeling. for radiation, for fouling of form, fooling of‘bcauty. otc.",csv_extraction_text,true,quote_candidates_priority.csv,659,4346fad9029271ae,1022,1654,"January 25, 1940","January 25, 1940",primary_chekhov_transcription: by Michael Chekhov; transcribed by Deirdre Hurst du Prey,"lesson/transcription/UWindsor attribution approved by Dawson, exact source context still required",https://collections.uwindsor.ca/chekhov/item/1022,https://collections.uwindsor.ca/files/original/b67edba36a7b8c1a480bb3b2e913326b7bdca3f3.pdf,pdf_cache/item_1022_january-25-1940.pdf,extracted_text_all/item_1022_january-25-1940.txt,1,"I won't."" But this is not our point of viow because \10 are a. school.",M What .5 an about to toll you. concerning concentration. you must accept an something to which you must aspire.,ability;concentration;feeling;form;group;radiation,actor_struggle;daily_inspiration;directing_academic_footnote;method_terms,0.877,109,Tier 1 model-curated internal candidate,needs_visual_verification_against_pdf_page,,internal_candidate_only__not_publicly_cleared,internal Dawson/Lisa research only; UWindsor/archive and exact-use rights review required before any public/app use,DG-4346fad9029271ae,Duplicate/overlap also found in quote_candidates_priority.csv row 658 (substring_or_overlap_duplicate).,Selected from quote_candidates_priority.csv row 659 with score 109 and extraction_quality_proxy 0.877; primary Chekhov transcription; accepted after exact/overlap/page/item dedupe and diversity caps.,OCR/text-layer extraction candidate copied exactly from CSV field candidate_text_from_extraction_not_final; do not quote publicly until visually verified and cleared.,"Render/inspect the cited PDF page, visually transcribe exact wording, then Dawson/Lisa exact wording, attribution, and rights clearance."
MCT-UWINDSOR-365-262,262,actor_struggle,actor_struggle;daily_inspiration;directing_academic_footnote;first;gesture;method_terms;whole;will,"Now, we shall go on with the same exercise but you will do it to experience as a whole, without even three divisions ~ only one part — and try to do it like a scheme first. as if it were a rhythmical gesture - compressed. The rhythmical task is to experience the unity. the oneness of the whole.",csv_extraction_text,true,quote_candidates_priority.csv,791,55272238e51347c6,849,1456,"March 10, 1938","March 10, 1938",primary_chekhov_transcription: by Michael Chekhov; transcribed by Deirdre Hurst du Prey,"lesson/transcription/UWindsor attribution approved by Dawson, exact source context still required",https://collections.uwindsor.ca/chekhov/item/849,https://collections.uwindsor.ca/files/original/98b2cb2d05d0a8ad946766804bc27893b9ec4ca4.pdf,pdf_cache/item_849_march-10-1938.pdf,extracted_text_all/item_849_march-10-1938.txt,3,We have to interpret the chair as we want.,No separate context_after field supplied by source extraction; inspect cited page/text_path for surrounding context.,first;gesture;whole;will,actor_struggle;daily_inspiration;directing_academic_footnote;method_terms,0.892,108,Tier 1 model-curated internal candidate,needs_visual_verification_against_pdf_page,,internal_candidate_only__not_publicly_cleared,internal Dawson/Lisa research only; UWindsor/archive and exact-use rights review required before any public/app use,DG-55272238e51347c6,No retained duplicate after exact/overlap/page/item dedupe; see reject log for rejected overlaps.,Selected from quote_candidates_priority.csv row 791 with score 108 and extraction_quality_proxy 0.892; primary Chekhov transcription; accepted after exact/overlap/page/item dedupe and diversity caps.,OCR/text-layer extraction candidate copied exactly from CSV field candidate_text_from_extraction_not_final; do not quote publicly until visually verified and cleared.,"Render/inspect the cited PDF page, visually transcribe exact wording, then Dawson/Lisa exact wording, attribution, and rights clearance."
MCT-UWINDSOR-365-263,263,actor_struggle,actor_struggle;daily_inspiration;directing_academic_footnote;form;method_terms;objective;radiation;speech,"It is good that you got the result, but I would suggeét that. if you agree we must bo actors with a technique when trying to find the form. that you should try to find it in the form of an objective. of radiation, through all the pointswwe have. You may want to get form in your words or speech itself, and you try to get it-quito instinctively.",csv_extraction_text,true,quote_candidates_priority.csv,708,52b06d5306435111,866,1473,"March 28, 1938 (afternoon)","March 28, 1938",primary_chekhov_transcription: by Michael Chekhov; transcribed by Deirdre Hurst du Prey,"lesson/transcription/UWindsor attribution approved by Dawson, exact source context still required",https://collections.uwindsor.ca/chekhov/item/866,https://collections.uwindsor.ca/files/original/688e0e58b9663ec599c83866709317943c96bf6c.pdf,pdf_cache/item_866_march-28-1938-afternoon.pdf,extracted_text_all/item_866_march-28-1938-afternoon.txt,24,I feel that you got the form apart from the Method - simply form.,"This is one way, but I don't recommend it.",form;objective;radiation;speech,actor_struggle;daily_inspiration;directing_academic_footnote;method_terms,0.891,109,Tier 1 model-curated internal candidate,needs_visual_verification_against_pdf_page,,internal_candidate_only__not_publicly_cleared,internal Dawson/Lisa research only; UWindsor/archive and exact-use rights review required before any public/app use,DG-52b06d5306435111,No retained duplicate after exact/overlap/page/item dedupe; see reject log for rejected overlaps.,Selected from quote_candidates_priority.csv row 708 with score 109 and extraction_quality_proxy 0.891; primary Chekhov transcription; accepted after exact/overlap/page/item dedupe and diversity caps.,OCR/text-layer extraction candidate copied exactly from CSV field candidate_text_from_extraction_not_final; do not quote publicly until visually verified and cleared.,"Render/inspect the cited PDF page, visually transcribe exact wording, then Dawson/Lisa exact wording, attribution, and rights clearance."
MCT-UWINDSOR-365-264,264,actor_struggle,actor_struggle;body;center;daily_inspiration;directing_academic_footnote;feelings;first;method_terms;whole,First listen with your ears. then with your palms. then try consciously to absorb the feelings and fill your body with them. Then hear it :dth the center of your back. then with your chest. then with your whole body and move towards the music. then incorporate the :ontemiﬂv' of music into words.,csv_extraction_text,true,quote_candidates_priority.csv,773,188c7138360b3c62,803,1382,"January 16, 1938 (afternoon)","January 16, 1938",primary_chekhov_transcription: by Michael Chekhov; transcribed by Deirdre Hurst du Prey,"lesson/transcription/UWindsor attribution approved by Dawson, exact source context still required",https://collections.uwindsor.ca/chekhov/item/803,https://collections.uwindsor.ca/files/original/8656b022f38cc6535e3bea1f1caf5f6b413a2809.pdf,pdf_cache/item_803_january-16-1938-afternoon.pdf,extracted_text_all/item_803_january-16-1938-afternoon.txt,10,Another sentence on the piano.,Anticipate the pleasure of being able to speak with the human voice.,body;center;feelings;first;whole,actor_struggle;daily_inspiration;directing_academic_footnote;method_terms,0.889,108,Tier 1 model-curated internal candidate,needs_visual_verification_against_pdf_page,,internal_candidate_only__not_publicly_cleared,internal Dawson/Lisa research only; UWindsor/archive and exact-use rights review required before any public/app use,DG-188c7138360b3c62,No retained duplicate after exact/overlap/page/item dedupe; see reject log for rejected overlaps.,Selected from quote_candidates_priority.csv row 773 with score 108 and extraction_quality_proxy 0.889; primary Chekhov transcription; accepted after exact/overlap/page/item dedupe and diversity caps.,OCR/text-layer extraction candidate copied exactly from CSV field candidate_text_from_extraction_not_final; do not quote publicly until visually verified and cleared.,"Render/inspect the cited PDF page, visually transcribe exact wording, then Dawson/Lisa exact wording, attribution, and rights clearance."
MCT-UWINDSOR-365-265,265,method_terms,actor_struggle;atmosphere;daily_inspiration;directing_academic_footnote;first;method_terms;play;quote_candidates_priority.csv;soul;will,Another theme: the eaters enter to play the prologue — the King. the Murdercyg‘mxd the Queen. The first part of their theme in to bring a professional atmosphere into the court. secondly to organize evexythihg. and thirdly to retreat somewhere and wait for the sign which hamlet will give than to start.,csv_extraction_text,true,quote_candidates_priority.csv,816,62fa060729f57101,915,1540,"October 18, 1938","October 18, 1938",primary_chekhov_transcription: by Michael Chekhov; transcribed by Deirdre Hurst du Prey,"lesson/transcription/UWindsor attribution approved by Dawson, exact source context still required",https://collections.uwindsor.ca/chekhov/item/915,https://collections.uwindsor.ca/files/original/895a286f872ef96e393f2e07f404d3108c58317c.pdf,pdf_cache/item_915_october-18-1938.pdf,extracted_text_all/item_915_october-18-1938.txt,6,"This is the purpose of the rehearsal, and the approach must be thin one.",'fhonm Ophelia. entera; her psychological theme is to find where is the mint which will comfort her. lice: soul is ﬂomdering like a dying bird.,atmosphere;first;play;will,actor_struggle;daily_inspiration;directing_academic_footnote;method_terms,0.879,108,Tier 1 model-curated internal candidate,needs_visual_verification_against_pdf_page,,internal_candidate_only__not_publicly_cleared,internal Dawson/Lisa research only; UWindsor/archive and exact-use rights review required before any public/app use,DG-62fa060729f57101,Duplicate/overlap also found in quote_candidates_priority.csv row 817 (same_item_page_source_page_cap).,Selected from quote_candidates_priority.csv row 816 with score 108 and extraction_quality_proxy 0.879; primary Chekhov transcription; accepted after exact/overlap/page/item dedupe and diversity caps.,OCR/text-layer extraction candidate copied exactly from CSV field candidate_text_from_extraction_not_final; do not quote publicly until visually verified and cleared.,"Render/inspect the cited PDF page, visually transcribe exact wording, then Dawson/Lisa exact wording, attribution, and rights clearance."
MCT-UWINDSOR-365-266,266,actor_struggle,actor_struggle;atmosphere;daily_inspiration;directing_academic_footnote;feeling;first;imagination;method_terms;play;quote_candidates_priority.csv,"First of all1, we must develop our imagination in connection with the feeling of atmosphere. First find the various atmospheres in the play, and then try to follow all the images,.",csv_extraction_text,true,quote_candidates_priority.csv,317,24f4a744828a1fb6,606,1162,"October 22, 1936","October 22, 1936",primary_chekhov_transcription: by Michael Chekhov; transcribed by Deirdre Hurst du Prey,"lesson/transcription/UWindsor attribution approved by Dawson, exact source context still required",https://collections.uwindsor.ca/chekhov/item/606,https://collections.uwindsor.ca/files/original/4704031cec2eb4294972c805144479d0a31db580.pdf,pdf_cache/item_606_october-22-1936.pdf,extracted_text_all/item_606_october-22-1936.txt,3,We can do this only through the development of our imagination.,"We must discover, as it were, & ""script"" of atmospheres in each play,.",atmosphere;feeling;first;imagination;play,actor_struggle;daily_inspiration;directing_academic_footnote;method_terms,0.883,114,Tier 1 model-curated internal candidate,needs_visual_verification_against_pdf_page,,internal_candidate_only__not_publicly_cleared,internal Dawson/Lisa research only; UWindsor/archive and exact-use rights review required before any public/app use,DG-24f4a744828a1fb6,Duplicate/overlap also found in quote_candidates_priority.csv row 318 (same_item_page_source_page_cap).,Selected from quote_candidates_priority.csv row 317 with score 114 and extraction_quality_proxy 0.883; primary Chekhov transcription; accepted after exact/overlap/page/item dedupe and diversity caps.,OCR/text-layer extraction candidate copied exactly from CSV field candidate_text_from_extraction_not_final; do not quote publicly until visually verified and cleared.,"Render/inspect the cited PDF page, visually transcribe exact wording, then Dawson/Lisa exact wording, attribution, and rights clearance."
MCT-UWINDSOR-365-267,267,actor_struggle,ability;actor_struggle;art;daily_inspiration;directing_academic_footnote;feeling;group;method_terms;quality,FEELING — ENSEMBLEAnother quality. tho ability 'for which we are ﬂying to develop in our actorz}. which in calloo gmﬂfoolin5. . That means that not «mo of no in oven? on the stage ogotiotiwlly. \Io conoidor our art an a group art. hhcro cvorybody dependu on the friend. whether this friend in on tho utago or not.,csv_extraction_text,true,quote_candidates_priority.csv,804,732c508961ae37fc,954,1579,"May 2, 1939","May 2, 1939",primary_chekhov_transcription: by Michael Chekhov; transcribed by Deirdre Hurst du Prey,"lesson/transcription/UWindsor attribution approved by Dawson, exact source context still required",https://collections.uwindsor.ca/chekhov/item/954,https://collections.uwindsor.ca/files/original/7a96feab5763addc935a616638809b698fd58c65.pdf,pdf_cache/item_954_may-2-1939.pdf,extracted_text_all/item_954_may-2-1939.txt,6,How. will you please give the inprca’uion that you are uroutliné for life and death - panormlly. but abuolutoly from Radium. lemon?,It is humnly' inyormnt to fool outaolvou no a group.,ability;art;feeling;group;quality,actor_struggle;daily_inspiration;directing_academic_footnote;method_terms,0.871,108,Tier 1 model-curated internal candidate,needs_visual_verification_against_pdf_page,,internal_candidate_only__not_publicly_cleared,internal Dawson/Lisa research only; UWindsor/archive and exact-use rights review required before any public/app use,DG-732c508961ae37fc,No retained duplicate after exact/overlap/page/item dedupe; see reject log for rejected overlaps.,Selected from quote_candidates_priority.csv row 804 with score 108 and extraction_quality_proxy 0.871; primary Chekhov transcription; accepted after exact/overlap/page/item dedupe and diversity caps.,OCR/text-layer extraction candidate copied exactly from CSV field candidate_text_from_extraction_not_final; do not quote publicly until visually verified and cleared. Contains visible OCR artifacts; visual verification required before quotation.,"Render/inspect the cited PDF page, visually transcribe exact wording, then Dawson/Lisa exact wording, attribution, and rights clearance."
MCT-UWINDSOR-365-268,268,method_terms,actor_struggle;art;daily_inspiration;directing_academic_footnote;gesture;group;method_terms;quote_candidates_priority.csv;soul;whole;will,"We must remember that without technique there is no art. THE TiﬁﬁsncLDx Before you enter the stage you must do something in your coneciouuness - you must enter the stage with the gesture of Opening your heart, your soul. your mind. and taking into yourself not only the whole stage - which is the world in which you will live and work - but all your partners ee well.",csv_extraction_text,true,quote_candidates_priority.csv,577,fad9aed3cd5b7283,678,1257,"March 12, 1937","March 12, 1937",primary_chekhov_transcription: by Michael Chekhov; transcribed by Deirdre Hurst du Prey,"lesson/transcription/UWindsor attribution approved by Dawson, exact source context still required",https://collections.uwindsor.ca/chekhov/item/678,https://collections.uwindsor.ca/files/original/637e2c81692e595e4a4c8b419f81591f997c4ae4.pdf,pdf_cache/item_678_march-12-1937.pdf,extracted_text_all/item_678_march-12-1937.txt,1,"We must also start some new exercises which will be a mixture of some exercises which I have done before, and some new exercises.","Without this open heart we will never be able to create the troupe. the group, which we are aiming at.",art;gesture;soul;whole;will,actor_struggle;daily_inspiration;directing_academic_footnote;method_terms,0.891,110,Tier 1 model-curated internal candidate,needs_visual_verification_against_pdf_page,,internal_candidate_only__not_publicly_cleared,internal Dawson/Lisa research only; UWindsor/archive and exact-use rights review required before any public/app use,DG-fad9aed3cd5b7283,Duplicate/overlap also found in quote_candidates_priority.csv row 861 (same_item_page_source_page_cap).,Selected from quote_candidates_priority.csv row 577 with score 110 and extraction_quality_proxy 0.891; primary Chekhov transcription; accepted after exact/overlap/page/item dedupe and diversity caps.,OCR/text-layer extraction candidate copied exactly from CSV field candidate_text_from_extraction_not_final; do not quote publicly until visually verified and cleared.,"Render/inspect the cited PDF page, visually transcribe exact wording, then Dawson/Lisa exact wording, attribution, and rights clearance."
MCT-UWINDSOR-365-269,269,actor_struggle,actor_struggle;creative;daily_inspiration;directing_academic_footnote;feeling;individuality;method_terms;speech;style;will,"Michael Chekhov November 26, 1937 FEELING 0F FORE: FIRE - FIARK IIJPROVISATION ATHOSPHERE CONTACT SIGNIFICANT SPEECH STYLE The Dellme Old Students and New Students: we must have an opinion about ovérything we have seen. Without this we will lose our creative individuality.",csv_extraction_text,true,quote_candidates_priority.csv,730,0a71c53363d46dc2,787,1366,"November 26, 1937","November 26, 1937",primary_chekhov_transcription: by Michael Chekhov; transcribed by Deirdre Hurst du Prey,"lesson/transcription/UWindsor attribution approved by Dawson, exact source context still required",https://collections.uwindsor.ca/chekhov/item/787,https://collections.uwindsor.ca/files/original/b9bae52fe5d62659bfae7652764441036d55f33c.pdf,pdf_cache/item_787_november-26-1937.pdf,extracted_text_all/item_787_november-26-1937.txt,1,No separate context_before field supplied by source extraction; inspect cited page/text_path for surrounding context.,By trying to develop an opinion we will build our creative ability.,creative;feeling;individuality;speech;style;will,actor_struggle;daily_inspiration;directing_academic_footnote;method_terms,0.891,109,Tier 1 model-curated internal candidate,needs_visual_verification_against_pdf_page,,internal_candidate_only__not_publicly_cleared,internal Dawson/Lisa research only; UWindsor/archive and exact-use rights review required before any public/app use,DG-0a71c53363d46dc2,No retained duplicate after exact/overlap/page/item dedupe; see reject log for rejected overlaps.,Selected from quote_candidates_priority.csv row 730 with score 109 and extraction_quality_proxy 0.891; primary Chekhov transcription; accepted after exact/overlap/page/item dedupe and diversity caps.,OCR/text-layer extraction candidate copied exactly from CSV field candidate_text_from_extraction_not_final; do not quote publicly until visually verified and cleared.,"Render/inspect the cited PDF page, visually transcribe exact wording, then Dawson/Lisa exact wording, attribution, and rights clearance."
MCT-UWINDSOR-365-270,270,daily_inspiration,actor_struggle;daily_inspiration;directing_academic_footnote;free;gesture;method_terms;whole;will,"This is the whole story. now try to make the most complicated gesture of opening your whole being. and try to be aware of the psychologicel'ozporienco which must come from it, if you are free enough. Try to accumulate thin psychelegical effect which will come if you have done the gesture fully, if we are crtiets — which we must take for granted.",csv_extraction_text,true,quote_candidates_priority.csv,684,51e1d4c790791681,893,1500,"June 19, 1938","June 19, 1938",primary_chekhov_transcription: by Michael Chekhov; transcribed by Deirdre Hurst du Prey,"lesson/transcription/UWindsor attribution approved by Dawson, exact source context still required",https://collections.uwindsor.ca/chekhov/item/893,https://collections.uwindsor.ca/files/original/0ed98209495501e14c8b81b953cace9ec7405702.pdf,pdf_cache/item_893_june-19-1938.pdf,extracted_text_all/item_893_june-19-1938.txt,4,"Chekhov June 19, 1938 inside no.","How appraise quite intimately whether you have accumulated certain foelinge,and gill,@nd images by doing this einple gesture several tinean whether you have really eccemulated something there.",free;gesture;whole;will,actor_struggle;daily_inspiration;directing_academic_footnote;method_terms,0.889,109,Tier 1 model-curated internal candidate,needs_visual_verification_against_pdf_page,,internal_candidate_only__not_publicly_cleared,internal Dawson/Lisa research only; UWindsor/archive and exact-use rights review required before any public/app use,DG-51e1d4c790791681,No retained duplicate after exact/overlap/page/item dedupe; see reject log for rejected overlaps.,Selected from quote_candidates_priority.csv row 684 with score 109 and extraction_quality_proxy 0.889; primary Chekhov transcription; accepted after exact/overlap/page/item dedupe and diversity caps.,OCR/text-layer extraction candidate copied exactly from CSV field candidate_text_from_extraction_not_final; do not quote publicly until visually verified and cleared.,"Render/inspect the cited PDF page, visually transcribe exact wording, then Dawson/Lisa exact wording, attribution, and rights clearance."
MCT-UWINDSOR-365-271,271,daily_inspiration,actor_struggle;daily_inspiration;directing_academic_footnote;play;scene;scenes;whole;will,"Chekhov , Juno 7, 1938 The Pierrot ecene 4 this is between the other two scenes. You must listen to this intangible melody which goes through the whole play and try to find the right place for.each emall scene; All possible nueneeu and intonatiens will come from thin work.",csv_extraction_text,true,quote_candidates_priority.csv,695,43b2a168868da031,886,1493,"June 7, 1938 (afternoon)","June 7, 1938",primary_chekhov_transcription: by Michael Chekhov; transcribed by Deirdre Hurst du Prey,"lesson/transcription/UWindsor attribution approved by Dawson, exact source context still required",https://collections.uwindsor.ca/chekhov/item/886,https://collections.uwindsor.ca/files/original/a9027db11fe6a22dc87c1c84dd8f6e21c0279639.pdf,pdf_cache/item_886_june-7-1938-afternoon.pdf,extracted_text_all/item_886_june-7-1938-afternoon.txt,2,Q¢§\ M.,"It in important to be able to hear these fine things, then later we will be able to do them.",play;scene;scenes;whole;will,actor_struggle;daily_inspiration;directing_academic_footnote,0.889,109,Tier 1 model-curated internal candidate,needs_visual_verification_against_pdf_page,,internal_candidate_only__not_publicly_cleared,internal Dawson/Lisa research only; UWindsor/archive and exact-use rights review required before any public/app use,DG-43b2a168868da031,No retained duplicate after exact/overlap/page/item dedupe; see reject log for rejected overlaps.,Selected from quote_candidates_priority.csv row 695 with score 109 and extraction_quality_proxy 0.889; primary Chekhov transcription; accepted after exact/overlap/page/item dedupe and diversity caps.,OCR/text-layer extraction candidate copied exactly from CSV field candidate_text_from_extraction_not_final; do not quote publicly until visually verified and cleared.,"Render/inspect the cited PDF page, visually transcribe exact wording, then Dawson/Lisa exact wording, attribution, and rights clearance."
MCT-UWINDSOR-365-272,272,actor_struggle,ability;actor_struggle;daily_inspiration;directing_academic_footnote;director;feeling;first;form;imagination;method_terms;mise;play;qualities;quote_candidates_priority.csv;scene;whole;will,"Find first the main atmospheres - in the imagination, and then by concrete improvising under the suggestions of the director. when the first atmospheres are there. with the special mise en scEne. then it is the basis on which the director can direct. and the actors can act with mutual understanding. Then the director will not be a despot, and the actors his slaves.",csv_extraction_text,true,quote_candidates_priority.csv,589,eb9a7a352e1c3e6b,1076,1707,"November 28, 1941: Michael Chekhov's seventh class for professional actors: Feeling of the whole","November 28, 1941",primary_chekhov_transcription: by Michael Chekhov; transcribed by Deirdre Hurst du Prey,"lesson/transcription/UWindsor attribution approved by Dawson, exact source context still required",https://collections.uwindsor.ca/chekhov/item/1076,https://collections.uwindsor.ca/files/original/d6a5e680b08f7250da4d547832dc654d5a2cbafd.pdf,pdf_cache/item_1076_november-28-1941-michael-chekhov-s-seventh-class-for-professional-actors-feeling-of-the-wh.pdf,extracted_text_all/item_1076_november-28-1941-michael-chekhov-s-seventh-class-for-professional-actors-feeling-of-the-wh.txt,2,2.,The actors will understand the direc— tor's slightest suggestion. because it will come out of this understanding.,director;first;imagination;mise;scene;will,actor_struggle;daily_inspiration;directing_academic_footnote,0.888,110,Tier 1 model-curated internal candidate,needs_visual_verification_against_pdf_page,,internal_candidate_only__not_publicly_cleared,internal Dawson/Lisa research only; UWindsor/archive and exact-use rights review required before any public/app use,DG-eb9a7a352e1c3e6b,Duplicate/overlap also found in quote_candidates_priority.csv row 733 (same_item_page_source_page_cap). Duplicate/overlap also found in quote_candidates_priority.csv row 731 (same_item_page_source_page_cap). Duplicate/overlap also found in quote_candidates_priority.csv row 732 (same_item_page_source_page_cap).,Selected from quote_candidates_priority.csv row 589 with score 110 and extraction_quality_proxy 0.888; primary Chekhov transcription; accepted after exact/overlap/page/item dedupe and diversity caps.,OCR/text-layer extraction candidate copied exactly from CSV field candidate_text_from_extraction_not_final; do not quote publicly until visually verified and cleared.,"Render/inspect the cited PDF page, visually transcribe exact wording, then Dawson/Lisa exact wording, attribution, and rights clearance."
MCT-UWINDSOR-365-273,273,method_terms,actor_struggle;body;daily_inspiration;directing_academic_footnote;future;gesture;method_terms;psychological gesture;quote_candidates_priority.csv;voice;whole;will,We are using the whole body. and we are finding the transition to the future word. Let us do some exercises: lmRiﬂNY BETWEEN BODY AND VOICE) We will repeat the psychological gesture exercise we did this morning.,csv_extraction_text,true,quote_candidates_priority.csv,398,913c6aeaf4603a75,730,1309,"June 28, 1937","June 28, 1937",primary_chekhov_transcription: by Michael Chekhov; transcribed by Deirdre Hurst du Prey,"lesson/transcription/UWindsor attribution approved by Dawson, exact source context still required",https://collections.uwindsor.ca/chekhov/item/730,https://collections.uwindsor.ca/files/original/f91e72ef003667bfdf2e89f3f043bfa87126110f.pdf,pdf_cache/item_730_june-28-1937.pdf,extracted_text_all/item_730_june-28-1937.txt,2,"After doing the psychological gesture we can begin to speak, but it has never been done ovary satisfactorily as yet.",Try to beat something in the following way: 1.,body;future;gesture;psychological gesture;voice;whole;will,actor_struggle;daily_inspiration;directing_academic_footnote;method_terms,0.889,112,Tier 1 model-curated internal candidate,needs_visual_verification_against_pdf_page,,internal_candidate_only__not_publicly_cleared,internal Dawson/Lisa research only; UWindsor/archive and exact-use rights review required before any public/app use,DG-913c6aeaf4603a75,Duplicate/overlap also found in quote_candidates_priority.csv row 689 (same_item_page_source_page_cap).,Selected from quote_candidates_priority.csv row 398 with score 112 and extraction_quality_proxy 0.889; primary Chekhov transcription; accepted after exact/overlap/page/item dedupe and diversity caps.,OCR/text-layer extraction candidate copied exactly from CSV field candidate_text_from_extraction_not_final; do not quote publicly until visually verified and cleared.,"Render/inspect the cited PDF page, visually transcribe exact wording, then Dawson/Lisa exact wording, attribution, and rights clearance."
MCT-UWINDSOR-365-274,274,actor_struggle,actor_struggle;daily_inspiration;directing_academic_footnote;first;form;inspiration;method_terms;will,"1937 not with the eyes, not with the physical senses. not with touch, because that will only\ give contact in a very primitive form. :Ie must find each other as actors and artists, with those invisible means. and this is the first step we must take in this simple exercise. INSPIRATION: To begin with do not look at each other as it is not necessary, and if you look at each other continuously it may disturb you.",csv_extraction_text,true,quote_candidates_priority.csv,433,0efe3f582af96265,754,1333,"October 2, 1937","October 2, 1937",primary_chekhov_transcription: by Michael Chekhov; transcribed by Deirdre Hurst du Prey,"lesson/transcription/UWindsor attribution approved by Dawson, exact source context still required",https://collections.uwindsor.ca/chekhov/item/754,https://collections.uwindsor.ca/files/original/6b9ebbfe21dcbec1bbf3b0c5d43433f53b1b4232.pdf,pdf_cache/item_754_october-2-1937.pdf,extracted_text_all/item_754_october-2-1937.txt,3,Chekhov October 2.,"Now try to find each other again. when you have made this first effort to find each other, begin to move together out of the feeling of contact, out of tho feeling of harmony. and move without my feeling of how you are going to move.",first;form;inspiration;will,actor_struggle;daily_inspiration;directing_academic_footnote;method_terms,0.892,112,Tier 1 model-curated internal candidate,needs_visual_verification_against_pdf_page,,internal_candidate_only__not_publicly_cleared,internal Dawson/Lisa research only; UWindsor/archive and exact-use rights review required before any public/app use,DG-0efe3f582af96265,No retained duplicate after exact/overlap/page/item dedupe; see reject log for rejected overlaps.,Selected from quote_candidates_priority.csv row 433 with score 112 and extraction_quality_proxy 0.892; primary Chekhov transcription; accepted after exact/overlap/page/item dedupe and diversity caps.,OCR/text-layer extraction candidate copied exactly from CSV field candidate_text_from_extraction_not_final; do not quote publicly until visually verified and cleared.,"Render/inspect the cited PDF page, visually transcribe exact wording, then Dawson/Lisa exact wording, attribution, and rights clearance."
MCT-UWINDSOR-365-275,275,daily_inspiration,actor_struggle;atmosphere;daily_inspiration;directing_academic_footnote;first;method_terms;quote_candidates_priority.csv;whole;will,"Atmcsgherer: for the sketch: The first atmosphere will be the following one: Early morning — very early - before down, in a tavern which is very dirty, very low. All the people are very drunk - they have been drinking the whole night.",csv_extraction_text,true,quote_candidates_priority.csv,510,158661394d6c83f8,1072,1704,"November 14, 1941: Michael Chekhov's third class for professional actors: How shall we develop our emotions and our bodies?","November 14, 1941",primary_chekhov_transcription: by Michael Chekhov; transcribed by Deirdre Hurst du Prey,"lesson/transcription/UWindsor attribution approved by Dawson, exact source context still required",https://collections.uwindsor.ca/chekhov/item/1072,https://collections.uwindsor.ca/files/original/323146c6398fde1f553622b17265857ca6236433.pdf,pdf_cache/item_1072_november-14-1941-michael-chekhov-s-third-class-for-professional-actors-how-shall-we-develo.pdf,extracted_text_all/item_1072_november-14-1941-michael-chekhov-s-third-class-for-professional-actors-how-shall-we-develo.txt,10,I on the only one who knows what it is. but we will gradujally come to the performance.,Everyone is tired and exhausted — prostitutes and sailors.,atmosphere;first;whole;will,actor_struggle;daily_inspiration;directing_academic_footnote;method_terms,0.881,111,Tier 1 model-curated internal candidate,needs_visual_verification_against_pdf_page,,internal_candidate_only__not_publicly_cleared,internal Dawson/Lisa research only; UWindsor/archive and exact-use rights review required before any public/app use,DG-158661394d6c83f8,Duplicate/overlap also found in quote_candidates_priority.csv row 811 (same_item_page_source_page_cap).,Selected from quote_candidates_priority.csv row 510 with score 111 and extraction_quality_proxy 0.881; primary Chekhov transcription; accepted after exact/overlap/page/item dedupe and diversity caps.,OCR/text-layer extraction candidate copied exactly from CSV field candidate_text_from_extraction_not_final; do not quote publicly until visually verified and cleared.,"Render/inspect the cited PDF page, visually transcribe exact wording, then Dawson/Lisa exact wording, attribution, and rights clearance."
MCT-UWINDSOR-365-276,276,actor_struggle,actor_struggle;audience;daily_inspiration;directing_academic_footnote;feeling;method_terms;objective;truth;will,"Thie is like a law, therefore. it is worthwhile to work on the objective. as well as the feeling of truth, justification. and all these things which are means to coax the audience and'to lead it. You must get the Method like a tool, then your talent will be developed.",csv_extraction_text,true,quote_candidates_priority.csv,613,43e611fc92ce8019,795,1374,"December 8, 1937","December 8, 1937",primary_chekhov_transcription: by Michael Chekhov; transcribed by Deirdre Hurst du Prey,"lesson/transcription/UWindsor attribution approved by Dawson, exact source context still required",https://collections.uwindsor.ca/chekhov/item/795,https://collections.uwindsor.ca/files/original/346d2aab8b3537d67527ce2b9439e2c88adfbb16.pdf,pdf_cache/item_795_december-8-1937.pdf,extracted_text_all/item_795_december-8-1937.txt,2,The audience is led not because we know the content of the scene. but because of the objective - if the actor .- has the objecti‘go he will be able to lead his audience.,Your talent will be Roe and persuasive and you will be happy.,audience;feeling;objective;truth;will,actor_struggle;daily_inspiration;directing_academic_footnote;method_terms,0.888,109,Tier 1 model-curated internal candidate,needs_visual_verification_against_pdf_page,,internal_candidate_only__not_publicly_cleared,internal Dawson/Lisa research only; UWindsor/archive and exact-use rights review required before any public/app use,DG-43e611fc92ce8019,No retained duplicate after exact/overlap/page/item dedupe; see reject log for rejected overlaps.,Selected from quote_candidates_priority.csv row 613 with score 109 and extraction_quality_proxy 0.888; primary Chekhov transcription; accepted after exact/overlap/page/item dedupe and diversity caps.,OCR/text-layer extraction candidate copied exactly from CSV field candidate_text_from_extraction_not_final; do not quote publicly until visually verified and cleared.,"Render/inspect the cited PDF page, visually transcribe exact wording, then Dawson/Lisa exact wording, attribution, and rights clearance."
MCT-UWINDSOR-365-277,277,method_terms,actor_struggle;atmosphere;daily_inspiration;directing_academic_footnote;end;inspiration;method_terms;rehearsing;will,"Uhen rehearsing. do it with the hair in disorder. his cost much larger than he needs. his trousers longer than he needs - everything that will give the impression that he is untidy. Try to_get inspiration from these things. from his trousers. his hair. from this dark. depressing atmosphere. and work,end work, and open eyes.",csv_extraction_text,true,quote_candidates_priority.csv,774,eaa75a23e1dd6989,928,1553,"January 20, 1939","January 20, 1939",primary_chekhov_transcription: by Michael Chekhov; transcribed by Deirdre Hurst du Prey,"lesson/transcription/UWindsor attribution approved by Dawson, exact source context still required",https://collections.uwindsor.ca/chekhov/item/928,https://collections.uwindsor.ca/files/original/0d53eef4daf2abef2bff47cac662c3d50815cc10.pdf,pdf_cache/item_928_january-20-1939.pdf,extracted_text_all/item_928_january-20-1939.txt,2,He is untidy because of his psychological work. and he forgets everything.,"A bear. sitting in his den. working, working.",atmosphere;end;inspiration;rehearsing;will,actor_struggle;daily_inspiration;directing_academic_footnote;method_terms,0.878,108,Tier 1 model-curated internal candidate,needs_visual_verification_against_pdf_page,,internal_candidate_only__not_publicly_cleared,internal Dawson/Lisa research only; UWindsor/archive and exact-use rights review required before any public/app use,DG-eaa75a23e1dd6989,No retained duplicate after exact/overlap/page/item dedupe; see reject log for rejected overlaps.,Selected from quote_candidates_priority.csv row 774 with score 108 and extraction_quality_proxy 0.878; primary Chekhov transcription; accepted after exact/overlap/page/item dedupe and diversity caps.,OCR/text-layer extraction candidate copied exactly from CSV field candidate_text_from_extraction_not_final; do not quote publicly until visually verified and cleared.,"Render/inspect the cited PDF page, visually transcribe exact wording, then Dawson/Lisa exact wording, attribution, and rights clearance."
MCT-UWINDSOR-365-278,278,actor_struggle,action;actor_struggle;body;daily_inspiration;directing_academic_footnote;free;method_terms;objective;quote_candidates_priority.csv;stiff;whole,"When we are coucentreted on something. and we have taken eho objective. the eneuy tries to make us stiff, but we must be quite free. Be sure that although your whole body is lensing for the action of the objective. you are quite free. walk ahaut before you fulfil the objective. to be quite sure that you are free in your body. but keep the ob— Jective.",csv_extraction_text,true,quote_candidates_priority.csv,670,f3a187df05392481,904,1529,"July 14, 1938","July 14, 1938",primary_chekhov_transcription: by Michael Chekhov; transcribed by Deirdre Hurst du Prey,"lesson/transcription/UWindsor attribution approved by Dawson, exact source context still required",https://collections.uwindsor.ca/chekhov/item/904,https://collections.uwindsor.ca/files/original/e605f282f412bbb36173e91f7f134a1cf7e578aa.pdf,pdf_cache/item_904_july-14-1938.pdf,extracted_text_all/item_904_july-14-1938.txt,2,He knew this enemy and we must elueye remember to sendhim away.,It must be an unbroken line; ﬂew dance. but have the name objective with free body.,action;body;free;objective;stiff;whole,actor_struggle;daily_inspiration;directing_academic_footnote;method_terms,0.888,109,Tier 1 model-curated internal candidate,needs_visual_verification_against_pdf_page,,internal_candidate_only__not_publicly_cleared,internal Dawson/Lisa research only; UWindsor/archive and exact-use rights review required before any public/app use,DG-f3a187df05392481,Duplicate/overlap also found in quote_candidates_priority.csv row 785 (same_item_page_source_page_cap).,Selected from quote_candidates_priority.csv row 670 with score 109 and extraction_quality_proxy 0.888; primary Chekhov transcription; accepted after exact/overlap/page/item dedupe and diversity caps.,OCR/text-layer extraction candidate copied exactly from CSV field candidate_text_from_extraction_not_final; do not quote publicly until visually verified and cleared.,"Render/inspect the cited PDF page, visually transcribe exact wording, then Dawson/Lisa exact wording, attribution, and rights clearance."
MCT-UWINDSOR-365-279,279,daily_inspiration,actor_struggle;cliché;clichés;daily_inspiration;directing_academic_footnote;director;form;life;method_terms;moment;quote_candidates_priority.csv;whole,"'lfit.were not so the question would arise as to whether we should have the £953 or the content. Lhe answer is we must have boih. do can never have only form, because it is cliché and doath, aeiuhe: can we have only content and life, because lire without form is chaos.",csv_extraction_text,true,quote_candidates_priority.csv,687,619323cf1cdd7c28,726,1305,"June 23, 1937","June 23, 1937",primary_chekhov_transcription: by Michael Chekhov; transcribed by Deirdre Hurst du Prey,"lesson/transcription/UWindsor attribution approved by Dawson, exact source context still required",https://collections.uwindsor.ca/chekhov/item/726,https://collections.uwindsor.ca/files/original/e4942c0c331459ca837bf255523b2a27f5cd20c6.pdf,pdf_cache/item_726_june-23-1937.pdf,extracted_text_all/item_726_june-23-1937.txt,3,"Lhereforelwa must make some clichés, but they; must ha filled with life.","Lhezefore. thora is no question of chooslag eiihe: form or content - we must have both form-ahd contentleluj LLFE TC THE ELI h Another question arises which is also Emoug. for 1'13 instance, the actor may say that if the dixcctor is givin” so many forms he kills my activity and creation, because the shape or form he has set must be given.",cliché;form;life,actor_struggle;daily_inspiration;directing_academic_footnote;method_terms,0.884,109,Tier 1 model-curated internal candidate,needs_visual_verification_against_pdf_page,,internal_candidate_only__not_publicly_cleared,internal Dawson/Lisa research only; UWindsor/archive and exact-use rights review required before any public/app use,DG-619323cf1cdd7c28,Duplicate/overlap also found in quote_candidates_priority.csv row 571 (same_item_page_source_page_cap).,Selected from quote_candidates_priority.csv row 687 with score 109 and extraction_quality_proxy 0.884; primary Chekhov transcription; accepted after exact/overlap/page/item dedupe and diversity caps.,OCR/text-layer extraction candidate copied exactly from CSV field candidate_text_from_extraction_not_final; do not quote publicly until visually verified and cleared.,"Render/inspect the cited PDF page, visually transcribe exact wording, then Dawson/Lisa exact wording, attribution, and rights clearance."
MCT-UWINDSOR-365-280,280,actor_struggle,actor_struggle;atmosphere;cannot;concentration;daily_inspiration;directing_academic_footnote;imagination;method_terms;moment;quote_candidates_priority.csv;radiation;will,"We will come to the point where we have spoken about 'so many things - con— centration. imagination. radiation. etc"" otc.. and you will be astonished when you find that at the moment you really con— centrate you will. have everything there. because real concentration cannot be done without will. impulses. imagination. radiation. atmosphere. and so on.",csv_extraction_text,true,quote_candidates_priority.csv,720,f60cbd05e8ae165d,1071,1703,"November 11, 1941: Michael Chekhov's second class for professional actors: Questions and answers","November 11, 1941",primary_chekhov_transcription: by Michael Chekhov; transcribed by Deirdre Hurst du Prey,"lesson/transcription/UWindsor attribution approved by Dawson, exact source context still required",https://collections.uwindsor.ca/chekhov/item/1071,https://collections.uwindsor.ca/files/original/678f40dcb0ce26c1cf25b896dbba1fa08fbf54aa.pdf,pdf_cache/item_1071_november-11-1941-michael-chekhov-s-second-class-for-professional-actors-questions-and-answ.pdf,extracted_text_all/item_1071_november-11-1941-michael-chekhov-s-second-class-for-professional-actors-questions-and-answ.txt,14,Actually. it is a very simple method.,"Just the same is true of atmosphere, when you wont atmosphoro and really create it. then everything else in there.",atmosphere;cannot;concentration;imagination;moment;radiation;will,actor_struggle;daily_inspiration;directing_academic_footnote;method_terms,0.885,109,Tier 1 model-curated internal candidate,needs_visual_verification_against_pdf_page,,internal_candidate_only__not_publicly_cleared,internal Dawson/Lisa research only; UWindsor/archive and exact-use rights review required before any public/app use,DG-f60cbd05e8ae165d,Duplicate/overlap also found in quote_candidates_priority.csv row 872 (substring_or_overlap_duplicate).,Selected from quote_candidates_priority.csv row 720 with score 109 and extraction_quality_proxy 0.885; primary Chekhov transcription; accepted after exact/overlap/page/item dedupe and diversity caps.,OCR/text-layer extraction candidate copied exactly from CSV field candidate_text_from_extraction_not_final; do not quote publicly until visually verified and cleared.,"Render/inspect the cited PDF page, visually transcribe exact wording, then Dawson/Lisa exact wording, attribution, and rights clearance."
MCT-UWINDSOR-365-281,281,method_terms,actor_struggle;art;atmosphere;cannot;daily_inspiration;directing_academic_footnote;method_terms;radiation;theatre,"We cannot have only ”what“ bucouoo then there is no theatre art. and ”how"" alone given only dreams and vague ideao. The ""what” in the simple otrnight line of the meaning. tho idea or ideas or the ploy. the main content - the “how” is arrived at by ouch artistic moonu an atmosphere. movement. intonation. emotional movement. radiation. etc.. etc.",csv_extraction_text,true,quote_candidates_priority.csv,742,cf8e064e9fa3e575,1057,1689,"October 9, 1940","October 9, 1940",primary_chekhov_transcription: by Michael Chekhov; transcribed by Deirdre Hurst du Prey,"lesson/transcription/UWindsor attribution approved by Dawson, exact source context still required",https://collections.uwindsor.ca/chekhov/item/1057,https://collections.uwindsor.ca/files/original/e0cdae8c0d6269e5e4b6ff04f617e77103429341.pdf,pdf_cache/item_1057_october-9-1940.pdf,extracted_text_all/item_1057_october-9-1940.txt,2,"The “how"" is the artistic fern, while the ”what"" is the content.","In the {inalﬁ oonploto production, the ""how“ and the “what“ must be felt together on one.",art;atmosphere;cannot;radiation;theatre,actor_struggle;daily_inspiration;directing_academic_footnote;method_terms,0.874,109,Tier 1 model-curated internal candidate,needs_visual_verification_against_pdf_page,,internal_candidate_only__not_publicly_cleared,internal Dawson/Lisa research only; UWindsor/archive and exact-use rights review required before any public/app use,DG-cf8e064e9fa3e575,No retained duplicate after exact/overlap/page/item dedupe; see reject log for rejected overlaps.,Selected from quote_candidates_priority.csv row 742 with score 109 and extraction_quality_proxy 0.874; primary Chekhov transcription; accepted after exact/overlap/page/item dedupe and diversity caps.,OCR/text-layer extraction candidate copied exactly from CSV field candidate_text_from_extraction_not_final; do not quote publicly until visually verified and cleared. Contains visible OCR artifacts; visual verification required before quotation.,"Render/inspect the cited PDF page, visually transcribe exact wording, then Dawson/Lisa exact wording, attribution, and rights clearance."
MCT-UWINDSOR-365-282,282,daily_inspiration,actor_struggle;art;cannot;daily_inspiration;directing_academic_footnote;future;theatre;whole;will,In this ﬁeint lies the yvhole meta.¥§d'.;-tho whole disease. of our art .toduy. vzsxou or THE Taxman 09 THE Nifyizm The real future belongs to the theatre 1h such dimensions. in much u troncndouu degree that we cannot even guano it. But we must have this vinion because in oinSchool we will always work. and through this hard work. \70 will get this vicion.,csv_extraction_text,true,quote_candidates_priority.csv,544,e50f05d3f9de738f,950,1575,"April 5, 1939","April 5, 1939",primary_chekhov_transcription: by Michael Chekhov; transcribed by Deirdre Hurst du Prey,"lesson/transcription/UWindsor attribution approved by Dawson, exact source context still required",https://collections.uwindsor.ca/chekhov/item/950,https://collections.uwindsor.ca/files/original/4acd9cb37d4f9cdf42ffab83da2ba04861ffd107.pdf,pdf_cache/item_950_april-5-1939.pdf,extracted_text_all/item_950_april-5-1939.txt,3,But inotead of reﬁning what 0. great renponéguoility we take upon us. having so‘ any nrte coming together in our art. no regard H. on an easy artwhich does not require . us to work.,Once you hrwo thin vision. you will fight for it. and yet; will feel that you are standing firmly and not floundering about.,art;cannot;future;theatre;whole;will,actor_struggle;daily_inspiration;directing_academic_footnote,0.861,110,Tier 1 model-curated internal candidate,needs_visual_verification_against_pdf_page,,internal_candidate_only__not_publicly_cleared,internal Dawson/Lisa research only; UWindsor/archive and exact-use rights review required before any public/app use,DG-e50f05d3f9de738f,No retained duplicate after exact/overlap/page/item dedupe; see reject log for rejected overlaps.,Selected from quote_candidates_priority.csv row 544 with score 110 and extraction_quality_proxy 0.861; primary Chekhov transcription; accepted after exact/overlap/page/item dedupe and diversity caps.,OCR/text-layer extraction candidate copied exactly from CSV field candidate_text_from_extraction_not_final; do not quote publicly until visually verified and cleared. Contains visible OCR artifacts; visual verification required before quotation.,"Render/inspect the cited PDF page, visually transcribe exact wording, then Dawson/Lisa exact wording, attribution, and rights clearance."
MCT-UWINDSOR-365-283,283,actor_struggle,actor_struggle;atmosphere;daily_inspiration;directing_academic_footnote;first;method_terms;scene;will,1939 Tho Meeting scene nan first elasu becauee of its atmosphere and tremendous activity. If you will take it as clearer. and the line ehich the character taken during the elny wan aloe there.,csv_extraction_text,true,quote_candidates_priority.csv,348,0047ec0a7d24488b,995,1627,"September 5, 1939","September 5, 1939",primary_chekhov_transcription: by Michael Chekhov; transcribed by Deirdre Hurst du Prey,"lesson/transcription/UWindsor attribution approved by Dawson, exact source context still required",https://collections.uwindsor.ca/chekhov/item/995,https://collections.uwindsor.ca/files/original/b81b422023c2b07c4f448307e4e59f66320b21cf.pdf,pdf_cache/item_995_september-5-1939.pdf,extracted_text_all/item_995_september-5-1939.txt,2,Chekhov September 5.,CHARAcTERIzAuen :_ In the beginning Verkhovenski was too low and weak.,atmosphere;first;scene;will,actor_struggle;daily_inspiration;directing_academic_footnote;method_terms,0.876,113,Tier 1 model-curated internal candidate,needs_visual_verification_against_pdf_page,,internal_candidate_only__not_publicly_cleared,internal Dawson/Lisa research only; UWindsor/archive and exact-use rights review required before any public/app use,DG-0047ec0a7d24488b,No retained duplicate after exact/overlap/page/item dedupe; see reject log for rejected overlaps.,Selected from quote_candidates_priority.csv row 348 with score 113 and extraction_quality_proxy 0.876; primary Chekhov transcription; accepted after exact/overlap/page/item dedupe and diversity caps.,OCR/text-layer extraction candidate copied exactly from CSV field candidate_text_from_extraction_not_final; do not quote publicly until visually verified and cleared. Contains visible OCR artifacts; visual verification required before quotation.,"Render/inspect the cited PDF page, visually transcribe exact wording, then Dawson/Lisa exact wording, attribution, and rights clearance."
MCT-UWINDSOR-365-284,284,actor_struggle,actor_struggle;atmosphere;concentration;daily_inspiration;directing_academic_footnote;feelings;imagination;method_terms;will,"This technique of sending the feelings through is the highest thing an artist can do: everything else is illness and contraction. Sketches fog new students: The idea of the sketches is that they will give the new students an opportunity to exercise imagination, concentration. incorporation of characters, objectives. atmosphere, etc.",csv_extraction_text,true,quote_candidates_priority.csv,824,c3ea4322971dcfdc,751,1330,"September 29, 1937","September 29, 1937",primary_chekhov_transcription: by Michael Chekhov; transcribed by Deirdre Hurst du Prey,"lesson/transcription/UWindsor attribution approved by Dawson, exact source context still required",https://collections.uwindsor.ca/chekhov/item/751,https://collections.uwindsor.ca/files/original/c27a0e425a448e8f983164683fb0412f7c902918.pdf,pdf_cache/item_751_september-29-1937.pdf,extracted_text_all/item_751_september-29-1937.txt,18,"You can train yourself to move so that feelings, will, and thoughts will be awakened, and you can concentrate on everything to such an extent that your whole psychology, your psychological ""I"" will respond.","In each sketch there must be great emotional tension, and very few woms.",atmosphere;concentration;feelings;imagination;will,actor_struggle;daily_inspiration;directing_academic_footnote;method_terms,0.883,108,Tier 1 model-curated internal candidate,needs_visual_verification_against_pdf_page,,internal_candidate_only__not_publicly_cleared,internal Dawson/Lisa research only; UWindsor/archive and exact-use rights review required before any public/app use,DG-c3ea4322971dcfdc,No retained duplicate after exact/overlap/page/item dedupe; see reject log for rejected overlaps.,Selected from quote_candidates_priority.csv row 824 with score 108 and extraction_quality_proxy 0.883; primary Chekhov transcription; accepted after exact/overlap/page/item dedupe and diversity caps.,OCR/text-layer extraction candidate copied exactly from CSV field candidate_text_from_extraction_not_final; do not quote publicly until visually verified and cleared.,"Render/inspect the cited PDF page, visually transcribe exact wording, then Dawson/Lisa exact wording, attribution, and rights clearance."
MCT-UWINDSOR-365-285,285,actor_struggle,actor_struggle;atmosphere;cliche;clichés;daily_inspiration;directing_academic_footnote;imagination;life;method_terms;objective;radiation;will,"Jhe objective awakens the life in our will. :cw you can see the beautiful construction of our Method — atmosphere, imagination, radiatiOL. opcn'ng cur hearts, and the objective. we have ourselves in ouroun hands and the means to fight with all kinds of clichés, by filling the cliche with iuaginniion, with radiation, with the objective, and in this may we will always have the “09% beautiful thing. ihBIG' fore)we must not be afraid of clichés. because with our method they need not be cliches.",csv_extraction_text,true,quote_candidates_priority.csv,208,6765e57b1dbde111,726,1305,"June 23, 1937","June 23, 1937",primary_chekhov_transcription: by Michael Chekhov; transcribed by Deirdre Hurst du Prey,"lesson/transcription/UWindsor attribution approved by Dawson, exact source context still required",https://collections.uwindsor.ca/chekhov/item/726,https://collections.uwindsor.ca/files/original/e4942c0c331459ca837bf255523b2a27f5cd20c6.pdf,pdf_cache/item_726_june-23-1937.pdf,extracted_text_all/item_726_june-23-1937.txt,8,Lara again we have the beautiful means given us by Stanislavsky - the objeciive.,"‘erhaps the actor may think he is full of life, but he mhy only have clichés. uhat is something else. i an actor has a cliché. and the audience is waiti ; to 502 it. if I we study this kind of cliche we will see that it is never the t seem that the acto: same thing twice.",atmosphere;cliche;clichés;imagination;life;objective;radiation;will,actor_struggle;daily_inspiration;directing_academic_footnote;method_terms,0.884,116,Tier 1 model-curated internal candidate,needs_visual_verification_against_pdf_page,,internal_candidate_only__not_publicly_cleared,internal Dawson/Lisa research only; UWindsor/archive and exact-use rights review required before any public/app use,DG-6765e57b1dbde111,No retained duplicate after exact/overlap/page/item dedupe; see reject log for rejected overlaps.,Selected from quote_candidates_priority.csv row 208 with score 116 and extraction_quality_proxy 0.884; primary Chekhov transcription; accepted after exact/overlap/page/item dedupe and diversity caps.,OCR/text-layer extraction candidate copied exactly from CSV field candidate_text_from_extraction_not_final; do not quote publicly until visually verified and cleared.,"Render/inspect the cited PDF page, visually transcribe exact wording, then Dawson/Lisa exact wording, attribution, and rights clearance."
MCT-UWINDSOR-365-286,286,method_terms,actor_struggle;atmosphere;beginning;daily_inspiration;directing_academic_footnote;method_terms;scene;speech;whole,"1939 ATMOSPHERE : Rohcnrnnl of tho Hooking ocono — Tho Poonoooodl After this scene. and the his speech of Shatov, thoro io tho beginning of tho £011 of Vorkovonsky. The whole second not in the full of thin lying Vorkovonolw.",csv_extraction_text,true,quote_candidates_priority.csv,497,2e1a5cf38cb64371,949,1574,"March 22, 1939","March 22, 1939",primary_chekhov_transcription: by Michael Chekhov; transcribed by Deirdre Hurst du Prey,"lesson/transcription/UWindsor attribution approved by Dawson, exact source context still required",https://collections.uwindsor.ca/chekhov/item/949,https://collections.uwindsor.ca/files/original/67cd15ef552395514b574510a5fdc080d3eb4457.pdf,pdf_cache/item_949_march-22-1939.pdf,extracted_text_all/item_949_march-22-1939.txt,2,Chekhov birch 22.,Tho tempo of tho oocond not will be quite a different one.,atmosphere;beginning;scene;speech;whole,actor_struggle;daily_inspiration;directing_academic_footnote;method_terms,0.883,111,Tier 1 model-curated internal candidate,needs_visual_verification_against_pdf_page,,internal_candidate_only__not_publicly_cleared,internal Dawson/Lisa research only; UWindsor/archive and exact-use rights review required before any public/app use,DG-2e1a5cf38cb64371,No retained duplicate after exact/overlap/page/item dedupe; see reject log for rejected overlaps.,Selected from quote_candidates_priority.csv row 497 with score 111 and extraction_quality_proxy 0.883; primary Chekhov transcription; accepted after exact/overlap/page/item dedupe and diversity caps.,OCR/text-layer extraction candidate copied exactly from CSV field candidate_text_from_extraction_not_final; do not quote publicly until visually verified and cleared. Contains visible OCR artifacts; visual verification required before quotation.,"Render/inspect the cited PDF page, visually transcribe exact wording, then Dawson/Lisa exact wording, attribution, and rights clearance."
MCT-UWINDSOR-365-287,287,actor_struggle,actor_struggle;body;cannot;daily_inspiration;directing_academic_footnote;gesture;method_terms;objective;whole;will,"'_Nm1‘take the purely psyéhelozical gesture to save him.‘ to rescue him. You mic here. and he in fur away. , 'Tak‘o the objective with your ‘ whole ‘boini: -' to help him u5th yeur {out and legs and.body - then you will find the quectivo as D. power \‘ activity -- you cannot cpeeh-hecuuoo 'you are follwmg thin tragic tight with 'the vmvoe.",csv_extraction_text,true,quote_candidates_priority.csv,715,6776b75c3b099af1,954,1579,"May 2, 1939","May 2, 1939",primary_chekhov_transcription: by Michael Chekhov; transcribed by Deirdre Hurst du Prey,"lesson/transcription/UWindsor attribution approved by Dawson, exact source context still required",https://collections.uwindsor.ca/chekhov/item/954,https://collections.uwindsor.ca/files/original/7a96feab5763addc935a616638809b698fd58c65.pdf,pdf_cache/item_954_may-2-1939.pdf,extracted_text_all/item_954_may-2-1939.txt,10,"Tho fi'ehinchene. {wane yet: 9111;} to imagine that e Hahn-1mm in there. fag "" my} end ‘you can him.",Now. try t6 do 5.1: witﬁout any nmmment - but have the objective in your whole body.,body;cannot;gesture;objective;whole;will,actor_struggle;daily_inspiration;directing_academic_footnote;method_terms,0.859,109,Tier 1 model-curated internal candidate,needs_visual_verification_against_pdf_page,,internal_candidate_only__not_publicly_cleared,internal Dawson/Lisa research only; UWindsor/archive and exact-use rights review required before any public/app use,DG-6776b75c3b099af1,No retained duplicate after exact/overlap/page/item dedupe; see reject log for rejected overlaps.,Selected from quote_candidates_priority.csv row 715 with score 109 and extraction_quality_proxy 0.859; primary Chekhov transcription; accepted after exact/overlap/page/item dedupe and diversity caps.,OCR/text-layer extraction candidate copied exactly from CSV field candidate_text_from_extraction_not_final; do not quote publicly until visually verified and cleared. Contains visible OCR artifacts; visual verification required before quotation.,"Render/inspect the cited PDF page, visually transcribe exact wording, then Dawson/Lisa exact wording, attribution, and rights clearance."
MCT-UWINDSOR-365-288,288,actor_struggle,actor_struggle;beauty;beginning;concentration;daily_inspiration;directing_academic_footnote;feeling;method_terms;will,"But if you will try to concantrate on number one on the chair many times. until you feel it might be better to commit suicide than to continue, and then to continue with this uninteresting thing. this is the real beginning of concentration. The same is true with such a simple thing as walking across the floor to exercise the feeling of beauty.",csv_extraction_text,true,quote_candidates_priority.csv,818,7506be62261c5974,766,1345,"October 19, 1937","October 19, 1937",primary_chekhov_transcription: by Michael Chekhov; transcribed by Deirdre Hurst du Prey,"lesson/transcription/UWindsor attribution approved by Dawson, exact source context still required",https://collections.uwindsor.ca/chekhov/item/766,https://collections.uwindsor.ca/files/original/c9b04bd9b0a9a95e9a7059660a0f23a8a6dbb7e2.pdf,pdf_cache/item_766_october-19-1937.pdf,extracted_text_all/item_766_october-19-1937.txt,2,Hot at all. it is quite useless because you will only be concentrating on something you like.,Tho exorcise must be taken in such a simple form. but as if it were the most complicated nsychologicnl and physical task - only then will we get thc right.rcsult.,beauty;beginning;concentration;feeling;will,actor_struggle;daily_inspiration;directing_academic_footnote;method_terms,0.891,108,Tier 1 model-curated internal candidate,needs_visual_verification_against_pdf_page,,internal_candidate_only__not_publicly_cleared,internal Dawson/Lisa research only; UWindsor/archive and exact-use rights review required before any public/app use,DG-7506be62261c5974,No retained duplicate after exact/overlap/page/item dedupe; see reject log for rejected overlaps.,Selected from quote_candidates_priority.csv row 818 with score 108 and extraction_quality_proxy 0.891; primary Chekhov transcription; accepted after exact/overlap/page/item dedupe and diversity caps.,OCR/text-layer extraction candidate copied exactly from CSV field candidate_text_from_extraction_not_final; do not quote publicly until visually verified and cleared.,"Render/inspect the cited PDF page, visually transcribe exact wording, then Dawson/Lisa exact wording, attribution, and rights clearance."
MCT-UWINDSOR-365-289,289,actor_struggle,actor_struggle;creative;daily_inspiration;directing_academic_footnote;feeling;first;free;truth,So each time make an effort and {meiend that you are doing it for the first time. I JUSTLFICAiIG. (Feeling of Truth)x' Justification maken our ggcative sgigit free. because it - our creative spirit - Justifies everything.,csv_extraction_text,true,quote_candidates_priority.csv,507,02d8156016b4cb53,881,1488,"May 27, 1938","May 27, 1938",primary_chekhov_transcription: by Michael Chekhov; transcribed by Deirdre Hurst du Prey,"lesson/transcription/UWindsor attribution approved by Dawson, exact source context still required",https://collections.uwindsor.ca/chekhov/item/881,https://collections.uwindsor.ca/files/original/1d7f81450fa1e2f0463fb39719540cd4a990a007.pdf,pdf_cache/item_881_may-27-1938.pdf,extracted_text_all/item_881_may-27-1938.txt,4,But this will come only through such powerful exercises.,Justification is one of the doors through which our imprisoned talent can come out and help us.,creative;feeling;first;free;truth,actor_struggle;daily_inspiration;directing_academic_footnote,0.879,111,Tier 1 model-curated internal candidate,needs_visual_verification_against_pdf_page,,internal_candidate_only__not_publicly_cleared,internal Dawson/Lisa research only; UWindsor/archive and exact-use rights review required before any public/app use,DG-02d8156016b4cb53,No retained duplicate after exact/overlap/page/item dedupe; see reject log for rejected overlaps.,Selected from quote_candidates_priority.csv row 507 with score 111 and extraction_quality_proxy 0.879; primary Chekhov transcription; accepted after exact/overlap/page/item dedupe and diversity caps.,OCR/text-layer extraction candidate copied exactly from CSV field candidate_text_from_extraction_not_final; do not quote publicly until visually verified and cleared.,"Render/inspect the cited PDF page, visually transcribe exact wording, then Dawson/Lisa exact wording, attribution, and rights clearance."
MCT-UWINDSOR-365-290,290,actor_struggle,actor_struggle;atmosphere;daily_inspiration;directing_academic_footnote;fear;gesture;method_terms,"That\19 why so mny people hate fairy tales. because of this fear of the endlessnoss in them. "" _ ‘ _ Nov? you must show your ingirar not only your psyCh0-'- logical gesture, atmosphere. etc., but concrete misc en se‘ene.",csv_extraction_text,true,quote_candidates_priority.csv,532,05eaa774e1ab5c92,757,1336,"October 7, 1937","October 7, 1937",primary_chekhov_transcription: by Michael Chekhov; transcribed by Deirdre Hurst du Prey,"lesson/transcription/UWindsor attribution approved by Dawson, exact source context still required",https://collections.uwindsor.ca/chekhov/item/757,https://collections.uwindsor.ca/files/original/911300096ef9d9819775ec8c835cf590dbb86f13.pdf,pdf_cache/item_757_october-7-1937.pdf,extracted_text_all/item_757_october-7-1937.txt,3,"Chekhov October 7, 193? are unlimited possibilities. while the other way holds only limited possibilities.","Say to your inepirer, ""I am standing here as a strange figure."" or ""I am coming nearer and nearer,"" or ""I am standing alone."" - this is something for your lnspirer.",atmosphere;fear;gesture,actor_struggle;daily_inspiration;directing_academic_footnote;method_terms,0.880,111,Tier 1 model-curated internal candidate,needs_visual_verification_against_pdf_page,,internal_candidate_only__not_publicly_cleared,internal Dawson/Lisa research only; UWindsor/archive and exact-use rights review required before any public/app use,DG-05eaa774e1ab5c92,No retained duplicate after exact/overlap/page/item dedupe; see reject log for rejected overlaps.,Selected from quote_candidates_priority.csv row 532 with score 111 and extraction_quality_proxy 0.880; primary Chekhov transcription; accepted after exact/overlap/page/item dedupe and diversity caps.,OCR/text-layer extraction candidate copied exactly from CSV field candidate_text_from_extraction_not_final; do not quote publicly until visually verified and cleared.,"Render/inspect the cited PDF page, visually transcribe exact wording, then Dawson/Lisa exact wording, attribution, and rights clearance."
MCT-UWINDSOR-365-291,291,method_terms,actor_struggle;daily_inspiration;difficulty;directing_academic_footnote;gesture;method_terms;moment;play;stop;whole,By trying to move with this inner gesture we are trying to overcomo the next difficulty which conoo — when We are standing still we can keep this gesture of opening our heart. but at the moment when we move it closes again. Gradually no come to the moment when we are able to keep our hearts open in the professional sense. through the whole play. through the whole reheuraul. and nothing can diatrub um and stop our activity.,csv_extraction_text,true,quote_candidates_priority.csv,403,80a6cab7162d1d4a,897,1522,"June 28, 1938","June 28, 1938",primary_chekhov_transcription: by Michael Chekhov; transcribed by Deirdre Hurst du Prey,"lesson/transcription/UWindsor attribution approved by Dawson, exact source context still required",https://collections.uwindsor.ca/chekhov/item/897,https://collections.uwindsor.ca/files/original/826da14cda43eeaed79571c6568d0e1eeea717de.pdf,pdf_cache/item_897_june-28-1938.pdf,extracted_text_all/item_897_june-28-1938.txt,7,"By doing this exercise we are trying to overeomo thin stiffness - we are quite free in our bodice. in our spirits, in our minds - we are free enough to open our hearts.",New.,difficulty;gesture;moment;play;stop;whole,actor_struggle;daily_inspiration;directing_academic_footnote;method_terms,0.888,112,Tier 1 model-curated internal candidate,needs_visual_verification_against_pdf_page,,internal_candidate_only__not_publicly_cleared,internal Dawson/Lisa research only; UWindsor/archive and exact-use rights review required before any public/app use,DG-80a6cab7162d1d4a,No retained duplicate after exact/overlap/page/item dedupe; see reject log for rejected overlaps.,Selected from quote_candidates_priority.csv row 403 with score 112 and extraction_quality_proxy 0.888; primary Chekhov transcription; accepted after exact/overlap/page/item dedupe and diversity caps.,OCR/text-layer extraction candidate copied exactly from CSV field candidate_text_from_extraction_not_final; do not quote publicly until visually verified and cleared.,"Render/inspect the cited PDF page, visually transcribe exact wording, then Dawson/Lisa exact wording, attribution, and rights clearance."
MCT-UWINDSOR-365-292,292,actor_struggle,actor_struggle;atmosphere;daily_inspiration;directing_academic_footnote;gesture;love;method_terms;objective;psychological gesture;rehearsing;scene;will,"For instance. these grounds can be 1. atmosphere; 2. character: 3. the objective) h. psychological gesture.zetc. We shall start by rehearsing the love scene between Harlequin, Flaminia;VScaramouche and the Carpenter. and as a ground we will take atmosphere.",csv_extraction_text,true,quote_candidates_priority.csv,614,a179b7a4f31e38a0,924,1549,"December 8, 1938","December 8, 1938",primary_chekhov_transcription: by Michael Chekhov; transcribed by Deirdre Hurst du Prey,"lesson/transcription/UWindsor attribution approved by Dawson, exact source context still required",https://collections.uwindsor.ca/chekhov/item/924,https://collections.uwindsor.ca/files/original/c05e7b0f1d6480b694a5b2ac88aafaa855b80a45.pdf,pdf_cache/item_924_december-8-1938.pdf,extracted_text_all/item_924_december-8-1938.txt,1,"We shall begin by demonstrating to you the part of our method which we call ""rehearsing with different grounds."" That means that when rehearsing a scene. we always define gen ourselVes the aim or the leading idea. which is like a spine running through the gyen scene.",The next scene will be the love scone botheen Angelica and the Sacriaten and Teresa. the maid.,atmosphere;gesture;love;objective;psychological gesture;rehearsing;scene;will,actor_struggle;daily_inspiration;directing_academic_footnote;method_terms,0.883,109,Tier 1 model-curated internal candidate,needs_visual_verification_against_pdf_page,,internal_candidate_only__not_publicly_cleared,internal Dawson/Lisa research only; UWindsor/archive and exact-use rights review required before any public/app use,DG-a179b7a4f31e38a0,No retained duplicate after exact/overlap/page/item dedupe; see reject log for rejected overlaps.,Selected from quote_candidates_priority.csv row 614 with score 109 and extraction_quality_proxy 0.883; primary Chekhov transcription; accepted after exact/overlap/page/item dedupe and diversity caps.,OCR/text-layer extraction candidate copied exactly from CSV field candidate_text_from_extraction_not_final; do not quote publicly until visually verified and cleared.,"Render/inspect the cited PDF page, visually transcribe exact wording, then Dawson/Lisa exact wording, attribution, and rights clearance."
MCT-UWINDSOR-365-293,293,method_terms,actor_struggle;atmosphere;cannot;daily_inspiration;directing_academic_footnote;director;method_terms;mise,"The director was trying to bring two forces togothor - atmosphere which was not atmosphero, and mise en scone which was not misc on scone. The director is like a conductor - ho cannot be dependent on his notes.",csv_extraction_text,true,quote_candidates_priority.csv,456,1236954e94e78494,662,1221,"February 1, 1937","February 1, 1937",primary_chekhov_transcription: by Michael Chekhov; transcribed by Deirdre Hurst du Prey,"lesson/transcription/UWindsor attribution approved by Dawson, exact source context still required",https://collections.uwindsor.ca/chekhov/item/662,https://collections.uwindsor.ca/files/original/1966a3ede8cfa9cdb6ab96fac16a2021763e49f5.pdf,pdf_cache/item_662_february-1-1937.pdf,extracted_text_all/item_662_february-1-1937.txt,5,The atmosphere was not necessary for doing the first also an scone.,"By doing many experiments which may be wrong, the director will find tho right way.",atmosphere;cannot;director;mise,actor_struggle;daily_inspiration;directing_academic_footnote;method_terms,0.893,111,Tier 1 model-curated internal candidate,needs_visual_verification_against_pdf_page,,internal_candidate_only__not_publicly_cleared,internal Dawson/Lisa research only; UWindsor/archive and exact-use rights review required before any public/app use,DG-1236954e94e78494,No retained duplicate after exact/overlap/page/item dedupe; see reject log for rejected overlaps.,Selected from quote_candidates_priority.csv row 456 with score 111 and extraction_quality_proxy 0.893; primary Chekhov transcription; accepted after exact/overlap/page/item dedupe and diversity caps.,OCR/text-layer extraction candidate copied exactly from CSV field candidate_text_from_extraction_not_final; do not quote publicly until visually verified and cleared.,"Render/inspect the cited PDF page, visually transcribe exact wording, then Dawson/Lisa exact wording, attribution, and rights clearance."
MCT-UWINDSOR-365-294,294,actor_struggle,actor_struggle;atmosphere;audience;daily_inspiration;directing_academic_footnote;feelings;gesture;method_terms;mistake;psychological gesture;quote_candidates_priority.csv;will,You must Iced the audience to the point where it will create for itself the feelings. PSYCHOLOGICAL GESTURE: lThe atmosphere is one of deproeelon. but the business is very quick and clear and etreng. stlgginm entrance in nnge in the modepreeeed atmosphere.,csv_extraction_text,true,quote_candidates_priority.csv,598,4700630c036a9579,989,1621,"August 22, 1939","August 22, 1939",primary_chekhov_transcription: by Michael Chekhov; transcribed by Deirdre Hurst du Prey,"lesson/transcription/UWindsor attribution approved by Dawson, exact source context still required",https://collections.uwindsor.ca/chekhov/item/989,https://collections.uwindsor.ca/files/original/c176a7251d996ef74a4bcdede799dc21395940da.pdf,pdf_cache/item_989_august-22-1939.pdf,extracted_text_all/item_989_august-22-1939.txt,11,"When no make the mistake of taking all the feelingctmy from the audience, they cannot ' go with so because everything hoe been done.",Hle objective is.,atmosphere;audience;feelings;gesture;psychological gesture;will,actor_struggle;daily_inspiration;directing_academic_footnote;method_terms,0.884,109,Tier 1 model-curated internal candidate,needs_visual_verification_against_pdf_page,,internal_candidate_only__not_publicly_cleared,internal Dawson/Lisa research only; UWindsor/archive and exact-use rights review required before any public/app use,DG-4700630c036a9579,Duplicate/overlap also found in quote_candidates_priority.csv row 911 (same_item_page_source_page_cap).,Selected from quote_candidates_priority.csv row 598 with score 109 and extraction_quality_proxy 0.884; primary Chekhov transcription; accepted after exact/overlap/page/item dedupe and diversity caps.,OCR/text-layer extraction candidate copied exactly from CSV field candidate_text_from_extraction_not_final; do not quote publicly until visually verified and cleared.,"Render/inspect the cited PDF page, visually transcribe exact wording, then Dawson/Lisa exact wording, attribution, and rights clearance."
MCT-UWINDSOR-365-295,295,actor_struggle,actor_struggle;daily_inspiration;directing_academic_footnote;first;method_terms;objective;whole,"I have to do it with my whole power; and I must run twice. first for one thing and then for the other. In taking such an objective, we try to take it with such activity and fill our bodies with the real activity so that we must do it in a stormy way, and this is right.",csv_extraction_text,true,quote_candidates_priority.csv,751,761aefcc090f8369,797,1376,"December 11, 1937","December 11, 1937",primary_chekhov_transcription: by Michael Chekhov; transcribed by Deirdre Hurst du Prey,"lesson/transcription/UWindsor attribution approved by Dawson, exact source context still required",https://collections.uwindsor.ca/chekhov/item/797,https://collections.uwindsor.ca/files/original/b07d7e67c15afa42f355e3bcb11d3475d79bb80a.pdf,pdf_cache/item_797_december-11-1937.pdf,extracted_text_all/item_797_december-11-1937.txt,6,I have an objective to save two objects from a burning house.,No separate context_after field supplied by source extraction; inspect cited page/text_path for surrounding context.,first;objective;whole,actor_struggle;daily_inspiration;directing_academic_footnote;method_terms,0.893,108,Tier 1 model-curated internal candidate,needs_visual_verification_against_pdf_page,,internal_candidate_only__not_publicly_cleared,internal Dawson/Lisa research only; UWindsor/archive and exact-use rights review required before any public/app use,DG-761aefcc090f8369,No retained duplicate after exact/overlap/page/item dedupe; see reject log for rejected overlaps.,Selected from quote_candidates_priority.csv row 751 with score 108 and extraction_quality_proxy 0.893; primary Chekhov transcription; accepted after exact/overlap/page/item dedupe and diversity caps.,OCR/text-layer extraction candidate copied exactly from CSV field candidate_text_from_extraction_not_final; do not quote publicly until visually verified and cleared.,"Render/inspect the cited PDF page, visually transcribe exact wording, then Dawson/Lisa exact wording, attribution, and rights clearance."
MCT-UWINDSOR-365-296,296,actor_struggle,actor_struggle;audience;daily_inspiration;directing_academic_footnote;method_terms;objective;play;quote_candidates_priority.csv;whole;will,"The objective in. of course. ghgg we ore doing, and it lccdc no no actors through the whole play. We can clao get a gliapae of what the objective dose to the audience when an actor in carrying through on objective.",csv_extraction_text,true,quote_candidates_priority.csv,484,cc255a453a8ef8b0,735,1314,"June 30, 1937","June 30, 1937",primary_chekhov_transcription: by Michael Chekhov; transcribed by Deirdre Hurst du Prey,"lesson/transcription/UWindsor attribution approved by Dawson, exact source context still required",https://collections.uwindsor.ca/chekhov/item/735,https://collections.uwindsor.ca/files/original/eb82f1015dc2c4332db2aed3cf857b27682087b9.pdf,pdf_cache/item_735_june-30-1937.pdf,extracted_text_all/item_735_june-30-1937.txt,2,How we will deepen our understanding and get these things in our blood. on it were.,Ac actorn we can any vaguely that we have caught our audience and are loading it.,audience;objective;play;whole,actor_struggle;daily_inspiration;directing_academic_footnote;method_terms,0.885,111,Tier 1 model-curated internal candidate,needs_visual_verification_against_pdf_page,,internal_candidate_only__not_publicly_cleared,internal Dawson/Lisa research only; UWindsor/archive and exact-use rights review required before any public/app use,DG-cc255a453a8ef8b0,Duplicate/overlap also found in quote_candidates_priority.csv row 789 (same_item_page_source_page_cap).,Selected from quote_candidates_priority.csv row 484 with score 111 and extraction_quality_proxy 0.885; primary Chekhov transcription; accepted after exact/overlap/page/item dedupe and diversity caps.,OCR/text-layer extraction candidate copied exactly from CSV field candidate_text_from_extraction_not_final; do not quote publicly until visually verified and cleared.,"Render/inspect the cited PDF page, visually transcribe exact wording, then Dawson/Lisa exact wording, attribution, and rights clearance."
MCT-UWINDSOR-365-297,297,actor_struggle,actor_struggle;attention;cast;daily_inspiration;directing_academic_footnote;director;method_terms;play;quote_candidates_priority.csv;rehearsal;whole;will,"It is very important for the actors to start the rehearsal in the right way, and if the director will lead then into the spirit of the rehearsal very carefully. he will have them LE whole day. :ho director can ask his cast to acz the play in general. or he can ask them to glance act it by plying sgccial attention to the objectives, or to the foeli: of L:u:h for the hands and bodies, etc.",csv_extraction_text,true,quote_candidates_priority.csv,570,477e91a31c11e2f8,720,1299,"June 15, 1937","June 15, 1937",primary_chekhov_transcription: by Michael Chekhov; transcribed by Deirdre Hurst du Prey,"lesson/transcription/UWindsor attribution approved by Dawson, exact source context still required",https://collections.uwindsor.ca/chekhov/item/720,https://collections.uwindsor.ca/files/original/ac8b8c235d4bb0d5f596c275abc4fa4e50a5d26d.pdf,pdf_cache/item_720_june-15-1937.pdf,extracted_text_all/item_720_june-15-1937.txt,3,Ask the cast to improvise and the director can add something.,AC1 A; 1) C( U.,attention;cast;director;play;rehearsal;whole;will,actor_struggle;daily_inspiration;directing_academic_footnote;method_terms,0.889,110,Tier 1 model-curated internal candidate,needs_visual_verification_against_pdf_page,,internal_candidate_only__not_publicly_cleared,internal Dawson/Lisa research only; UWindsor/archive and exact-use rights review required before any public/app use,DG-477e91a31c11e2f8,Duplicate/overlap also found in quote_candidates_priority.csv row 569 (substring_or_overlap_duplicate).,Selected from quote_candidates_priority.csv row 570 with score 110 and extraction_quality_proxy 0.889; primary Chekhov transcription; accepted after exact/overlap/page/item dedupe and diversity caps.,OCR/text-layer extraction candidate copied exactly from CSV field candidate_text_from_extraction_not_final; do not quote publicly until visually verified and cleared.,"Render/inspect the cited PDF page, visually transcribe exact wording, then Dawson/Lisa exact wording, attribution, and rights clearance."
MCT-UWINDSOR-365-298,298,actor_struggle,actor_struggle;cannot;concentration;daily_inspiration;directing_academic_footnote;first;imagination;method_terms;quote_candidates_priority.csv;will,"Hhon you are doing this exercise, watch in ynur imagination to do a very clear-cut job an that you can tell which part of the original image has become the part of the othnr. «hat is the sense of this exercise? First er all, your gownrs of concentration will ba developed.",csv_extraction_text,true,quote_candidates_priority.csv,749,a32cc4dc9408ffe4,555,1106,"March 22, 1935: Three lessons given to Beatrice Straight and Deirdre Hurst: Third lesson",22-Mar-35,primary_chekhov_transcription: by Michael Chekhov; transcribed by Deirdre Hurst du Prey,"lesson/transcription/UWindsor attribution approved by Dawson, exact source context still required",https://collections.uwindsor.ca/chekhov/item/555,https://collections.uwindsor.ca/files/original/cc746a53429e8efaddd58af7d45765417bab4008.pdf,pdf_cache/item_555_march-22-1935-three-lessons-given-to-beatrice-straight-and-deirdre-hurst-third-lesson.pdf,extracted_text_all/item_555_march-22-1935-three-lessons-given-to-beatrice-straight-and-deirdre-hurst-third-lesson.txt,3,Takc two connictely conﬁrxstinﬁimages and try to transfer one thing into another.,"Secondly. ynu have to us"" ynur will mower to a marked extent, and this is an elvment withuut which your imagination cannot work.",concentration;first;imagination;will,actor_struggle;daily_inspiration;directing_academic_footnote;method_terms,0.885,108,Tier 1 model-curated internal candidate,needs_visual_verification_against_pdf_page,,internal_candidate_only__not_publicly_cleared,internal Dawson/Lisa research only; UWindsor/archive and exact-use rights review required before any public/app use,DG-a32cc4dc9408ffe4,Duplicate/overlap also found in quote_candidates_priority.csv row 443 (same_item_page_source_page_cap).,Selected from quote_candidates_priority.csv row 749 with score 108 and extraction_quality_proxy 0.885; primary Chekhov transcription; accepted after exact/overlap/page/item dedupe and diversity caps.,OCR/text-layer extraction candidate copied exactly from CSV field candidate_text_from_extraction_not_final; do not quote publicly until visually verified and cleared.,"Render/inspect the cited PDF page, visually transcribe exact wording, then Dawson/Lisa exact wording, attribution, and rights clearance."
MCT-UWINDSOR-365-299,299,actor_struggle,actor_struggle;audience;daily_inspiration;directing_academic_footnote;free;gesture;method_terms;psychological gesture;quote_candidates_priority.csv;soul;will,"In each actor's soul. it will be different. even if you are all doing the same gesture. Here we are really free if we start with the psychological gesture, because no one can know what is going on in your soul when you are doing the gesture; The audience will see m, which is the most precious thing on the stage.",csv_extraction_text,true,quote_candidates_priority.csv,921,1367482c4cb437c5,1080,1710,"December 12, 1941: Michael Chekhov's eleventh class for professional actors: Psychological gesture","December 12, 1941",primary_chekhov_transcription: by Michael Chekhov; transcribed by Deirdre Hurst du Prey,"lesson/transcription/UWindsor attribution approved by Dawson, exact source context still required",https://collections.uwindsor.ca/chekhov/item/1080,https://collections.uwindsor.ca/files/original/fb0dcca0ac38df5bd944f999e94c397ecf757be4.pdf,pdf_cache/item_1080_december-12-1941-michael-chekhov-s-eleventh-class-for-professional-actors-psychological-ge.pdf,extracted_text_all/item_1080_december-12-1941-michael-chekhov-s-eleventh-class-for-professional-actors-psychological-ge.txt,2,Always exercise the gesture enough to ‘bo sure that it is there.,If you let your psychology be free. many nuances will come.,audience;free;gesture;psychological gesture;soul;will,actor_struggle;daily_inspiration;directing_academic_footnote;method_terms,0.890,106,Tier 1 model-curated internal candidate,needs_visual_verification_against_pdf_page,,internal_candidate_only__not_publicly_cleared,internal Dawson/Lisa research only; UWindsor/archive and exact-use rights review required before any public/app use,DG-1367482c4cb437c5,Duplicate/overlap also found in quote_candidates_priority.csv row 920 (same_item_page_source_page_cap). Duplicate/overlap also found in quote_candidates_priority.csv row 919 (substring_or_overlap_duplicate).,Selected from quote_candidates_priority.csv row 921 with score 106 and extraction_quality_proxy 0.890; primary Chekhov transcription; accepted after exact/overlap/page/item dedupe and diversity caps.,OCR/text-layer extraction candidate copied exactly from CSV field candidate_text_from_extraction_not_final; do not quote publicly until visually verified and cleared.,"Render/inspect the cited PDF page, visually transcribe exact wording, then Dawson/Lisa exact wording, attribution, and rights clearance."
MCT-UWINDSOR-365-300,300,method_terms,actor_struggle;body;center;daily_inspiration;directing_academic_footnote;first;imaginary;imaginary body;method_terms;play;quote_candidates_priority.csv;whole;will,"Let it be lacking in expression at first - have patience. when the imaginary body liyes in you strongly enough. then the physical body will obey more easily and will imitate. as it were, this imaginary body. If you force your physical body too early, then the whole thing could go to pieces, because you might rely upon your physical body only, or repeat your old cliches.",csv_extraction_text,true,quote_candidates_priority.csv,604,02c019b9be956b92,1081,1711,"December 15, 1941: Michael Chekhov's twelfth class for professional actors: The future theatre","December 15, 1941",primary_chekhov_transcription: by Michael Chekhov; transcribed by Deirdre Hurst du Prey,"lesson/transcription/UWindsor attribution approved by Dawson, exact source context still required",https://collections.uwindsor.ca/chekhov/item/1081,https://collections.uwindsor.ca/files/original/28b6e7e3093a9f18d7802d7d04b3eeaf10176996.pdf,pdf_cache/item_1081_december-15-1941-michael-chekhov-s-twelfth-class-for-professional-actors-the-future-theatr.pdf,extracted_text_all/item_1081_december-15-1941-michael-chekhov-s-twelfth-class-for-professional-actors-the-future-theatr.txt,14,"Then try to speak wordei‘rom the play. or improvise them quite freely, but one thing must be held back _don't attempt to force your physical body too early to imitate the imaginary body.","After certain experience with the imaginary body and the center, you will find that almost at once your physical body will become like the imginary one.",body;first;imaginary;imaginary body;whole;will,actor_struggle;daily_inspiration;directing_academic_footnote;method_terms,0.887,109,Tier 1 model-curated internal candidate,needs_visual_verification_against_pdf_page,,internal_candidate_only__not_publicly_cleared,internal Dawson/Lisa research only; UWindsor/archive and exact-use rights review required before any public/app use,DG-02c019b9be956b92,Duplicate/overlap also found in quote_candidates_priority.csv row 925 (same_item_page_source_page_cap). Duplicate/overlap also found in quote_candidates_priority.csv row 605 (same_item_page_source_page_cap). Duplicate/overlap also found in quote_candidates_priority.csv row 754 (same_item_page_source_page_cap).,Selected from quote_candidates_priority.csv row 604 with score 109 and extraction_quality_proxy 0.887; primary Chekhov transcription; accepted after exact/overlap/page/item dedupe and diversity caps.,OCR/text-layer extraction candidate copied exactly from CSV field candidate_text_from_extraction_not_final; do not quote publicly until visually verified and cleared.,"Render/inspect the cited PDF page, visually transcribe exact wording, then Dawson/Lisa exact wording, attribution, and rights clearance."
MCT-UWINDSOR-365-301,301,actor_struggle,actor_struggle;atmosphere;daily_inspiration;directing_academic_footnote;first;method_terms;problem;truth,"19140 ATMOSPHERE ""Ixmlfth ' Night: ‘ I I Soono VI; You must tacky: thin problem vary paycheWﬂ, lugically no chat mouthing ﬂiru bg'auaolutaly true. Try tam“ \mdouutand the characters and nitunﬂonu first with the fool— ing of truth.",csv_extraction_text,true,quote_candidates_priority.csv,469,8871ea268e556d71,1032,1664,"February 7, 1940 (afternoon)","February 7, 1940",primary_chekhov_transcription: by Michael Chekhov; transcribed by Deirdre Hurst du Prey,"lesson/transcription/UWindsor attribution approved by Dawson, exact source context still required",https://collections.uwindsor.ca/chekhov/item/1032,https://collections.uwindsor.ca/files/original/a61bd84ab57f3b325875a5b95b2abcb6f1af4de9.pdf,pdf_cache/item_1032_february-7-1940-afternoon.pdf,extracted_text_all/item_1032_february-7-1940-afternoon.txt,1,Manual Chekhov (Afternoon) February 7.,I \7111 notdiruct it very utrohgly but more humunly.,atmosphere;first;problem;truth,actor_struggle;daily_inspiration;directing_academic_footnote;method_terms,0.855,111,Tier 1 model-curated internal candidate,needs_visual_verification_against_pdf_page,,internal_candidate_only__not_publicly_cleared,internal Dawson/Lisa research only; UWindsor/archive and exact-use rights review required before any public/app use,DG-8871ea268e556d71,No retained duplicate after exact/overlap/page/item dedupe; see reject log for rejected overlaps.,Selected from quote_candidates_priority.csv row 469 with score 111 and extraction_quality_proxy 0.855; primary Chekhov transcription; accepted after exact/overlap/page/item dedupe and diversity caps.,OCR/text-layer extraction candidate copied exactly from CSV field candidate_text_from_extraction_not_final; do not quote publicly until visually verified and cleared.,"Render/inspect the cited PDF page, visually transcribe exact wording, then Dawson/Lisa exact wording, attribution, and rights clearance."
MCT-UWINDSOR-365-302,302,method_terms,ability;actor_struggle;daily_inspiration;directing_academic_footnote;end;future;gesture;life;method_terms,"Realise {knee you have done in thin wane fern - htﬁre it, end keep it in the preeent ueecnt. eitheugh fez-e n .11: my'§et have to be ie‘rcetcd or it my have been created - for 4 the ertiet who has developed the ability to live rmhnieelly. the pact and the future are the cene. Try to emken in your inner life the gesture which hen been done.",csv_extraction_text,true,quote_candidates_priority.csv,790,5905e2cf65aceaf0,959,1584,"June 7, 1939","June 7, 1939",primary_chekhov_transcription: by Michael Chekhov; transcribed by Deirdre Hurst du Prey,"lesson/transcription/UWindsor attribution approved by Dawson, exact source context still required",https://collections.uwindsor.ca/chekhov/item/959,https://collections.uwindsor.ca/files/original/5b14a1fadd4ef6815a4773373c6de6c9150f61ce.pdf,pdf_cache/item_959_june-7-1939.pdf,extracted_text_all/item_959_june-7-1939.txt,2,In order te be ebvlete act rmmicelly; we mum: be able te anticipe‘éo end to 1691: Incl: in retreepect with the cane charity.,To be eble to drop the objective or the geeture. you euet be able to do it £51115:er - nothing of it romaine.,ability;end;future;gesture;life,actor_struggle;daily_inspiration;directing_academic_footnote;method_terms,0.866,108,Tier 1 model-curated internal candidate,needs_visual_verification_against_pdf_page,,internal_candidate_only__not_publicly_cleared,internal Dawson/Lisa research only; UWindsor/archive and exact-use rights review required before any public/app use,DG-5905e2cf65aceaf0,No retained duplicate after exact/overlap/page/item dedupe; see reject log for rejected overlaps.,Selected from quote_candidates_priority.csv row 790 with score 108 and extraction_quality_proxy 0.866; primary Chekhov transcription; accepted after exact/overlap/page/item dedupe and diversity caps.,OCR/text-layer extraction candidate copied exactly from CSV field candidate_text_from_extraction_not_final; do not quote publicly until visually verified and cleared.,"Render/inspect the cited PDF page, visually transcribe exact wording, then Dawson/Lisa exact wording, attribution, and rights clearance."
MCT-UWINDSOR-365-303,303,actor_struggle,actor_struggle;daily_inspiration;directing_academic_footnote;feeling;first;method_terms;qualities;whole;will,"I ARAC’D‘RRIZATION: . - - - 991.; (may; La). will you try to get two qualities throughout .the whole part. First of an, a. feeling of cone - try to get it ‘to on'drftreeo dogroer Dot in like a mioeheivouu butterfly.",csv_extraction_text,true,quote_candidates_priority.csv,446,fbb6cc4979a4d35b,1050,1682,"August 26, 1940 (afternoon)","August 26, 1940",primary_chekhov_transcription: by Michael Chekhov; transcribed by Deirdre Hurst du Prey,"lesson/transcription/UWindsor attribution approved by Dawson, exact source context still required",https://collections.uwindsor.ca/chekhov/item/1050,https://collections.uwindsor.ca/files/original/bffde4c11967a007056f55baef990e2ba9b4469c.pdf,pdf_cache/item_1050_august-26-1940-afternoon.pdf,extracted_text_all/item_1050_august-26-1940-afternoon.txt,1,It must be absolutely fresh and fulfilled on though we have been continually working a it.,‘ Tho aeegnd’ quality mum: be as much feeling of for-n as possible in upoeeh. in movonché'. in psychologicnl'ovents in yourself and others; ‘You uro obliged to be careful with tho psychological fare around you and in you.,feeling;first;qualities;whole;will,actor_struggle;daily_inspiration;directing_academic_footnote;method_terms,0.869,111,Tier 1 model-curated internal candidate,needs_visual_verification_against_pdf_page,,internal_candidate_only__not_publicly_cleared,internal Dawson/Lisa research only; UWindsor/archive and exact-use rights review required before any public/app use,DG-fbb6cc4979a4d35b,No retained duplicate after exact/overlap/page/item dedupe; see reject log for rejected overlaps.,Selected from quote_candidates_priority.csv row 446 with score 111 and extraction_quality_proxy 0.869; primary Chekhov transcription; accepted after exact/overlap/page/item dedupe and diversity caps.,OCR/text-layer extraction candidate copied exactly from CSV field candidate_text_from_extraction_not_final; do not quote publicly until visually verified and cleared.,"Render/inspect the cited PDF page, visually transcribe exact wording, then Dawson/Lisa exact wording, attribution, and rights clearance."
MCT-UWINDSOR-365-304,304,daily_inspiration,actor_struggle;atmosphere;daily_inspiration;directing_academic_footnote;first;method_terms;will,"First you mugt create a certain atmos— phere, and then you must create some concrete pictures under the influence of this atmosphere. Such pictures or images will help you to hold and increase the images, and the images will help you to create the atmosphere.",csv_extraction_text,true,quote_candidates_priority.csv,746,799fb56a40c87bf6,593,1149,"June 8, 1936: Lessons to teachers: Lesson XVIII",08-Jun-36,primary_chekhov_transcription: by Michael Chekhov; transcribed by Deirdre Hurst du Prey,"lesson/transcription/UWindsor attribution approved by Dawson, exact source context still required",https://collections.uwindsor.ca/chekhov/item/593,https://collections.uwindsor.ca/files/original/e86d869e3781213ecccaa3fee2657537dc261a98.pdf,pdf_cache/item_593_june-8-1936-lessons-to-teachers-lesson-xviii.pdf,extracted_text_all/item_593_june-8-1936-lessons-to-teachers-lesson-xviii.txt,2,"For example, how the church looks inside.","To come into the atmogsphere, to feel the atmosphere, and to create in the atmosphere, if an actor has such an understanding of atmosphere, how much better he can act!",atmosphere;first;will,actor_struggle;daily_inspiration;directing_academic_footnote;method_terms,0.891,108,Tier 1 model-curated internal candidate,needs_visual_verification_against_pdf_page,,internal_candidate_only__not_publicly_cleared,internal Dawson/Lisa research only; UWindsor/archive and exact-use rights review required before any public/app use,DG-799fb56a40c87bf6,No retained duplicate after exact/overlap/page/item dedupe; see reject log for rejected overlaps.,Selected from quote_candidates_priority.csv row 746 with score 108 and extraction_quality_proxy 0.891; primary Chekhov transcription; accepted after exact/overlap/page/item dedupe and diversity caps.,OCR/text-layer extraction candidate copied exactly from CSV field candidate_text_from_extraction_not_final; do not quote publicly until visually verified and cleared.,"Render/inspect the cited PDF page, visually transcribe exact wording, then Dawson/Lisa exact wording, attribution, and rights clearance."
MCT-UWINDSOR-365-305,305,actor_struggle,actor_struggle;daily_inspiration;directing_academic_footnote;feelings;gesture;method_terms;quality;quote_candidates_priority.csv;whole,In our Method the quality is experienced throughout the whole being. and you must elaborate the gesture as long as it is necessary to make your feelings respond. The psycholog— ical gesture is the way to the feelings. so is the imgination.,csv_extraction_text,true,quote_candidates_priority.csv,680,bfdf525baba6efe7,740,1319,"July 8, 1937","July 8, 1937",primary_chekhov_transcription: by Michael Chekhov; transcribed by Deirdre Hurst du Prey,"lesson/transcription/UWindsor attribution approved by Dawson, exact source context still required",https://collections.uwindsor.ca/chekhov/item/740,https://collections.uwindsor.ca/files/original/98511406491ddf3597c885aabdde8e68952afe33.pdf,pdf_cache/item_740_july-8-1937.pdf,extracted_text_all/item_740_july-8-1937.txt,5,Nothing other than the feelings.,"If I imagine something only an a picturo on the wall. or on the blackboard, it is nothing - it is not imagination.",feelings;gesture;quality;whole,actor_struggle;daily_inspiration;directing_academic_footnote;method_terms,0.890,109,Tier 1 model-curated internal candidate,needs_visual_verification_against_pdf_page,,internal_candidate_only__not_publicly_cleared,internal Dawson/Lisa research only; UWindsor/archive and exact-use rights review required before any public/app use,DG-bfdf525baba6efe7,Duplicate/overlap also found in quote_candidates_priority.csv row 681 (same_item_page_source_page_cap). Duplicate/overlap also found in quote_candidates_priority.csv row 679 (substring_or_overlap_duplicate).,Selected from quote_candidates_priority.csv row 680 with score 109 and extraction_quality_proxy 0.890; primary Chekhov transcription; accepted after exact/overlap/page/item dedupe and diversity caps.,OCR/text-layer extraction candidate copied exactly from CSV field candidate_text_from_extraction_not_final; do not quote publicly until visually verified and cleared.,"Render/inspect the cited PDF page, visually transcribe exact wording, then Dawson/Lisa exact wording, attribution, and rights clearance."
MCT-UWINDSOR-365-306,306,daily_inspiration,actor_struggle;daily_inspiration;directing_academic_footnote;first;life;method_terms;style;will,"You must follow the truthml inner life. whether it is comedy or drama. First, we went to get the style. then gradually the humor will come.",csv_extraction_text,true,quote_candidates_priority.csv,282,96565d27ddfda556,815,1406,"February 1, 1938 (afternoon)","February 1, 1938",primary_chekhov_transcription: by Michael Chekhov; transcribed by Deirdre Hurst du Prey,"lesson/transcription/UWindsor attribution approved by Dawson, exact source context still required",https://collections.uwindsor.ca/chekhov/item/815,https://collections.uwindsor.ca/files/original/1e39fc23492a00fca32d6888f76f2727f7ee8243.pdf,pdf_cache/item_815_february-1-1938-afternoon.pdf,extracted_text_all/item_815_february-1-1938-afternoon.txt,5,I want you to remember one thing which will help you in your work.,To force humor is not possiblef You must prepare the ground first.,first;life;style;will,actor_struggle;daily_inspiration;directing_academic_footnote;method_terms,0.888,114,Tier 1 model-curated internal candidate,needs_visual_verification_against_pdf_page,,internal_candidate_only__not_publicly_cleared,internal Dawson/Lisa research only; UWindsor/archive and exact-use rights review required before any public/app use,DG-96565d27ddfda556,No retained duplicate after exact/overlap/page/item dedupe; see reject log for rejected overlaps.,Selected from quote_candidates_priority.csv row 282 with score 114 and extraction_quality_proxy 0.888; primary Chekhov transcription; accepted after exact/overlap/page/item dedupe and diversity caps.,OCR/text-layer extraction candidate copied exactly from CSV field candidate_text_from_extraction_not_final; do not quote publicly until visually verified and cleared.,"Render/inspect the cited PDF page, visually transcribe exact wording, then Dawson/Lisa exact wording, attribution, and rights clearance."
MCT-UWINDSOR-365-307,307,daily_inspiration,actor_struggle;cannot;composition;concentrate;daily_inspiration;directing_academic_footnote;play;scene;whole,I cannot tell you to take into consideration the whole play and the whole composition of Richard 131;. It in enough to concentrate on the suggestions you can get from this special scene.,csv_extraction_text,true,quote_candidates_priority.csv,411,e7b3f32862db363c,1040,1672,"March 27, 1940","March 27, 1940",primary_chekhov_transcription: by Michael Chekhov; transcribed by Deirdre Hurst du Prey,"lesson/transcription/UWindsor attribution approved by Dawson, exact source context still required",https://collections.uwindsor.ca/chekhov/item/1040,https://collections.uwindsor.ca/files/original/23bee73c9af91fe4cdc328b700ac3116326e2377.pdf,pdf_cache/item_1040_march-27-1940.pdf,extracted_text_all/item_1040_march-27-1940.txt,8,It will help you.,"Of course, there is the whole idea of W; behind you.",cannot;composition;concentrate;play;scene;whole,actor_struggle;daily_inspiration;directing_academic_footnote,0.878,112,Tier 1 model-curated internal candidate,needs_visual_verification_against_pdf_page,,internal_candidate_only__not_publicly_cleared,internal Dawson/Lisa research only; UWindsor/archive and exact-use rights review required before any public/app use,DG-e7b3f32862db363c,No retained duplicate after exact/overlap/page/item dedupe; see reject log for rejected overlaps.,Selected from quote_candidates_priority.csv row 411 with score 112 and extraction_quality_proxy 0.878; primary Chekhov transcription; accepted after exact/overlap/page/item dedupe and diversity caps.,OCR/text-layer extraction candidate copied exactly from CSV field candidate_text_from_extraction_not_final; do not quote publicly until visually verified and cleared.,"Render/inspect the cited PDF page, visually transcribe exact wording, then Dawson/Lisa exact wording, attribution, and rights clearance."
MCT-UWINDSOR-365-308,308,method_terms,actor_struggle;art;beginning;daily_inspiration;directing_academic_footnote;gesture;life;method_terms;psychological gesture;will,"Rudolf Steiner Vakhtangev Erie XIV The Inggcetor General The Doluttn THE PSYCHOLOGICAL GESTUREI If the psychological gesture it: taken no 0. technical . meant) for developing our inner life. than it is something of gram; value. ' if. on ({he other hand. it is taken only theoretg ically. it will not be of any use. my to £01m it practically from the very beginning, always ueking yeurncli‘ how you can apply it ‘to your art. studento who are already familiar with it mum: try to take it afresh.",csv_extraction_text,true,quote_candidates_priority.csv,232,e717557b4898f26f,1035,1667,"February 20, 1940","February 20, 1940",primary_chekhov_transcription: by Michael Chekhov; transcribed by Deirdre Hurst du Prey,"lesson/transcription/UWindsor attribution approved by Dawson, exact source context still required",https://collections.uwindsor.ca/chekhov/item/1035,https://collections.uwindsor.ca/files/original/e1fe828449506fecaba1994a06d38d508ec8151d.pdf,pdf_cache/item_1035_february-20-1940.pdf,extracted_text_all/item_1035_february-20-1940.txt,1,Dr.,I Let us drew two crinnglom ~ If we look at them. no will experience the feeling that both of them are noting. an it were. different parts. different characters.,art;beginning;gesture;life;psychological gesture;will,actor_struggle;daily_inspiration;directing_academic_footnote;method_terms,0.876,115,Tier 1 model-curated internal candidate,needs_visual_verification_against_pdf_page,,internal_candidate_only__not_publicly_cleared,internal Dawson/Lisa research only; UWindsor/archive and exact-use rights review required before any public/app use,DG-e717557b4898f26f,No retained duplicate after exact/overlap/page/item dedupe; see reject log for rejected overlaps.,Selected from quote_candidates_priority.csv row 232 with score 115 and extraction_quality_proxy 0.876; primary Chekhov transcription; accepted after exact/overlap/page/item dedupe and diversity caps.,OCR/text-layer extraction candidate copied exactly from CSV field candidate_text_from_extraction_not_final; do not quote publicly until visually verified and cleared.,"Render/inspect the cited PDF page, visually transcribe exact wording, then Dawson/Lisa exact wording, attribution, and rights clearance."
MCT-UWINDSOR-365-309,309,actor_struggle,ability;actor_struggle;beginning;body;concentrate;daily_inspiration;directing_academic_footnote;imagination;will,"But to be able to have one's own psychology and body and everything in one's own power, one has to develOp the ability to concentrate without which all efforts will be almost in vain. This is the beginning. and I want to give you certain ideas about imagination. as we understand it in our school.",csv_extraction_text,true,quote_candidates_priority.csv,987,8469b15a23520bf8,926,1551,"January 16, 1939: The opening of the Chekhov Theatre Studio in Ridgefield, Connecticut","January 16, 1939",primary_chekhov_transcription: by Michael Chekhov; transcribed by Deirdre Hurst du Prey,"lesson/transcription/UWindsor attribution approved by Dawson, exact source context still required",https://collections.uwindsor.ca/chekhov/item/926,https://collections.uwindsor.ca/files/original/0e0187fd7cc5317c4bb285681576649c44b3ce73.pdf,pdf_cache/item_926_january-16-1939-the-opening-of-the-chekhov-theatre-studio-in-ridgefield-connecticut.pdf,extracted_text_all/item_926_january-16-1939-the-opening-of-the-chekhov-theatre-studio-in-ridgefield-connecticut.txt,12,One must be able to control and master his own being.,"The problem must be taken absolutely seriously, otherwise your time is lost. and my time is lost, and Beatricu's confidence in us is lost.",ability;beginning;body;concentrate;imagination;will,actor_struggle;daily_inspiration;directing_academic_footnote,0.886,106,Tier 1 model-curated internal candidate,needs_visual_verification_against_pdf_page,,internal_candidate_only__not_publicly_cleared,internal Dawson/Lisa research only; UWindsor/archive and exact-use rights review required before any public/app use,DG-8469b15a23520bf8,No retained duplicate after exact/overlap/page/item dedupe; see reject log for rejected overlaps.,Selected from quote_candidates_priority.csv row 987 with score 106 and extraction_quality_proxy 0.886; primary Chekhov transcription; accepted after exact/overlap/page/item dedupe and diversity caps.,OCR/text-layer extraction candidate copied exactly from CSV field candidate_text_from_extraction_not_final; do not quote publicly until visually verified and cleared.,"Render/inspect the cited PDF page, visually transcribe exact wording, then Dawson/Lisa exact wording, attribution, and rights clearance."
MCT-UWINDSOR-365-310,310,daily_inspiration,actor_struggle;daily_inspiration;directing_academic_footnote;gesture;inspire;method_terms;psychological gesture;quality;rehearsal;will,I am going he give you another ground which must lead you during the rehearsal and inspire you an it were. For Angelica and Teresa the ground will be that of the quality of insatiable domino. and for Ropeneo. the Sacrieton. we will give another ground which 10 called the psychological gesture.,csv_extraction_text,true,quote_candidates_priority.csv,938,e372ce5d3255a70c,925,1550,"December 8, 1938: Rehearsal for final performance in theatre: Spanish Evening","December 8, 1938",primary_chekhov_transcription: by Michael Chekhov; transcribed by Deirdre Hurst du Prey,"lesson/transcription/UWindsor attribution approved by Dawson, exact source context still required",https://collections.uwindsor.ca/chekhov/item/925,https://collections.uwindsor.ca/files/original/a21aa49d640708b807b5ce05be0bfe492d7fecc3.pdf,pdf_cache/item_925_december-8-1938-rehearsal-for-final-performance-in-theatre-spanish-evening.pdf,extracted_text_all/item_925_december-8-1938-rehearsal-for-final-performance-in-theatre-spanish-evening.txt,3,Young to tend the husband‘s lines.,The psychological gesture is a gesture which can be produced phyelcally; but it is actually a psychological movement or a movement of the psychology — the psychology of‘the human being: or again we may any the psychology expressed in the form of a yhysical gesture.,gesture;inspire;psychological gesture;quality;rehearsal;will,actor_struggle;daily_inspiration;directing_academic_footnote;method_terms,0.888,106,Tier 1 model-curated internal candidate,needs_visual_verification_against_pdf_page,,internal_candidate_only__not_publicly_cleared,internal Dawson/Lisa research only; UWindsor/archive and exact-use rights review required before any public/app use,DG-e372ce5d3255a70c,No retained duplicate after exact/overlap/page/item dedupe; see reject log for rejected overlaps.,Selected from quote_candidates_priority.csv row 938 with score 106 and extraction_quality_proxy 0.888; primary Chekhov transcription; accepted after exact/overlap/page/item dedupe and diversity caps.,OCR/text-layer extraction candidate copied exactly from CSV field candidate_text_from_extraction_not_final; do not quote publicly until visually verified and cleared.,"Render/inspect the cited PDF page, visually transcribe exact wording, then Dawson/Lisa exact wording, attribution, and rights clearance."
MCT-UWINDSOR-365-311,311,actor_struggle,actor_struggle;atmosphere;attention;daily_inspiration;directing_academic_footnote;feeling;group;method_terms;objective;will,"Atypoments you will feel that it is your personal feeling, and then you will feel that is is the feeling of the group, or an objective thing, or ltnotphcrf{ If you will remember many of your acquaintances, you will understand that each of them has an atmosphere, but you know them s0 well that you don‘t pay any attention to it.",csv_extraction_text,true,quote_candidates_priority.csv,909,8a22698da5b04266,604,1160,"October 20, 1936",20-Oct-36,primary_chekhov_transcription: by Michael Chekhov; transcribed by Deirdre Hurst du Prey,"lesson/transcription/UWindsor attribution approved by Dawson, exact source context still required",https://collections.uwindsor.ca/chekhov/item/604,https://collections.uwindsor.ca/files/original/5c7428ba250a0c25cbd23522c93509eaff47cd3e.pdf,pdf_cache/item_604_october-20-1936.pdf,extracted_text_all/item_604_october-20-1936.txt,1,"When you feel that person is about to anapr the room, you get up and run away.",Each person has an atmosphere.,atmosphere;attention;feeling;group;objective;will,actor_struggle;daily_inspiration;directing_academic_footnote;method_terms,0.890,106,Tier 1 model-curated internal candidate,needs_visual_verification_against_pdf_page,,internal_candidate_only__not_publicly_cleared,internal Dawson/Lisa research only; UWindsor/archive and exact-use rights review required before any public/app use,DG-8a22698da5b04266,No retained duplicate after exact/overlap/page/item dedupe; see reject log for rejected overlaps.,Selected from quote_candidates_priority.csv row 909 with score 106 and extraction_quality_proxy 0.890; primary Chekhov transcription; accepted after exact/overlap/page/item dedupe and diversity caps.,OCR/text-layer extraction candidate copied exactly from CSV field candidate_text_from_extraction_not_final; do not quote publicly until visually verified and cleared.,"Render/inspect the cited PDF page, visually transcribe exact wording, then Dawson/Lisa exact wording, attribution, and rights clearance."
MCT-UWINDSOR-365-312,312,daily_inspiration,actor_struggle;atmosphere;attention;beauty;body;daily_inspiration;directing_academic_footnote;feelings;life;method_terms;quote_candidates_priority.csv;soul;theatre;whole,"If it is there,the performance has a soul, a life, a spirit which fills the whole theatre. We must see the body — all that we hear and see and the idea of the performance — its spirit, covered and permeated with the soul, which sives the lifa and beauty to the performnce.",csv_extraction_text,true,quote_candidates_priority.csv,826,e61574786d66a760,603,1159,"October 16, 1936",16-Oct-36,primary_chekhov_transcription: by Michael Chekhov; transcribed by Deirdre Hurst du Prey,"lesson/transcription/UWindsor attribution approved by Dawson, exact source context still required",https://collections.uwindsor.ca/chekhov/item/603,https://collections.uwindsor.ca/files/original/5a0ee195fb3b6a9b6aa95fa9d211c81411bafee7.pdf,pdf_cache/item_603_october-16-1936.pdf,extracted_text_all/item_603_october-16-1936.txt,3,"If it is not thore, the performance is dead.",No separate context_after field supplied by source extraction; inspect cited page/text_path for surrounding context.,beauty;body;life;soul;theatre;whole,actor_struggle;daily_inspiration;directing_academic_footnote,0.889,107,Tier 1 model-curated internal candidate,needs_visual_verification_against_pdf_page,,internal_candidate_only__not_publicly_cleared,internal Dawson/Lisa research only; UWindsor/archive and exact-use rights review required before any public/app use,DG-e61574786d66a760,Duplicate/overlap also found in quote_candidates_priority.csv row 593 (same_item_page_source_page_cap). Duplicate/overlap also found in quote_candidates_priority.csv row 900 (same_item_page_source_page_cap).,Selected from quote_candidates_priority.csv row 826 with score 107 and extraction_quality_proxy 0.889; primary Chekhov transcription; accepted after exact/overlap/page/item dedupe and diversity caps.,OCR/text-layer extraction candidate copied exactly from CSV field candidate_text_from_extraction_not_final; do not quote publicly until visually verified and cleared.,"Render/inspect the cited PDF page, visually transcribe exact wording, then Dawson/Lisa exact wording, attribution, and rights clearance."
MCT-UWINDSOR-365-313,313,daily_inspiration,actor_struggle;cannot;daily_inspiration;directing_academic_footnote;life;method_terms;play;qualities;will,And it cannot be only then - there in no play. no movement. no life without Lear. When we try to produce inwardly 'thiu 10.17 of movement - this existing movement going on in the world'urouna ue.und in our are definitely - if we are able to produce this novement. than we will see_thut there are qualities of light and dark.,csv_extraction_text,true,quote_candidates_priority.csv,954,137dbf2762374e64,1060,1692,"February 17, 1941","February 17, 1941",primary_chekhov_transcription: by Michael Chekhov; transcribed by Deirdre Hurst du Prey,"lesson/transcription/UWindsor attribution approved by Dawson, exact source context still required",https://collections.uwindsor.ca/chekhov/item/1060,https://collections.uwindsor.ca/files/original/5a1a27b91b4c1b6286014c7db247496f62ccbaf1.pdf,pdf_cache/item_1060_february-17-1941.pdf,extracted_text_all/item_1060_february-17-1941.txt,9,"It in something which cannot be done only by light or dark - ouch u thing cannot be in art - King Lear cannot be written without Edmund, Goneril. or Rogan.- without them there is no Lear.","EThore is in thin movement already at least two big qualities ~ dark and light — ,idurker and lighﬁcr — it cannot be dabrived of qualitiosl_ﬂ,p Let no take King Lear‘ne en 0x3nple - one of the inner lines of the play.",cannot;life;play;qualities;will,actor_struggle;daily_inspiration;directing_academic_footnote;method_terms,0.883,106,Tier 1 model-curated internal candidate,needs_visual_verification_against_pdf_page,,internal_candidate_only__not_publicly_cleared,internal Dawson/Lisa research only; UWindsor/archive and exact-use rights review required before any public/app use,DG-137dbf2762374e64,No retained duplicate after exact/overlap/page/item dedupe; see reject log for rejected overlaps.,Selected from quote_candidates_priority.csv row 954 with score 106 and extraction_quality_proxy 0.883; primary Chekhov transcription; accepted after exact/overlap/page/item dedupe and diversity caps.,OCR/text-layer extraction candidate copied exactly from CSV field candidate_text_from_extraction_not_final; do not quote publicly until visually verified and cleared.,"Render/inspect the cited PDF page, visually transcribe exact wording, then Dawson/Lisa exact wording, attribution, and rights clearance."
MCT-UWINDSOR-365-314,314,actor_struggle,actor_struggle;daily_inspiration;directing_academic_footnote;free;gesture;method_terms;scene;will,"That is the dynamic of the scene. You must always have the picture of your gesture, and then you will be free to speak your words, The actor must always know that even when he leaves the stage he is acting through others on the stage.",csv_extraction_text,true,quote_candidates_priority.csv,592,008d9c7b30cd0ed0,618,1174,"November 8, 1936",08-Nov-36,primary_chekhov_transcription: by Michael Chekhov; transcribed by Deirdre Hurst du Prey,"lesson/transcription/UWindsor attribution approved by Dawson, exact source context still required",https://collections.uwindsor.ca/chekhov/item/618,https://collections.uwindsor.ca/files/original/706afbbf9c4209789b8313b088c6648f73816097.pdf,pdf_cache/item_618_november-8-1936.pdf,extracted_text_all/item_618_november-8-1936.txt,4,"The mission of the evil group is to push Antin down, pushing him gradually slowly but surely, until he is defeated.","As in LingLo#kp, oven when he is not on the stage, Lear‘s melody is acted by others and is felt all the time,.",free;gesture;scene;will,actor_struggle;daily_inspiration;directing_academic_footnote;method_terms,0.885,109,Tier 1 model-curated internal candidate,needs_visual_verification_against_pdf_page,,internal_candidate_only__not_publicly_cleared,internal Dawson/Lisa research only; UWindsor/archive and exact-use rights review required before any public/app use,DG-008d9c7b30cd0ed0,No retained duplicate after exact/overlap/page/item dedupe; see reject log for rejected overlaps.,Selected from quote_candidates_priority.csv row 592 with score 109 and extraction_quality_proxy 0.885; primary Chekhov transcription; accepted after exact/overlap/page/item dedupe and diversity caps.,OCR/text-layer extraction candidate copied exactly from CSV field candidate_text_from_extraction_not_final; do not quote publicly until visually verified and cleared.,"Render/inspect the cited PDF page, visually transcribe exact wording, then Dawson/Lisa exact wording, attribution, and rights clearance."
MCT-UWINDSOR-365-315,315,actor_struggle,actor_struggle;climax;daily_inspiration;directing_academic_footnote;feelings;imagination;life;moment,At the moment when the hero has reached the climax. through the imagining of this special moment of the character We have to penetrate into its inner life. and than we must incorporate this inner life or feelings. ihrough the imagination we must get the inner life of the hero and incorporate it.,csv_extraction_text,true,quote_candidates_priority.csv,993,7b936bee5b81c619,804,1383,"January 18, 1938","January 18, 1938",primary_chekhov_transcription: by Michael Chekhov; transcribed by Deirdre Hurst du Prey,"lesson/transcription/UWindsor attribution approved by Dawson, exact source context still required",https://collections.uwindsor.ca/chekhov/item/804,https://collections.uwindsor.ca/files/original/2b0556740b00c2914e14508ac33bc90eb5351ffd.pdf,pdf_cache/item_804_january-18-1938.pdf,extracted_text_all/item_804_january-18-1938.txt,1,"IuEGIHhTIGN I\CCRPOPA&IONI Let us take the scene when King Le r is on the heath — ""Blow winds..."" The idea of tho exercise is to get the feelings through_the imagination.",No separate context_after field supplied by source extraction; inspect cited page/text_path for surrounding context.,climax;feelings;imagination;life;moment,actor_struggle;daily_inspiration;directing_academic_footnote,0.879,106,Tier 1 model-curated internal candidate,needs_visual_verification_against_pdf_page,,internal_candidate_only__not_publicly_cleared,internal Dawson/Lisa research only; UWindsor/archive and exact-use rights review required before any public/app use,DG-7b936bee5b81c619,No retained duplicate after exact/overlap/page/item dedupe; see reject log for rejected overlaps.,Selected from quote_candidates_priority.csv row 993 with score 106 and extraction_quality_proxy 0.879; primary Chekhov transcription; accepted after exact/overlap/page/item dedupe and diversity caps.,OCR/text-layer extraction candidate copied exactly from CSV field candidate_text_from_extraction_not_final; do not quote publicly until visually verified and cleared.,"Render/inspect the cited PDF page, visually transcribe exact wording, then Dawson/Lisa exact wording, attribution, and rights clearance."
MCT-UWINDSOR-365-316,316,actor_struggle,actor_struggle;daily_inspiration;directing_academic_footnote;gesture;method_terms;psychological gesture;rehearsals;whole;will,"There wore too many elements, and the actors were not yet ready to experience than. later. when We extend kho whole scheme, you will find that you will be able to do sketches such as you did today. In order to got everything as complete as possible in the for: of a psychological gesture in such an exercise as you gave today. you would have to have several rehearsals and work in great detail.",csv_extraction_text,true,quote_candidates_priority.csv,657,21fd9a93aa1287ad,660,1219,"January 25, 1937","January 25, 1937",primary_chekhov_transcription: by Michael Chekhov; transcribed by Deirdre Hurst du Prey,"lesson/transcription/UWindsor attribution approved by Dawson, exact source context still required",https://collections.uwindsor.ca/chekhov/item/660,https://collections.uwindsor.ca/files/original/1a6a83bcbf0a102fe3a2b4df34b3ccc4c293c1ad.pdf,pdf_cache/item_660_january-25-1937.pdf,extracted_text_all/item_660_january-25-1937.txt,10,You must go gradually to such exercises as you gave today.,You must lead your aotorc gradually.,gesture;psychological gesture;rehearsals;whole;will,actor_struggle;daily_inspiration;directing_academic_footnote;method_terms,0.893,109,Tier 1 model-curated internal candidate,needs_visual_verification_against_pdf_page,,internal_candidate_only__not_publicly_cleared,internal Dawson/Lisa research only; UWindsor/archive and exact-use rights review required before any public/app use,DG-21fd9a93aa1287ad,No retained duplicate after exact/overlap/page/item dedupe; see reject log for rejected overlaps.,Selected from quote_candidates_priority.csv row 657 with score 109 and extraction_quality_proxy 0.893; primary Chekhov transcription; accepted after exact/overlap/page/item dedupe and diversity caps.,OCR/text-layer extraction candidate copied exactly from CSV field candidate_text_from_extraction_not_final; do not quote publicly until visually verified and cleared.,"Render/inspect the cited PDF page, visually transcribe exact wording, then Dawson/Lisa exact wording, attribution, and rights clearance."
MCT-UWINDSOR-365-317,317,actor_struggle,ability;actor_struggle;concentrate;creative;daily_inspiration;directing_academic_footnote;first;imagination,We must develop our creative imagination if we want to be creative artists. COUR STAGES QOF THE CREATIVE PROCESSq what must we do to develop this imagination? first step: We must understand and concentrate on the simple ldea that imagination is the ability to sse somethins invisible.,csv_extraction_text,true,quote_candidates_priority.csv,897,43a72a7c288570ff,596,1152,"October 8, 1936",08-Oct-36,primary_chekhov_transcription: by Michael Chekhov; transcribed by Deirdre Hurst du Prey,"lesson/transcription/UWindsor attribution approved by Dawson, exact source context still required",https://collections.uwindsor.ca/chekhov/item/596,https://collections.uwindsor.ca/files/original/6b9d51f1ad681a247564f9521d7b6fc936c3fafc.pdf,pdf_cache/item_596_october-8-1936.pdf,extracted_text_all/item_596_october-8-1936.txt,3,"This is the imagination which everyone has instinctively, but this is not the creative imragination and has nothing to do with it.",No separate context_after field supplied by source extraction; inspect cited page/text_path for surrounding context.,ability;concentrate;creative;first;imagination,actor_struggle;daily_inspiration;directing_academic_footnote,0.892,106,Tier 1 model-curated internal candidate,needs_visual_verification_against_pdf_page,,internal_candidate_only__not_publicly_cleared,internal Dawson/Lisa research only; UWindsor/archive and exact-use rights review required before any public/app use,DG-43a72a7c288570ff,No retained duplicate after exact/overlap/page/item dedupe; see reject log for rejected overlaps.,Selected from quote_candidates_priority.csv row 897 with score 106 and extraction_quality_proxy 0.892; primary Chekhov transcription; accepted after exact/overlap/page/item dedupe and diversity caps.,OCR/text-layer extraction candidate copied exactly from CSV field candidate_text_from_extraction_not_final; do not quote publicly until visually verified and cleared.,"Render/inspect the cited PDF page, visually transcribe exact wording, then Dawson/Lisa exact wording, attribution, and rights clearance."
MCT-UWINDSOR-365-318,318,actor_struggle,actor_struggle;body;daily_inspiration;directing_academic_footnote;form;life;method_terms;psychological gesture;scenes;whole,"Hot take the form and find that the life is lost, the body and the emotional life, everything. are lost in it.. \ other settings made some psychological gestures more or less good but all of them were beautiful and justi~ fied. The costume must always be justified by the actor. goon-3‘17:- Perhaps it would be good to give personal sugges— tions how to go on, how to develoo not only the scenes but the whole life.",csv_extraction_text,true,quote_candidates_priority.csv,586,737d46506608ed85,848,1455,"March 8, 1938 (afternoon)","March 8, 1938",primary_chekhov_transcription: by Michael Chekhov; transcribed by Deirdre Hurst du Prey,"lesson/transcription/UWindsor attribution approved by Dawson, exact source context still required",https://collections.uwindsor.ca/chekhov/item/848,https://collections.uwindsor.ca/files/original/c8278710ab789a625d44cebe6841eae32d9223f0.pdf,pdf_cache/item_848_march-8-1938-afternoon.pdf,extracted_text_all/item_848_march-8-1938-afternoon.txt,3,Better to stait with life and finish with form. as it were.,First.,body;form;life;psychological gesture;scenes;whole,actor_struggle;daily_inspiration;directing_academic_footnote;method_terms,0.890,110,Tier 1 model-curated internal candidate,needs_visual_verification_against_pdf_page,,internal_candidate_only__not_publicly_cleared,internal Dawson/Lisa research only; UWindsor/archive and exact-use rights review required before any public/app use,DG-737d46506608ed85,No retained duplicate after exact/overlap/page/item dedupe; see reject log for rejected overlaps.,Selected from quote_candidates_priority.csv row 586 with score 110 and extraction_quality_proxy 0.890; primary Chekhov transcription; accepted after exact/overlap/page/item dedupe and diversity caps.,OCR/text-layer extraction candidate copied exactly from CSV field candidate_text_from_extraction_not_final; do not quote publicly until visually verified and cleared.,"Render/inspect the cited PDF page, visually transcribe exact wording, then Dawson/Lisa exact wording, attribution, and rights clearance."
MCT-UWINDSOR-365-319,319,actor_struggle,actor_struggle;daily_inspiration;directing_academic_footnote;ensemble;feeling;imagination;rehearsal;scene;whole;will,FEELING OF THE WHOLE PREPARATION AND SUSTAINING ENSEMBLE 0R CONTACT OUTER AND INNER LEVELS OF ACTING If the actor will read the script in his imagination often enough. he will come to the rehearsal with many new things. Now let us read the text of our scene out:loud.,csv_extraction_text,true,quote_candidates_priority.csv,882,31043d379381561d,1076,1707,"November 28, 1941: Michael Chekhov's seventh class for professional actors: Feeling of the whole","November 28, 1941",primary_chekhov_transcription: by Michael Chekhov; transcribed by Deirdre Hurst du Prey,"lesson/transcription/UWindsor attribution approved by Dawson, exact source context still required",https://collections.uwindsor.ca/chekhov/item/1076,https://collections.uwindsor.ca/files/original/d6a5e680b08f7250da4d547832dc654d5a2cbafd.pdf,pdf_cache/item_1076_november-28-1941-michael-chekhov-s-seventh-class-for-professional-actors-feeling-of-the-wh.pdf,extracted_text_all/item_1076_november-28-1941-michael-chekhov-s-seventh-class-for-professional-actors-feeling-of-the-wh.txt,1,"19b1 MICHAEL CHEKHOV‘S SEVENTH CLASS FOR PROFESSIONAL ACTORS “FEELING OF THE WHOLE"" SETTINGS - (-518): EN SCENE.",While reading the text. rely upon the atmosphere. and imagine how you would act. but don't actually do it.,ensemble;feeling;imagination;rehearsal;scene;whole;will,actor_struggle;daily_inspiration;directing_academic_footnote,0.886,107,Tier 1 model-curated internal candidate,needs_visual_verification_against_pdf_page,,internal_candidate_only__not_publicly_cleared,internal Dawson/Lisa research only; UWindsor/archive and exact-use rights review required before any public/app use,DG-31043d379381561d,No retained duplicate after exact/overlap/page/item dedupe; see reject log for rejected overlaps.,Selected from quote_candidates_priority.csv row 882 with score 107 and extraction_quality_proxy 0.886; primary Chekhov transcription; accepted after exact/overlap/page/item dedupe and diversity caps.,OCR/text-layer extraction candidate copied exactly from CSV field candidate_text_from_extraction_not_final; do not quote publicly until visually verified and cleared.,"Render/inspect the cited PDF page, visually transcribe exact wording, then Dawson/Lisa exact wording, attribution, and rights clearance."
MCT-UWINDSOR-365-320,320,method_terms,action;actor_struggle;body;directing_academic_footnote;first;method_terms;middle;quote_candidates_priority.csv;rhythm,"How his figure, which in the tbeginning is maqutic, above all kings, full of ego, and how it becomes the old, small body lying somewhere on the stage, but it is full of majestic sptrit. (One aspect of rhythm — one beihg lifted up, the other soinsg down.} 8th Exercine — Zach action consists of three parts: The first and third part are alwiyu opposite to each other in greater or lesser degrees, and the middle part is the metamorphosis of the two.",csv_extraction_text,true,quote_candidates_priority.csv,359,bc0f9f6ee8669e06,651,1207,"December 16, 1936: Evening lesson with Michael Chekhov, Alan, and Beatrice Straight for work on exercises to be given next term","December 16, 1936",primary_chekhov_transcription: by Michael Chekhov; transcribed by Deirdre Hurst du Prey,"lesson/transcription/UWindsor attribution approved by Dawson, exact source context still required",https://collections.uwindsor.ca/chekhov/item/651,https://collections.uwindsor.ca/files/original/b662fa28669f194207bddde36a8a5e5212b308ad.pdf,pdf_cache/item_651_december-16-1936-evening-lesson-with-michael-chekhov-alan-and-beatrice-straight-for-work-o.pdf,extracted_text_all/item_651_december-16-1936-evening-lesson-with-michael-chekhov-alan-and-beatrice-straight-for-work-o.txt,3,"Cheknhov Gecember 16, 1936 his lesson example is ‘ins Lear.","The students must find these three parts, and then they ca@n divide them up into many more parts, but the three will always remain. th Sxere =_C1l4: en : A climax is a point in which something is very tenge.",action;body;first;middle;rhythm,actor_struggle;directing_academic_footnote;method_terms,0.878,112,Tier 1 model-curated internal candidate,needs_visual_verification_against_pdf_page,,internal_candidate_only__not_publicly_cleared,internal Dawson/Lisa research only; UWindsor/archive and exact-use rights review required before any public/app use,DG-bc0f9f6ee8669e06,Duplicate/overlap also found in quote_candidates_priority.csv row 358 (substring_or_overlap_duplicate).,Selected from quote_candidates_priority.csv row 359 with score 112 and extraction_quality_proxy 0.878; primary Chekhov transcription; accepted after exact/overlap/page/item dedupe and diversity caps.,OCR/text-layer extraction candidate copied exactly from CSV field candidate_text_from_extraction_not_final; do not quote publicly until visually verified and cleared.,"Render/inspect the cited PDF page, visually transcribe exact wording, then Dawson/Lisa exact wording, attribution, and rights clearance."
MCT-UWINDSOR-365-321,321,method_terms,actor_struggle;daily_inspiration;directing_academic_footnote;first;gesture;imagination;method_terms;will,"Tho gesture may be u very, soft one, but you must be active when doing it] do not cormuno tho physical power and the dimension. how, to do it only in the imagination; if you will usk what this moans you will come to a very interesting conclusion. which in that you have come to the first point from which we started —_thct ih‘is actually a psychological effect from which we have fouhu Our gesture.",csv_extraction_text,true,quote_candidates_priority.csv,685,1ecb555f8140e309,893,1500,"June 19, 1938","June 19, 1938",primary_chekhov_transcription: by Michael Chekhov; transcribed by Deirdre Hurst du Prey,"lesson/transcription/UWindsor attribution approved by Dawson, exact source context still required",https://collections.uwindsor.ca/chekhov/item/893,https://collections.uwindsor.ca/files/original/0ed98209495501e14c8b81b953cace9ec7405702.pdf,pdf_cache/item_893_june-19-1938.pdf,extracted_text_all/item_893_june-19-1938.txt,5,Ono of {ho most important is to do the gesture with the whole body. and tho second is to do it aiming at the pcychologicul affect. and the third is to do the gouturo with one hundred percent nativity.,B. (haychologyl Feelings: Stauiu» luvnky) If we producoYR%pirituul and the' gesture we are :twice as ntrong Incorporate tho payohology into the gosturo By doing the gooturo we need upiritunl activity From each point you start you will find the same thing - it in a whole which always goes on in our creative soulo.,first;gesture;imagination;will,actor_struggle;daily_inspiration;directing_academic_footnote;method_terms,0.889,109,Tier 1 model-curated internal candidate,needs_visual_verification_against_pdf_page,,internal_candidate_only__not_publicly_cleared,internal Dawson/Lisa research only; UWindsor/archive and exact-use rights review required before any public/app use,DG-1ecb555f8140e309,No retained duplicate after exact/overlap/page/item dedupe; see reject log for rejected overlaps.,Selected from quote_candidates_priority.csv row 685 with score 109 and extraction_quality_proxy 0.889; primary Chekhov transcription; accepted after exact/overlap/page/item dedupe and diversity caps.,OCR/text-layer extraction candidate copied exactly from CSV field candidate_text_from_extraction_not_final; do not quote publicly until visually verified and cleared. Contains visible OCR artifacts; visual verification required before quotation.,"Render/inspect the cited PDF page, visually transcribe exact wording, then Dawson/Lisa exact wording, attribution, and rights clearance."
MCT-UWINDSOR-365-322,322,daily_inspiration,ability;actor_struggle;creative;daily_inspiration;directing_academic_footnote;imagination;moment,This in the actor or artist's imagination —- the creative imagination which given thin blamed moment when the image appears before you of its own accord. To get this ability you must expend trencndeue activity and energy in doing exercioeu in which you try to see a definite character,csv_extraction_text,true,quote_candidates_priority.csv,912,dde1e382661c8a07,990,1622,"August 30, 1939","August 30, 1939",primary_chekhov_transcription: by Michael Chekhov; transcribed by Deirdre Hurst du Prey,"lesson/transcription/UWindsor attribution approved by Dawson, exact source context still required",https://collections.uwindsor.ca/chekhov/item/990,https://collections.uwindsor.ca/files/original/f46a0f003f34d9fd982c40c33c57a1e86aaf5606.pdf,pdf_cache/item_990_august-30-1939.pdf,extracted_text_all/item_990_august-30-1939.txt,8,Then in the moment when you lean say that you have deyoloped your imagination to the necessary point.,No separate context_after field supplied by source extraction; inspect cited page/text_path for surrounding context.,ability;creative;imagination;moment,actor_struggle;daily_inspiration;directing_academic_footnote,0.882,106,Tier 1 model-curated internal candidate,needs_visual_verification_against_pdf_page,,internal_candidate_only__not_publicly_cleared,internal Dawson/Lisa research only; UWindsor/archive and exact-use rights review required before any public/app use,DG-dde1e382661c8a07,No retained duplicate after exact/overlap/page/item dedupe; see reject log for rejected overlaps.,Selected from quote_candidates_priority.csv row 912 with score 106 and extraction_quality_proxy 0.882; primary Chekhov transcription; accepted after exact/overlap/page/item dedupe and diversity caps.,OCR/text-layer extraction candidate copied exactly from CSV field candidate_text_from_extraction_not_final; do not quote publicly until visually verified and cleared. Candidate may be page/window-boundary cut because it lacks terminal punctuation.,"Render/inspect the cited PDF page, visually transcribe exact wording, then Dawson/Lisa exact wording, attribution, and rights clearance."
MCT-UWINDSOR-365-323,323,daily_inspiration,actor_struggle;cannot;daily_inspiration;directing_academic_footnote;gesture;life;method_terms;psychological gesture;quote_candidates_priority.csv;whole;will,If‘you want to take the whole method and find a word for the whole Metﬁod; it is actually the psychological gesture.’ It in the crown on top of everything. There 10' no one point ~x1h1ch you cannot find in the psychological genera.,csv_extraction_text,true,quote_candidates_priority.csv,633,462b297d49d4bdfa,1038,1670,"February 29, 1940","February 29, 1940",primary_chekhov_transcription: by Michael Chekhov; transcribed by Deirdre Hurst du Prey,"lesson/transcription/UWindsor attribution approved by Dawson, exact source context still required",https://collections.uwindsor.ca/chekhov/item/1038,https://collections.uwindsor.ca/files/original/291d4cdd9cf12aea33008eac477c9545fa095a04.pdf,pdf_cache/item_1038_february-29-1940.pdf,extracted_text_all/item_1038_february-29-1940.txt,1,Therefore. the only criticism we can apply “cov‘the gesture in whether it liven in you or not.,Tho paychologicul gesture 10 sometimes an. at- ' tempt to describe the pnychology behind nomethlng.,cannot;gesture;psychological gesture;whole,actor_struggle;daily_inspiration;directing_academic_footnote;method_terms,0.872,109,Tier 1 model-curated internal candidate,needs_visual_verification_against_pdf_page,,internal_candidate_only__not_publicly_cleared,internal Dawson/Lisa research only; UWindsor/archive and exact-use rights review required before any public/app use,DG-462b297d49d4bdfa,Duplicate/overlap also found in quote_candidates_priority.csv row 964 (same_item_page_source_page_cap).,Selected from quote_candidates_priority.csv row 633 with score 109 and extraction_quality_proxy 0.872; primary Chekhov transcription; accepted after exact/overlap/page/item dedupe and diversity caps.,OCR/text-layer extraction candidate copied exactly from CSV field candidate_text_from_extraction_not_final; do not quote publicly until visually verified and cleared.,"Render/inspect the cited PDF page, visually transcribe exact wording, then Dawson/Lisa exact wording, attribution, and rights clearance."
MCT-UWINDSOR-365-324,324,actor_struggle,actor_struggle;daily_inspiration;directing_academic_footnote;feelings;form;imagination;inspired;method_terms;speech;will,"This fire which we see in our imaginatigzjgntor into us. ihen it will be inspired feelings. zhen we have to imagine the moat subtle and interesting form in movements and speech, and into this form we have to incorporate the fire We have seen in our imagination. This is the task.",csv_extraction_text,true,quote_candidates_priority.csv,1000,2c1f344a13bd32bf,805,1384,"January 20, 1938","January 20, 1938",primary_chekhov_transcription: by Michael Chekhov; transcribed by Deirdre Hurst du Prey,"lesson/transcription/UWindsor attribution approved by Dawson, exact source context still required",https://collections.uwindsor.ca/chekhov/item/805,https://collections.uwindsor.ca/files/original/31a0516225beb717f19d245290c63c44a54af95d.pdf,pdf_cache/item_805_january-20-1938.pdf,extracted_text_all/item_805_january-20-1938.txt,4,"He must appeal to our imagination and make it strong enough to see the character, and through its outer appearance see its inner life.",You must do it very consciously and be sure that you are not floundering. but are doing the task as it is given.,feelings;form;imagination;inspired;speech;will,actor_struggle;daily_inspiration;directing_academic_footnote;method_terms,0.889,106,Tier 1 model-curated internal candidate,needs_visual_verification_against_pdf_page,,internal_candidate_only__not_publicly_cleared,internal Dawson/Lisa research only; UWindsor/archive and exact-use rights review required before any public/app use,DG-2c1f344a13bd32bf,No retained duplicate after exact/overlap/page/item dedupe; see reject log for rejected overlaps.,Selected from quote_candidates_priority.csv row 1000 with score 106 and extraction_quality_proxy 0.889; primary Chekhov transcription; accepted after exact/overlap/page/item dedupe and diversity caps.,OCR/text-layer extraction candidate copied exactly from CSV field candidate_text_from_extraction_not_final; do not quote publicly until visually verified and cleared.,"Render/inspect the cited PDF page, visually transcribe exact wording, then Dawson/Lisa exact wording, attribution, and rights clearance."
MCT-UWINDSOR-365-325,325,method_terms,actor_struggle;daily_inspiration;directing_academic_footnote;feeling;method_terms;objective;play;problem;truth;whole;will,"Through them three means - feeling of truth, objective. and justifiation - we must help ourselves to find the way not to be ntupid ﬁnd precluded. which can happen if we try to apply the objective, the feeling of truth and justification by means of our intellect - this will turn the whole problem upside detm. {New play. every type of play is another surrounding for the same feeling of truth. which is like on instinct.",csv_extraction_text,true,quote_candidates_priority.csv,566,df3ebd80d9d891ec,737,1316,"July 2, 1937","July 2, 1937",primary_chekhov_transcription: by Michael Chekhov; transcribed by Deirdre Hurst du Prey,"lesson/transcription/UWindsor attribution approved by Dawson, exact source context still required",https://collections.uwindsor.ca/chekhov/item/737,https://collections.uwindsor.ca/files/original/8755fa4071594ebe7c246703c76be000c2e3f6af.pdf,pdf_cache/item_737_july-2-1937.pdf,extracted_text_all/item_737_july-2-1937.txt,3,"Now do the same thing for justificatien - ""why"" - thin must penetrate into our bodies and permeate them.",This is not a contradiction.,feeling;objective;play;problem;truth;whole;will,actor_struggle;daily_inspiration;directing_academic_footnote;method_terms,0.887,110,Tier 1 model-curated internal candidate,needs_visual_verification_against_pdf_page,,internal_candidate_only__not_publicly_cleared,internal Dawson/Lisa research only; UWindsor/archive and exact-use rights review required before any public/app use,DG-df3ebd80d9d891ec,No retained duplicate after exact/overlap/page/item dedupe; see reject log for rejected overlaps.,Selected from quote_candidates_priority.csv row 566 with score 110 and extraction_quality_proxy 0.887; primary Chekhov transcription; accepted after exact/overlap/page/item dedupe and diversity caps.,OCR/text-layer extraction candidate copied exactly from CSV field candidate_text_from_extraction_not_final; do not quote publicly until visually verified and cleared.,"Render/inspect the cited PDF page, visually transcribe exact wording, then Dawson/Lisa exact wording, attribution, and rights clearance."
MCT-UWINDSOR-365-326,326,actor_struggle,actor_struggle;body;daily_inspiration;directing_academic_footnote;director;gesture;method_terms;psychological gesture;quote_candidates_priority.csv;whole,Today the mood was absolutely right - concentrated. quiet. no loss of time. The director has insisted on repeating the psychological gesture until the actors have understood that they must use tho whole body as music.,csv_extraction_text,true,quote_candidates_priority.csv,712,25a0388f76c8fa1a,675,1234,"March 4, 1937","March 4, 1937",primary_chekhov_transcription: by Michael Chekhov; transcribed by Deirdre Hurst du Prey,"lesson/transcription/UWindsor attribution approved by Dawson, exact source context still required",https://collections.uwindsor.ca/chekhov/item/675,https://collections.uwindsor.ca/files/original/c3fe52291a8adf45aac21c0d30ee92299aab5642.pdf,pdf_cache/item_675_march-4-1937.pdf,extracted_text_all/item_675_march-4-1937.txt,1,Everyone must be attentive without being hysterical; as is often the case in theatre schools.,The words must come quite naturallx on the psychological gesture.,body;director;gesture;psychological gesture;whole,actor_struggle;daily_inspiration;directing_academic_footnote;method_terms,0.889,109,Tier 1 model-curated internal candidate,needs_visual_verification_against_pdf_page,,internal_candidate_only__not_publicly_cleared,internal Dawson/Lisa research only; UWindsor/archive and exact-use rights review required before any public/app use,DG-25a0388f76c8fa1a,Duplicate/overlap also found in quote_candidates_priority.csv row 711 (same_item_page_source_page_cap).,Selected from quote_candidates_priority.csv row 712 with score 109 and extraction_quality_proxy 0.889; primary Chekhov transcription; accepted after exact/overlap/page/item dedupe and diversity caps.,OCR/text-layer extraction candidate copied exactly from CSV field candidate_text_from_extraction_not_final; do not quote publicly until visually verified and cleared. Contains visible OCR artifacts; visual verification required before quotation.,"Render/inspect the cited PDF page, visually transcribe exact wording, then Dawson/Lisa exact wording, attribution, and rights clearance."
MCT-UWINDSOR-365-327,327,actor_struggle,actor_struggle;beginning;daily_inspiration;directing_academic_footnote;future;group;play;theatre;will,"Chekhovy December 2, 1936 approaches the White Cld Fan in six stages of descent at the beginning of the scens,. At Antin‘s entry the group must find some murmurs or some words. # t# #% 4 4# # # uusic: in our future theatre nusic will play a very important part, therefore, we must be careful to work with music as actors — not as This d@pends on our psychology and point of view, We must hear the nmusic from the point of view of actors, not dancers — we anust observe the notaer, but we must not make it into dance.",csv_extraction_text,true,quote_candidates_priority.csv,222,7609cbec70436ebe,637,1193,"December 2, 1936","December 2, 1936",primary_chekhov_transcription: by Michael Chekhov; transcribed by Deirdre Hurst du Prey,"lesson/transcription/UWindsor attribution approved by Dawson, exact source context still required",https://collections.uwindsor.ca/chekhov/item/637,https://collections.uwindsor.ca/files/original/92c5f20859d9ff097ec22930fac182d0ebee4b02.pdf,pdf_cache/item_637_december-2-1936.pdf,extracted_text_all/item_637_december-2-1936.txt,3,k.,The difference is very fine — 1t must be found in your point of view and your instinct.,beginning;future;group;play;theatre;will,actor_struggle;daily_inspiration;directing_academic_footnote,0.878,115,Tier 1 model-curated internal candidate,needs_visual_verification_against_pdf_page,,internal_candidate_only__not_publicly_cleared,internal Dawson/Lisa research only; UWindsor/archive and exact-use rights review required before any public/app use,DG-7609cbec70436ebe,No retained duplicate after exact/overlap/page/item dedupe; see reject log for rejected overlaps.,Selected from quote_candidates_priority.csv row 222 with score 115 and extraction_quality_proxy 0.878; primary Chekhov transcription; accepted after exact/overlap/page/item dedupe and diversity caps.,OCR/text-layer extraction candidate copied exactly from CSV field candidate_text_from_extraction_not_final; do not quote publicly until visually verified and cleared.,"Render/inspect the cited PDF page, visually transcribe exact wording, then Dawson/Lisa exact wording, attribution, and rights clearance."
MCT-UWINDSOR-365-328,328,daily_inspiration,actor_struggle;daily_inspiration;directing_academic_footnote;imagination;method_terms;objective;scene;speech;will,OBJECTIVE PROFESSIONAL BBIHDNESS SPEECH Hamlet New Students: on the basis of your imagination let us do the Ghost Scene in Hamlet. You must ask questions of your imagination. and your imagination will answer you.,csv_extraction_text,true,quote_candidates_priority.csv,612,ea25e4add57fa4f1,795,1374,"December 8, 1937","December 8, 1937",primary_chekhov_transcription: by Michael Chekhov; transcribed by Deirdre Hurst du Prey,"lesson/transcription/UWindsor attribution approved by Dawson, exact source context still required",https://collections.uwindsor.ca/chekhov/item/795,https://collections.uwindsor.ca/files/original/346d2aab8b3537d67527ce2b9439e2c88adfbb16.pdf,pdf_cache/item_795_december-8-1937.pdf,extracted_text_all/item_795_december-8-1937.txt,1,193?,"For instance, you met first in zine the ghost and then put questions to it, so that you will know what the suffering in which is troubling it.",imagination;objective;scene;speech;will,actor_struggle;daily_inspiration;directing_academic_footnote;method_terms,0.893,109,Tier 1 model-curated internal candidate,needs_visual_verification_against_pdf_page,,internal_candidate_only__not_publicly_cleared,internal Dawson/Lisa research only; UWindsor/archive and exact-use rights review required before any public/app use,DG-ea25e4add57fa4f1,No retained duplicate after exact/overlap/page/item dedupe; see reject log for rejected overlaps.,Selected from quote_candidates_priority.csv row 612 with score 109 and extraction_quality_proxy 0.893; primary Chekhov transcription; accepted after exact/overlap/page/item dedupe and diversity caps.,OCR/text-layer extraction candidate copied exactly from CSV field candidate_text_from_extraction_not_final; do not quote publicly until visually verified and cleared.,"Render/inspect the cited PDF page, visually transcribe exact wording, then Dawson/Lisa exact wording, attribution, and rights clearance."
MCT-UWINDSOR-365-329,329,method_terms,actor_struggle;daily_inspiration;directing_academic_footnote;feeling;method_terms;objective;truth;whole,1939 ‘ ground ouch as feeling of truth. you must be conscious of it during the work. and follow the nuggentiene of the feeling of truth during the whole rohoarﬁal. 0r if you choose another point. such an the objective. rolled it conesieuely. being alwaye were whether you have no: not.,csv_extraction_text,true,quote_candidates_priority.csv,957,c5f6a18e340a08cb,941,1566,"February 21, 1939","February 21, 1939",primary_chekhov_transcription: by Michael Chekhov; transcribed by Deirdre Hurst du Prey,"lesson/transcription/UWindsor attribution approved by Dawson, exact source context still required",https://collections.uwindsor.ca/chekhov/item/941,https://collections.uwindsor.ca/files/original/d03120166780730e963a6b5a59ba2d0d96fad8b3.pdf,pdf_cache/item_941_february-21-1939.pdf,extracted_text_all/item_941_february-21-1939.txt,2,Chekhov February 21.,' This in one of the mintekee you have rude - at time you had the 013300tlvo. for 1netance.l hut it menot ntgfeye‘ eia'bozated.,feeling;objective;truth;whole,actor_struggle;daily_inspiration;directing_academic_footnote;method_terms,0.873,106,Tier 1 model-curated internal candidate,needs_visual_verification_against_pdf_page,,internal_candidate_only__not_publicly_cleared,internal Dawson/Lisa research only; UWindsor/archive and exact-use rights review required before any public/app use,DG-c5f6a18e340a08cb,No retained duplicate after exact/overlap/page/item dedupe; see reject log for rejected overlaps.,Selected from quote_candidates_priority.csv row 957 with score 106 and extraction_quality_proxy 0.873; primary Chekhov transcription; accepted after exact/overlap/page/item dedupe and diversity caps.,OCR/text-layer extraction candidate copied exactly from CSV field candidate_text_from_extraction_not_final; do not quote publicly until visually verified and cleared.,"Render/inspect the cited PDF page, visually transcribe exact wording, then Dawson/Lisa exact wording, attribution, and rights clearance."
MCT-UWINDSOR-365-330,330,method_terms,action;actor_struggle;atmosphere;audience;climax;daily_inspiration;directing_academic_footnote;method_terms;quote_candidates_priority.csv;radiation;will,"When you leave the stage we will imagine that the curtain does not drop donn, and we must imagine the empty stage and the radiation cf it to the audience, because you have accumulated many powers on the stage. we will divide the second part into the entrance. then the pious atmosphere. than the transition to the gay atmosphere, and the climax with tho orgy. (B). (A) l Entrance Sleep ~ fiqht \ Pause 1.",csv_extraction_text,true,quote_candidates_priority.csv,672,d718a567384e8e36,904,1529,"July 14, 1938","July 14, 1938",primary_chekhov_transcription: by Michael Chekhov; transcribed by Deirdre Hurst du Prey,"lesson/transcription/UWindsor attribution approved by Dawson, exact source context still required",https://collections.uwindsor.ca/chekhov/item/904,https://collections.uwindsor.ca/files/original/e605f282f412bbb36173e91f7f134a1cf7e578aa.pdf,pdf_cache/item_904_july-14-1938.pdf,extracted_text_all/item_904_july-14-1938.txt,5,The stage must be full of radiation without your presence - the result of your action.,2. ﬂ 3. (B) Entrance Eious Sloan GRUB?,atmosphere;audience;climax;radiation;will,actor_struggle;daily_inspiration;directing_academic_footnote;method_terms,0.884,109,Tier 1 model-curated internal candidate,needs_visual_verification_against_pdf_page,,internal_candidate_only__not_publicly_cleared,internal Dawson/Lisa research only; UWindsor/archive and exact-use rights review required before any public/app use,DG-d718a567384e8e36,Duplicate/overlap also found in quote_candidates_priority.csv row 396 (substring_or_overlap_duplicate).,Selected from quote_candidates_priority.csv row 672 with score 109 and extraction_quality_proxy 0.884; primary Chekhov transcription; accepted after exact/overlap/page/item dedupe and diversity caps.,OCR/text-layer extraction candidate copied exactly from CSV field candidate_text_from_extraction_not_final; do not quote publicly until visually verified and cleared. Contains visible OCR artifacts; visual verification required before quotation.,"Render/inspect the cited PDF page, visually transcribe exact wording, then Dawson/Lisa exact wording, attribution, and rights clearance."
MCT-UWINDSOR-365-331,331,daily_inspiration,actor_struggle;atmosphere;daily_inspiration;directing_academic_footnote;first;method_terms;voice;whole,"The first woman speaks in an atmosphere of longing — the longing of the whole world4 toward the mountain. Then the next voice speaks, like amuted string, full of long— ing.",csv_extraction_text,true,quote_candidates_priority.csv,516,90ccc9e601efada1,635,1191,"November 30, 1936 (afternoon)","November 30, 1936",primary_chekhov_transcription: by Michael Chekhov; transcribed by Deirdre Hurst du Prey,"lesson/transcription/UWindsor attribution approved by Dawson, exact source context still required",https://collections.uwindsor.ca/chekhov/item/635,https://collections.uwindsor.ca/files/original/f5f25b6195e7aa7124605bfdc0544382e9b54d1e.pdf,pdf_cache/item_635_november-30-1936-afternoon.pdf,extracted_text_all/item_635_november-30-1936-afternoon.txt,1,"A second time they stir in the direction of the moun— tain and say, ""Up there, up there."" Then slowly they return to their sorrow.","The third voice, and then the old woman, increasing the feeling of longing but continuing to keep the voice muted.",atmosphere;first;voice;whole,actor_struggle;daily_inspiration;directing_academic_footnote;method_terms,0.885,111,Tier 1 model-curated internal candidate,needs_visual_verification_against_pdf_page,,internal_candidate_only__not_publicly_cleared,internal Dawson/Lisa research only; UWindsor/archive and exact-use rights review required before any public/app use,DG-90ccc9e601efada1,No retained duplicate after exact/overlap/page/item dedupe; see reject log for rejected overlaps.,Selected from quote_candidates_priority.csv row 516 with score 111 and extraction_quality_proxy 0.885; primary Chekhov transcription; accepted after exact/overlap/page/item dedupe and diversity caps.,OCR/text-layer extraction candidate copied exactly from CSV field candidate_text_from_extraction_not_final; do not quote publicly until visually verified and cleared.,"Render/inspect the cited PDF page, visually transcribe exact wording, then Dawson/Lisa exact wording, attribution, and rights clearance."
MCT-UWINDSOR-365-332,332,daily_inspiration,daily_inspiration;directing_academic_footnote;end;method_terms;play;transformation;whole,"TRANSFORII‘ATION I I think the idea of transformation is one of the basic ideas of fairy tales. Therefore, it should not be used only at the end but must be used throughout the whole play.",csv_extraction_text,true,quote_candidates_priority.csv,549,82f64da8c548e953,831,1438,"February 18, 1938","February 18, 1938",primary_chekhov_transcription: by Michael Chekhov; transcribed by Deirdre Hurst du Prey,"lesson/transcription/UWindsor attribution approved by Dawson, exact source context still required",https://collections.uwindsor.ca/chekhov/item/831,https://collections.uwindsor.ca/files/original/d1b89c233a81d29bf2af65705c03418762fbba60.pdf,pdf_cache/item_831_february-18-1938.pdf,extracted_text_all/item_831_february-18-1938.txt,11,In fact. the gestures as shown today were illustrations of the method we are not going to use.,The real and good fairy tales are transformations throughout.,end;play;transformation;whole,daily_inspiration;directing_academic_footnote;method_terms,0.890,110,Tier 1 model-curated internal candidate,needs_visual_verification_against_pdf_page,,internal_candidate_only__not_publicly_cleared,internal Dawson/Lisa research only; UWindsor/archive and exact-use rights review required before any public/app use,DG-82f64da8c548e953,No retained duplicate after exact/overlap/page/item dedupe; see reject log for rejected overlaps.,Selected from quote_candidates_priority.csv row 549 with score 110 and extraction_quality_proxy 0.890; primary Chekhov transcription; accepted after exact/overlap/page/item dedupe and diversity caps.,OCR/text-layer extraction candidate copied exactly from CSV field candidate_text_from_extraction_not_final; do not quote publicly until visually verified and cleared.,"Render/inspect the cited PDF page, visually transcribe exact wording, then Dawson/Lisa exact wording, attribution, and rights clearance."
MCT-UWINDSOR-365-333,333,method_terms,actor_struggle;atmosphere;daily_inspiration;directing_academic_footnote;first;gesture;method_terms;unable,The first atmosphere in uimple and happy. the uecondSie u cathedral— like atmosphere. med the third in light and happy and quick. For mlvelie there duei'. be an ntmeephere of extreme longing - the gesture one of being unable to get out.,csv_extraction_text,true,quote_candidates_priority.csv,757,969b12cf010a70f2,1036,1668,"February 23, 1940","February 23, 1940",primary_chekhov_transcription: by Michael Chekhov; transcribed by Deirdre Hurst du Prey,"lesson/transcription/UWindsor attribution approved by Dawson, exact source context still required",https://collections.uwindsor.ca/chekhov/item/1036,https://collections.uwindsor.ca/files/original/0e8be425fa210c0a4ab818ac36e722352dec3474.pdf,pdf_cache/item_1036_february-23-1940.pdf,extracted_text_all/item_1036_february-23-1940.txt,2,1940 clown scenes in‘ which there are rude and loud thingo.,It is a dramatic mement. inclined to. be tragic without any humor from his aide - an the huriﬂ; will come from the others.,atmosphere;first;gesture;unable,actor_struggle;daily_inspiration;directing_academic_footnote;method_terms,0.877,108,Tier 1 model-curated internal candidate,needs_visual_verification_against_pdf_page,,internal_candidate_only__not_publicly_cleared,internal Dawson/Lisa research only; UWindsor/archive and exact-use rights review required before any public/app use,DG-969b12cf010a70f2,No retained duplicate after exact/overlap/page/item dedupe; see reject log for rejected overlaps.,Selected from quote_candidates_priority.csv row 757 with score 108 and extraction_quality_proxy 0.877; primary Chekhov transcription; accepted after exact/overlap/page/item dedupe and diversity caps.,OCR/text-layer extraction candidate copied exactly from CSV field candidate_text_from_extraction_not_final; do not quote publicly until visually verified and cleared.,"Render/inspect the cited PDF page, visually transcribe exact wording, then Dawson/Lisa exact wording, attribution, and rights clearance."
MCT-UWINDSOR-365-334,334,actor_struggle,actor_struggle;body;center;daily_inspiration;directing_academic_footnote;first;form;freedom;method_terms;speech,These exercinoe ﬁre the first atop. the first approach to this freedom. The ﬁurythmy and speech. or Rudolf Steiner are two ways which are aiming directly tmarde this idoa‘of freeing the human being... to disclose himself. mercicng Ron try to exercise the two together - the body no u beautiful form. ligh'c and easy. and the center which cdn do everything vice the body beceuec it permeates the uhelo being.,csv_extraction_text,true,quote_candidates_priority.csv,743,90af406c89451a98,1055,1687,"September 16, 1940","September 16, 1940",primary_chekhov_transcription: by Michael Chekhov; transcribed by Deirdre Hurst du Prey,"lesson/transcription/UWindsor attribution approved by Dawson, exact source context still required",https://collections.uwindsor.ca/chekhov/item/1055,https://collections.uwindsor.ca/files/original/fa12174b68eaa980d00203b6ef0191e3b1b42265.pdf,pdf_cache/item_1055_september-16-1940.pdf,extracted_text_all/item_1055_september-16-1940.txt,2,19M) apirit in free.,Try {:0 combine eli the everyday netiene'like walking. rem-ling. outing dam. lying deem. etc.,body;center;first;form;freedom;speech,actor_struggle;daily_inspiration;directing_academic_footnote;method_terms,0.880,109,Tier 1 model-curated internal candidate,needs_visual_verification_against_pdf_page,,internal_candidate_only__not_publicly_cleared,internal Dawson/Lisa research only; UWindsor/archive and exact-use rights review required before any public/app use,DG-90af406c89451a98,No retained duplicate after exact/overlap/page/item dedupe; see reject log for rejected overlaps.,Selected from quote_candidates_priority.csv row 743 with score 109 and extraction_quality_proxy 0.880; primary Chekhov transcription; accepted after exact/overlap/page/item dedupe and diversity caps.,OCR/text-layer extraction candidate copied exactly from CSV field candidate_text_from_extraction_not_final; do not quote publicly until visually verified and cleared.,"Render/inspect the cited PDF page, visually transcribe exact wording, then Dawson/Lisa exact wording, attribution, and rights clearance."
MCT-UWINDSOR-365-335,335,actor_struggle,actor_struggle;daily_inspiration;directing_academic_footnote;fear;first;living;method_terms;rhythm;will,"At first you will have a little fear, and then the nearer you come to it, you lose your will and become part of the locomotive and are able to throw yourself under it if necessary. You are living in its rhythm# and sounds.",csv_extraction_text,true,quote_candidates_priority.csv,750,9e16f888081bab40,644,1200,"December 10, 1936","December 10, 1936",primary_chekhov_transcription: by Michael Chekhov; transcribed by Deirdre Hurst du Prey,"lesson/transcription/UWindsor attribution approved by Dawson, exact source context still required",https://collections.uwindsor.ca/chekhov/item/644,https://collections.uwindsor.ca/files/original/48f008bc53d13f5d3118f5efa55cad4938f2d796.pdf,pdf_cache/item_644_december-10-1936.pdf,extracted_text_all/item_644_december-10-1936.txt,9,"Ur try to look at a locomotive which is running at great speed, and you will have the siaime experience.","This is the power of this kind of machine, through their attributes that take the individual and lead hnim where they want.",fear;first;living;rhythm;will,actor_struggle;daily_inspiration;directing_academic_footnote;method_terms,0.893,108,Tier 1 model-curated internal candidate,needs_visual_verification_against_pdf_page,,internal_candidate_only__not_publicly_cleared,internal Dawson/Lisa research only; UWindsor/archive and exact-use rights review required before any public/app use,DG-9e16f888081bab40,No retained duplicate after exact/overlap/page/item dedupe; see reject log for rejected overlaps.,Selected from quote_candidates_priority.csv row 750 with score 108 and extraction_quality_proxy 0.893; primary Chekhov transcription; accepted after exact/overlap/page/item dedupe and diversity caps.,OCR/text-layer extraction candidate copied exactly from CSV field candidate_text_from_extraction_not_final; do not quote publicly until visually verified and cleared.,"Render/inspect the cited PDF page, visually transcribe exact wording, then Dawson/Lisa exact wording, attribution, and rights clearance."
MCT-UWINDSOR-365-336,336,method_terms,actor_struggle;atmosphere;concentrate;daily_inspiration;directing_academic_footnote;first;method_terms,"For this we must study,. Concentrate on the atmosphere @s the first step, rather th@n on the images of your ATMOSPHERE q We nust start with very simple movements and words.",csv_extraction_text,true,quote_candidates_priority.csv,444,480fd577b0270d76,609,1165,"October 27, 1936",27-Oct-36,primary_chekhov_transcription: by Michael Chekhov; transcribed by Deirdre Hurst du Prey,"lesson/transcription/UWindsor attribution approved by Dawson, exact source context still required",https://collections.uwindsor.ca/chekhov/item/609,https://collections.uwindsor.ca/files/original/ad878a92a2466c692c2bfb52524c82a2c8ebf1a5.pdf,pdf_cache/item_609_october-27-1936.pdf,extracted_text_all/item_609_october-27-1936.txt,2,"As actore, we must Teeal the revolution of The i{reen Sockatoo.","Choose somea movement:; for instance, sitting down and getting up.",atmosphere;concentrate;first,actor_struggle;daily_inspiration;directing_academic_footnote;method_terms,0.877,111,Tier 1 model-curated internal candidate,needs_visual_verification_against_pdf_page,,internal_candidate_only__not_publicly_cleared,internal Dawson/Lisa research only; UWindsor/archive and exact-use rights review required before any public/app use,DG-480fd577b0270d76,No retained duplicate after exact/overlap/page/item dedupe; see reject log for rejected overlaps.,Selected from quote_candidates_priority.csv row 444 with score 111 and extraction_quality_proxy 0.877; primary Chekhov transcription; accepted after exact/overlap/page/item dedupe and diversity caps.,OCR/text-layer extraction candidate copied exactly from CSV field candidate_text_from_extraction_not_final; do not quote publicly until visually verified and cleared.,"Render/inspect the cited PDF page, visually transcribe exact wording, then Dawson/Lisa exact wording, attribution, and rights clearance."
MCT-UWINDSOR-365-337,337,method_terms,actor_struggle;atmosphere;daily_inspiration;directing_academic_footnote;first;gesture;method_terms;speech;will,"First find the gosture before you speak, then you will find the right speech. Each word has a gesture, and wo must find the gesture in harmony with the atmosphere.",csv_extraction_text,true,quote_candidates_priority.csv,439,2e22e5fbe12d302e,615,1171,"November 5, 1936",05-Nov-36,primary_chekhov_transcription: by Michael Chekhov; transcribed by Deirdre Hurst du Prey,"lesson/transcription/UWindsor attribution approved by Dawson, exact source context still required",https://collections.uwindsor.ca/chekhov/item/615,https://collections.uwindsor.ca/files/original/b88dc36692b529aadcf5917ddf6771967c901ab6.pdf,pdf_cache/item_615_november-5-1936.pdf,extracted_text_all/item_615_november-5-1936.txt,2,Find what sgesture there is in your words.,"The more instinctively we feel about the play, the more we will discover in it.",atmosphere;first;gesture;speech;will,actor_struggle;daily_inspiration;directing_academic_footnote;method_terms,0.889,111,Tier 1 model-curated internal candidate,needs_visual_verification_against_pdf_page,,internal_candidate_only__not_publicly_cleared,internal Dawson/Lisa research only; UWindsor/archive and exact-use rights review required before any public/app use,DG-2e22e5fbe12d302e,No retained duplicate after exact/overlap/page/item dedupe; see reject log for rejected overlaps.,Selected from quote_candidates_priority.csv row 439 with score 111 and extraction_quality_proxy 0.889; primary Chekhov transcription; accepted after exact/overlap/page/item dedupe and diversity caps.,OCR/text-layer extraction candidate copied exactly from CSV field candidate_text_from_extraction_not_final; do not quote publicly until visually verified and cleared. Contains visible OCR artifacts; visual verification required before quotation.,"Render/inspect the cited PDF page, visually transcribe exact wording, then Dawson/Lisa exact wording, attribution, and rights clearance."
MCT-UWINDSOR-365-338,338,actor_struggle,actor_struggle;beginning;daily_inspiration;directing_academic_footnote;method_terms;objective;whole,"Tho whole psychological pattern must be followed, an the ground 01‘ the objective. The husband's objective in the beginning is to per— suade himself that it is not 50.",csv_extraction_text,true,quote_candidates_priority.csv,530,bf6cbb6e444d9369,755,1334,"October 4, 1937","October 4, 1937",primary_chekhov_transcription: by Michael Chekhov; transcribed by Deirdre Hurst du Prey,"lesson/transcription/UWindsor attribution approved by Dawson, exact source context still required",https://collections.uwindsor.ca/chekhov/item/755,https://collections.uwindsor.ca/files/original/0f5b47ae117ec9f9a7c8450938e35ae555992c61.pdf,pdf_cache/item_755_october-4-1937.pdf,extracted_text_all/item_755_october-4-1937.txt,12,Now take the scene when the husband sits down on the bench to enjoy the evening air. and finds the baby.,After this objective is not fulfilled. the objective must be to create a picture as the character with which he has to appear before his wife.,beginning;objective;whole,actor_struggle;daily_inspiration;directing_academic_footnote;method_terms,0.883,111,Tier 1 model-curated internal candidate,needs_visual_verification_against_pdf_page,,internal_candidate_only__not_publicly_cleared,internal Dawson/Lisa research only; UWindsor/archive and exact-use rights review required before any public/app use,DG-bf6cbb6e444d9369,No retained duplicate after exact/overlap/page/item dedupe; see reject log for rejected overlaps.,Selected from quote_candidates_priority.csv row 530 with score 111 and extraction_quality_proxy 0.883; primary Chekhov transcription; accepted after exact/overlap/page/item dedupe and diversity caps.,OCR/text-layer extraction candidate copied exactly from CSV field candidate_text_from_extraction_not_final; do not quote publicly until visually verified and cleared. Contains visible OCR artifacts; visual verification required before quotation.,"Render/inspect the cited PDF page, visually transcribe exact wording, then Dawson/Lisa exact wording, attribution, and rights clearance."
MCT-UWINDSOR-365-339,339,actor_struggle,actor_struggle;center;concentrate;daily_inspiration;directing_academic_footnote;method_terms;scene;whole,"RE‘lIh‘N 0F POINTS OF THE 5-mﬂ0Dl 01’ course, you must concentrate on your own part and must try to apply the following things in your work on it. Take the scene in general, but for certain things, such as the center on the stage. you must imagine the whole thing.",csv_extraction_text,true,quote_candidates_priority.csv,922,b804258263b25e44,798,1377,"December 13, 1937","December 13, 1937",primary_chekhov_transcription: by Michael Chekhov; transcribed by Deirdre Hurst du Prey,"lesson/transcription/UWindsor attribution approved by Dawson, exact source context still required",https://collections.uwindsor.ca/chekhov/item/798,https://collections.uwindsor.ca/files/original/70e7b92ad0a517102f4033289e8adb4913899e3c.pdf,pdf_cache/item_798_december-13-1937.pdf,extracted_text_all/item_798_december-13-1937.txt,2,It must be by repetition.,Remember that you must be very exact in folloning each point carcmlly. one after the other.,center;concentrate;scene;whole,actor_struggle;daily_inspiration;directing_academic_footnote;method_terms,0.885,106,Tier 1 model-curated internal candidate,needs_visual_verification_against_pdf_page,,internal_candidate_only__not_publicly_cleared,internal Dawson/Lisa research only; UWindsor/archive and exact-use rights review required before any public/app use,DG-b804258263b25e44,No retained duplicate after exact/overlap/page/item dedupe; see reject log for rejected overlaps.,Selected from quote_candidates_priority.csv row 922 with score 106 and extraction_quality_proxy 0.885; primary Chekhov transcription; accepted after exact/overlap/page/item dedupe and diversity caps.,OCR/text-layer extraction candidate copied exactly from CSV field candidate_text_from_extraction_not_final; do not quote publicly until visually verified and cleared.,"Render/inspect the cited PDF page, visually transcribe exact wording, then Dawson/Lisa exact wording, attribution, and rights clearance."
MCT-UWINDSOR-365-340,340,actor_struggle,actor_struggle;daily_inspiration;directing_academic_footnote;feeling;group;whole;will,You must start off together and so at the some time to the other place. This friendly contact vdll awaken in you another nuance of the feeling. (Gradually you vdll son that everything we have in our method is a key to opening our foolingu.) Try to imagine the whole group flying over the space. then the nuance will arise in you because of the new condition' .,csv_extraction_text,true,quote_candidates_priority.csv,986,63a7f1ff003e3c72,803,1382,"January 16, 1938 (afternoon)","January 16, 1938",primary_chekhov_transcription: by Michael Chekhov; transcribed by Deirdre Hurst du Prey,"lesson/transcription/UWindsor attribution approved by Dawson, exact source context still required",https://collections.uwindsor.ca/chekhov/item/803,https://collections.uwindsor.ca/files/original/8656b022f38cc6535e3bea1f1caf5f6b413a2809.pdf,pdf_cache/item_803_january-16-1938-afternoon.pdf,extracted_text_all/item_803_january-16-1938-afternoon.txt,12,Another nuance in the feelings 2&11 arise if you cansidor yourselves as a group.,Never lose the idea of tho exercise. because the same exercise can be used for many aims.,feeling;group;whole;will,actor_struggle;daily_inspiration;directing_academic_footnote,0.890,106,Tier 1 model-curated internal candidate,needs_visual_verification_against_pdf_page,,internal_candidate_only__not_publicly_cleared,internal Dawson/Lisa research only; UWindsor/archive and exact-use rights review required before any public/app use,DG-63a7f1ff003e3c72,No retained duplicate after exact/overlap/page/item dedupe; see reject log for rejected overlaps.,Selected from quote_candidates_priority.csv row 986 with score 106 and extraction_quality_proxy 0.890; primary Chekhov transcription; accepted after exact/overlap/page/item dedupe and diversity caps.,OCR/text-layer extraction candidate copied exactly from CSV field candidate_text_from_extraction_not_final; do not quote publicly until visually verified and cleared.,"Render/inspect the cited PDF page, visually transcribe exact wording, then Dawson/Lisa exact wording, attribution, and rights clearance."
MCT-UWINDSOR-365-341,341,actor_struggle,actor_struggle;art;daily_inspiration;directing_academic_footnote;feelings;form;method_terms;moment;nervous;whole,"Let us continue with the feelings of form. ease, the whole. etc. We do not have to be afraid of nervousness on the stage if we are performing, but the moment we are really nervous then art flies awav.",csv_extraction_text,true,quote_candidates_priority.csv,739,761e8ad5dfd111ae,766,1345,"October 19, 1937","October 19, 1937",primary_chekhov_transcription: by Michael Chekhov; transcribed by Deirdre Hurst du Prey,"lesson/transcription/UWindsor attribution approved by Dawson, exact source context still required",https://collections.uwindsor.ca/chekhov/item/766,https://collections.uwindsor.ca/files/original/c9b04bd9b0a9a95e9a7059660a0f23a8a6dbb7e2.pdf,pdf_cache/item_766_october-19-1937.pdf,extracted_text_all/item_766_october-19-1937.txt,9,In our profession it is the same - it must be sparking and radiating...,"All these qualities such as natural grace. for instance, what does it mean?",art;feelings;form;moment;nervous;whole,actor_struggle;daily_inspiration;directing_academic_footnote;method_terms,0.889,109,Tier 1 model-curated internal candidate,needs_visual_verification_against_pdf_page,,internal_candidate_only__not_publicly_cleared,internal Dawson/Lisa research only; UWindsor/archive and exact-use rights review required before any public/app use,DG-761e8ad5dfd111ae,No retained duplicate after exact/overlap/page/item dedupe; see reject log for rejected overlaps.,Selected from quote_candidates_priority.csv row 739 with score 109 and extraction_quality_proxy 0.889; primary Chekhov transcription; accepted after exact/overlap/page/item dedupe and diversity caps.,OCR/text-layer extraction candidate copied exactly from CSV field candidate_text_from_extraction_not_final; do not quote publicly until visually verified and cleared.,"Render/inspect the cited PDF page, visually transcribe exact wording, then Dawson/Lisa exact wording, attribution, and rights clearance."
MCT-UWINDSOR-365-342,342,actor_struggle,actor_struggle;daily_inspiration;directing_academic_footnote;first;love;rehearse;rehearsing;scene;will,"We try to avoid rehearsing as such - accidental rehearsing we deny - therefore one of our approacheo is that each time we rehearse even the smallest scene, we have to holed by Demething. and this is what we call a “around."" Now we will take the first scene. which in the love scene between Pierrot, Flaminia and Scaramouehe. with the help of the Carpenter.",csv_extraction_text,true,quote_candidates_priority.csv,937,e873083a843434d0,925,1550,"December 8, 1938: Rehearsal for final performance in theatre: Spanish Evening","December 8, 1938",primary_chekhov_transcription: by Michael Chekhov; transcribed by Deirdre Hurst du Prey,"lesson/transcription/UWindsor attribution approved by Dawson, exact source context still required",https://collections.uwindsor.ca/chekhov/item/925,https://collections.uwindsor.ca/files/original/a21aa49d640708b807b5ce05be0bfe492d7fecc3.pdf,pdf_cache/item_925_december-8-1938-rehearsal-for-final-performance-in-theatre-spanish-evening.pdf,extracted_text_all/item_925_december-8-1938-rehearsal-for-final-performance-in-theatre-spanish-evening.txt,1,"This approach will be what we call ""taking a ground upon which to reheareo.” We mean by this that the “ground"" is a certain thing which leads the rehearsal.",This scene. like these that will follow. is an attempt made by a group of Commedia dell'Arte actors.,first;love;rehearse;rehearsing;scene;will,actor_struggle;daily_inspiration;directing_academic_footnote,0.881,106,Tier 1 model-curated internal candidate,needs_visual_verification_against_pdf_page,,internal_candidate_only__not_publicly_cleared,internal Dawson/Lisa research only; UWindsor/archive and exact-use rights review required before any public/app use,DG-e873083a843434d0,No retained duplicate after exact/overlap/page/item dedupe; see reject log for rejected overlaps.,Selected from quote_candidates_priority.csv row 937 with score 106 and extraction_quality_proxy 0.881; primary Chekhov transcription; accepted after exact/overlap/page/item dedupe and diversity caps.,OCR/text-layer extraction candidate copied exactly from CSV field candidate_text_from_extraction_not_final; do not quote publicly until visually verified and cleared.,"Render/inspect the cited PDF page, visually transcribe exact wording, then Dawson/Lisa exact wording, attribution, and rights clearance."
MCT-UWINDSOR-365-343,343,method_terms,actor_struggle;body;daily_inspiration;directing_academic_footnote;feeling;first;form;method_terms;style;whole,"STYLE - SIGNIFICANCE AND FEELING OF FORM: First, try to awaken the feeling of significance — only the significance. Permeate your whole body with this significance.",csv_extraction_text,true,quote_candidates_priority.csv,471,fa4480c7791635a5,823,1430,"February 8, 1938 (afternoon)","February 8, 1938",primary_chekhov_transcription: by Michael Chekhov; transcribed by Deirdre Hurst du Prey,"lesson/transcription/UWindsor attribution approved by Dawson, exact source context still required",https://collections.uwindsor.ca/chekhov/item/823,https://collections.uwindsor.ca/files/original/90a2a9c34b05f4265b100b6102136d7f22f837a6.pdf,pdf_cache/item_823_february-8-1938-afternoon.pdf,extracted_text_all/item_823_february-8-1938-afternoon.txt,1,Shdanoff's Inlay: BJur Phantoms - rI‘ho Possessed] Short exercise on Style in general.,Then try to move a little bit by keeping this feeling in each movement.,body;feeling;first;form;style;whole,actor_struggle;daily_inspiration;directing_academic_footnote;method_terms,0.879,111,Tier 1 model-curated internal candidate,needs_visual_verification_against_pdf_page,,internal_candidate_only__not_publicly_cleared,internal Dawson/Lisa research only; UWindsor/archive and exact-use rights review required before any public/app use,DG-fa4480c7791635a5,No retained duplicate after exact/overlap/page/item dedupe; see reject log for rejected overlaps.,Selected from quote_candidates_priority.csv row 471 with score 111 and extraction_quality_proxy 0.879; primary Chekhov transcription; accepted after exact/overlap/page/item dedupe and diversity caps.,OCR/text-layer extraction candidate copied exactly from CSV field candidate_text_from_extraction_not_final; do not quote publicly until visually verified and cleared.,"Render/inspect the cited PDF page, visually transcribe exact wording, then Dawson/Lisa exact wording, attribution, and rights clearance."
MCT-UWINDSOR-365-344,344,actor_struggle,actor_struggle;daily_inspiration;directing_academic_footnote;direction;feeling;play;whole;will,"Hiarvoy will play on thg plano, to which you must all listen, the leader will give the direction; and the others will follow. it is very important for the leaders to know the direction because the responsibllity of the whole exercise really rosts on their feeling of direction, just as a leading actor must fesl the responsibility for the whole play because he must give the direction.",csv_extraction_text,true,quote_candidates_priority.csv,874,a5cfbecc23a5ae1b,623,1179,"November 16, 1936","November 16, 1936",primary_chekhov_transcription: by Michael Chekhov; transcribed by Deirdre Hurst du Prey,"lesson/transcription/UWindsor attribution approved by Dawson, exact source context still required",https://collections.uwindsor.ca/chekhov/item/623,https://collections.uwindsor.ca/files/original/1009eb1faf0af960e5cf1cee0b654e9201d1f7e0.pdf,pdf_cache/item_623_november-16-1936.pdf,extracted_text_all/item_623_november-16-1936.txt,5,"THE LEADER PSYCHOLOGY: Exercisgse: To a phrase or sentence of music, which iir.","Eegin over and over again, impréving it each time.",direction;feeling;play;whole;will,actor_struggle;daily_inspiration;directing_academic_footnote,0.888,107,Tier 1 model-curated internal candidate,needs_visual_verification_against_pdf_page,,internal_candidate_only__not_publicly_cleared,internal Dawson/Lisa research only; UWindsor/archive and exact-use rights review required before any public/app use,DG-a5cfbecc23a5ae1b,No retained duplicate after exact/overlap/page/item dedupe; see reject log for rejected overlaps.,Selected from quote_candidates_priority.csv row 874 with score 107 and extraction_quality_proxy 0.888; primary Chekhov transcription; accepted after exact/overlap/page/item dedupe and diversity caps.,OCR/text-layer extraction candidate copied exactly from CSV field candidate_text_from_extraction_not_final; do not quote publicly until visually verified and cleared.,"Render/inspect the cited PDF page, visually transcribe exact wording, then Dawson/Lisa exact wording, attribution, and rights clearance."
MCT-UWINDSOR-365-345,345,method_terms,actor_struggle;atmosphere;attention;beginning;daily_inspiration;directing_academic_footnote;method_terms;moment;radiation;will,"Us will now in] to Do prosont‘ androdiating in ftho {nu-so.- “$.11 you pleaso who the moment in one of your aketohos - th‘roo groups - {Eh-invon EchoRobborn] - dull atmosphere at the beginning. than pause - spy attention .to tho radiation and presence. and koop tho nouse as lloug on possible, He will combine Ono puroly bodily exorcise with this payohologiosl effect. o. m.» LEGATO AND éTACCAéO MOVEMENTS.",csv_extraction_text,true,quote_candidates_priority.csv,698,57e0c44d816e06d5,961,1586,"June 9, 1939","June 9, 1939",primary_chekhov_transcription: by Michael Chekhov; transcribed by Deirdre Hurst du Prey,"lesson/transcription/UWindsor attribution approved by Dawson, exact source context still required",https://collections.uwindsor.ca/chekhov/item/961,https://collections.uwindsor.ca/files/original/ba8b73cfebcba5d2ae2b2b23364dac6c587b933e.pdf,pdf_cache/item_961_june-9-1939.pdf,extracted_text_all/item_961_june-9-1939.txt,6,Do +heso exorcisoo for youmolvos and not for no.,We shall do‘our legato and otscoato movement's.,atmosphere;attention;beginning;moment;radiation;will,actor_struggle;daily_inspiration;directing_academic_footnote;method_terms,0.859,109,Tier 1 model-curated internal candidate,needs_visual_verification_against_pdf_page,,internal_candidate_only__not_publicly_cleared,internal Dawson/Lisa research only; UWindsor/archive and exact-use rights review required before any public/app use,DG-57e0c44d816e06d5,No retained duplicate after exact/overlap/page/item dedupe; see reject log for rejected overlaps.,Selected from quote_candidates_priority.csv row 698 with score 109 and extraction_quality_proxy 0.859; primary Chekhov transcription; accepted after exact/overlap/page/item dedupe and diversity caps.,OCR/text-layer extraction candidate copied exactly from CSV field candidate_text_from_extraction_not_final; do not quote publicly until visually verified and cleared. Contains visible OCR artifacts; visual verification required before quotation.,"Render/inspect the cited PDF page, visually transcribe exact wording, then Dawson/Lisa exact wording, attribution, and rights clearance."
MCT-UWINDSOR-365-346,346,actor_struggle,ability;actor_struggle;audience;concentration;daily_inspiration;directing_academic_footnote;feeling;imagination;method_terms;whole;will,"Todavelop the ability to influence an audience you must do these exercises. and develop your concentration and imagination. When you will get the idea about all our exercises n3 being a whole thing. you will get the feeling that this is something which will give you the power to express yourself as you like, without any hesitation, and to spread yourself and to reach any point you like.",csv_extraction_text,true,quote_candidates_priority.csv,890,ed591d5f9891a0a9,751,1330,"September 29, 1937","September 29, 1937",primary_chekhov_transcription: by Michael Chekhov; transcribed by Deirdre Hurst du Prey,"lesson/transcription/UWindsor attribution approved by Dawson, exact source context still required",https://collections.uwindsor.ca/chekhov/item/751,https://collections.uwindsor.ca/files/original/c27a0e425a448e8f983164683fb0412f7c902918.pdf,pdf_cache/item_751_september-29-1937.pdf,extracted_text_all/item_751_september-29-1937.txt,4,"As an actor, when I appear on the stage, I act with a big sphere of surroundings: not only with my hands or with my feet. or with ny costume.","To give your best to your audience, there is a sphere which you will be able to create around you. .his means really to be an actor.",ability;audience;concentration;feeling;imagination;whole;will,actor_struggle;daily_inspiration;directing_academic_footnote;method_terms,0.890,107,Tier 1 model-curated internal candidate,needs_visual_verification_against_pdf_page,,internal_candidate_only__not_publicly_cleared,internal Dawson/Lisa research only; UWindsor/archive and exact-use rights review required before any public/app use,DG-ed591d5f9891a0a9,No retained duplicate after exact/overlap/page/item dedupe; see reject log for rejected overlaps.,Selected from quote_candidates_priority.csv row 890 with score 107 and extraction_quality_proxy 0.890; primary Chekhov transcription; accepted after exact/overlap/page/item dedupe and diversity caps.,OCR/text-layer extraction candidate copied exactly from CSV field candidate_text_from_extraction_not_final; do not quote publicly until visually verified and cleared.,"Render/inspect the cited PDF page, visually transcribe exact wording, then Dawson/Lisa exact wording, attribution, and rights clearance."
MCT-UWINDSOR-365-347,347,library_source_card,actor_struggle;daily_inspiration;directing_academic_footnote;feeling;first;form;imagination;library_source_card;method_terms;quote_candidates_priority.csv;scene;will,"Michael Chekhov Hatch 3. 1938 FEELING OF FORM' FEELING OF FORM! \ Our Phantoms [The Possessed]: We shall start on the basis of imagination. first of all al‘small thing, then we will develop it on different bases.",csv_extraction_text,true,quote_candidates_priority.csv,801,f8afa8767a84b63f,843,1450,"March 3, 1938","March 3, 1938",primary_chekhov_transcription: by Michael Chekhov; transcribed by Deirdre Hurst du Prey,"lesson/transcription/UWindsor attribution approved by Dawson, exact source context still required",https://collections.uwindsor.ca/chekhov/item/843,https://collections.uwindsor.ca/files/original/42e649a2331bbcf6b93514a14830fb791c639736.pdf,pdf_cache/item_843_march-3-1938.pdf,extracted_text_all/item_843_march-3-1938.txt,1,No separate context_before field supplied by source extraction; inspect cited page/text_path for surrounding context.,"' a Scene: _ Nicholas is sitting alone thinking. feeling. suffering, seeking for some solution; it is night. immediately after the scene with his mother where she tried to comfort him and help him, he goes secretly to the house of the engineer and the idealist.",feeling;first;form;imagination;will,actor_struggle;daily_inspiration;directing_academic_footnote;method_terms,0.887,108,Tier 1 model-curated internal candidate,needs_visual_verification_against_pdf_page,,internal_candidate_only__not_publicly_cleared,internal Dawson/Lisa research only; UWindsor/archive and exact-use rights review required before any public/app use,DG-f8afa8767a84b63f,Duplicate/overlap also found in quote_candidates_priority.csv row 709 (same_item_page_source_page_cap). Duplicate/overlap also found in quote_candidates_priority.csv row 800 (substring_or_overlap_duplicate).,Selected from quote_candidates_priority.csv row 801 with score 108 and extraction_quality_proxy 0.887; primary Chekhov transcription; accepted after exact/overlap/page/item dedupe and diversity caps.,OCR/text-layer extraction candidate copied exactly from CSV field candidate_text_from_extraction_not_final; do not quote publicly until visually verified and cleared.,"Render/inspect the cited PDF page, visually transcribe exact wording, then Dawson/Lisa exact wording, attribution, and rights clearance."
MCT-UWINDSOR-365-348,348,library_source_card,actor_struggle;audience;daily_inspiration;directing_academic_footnote;first;library_source_card;soul;will,"You must find something which will finish and resolve your movement, and in.that way, you will do the exercise better, You will be more in the exercise. The first step for an artist is to be able to sond out his soul, his emotions to the audience.",csv_extraction_text,true,quote_candidates_priority.csv,891,6d95df8d321f983c,612,1168,"November 2, 1936",02-Nov-36,primary_chekhov_transcription: by Michael Chekhov; transcribed by Deirdre Hurst du Prey,"lesson/transcription/UWindsor attribution approved by Dawson, exact source context still required",https://collections.uwindsor.ca/chekhov/item/612,https://collections.uwindsor.ca/files/original/844b5687f8400b1c116f0197f7f0a88a9e04a376.pdf,pdf_cache/item_612_november-2-1936.pdf,extracted_text_all/item_612_november-2-1936.txt,2,A very sample rule to be observed is that each movement and eachnoment of the exercise should be finished.,The actual move— zsents will cormre after.,audience;first;soul;will,actor_struggle;daily_inspiration;directing_academic_footnote,0.890,106,Tier 1 model-curated internal candidate,needs_visual_verification_against_pdf_page,,internal_candidate_only__not_publicly_cleared,internal Dawson/Lisa research only; UWindsor/archive and exact-use rights review required before any public/app use,DG-6d95df8d321f983c,No retained duplicate after exact/overlap/page/item dedupe; see reject log for rejected overlaps.,Selected from quote_candidates_priority.csv row 891 with score 106 and extraction_quality_proxy 0.890; primary Chekhov transcription; accepted after exact/overlap/page/item dedupe and diversity caps.,OCR/text-layer extraction candidate copied exactly from CSV field candidate_text_from_extraction_not_final; do not quote publicly until visually verified and cleared.,"Render/inspect the cited PDF page, visually transcribe exact wording, then Dawson/Lisa exact wording, attribution, and rights clearance."
MCT-UWINDSOR-365-349,349,library_source_card,actor_struggle;atmosphere;daily_inspiration;directing_academic_footnote;first;library_source_card;method_terms;objective;radiation;truth;will,1939 I want you to understand that the first attempt to got the fouling of truth in 211213‘ndy o rarvol - the objective is another marvel. Now imagine if‘ tho atmosphere will como in the real sumo. real inogination. real psychological gootum. tool radiation. :3th. if you will once really imagine this accumulation or uimoloo. you will son that it in nonothing which 5.9.. in the hoofounce of tho word. the mgio-rof tho culture.,csv_extraction_text,true,quote_candidates_priority.csv,597,406014a0b22fa952,950,1575,"April 5, 1939","April 5, 1939",primary_chekhov_transcription: by Michael Chekhov; transcribed by Deirdre Hurst du Prey,"lesson/transcription/UWindsor attribution approved by Dawson, exact source context still required",https://collections.uwindsor.ca/chekhov/item/950,https://collections.uwindsor.ca/files/original/4acd9cb37d4f9cdf42ffab83da2ba04861ffd107.pdf,pdf_cache/item_950_april-5-1939.pdf,extracted_text_all/item_950_april-5-1939.txt,4,‘12?X human m Chokhov April 5.,But without this vioion do will not find tho way.,atmosphere;first;objective;radiation;truth;will,actor_struggle;daily_inspiration;directing_academic_footnote;method_terms,0.880,109,Tier 1 model-curated internal candidate,needs_visual_verification_against_pdf_page,,internal_candidate_only__not_publicly_cleared,internal Dawson/Lisa research only; UWindsor/archive and exact-use rights review required before any public/app use,DG-406014a0b22fa952,No retained duplicate after exact/overlap/page/item dedupe; see reject log for rejected overlaps.,Selected from quote_candidates_priority.csv row 597 with score 109 and extraction_quality_proxy 0.880; primary Chekhov transcription; accepted after exact/overlap/page/item dedupe and diversity caps.,OCR/text-layer extraction candidate copied exactly from CSV field candidate_text_from_extraction_not_final; do not quote publicly until visually verified and cleared. Contains visible OCR artifacts; visual verification required before quotation.,"Render/inspect the cited PDF page, visually transcribe exact wording, then Dawson/Lisa exact wording, attribution, and rights clearance."
MCT-UWINDSOR-365-350,350,library_source_card,ability;actor_struggle;atmosphere;cold;daily_inspiration;directing_academic_footnote;free;imagination;library_source_card;method_terms;whole;will,"If imagination is taken in this some it in point ""A"" in our Method. which alone will discover and reveal your nature and free it and let it expand illimitnbly. New we can take atmosphere as point ”B."" If the ability to create the ameephore is really developed it will be like jmnping into the cold water of a river -' the whole nature respond: and adjusts itself to the new. cold. fresh world.",csv_extraction_text,true,quote_candidates_priority.csv,857,c3c651ed4a52f074,883,1490,"June 2, 1938","June 2, 1938",primary_chekhov_transcription: by Michael Chekhov; transcribed by Deirdre Hurst du Prey,"lesson/transcription/UWindsor attribution approved by Dawson, exact source context still required",https://collections.uwindsor.ca/chekhov/item/883,https://collections.uwindsor.ca/files/original/1242d1ff7d9221d4647e56fbd57f9b6bbbba0f8e.pdf,pdf_cache/item_883_june-2-1938.pdf,extracted_text_all/item_883_june-2-1938.txt,7,This means really to have imagination.,The mime thing happens to the human being when it really plunges into the spiritual atmosphere.,ability;atmosphere;cold;free;imagination;whole;will,actor_struggle;daily_inspiration;directing_academic_footnote;method_terms,0.887,107,Tier 1 model-curated internal candidate,needs_visual_verification_against_pdf_page,,internal_candidate_only__not_publicly_cleared,internal Dawson/Lisa research only; UWindsor/archive and exact-use rights review required before any public/app use,DG-c3c651ed4a52f074,No retained duplicate after exact/overlap/page/item dedupe; see reject log for rejected overlaps.,Selected from quote_candidates_priority.csv row 857 with score 107 and extraction_quality_proxy 0.887; primary Chekhov transcription; accepted after exact/overlap/page/item dedupe and diversity caps.,OCR/text-layer extraction candidate copied exactly from CSV field candidate_text_from_extraction_not_final; do not quote publicly until visually verified and cleared.,"Render/inspect the cited PDF page, visually transcribe exact wording, then Dawson/Lisa exact wording, attribution, and rights clearance."
MCT-UWINDSOR-365-351,351,library_source_card,actor_struggle;audience;daily_inspiration;directing_academic_footnote;library_source_card;method_terms;scenes;speech;style;theatre;whole;will,19uo STYLE - CONMEDIA DELL' ARTE VAUDEVILLE - CIRCUS — CLOWN STYL?‘ SPEECH METHOD IMPROVISATIUN — CEHVANTWS INTERLUDE STUDENTS' SCENES ~ CRITICISM Cervantes Interlude — Maxim Gorky STYLE - CDEMEDIA DELL' ARTE: sganish Evening: The whole idea must be that of a modern Commediu dell‘ Arte. It will give the poooibiiity for tho actors and the audience to express their fioedom through tho theatre.,csv_extraction_text,true,quote_candidates_priority.csv,865,9e415ada39dc7b83,1040,1672,"March 27, 1940","March 27, 1940",primary_chekhov_transcription: by Michael Chekhov; transcribed by Deirdre Hurst du Prey,"lesson/transcription/UWindsor attribution approved by Dawson, exact source context still required",https://collections.uwindsor.ca/chekhov/item/1040,https://collections.uwindsor.ca/files/original/23bee73c9af91fe4cdc328b700ac3116326e2377.pdf,pdf_cache/item_1040_march-27-1940.pdf,extracted_text_all/item_1040_march-27-1940.txt,1,tﬁli Michael Chekhov march 27.,All posoiblo things current in the world toda} must have an outlet.,audience;scenes;speech;style;theatre;whole;will,actor_struggle;daily_inspiration;directing_academic_footnote;method_terms,0.886,107,Tier 1 model-curated internal candidate,needs_visual_verification_against_pdf_page,,internal_candidate_only__not_publicly_cleared,internal Dawson/Lisa research only; UWindsor/archive and exact-use rights review required before any public/app use,DG-9e415ada39dc7b83,No retained duplicate after exact/overlap/page/item dedupe; see reject log for rejected overlaps.,Selected from quote_candidates_priority.csv row 865 with score 107 and extraction_quality_proxy 0.886; primary Chekhov transcription; accepted after exact/overlap/page/item dedupe and diversity caps.,OCR/text-layer extraction candidate copied exactly from CSV field candidate_text_from_extraction_not_final; do not quote publicly until visually verified and cleared. Contains visible OCR artifacts; visual verification required before quotation.,"Render/inspect the cited PDF page, visually transcribe exact wording, then Dawson/Lisa exact wording, attribution, and rights clearance."
MCT-UWINDSOR-365-352,352,library_source_card,actor_struggle;audience;directing_academic_footnote;first;gesture;library_source_card;method_terms;play;will,"Try to produce the inner gesture continuously. and then you can play with your outer gesture as you like. If there is the spine, the audience will get this second level which is always more interest— ing than the first level.",csv_extraction_text,true,quote_candidates_priority.csv,831,f67035e1a4a4835d,1080,1710,"December 12, 1941: Michael Chekhov's eleventh class for professional actors: Psychological gesture","December 12, 1941",primary_chekhov_transcription: by Michael Chekhov; transcribed by Deirdre Hurst du Prey,"lesson/transcription/UWindsor attribution approved by Dawson, exact source context still required",https://collections.uwindsor.ca/chekhov/item/1080,https://collections.uwindsor.ca/files/original/fb0dcca0ac38df5bd944f999e94c397ecf757be4.pdf,pdf_cache/item_1080_december-12-1941-michael-chekhov-s-eleventh-class-for-professional-actors-psychological-ge.pdf,extracted_text_all/item_1080_december-12-1941-michael-chekhov-s-eleventh-class-for-professional-actors-psychological-ge.txt,3,"“Excellent. i‘faith."" He stands quite calmly. but the whole inner activity is that of the gesture.",The second level is always the psychological gesture.,audience;first;gesture;play;will,actor_struggle;directing_academic_footnote;method_terms,0.883,107,Tier 1 model-curated internal candidate,needs_visual_verification_against_pdf_page,,internal_candidate_only__not_publicly_cleared,internal Dawson/Lisa research only; UWindsor/archive and exact-use rights review required before any public/app use,DG-f67035e1a4a4835d,No retained duplicate after exact/overlap/page/item dedupe; see reject log for rejected overlaps.,Selected from quote_candidates_priority.csv row 831 with score 107 and extraction_quality_proxy 0.883; primary Chekhov transcription; accepted after exact/overlap/page/item dedupe and diversity caps.,OCR/text-layer extraction candidate copied exactly from CSV field candidate_text_from_extraction_not_final; do not quote publicly until visually verified and cleared.,"Render/inspect the cited PDF page, visually transcribe exact wording, then Dawson/Lisa exact wording, attribution, and rights clearance."
MCT-UWINDSOR-365-353,353,library_source_card,actor_struggle;daily_inspiration;directing_academic_footnote;library_source_card;method_terms;play;rhythm;whole;will,RHYTHM - BREATHINGI Rhythm hes the process of breathing us one of its elements. and the breathiﬁg in Dickens isone big sweep and Shakespeare's plays you will: find the whole play breathes eo marvelously.,csv_extraction_text,true,quote_candidates_priority.csv,808,072c18b355ff5543,1013,1645,"November 13, 1939","November 13, 1939",primary_chekhov_transcription: by Michael Chekhov; transcribed by Deirdre Hurst du Prey,"lesson/transcription/UWindsor attribution approved by Dawson, exact source context still required",https://collections.uwindsor.ca/chekhov/item/1013,https://collections.uwindsor.ca/files/original/b585f16d9bf894db7cf5ed4fa3892d8dc02c06b7.pdf,pdf_cache/item_1013_november-13-1939.pdf,extracted_text_all/item_1013_november-13-1939.txt,8,"1939 other hand. he has ouch a fine instrument that he begins to elaborate details of the details of the details., This is Just as cmmctoriotie of his as the big thingst He looks at things‘ through a mfmroscopo - this is very choraeterietiﬂeww of him.","As in 1.312; - how it starts ‘- overyene expects the appearance of Bear. and nothing is going on on the stage — waiting for something - ,Loar approaches — the scene begins to be filled with outer means of expression - music — and Leer appears as an outer thing - red. geld. shining. the earth. and the world of tremendous outer powers.",play;rhythm;whole;will,actor_struggle;daily_inspiration;directing_academic_footnote;method_terms,0.883,108,Tier 1 model-curated internal candidate,needs_visual_verification_against_pdf_page,,internal_candidate_only__not_publicly_cleared,internal Dawson/Lisa research only; UWindsor/archive and exact-use rights review required before any public/app use,DG-072c18b355ff5543,No retained duplicate after exact/overlap/page/item dedupe; see reject log for rejected overlaps.,Selected from quote_candidates_priority.csv row 808 with score 108 and extraction_quality_proxy 0.883; primary Chekhov transcription; accepted after exact/overlap/page/item dedupe and diversity caps.,OCR/text-layer extraction candidate copied exactly from CSV field candidate_text_from_extraction_not_final; do not quote publicly until visually verified and cleared.,"Render/inspect the cited PDF page, visually transcribe exact wording, then Dawson/Lisa exact wording, attribution, and rights clearance."
MCT-UWINDSOR-365-354,354,library_source_card,actor_struggle;beginning;daily_inspiration;directing_academic_footnote;library_source_card;method_terms;tempo;whole;will,"Imagine your character in great agitation. The whole lsceno in in the wrong tempo for overyonor.' You will got the tempo oguﬁaf}; ,_ youvwln avoid them gaps, which 1291ch you otﬁrt from 1-3” beginning again. and again.",csv_extraction_text,true,quote_candidates_priority.csv,783,b79ca229c7999fbe,975,1601,"July 11, 1939","July 11, 1939",primary_chekhov_transcription: by Michael Chekhov; transcribed by Deirdre Hurst du Prey,"lesson/transcription/UWindsor attribution approved by Dawson, exact source context still required",https://collections.uwindsor.ca/chekhov/item/975,https://collections.uwindsor.ca/files/original/3d612d94967058c628dbc95c7ec15673cd05d749.pdf,pdf_cache/item_975_july-11-1939.pdf,extracted_text_all/item_975_july-11-1939.txt,5,"~YO¥S Mo Chekhov July 11, 1939 trick noﬁto be the character he is. put to bohomo full of temperament. bccnuuo to give the cues as the character you are in the beginning Would only lower the scenb.",‘,beginning;tempo;whole;will,actor_struggle;daily_inspiration;directing_academic_footnote;method_terms,0.860,108,Tier 1 model-curated internal candidate,needs_visual_verification_against_pdf_page,,internal_candidate_only__not_publicly_cleared,internal Dawson/Lisa research only; UWindsor/archive and exact-use rights review required before any public/app use,DG-b79ca229c7999fbe,No retained duplicate after exact/overlap/page/item dedupe; see reject log for rejected overlaps.,Selected from quote_candidates_priority.csv row 783 with score 108 and extraction_quality_proxy 0.860; primary Chekhov transcription; accepted after exact/overlap/page/item dedupe and diversity caps.,OCR/text-layer extraction candidate copied exactly from CSV field candidate_text_from_extraction_not_final; do not quote publicly until visually verified and cleared.,"Render/inspect the cited PDF page, visually transcribe exact wording, then Dawson/Lisa exact wording, attribution, and rights clearance."
MCT-UWINDSOR-365-355,355,library_source_card,actor_struggle;audience;creative;daily_inspiration;directing_academic_footnote;first;library_source_card;whole;will,"Those which will be most helpful for the actors, and most creative for the whole sketch. For example: what is the first impression that the audience gets when the curtain goes up?",csv_extraction_text,true,quote_candidates_priority.csv,660,aa87546d1e4c98ef,931,1556,"January 26, 1939","January 26, 1939",primary_chekhov_transcription: by Michael Chekhov; transcribed by Deirdre Hurst du Prey,"lesson/transcription/UWindsor attribution approved by Dawson, exact source context still required",https://collections.uwindsor.ca/chekhov/item/931,https://collections.uwindsor.ca/files/original/3489b82c28a32c63bc59a5bc460b0dd6b7de9ed7.pdf,pdf_cache/item_931_january-26-1939.pdf,extracted_text_all/item_931_january-26-1939.txt,3,Tasks for Assistants: Prepare three leading questions for each sketch.,The imagination can be awakened by the actor. or by the director.,audience;creative;first;whole;will,actor_struggle;daily_inspiration;directing_academic_footnote,0.884,109,Tier 1 model-curated internal candidate,needs_visual_verification_against_pdf_page,,internal_candidate_only__not_publicly_cleared,internal Dawson/Lisa research only; UWindsor/archive and exact-use rights review required before any public/app use,DG-aa87546d1e4c98ef,No retained duplicate after exact/overlap/page/item dedupe; see reject log for rejected overlaps.,Selected from quote_candidates_priority.csv row 660 with score 109 and extraction_quality_proxy 0.884; primary Chekhov transcription; accepted after exact/overlap/page/item dedupe and diversity caps.,OCR/text-layer extraction candidate copied exactly from CSV field candidate_text_from_extraction_not_final; do not quote publicly until visually verified and cleared.,"Render/inspect the cited PDF page, visually transcribe exact wording, then Dawson/Lisa exact wording, attribution, and rights clearance."
MCT-UWINDSOR-365-356,356,library_source_card,actor_struggle;daily_inspiration;directing_academic_footnote;library_source_card;moment;play;rehearsals;whole;will,"It is absolutely necessary for an actor to work between rehearsals on the basis and ground they got. Today we will touch another psychological moment: The son goes throughout the whole play, not in a straight line but zig zag.",csv_extraction_text,true,quote_candidates_priority.csv,941,563b258bb21d284c,824,1431,"February 10, 1938","February 10, 1938",primary_chekhov_transcription: by Michael Chekhov; transcribed by Deirdre Hurst du Prey,"lesson/transcription/UWindsor attribution approved by Dawson, exact source context still required",https://collections.uwindsor.ca/chekhov/item/824,https://collections.uwindsor.ca/files/original/5d2d88be2827a6211be6505e5ffe8c73f8ab25dc.pdf,pdf_cache/item_824_february-10-1938.pdf,extracted_text_all/item_824_february-10-1938.txt,3,1938 tinue this work alone.,That‘neans from the good spirit to the bad spirit.,moment;play;rehearsals;whole;will,actor_struggle;daily_inspiration;directing_academic_footnote,0.894,106,Tier 1 model-curated internal candidate,needs_visual_verification_against_pdf_page,,internal_candidate_only__not_publicly_cleared,internal Dawson/Lisa research only; UWindsor/archive and exact-use rights review required before any public/app use,DG-563b258bb21d284c,No retained duplicate after exact/overlap/page/item dedupe; see reject log for rejected overlaps.,Selected from quote_candidates_priority.csv row 941 with score 106 and extraction_quality_proxy 0.894; primary Chekhov transcription; accepted after exact/overlap/page/item dedupe and diversity caps.,OCR/text-layer extraction candidate copied exactly from CSV field candidate_text_from_extraction_not_final; do not quote publicly until visually verified and cleared.,"Render/inspect the cited PDF page, visually transcribe exact wording, then Dawson/Lisa exact wording, attribution, and rights clearance."
MCT-UWINDSOR-365-357,357,library_source_card,actor_struggle;atmosphere;blind;daily_inspiration;directing_academic_footnote;first;library_source_card;life;method_terms,Imagine the town full of life — then everything steps. 0n the basis of atmosphere: the first atmosphere is that of business - business and enemies - everyone is blind to every— one also.,csv_extraction_text,true,quote_candidates_priority.csv,815,1d0e2b67d802bbe7,761,1340,"October 12, 1937","October 12, 1937",primary_chekhov_transcription: by Michael Chekhov; transcribed by Deirdre Hurst du Prey,"lesson/transcription/UWindsor attribution approved by Dawson, exact source context still required",https://collections.uwindsor.ca/chekhov/item/761,https://collections.uwindsor.ca/files/original/fed5875c558b36c832758fde3fde1cdc1957319b.pdf,pdf_cache/item_761_october-12-1937.pdf,extracted_text_all/item_761_october-12-1937.txt,2,Start from this mo— ment and go on to the moment when you open yourselves to each other. and become filled with those new feelings.,The second atmosphere is that something has happened - disaster.,atmosphere;blind;first;life,actor_struggle;daily_inspiration;directing_academic_footnote;method_terms,0.890,108,Tier 1 model-curated internal candidate,needs_visual_verification_against_pdf_page,,internal_candidate_only__not_publicly_cleared,internal Dawson/Lisa research only; UWindsor/archive and exact-use rights review required before any public/app use,DG-1d0e2b67d802bbe7,No retained duplicate after exact/overlap/page/item dedupe; see reject log for rejected overlaps.,Selected from quote_candidates_priority.csv row 815 with score 108 and extraction_quality_proxy 0.890; primary Chekhov transcription; accepted after exact/overlap/page/item dedupe and diversity caps.,OCR/text-layer extraction candidate copied exactly from CSV field candidate_text_from_extraction_not_final; do not quote publicly until visually verified and cleared.,"Render/inspect the cited PDF page, visually transcribe exact wording, then Dawson/Lisa exact wording, attribution, and rights clearance."
MCT-UWINDSOR-365-358,358,library_source_card,actor_struggle;daily_inspiration;directing_academic_footnote;gesture;library_source_card;living;method_terms;play;psychological gesture;whole;will,"It in not our pro-v foaolon‘. and we will not dovolop 1c. but it ohowc how ovarything - oven coloro - can be turned into the psychological gesture, Figures. patio. 11mm. tho whole play. colors. tom. costumes. ovom‘thing con bo included in tho poychological '5 ‘ 1:: we 6:111 tum thin into practical thingu. u will make our profoooion conﬁning worth working for and living for.",csv_extraction_text,true,quote_candidates_priority.csv,956,6254b1882e26e49b,1035,1667,"February 20, 1940","February 20, 1940",primary_chekhov_transcription: by Michael Chekhov; transcribed by Deirdre Hurst du Prey,"lesson/transcription/UWindsor attribution approved by Dawson, exact source context still required",https://collections.uwindsor.ca/chekhov/item/1035,https://collections.uwindsor.ca/files/original/e1fe828449506fecaba1994a06d38d508ec8151d.pdf,pdf_cache/item_1035_february-20-1940.pdf,extracted_text_all/item_1035_february-20-1940.txt,17,It in a real poem emulating of colors.,No separate context_after field supplied by source extraction; inspect cited page/text_path for surrounding context.,gesture;living;play;psychological gesture;whole;will,actor_struggle;daily_inspiration;directing_academic_footnote;method_terms,0.863,106,Tier 1 model-curated internal candidate,needs_visual_verification_against_pdf_page,,internal_candidate_only__not_publicly_cleared,internal Dawson/Lisa research only; UWindsor/archive and exact-use rights review required before any public/app use,DG-6254b1882e26e49b,No retained duplicate after exact/overlap/page/item dedupe; see reject log for rejected overlaps.,Selected from quote_candidates_priority.csv row 956 with score 106 and extraction_quality_proxy 0.863; primary Chekhov transcription; accepted after exact/overlap/page/item dedupe and diversity caps.,OCR/text-layer extraction candidate copied exactly from CSV field candidate_text_from_extraction_not_final; do not quote publicly until visually verified and cleared. Contains visible OCR artifacts; visual verification required before quotation.,"Render/inspect the cited PDF page, visually transcribe exact wording, then Dawson/Lisa exact wording, attribution, and rights clearance."
MCT-UWINDSOR-365-359,359,library_source_card,actor_struggle;beauty;daily_inspiration;directing_academic_footnote;feeling;first;imagination;inspiration;library_source_card;whole,"The same process must be done always. Don't recall the picture or the anticipation which you had. but really try to create something which was already behino this, by dropping this first anticipationf The same law which applies to the imagination applies to this anticipation of the inspiration from our inspirer. ﬁow experience the feeling of ease. and beauty. and the whole. by moving the chairs from place to place.",csv_extraction_text,true,quote_candidates_priority.csv,886,56eca2cf3c8a4c20,768,1347,"October 21, 1937","October 21, 1937",primary_chekhov_transcription: by Michael Chekhov; transcribed by Deirdre Hurst du Prey,"lesson/transcription/UWindsor attribution approved by Dawson, exact source context still required",https://collections.uwindsor.ca/chekhov/item/768,https://collections.uwindsor.ca/files/original/c532c5a10d8e6e3660bdd927ea1a8adbf4f1253d.pdf,pdf_cache/item_768_october-21-1937.pdf,extracted_text_all/item_768_october-21-1937.txt,2,FVELING OFTEERSEEQL?S true of the anticipation of what we want. to get.,You must try to overcome the heaviness which comes.,beauty;feeling;first;imagination;inspiration;whole,actor_struggle;daily_inspiration;directing_academic_footnote,0.891,107,Tier 1 model-curated internal candidate,needs_visual_verification_against_pdf_page,,internal_candidate_only__not_publicly_cleared,internal Dawson/Lisa research only; UWindsor/archive and exact-use rights review required before any public/app use,DG-56eca2cf3c8a4c20,No retained duplicate after exact/overlap/page/item dedupe; see reject log for rejected overlaps.,Selected from quote_candidates_priority.csv row 886 with score 107 and extraction_quality_proxy 0.891; primary Chekhov transcription; accepted after exact/overlap/page/item dedupe and diversity caps.,OCR/text-layer extraction candidate copied exactly from CSV field candidate_text_from_extraction_not_final; do not quote publicly until visually verified and cleared.,"Render/inspect the cited PDF page, visually transcribe exact wording, then Dawson/Lisa exact wording, attribution, and rights clearance."
MCT-UWINDSOR-365-360,360,library_source_card,ability;actor_struggle;daily_inspiration;desire;directing_academic_footnote;intellectual;library_source_card;method_terms;middle;objective;whole;will,"We have alvdye thin leek to find the medium or the ”middle yidy,“ bet as the whole world is non intellectual. do we have to stress the 155;; becdueo we are ""ill from lac): or the will."" To take thin objective. that in our will. with our whole being means to get. the desire to touch it - to get the doeire in our loge. emu. handmund toreou. no if to be ready to touch it or to imagine; oureolvee already touching it no that we will gradually got the ability to touch it with our will and not with the intellect only.",csv_extraction_text,true,quote_candidates_priority.csv,397,39be579e6fe31b6b,976,1604,"July 14, 1939","July 14, 1939",primary_chekhov_transcription: by Michael Chekhov; transcribed by Deirdre Hurst du Prey,"lesson/transcription/UWindsor attribution approved by Dawson, exact source context still required",https://collections.uwindsor.ca/chekhov/item/976,https://collections.uwindsor.ca/files/original/06a5c78f0118f81732cef8323a45ea9dd923c9f0.pdf,pdf_cache/item_976_july-14-1939.pdf,extracted_text_all/item_976_july-14-1939.txt,8,The more intellectual we are. the etrongor we are without intellect.,"When you have fulfilled your objective, you must learn to drop it because our human will in undeveloped - we are too clever in our intoll'ecte. but we are babies in our will.",ability;desire;intellectual;middle;objective;whole;will,actor_struggle;daily_inspiration;directing_academic_footnote;method_terms,0.885,112,Tier 1 model-curated internal candidate,needs_visual_verification_against_pdf_page,,internal_candidate_only__not_publicly_cleared,internal Dawson/Lisa research only; UWindsor/archive and exact-use rights review required before any public/app use,DG-39be579e6fe31b6b,No retained duplicate after exact/overlap/page/item dedupe; see reject log for rejected overlaps.,Selected from quote_candidates_priority.csv row 397 with score 112 and extraction_quality_proxy 0.885; primary Chekhov transcription; accepted after exact/overlap/page/item dedupe and diversity caps.,OCR/text-layer extraction candidate copied exactly from CSV field candidate_text_from_extraction_not_final; do not quote publicly until visually verified and cleared.,"Render/inspect the cited PDF page, visually transcribe exact wording, then Dawson/Lisa exact wording, attribution, and rights clearance."
MCT-UWINDSOR-365-361,361,library_source_card,actor_struggle;daily_inspiration;directing_academic_footnote;feeling;form;library_source_card;method_terms;whole,"""Stopl'ﬁon the condition that the farm of the movement is clear out, well shaped, and full of activity which we are sending out. The whole time must be the feeling of breaking the form.",csv_extraction_text,true,quote_candidates_priority.csv,768,4ff4e18b9a3d0b47,822,1429,"February 8, 1938","February 8, 1938",primary_chekhov_transcription: by Michael Chekhov; transcribed by Deirdre Hurst du Prey,"lesson/transcription/UWindsor attribution approved by Dawson, exact source context still required",https://collections.uwindsor.ca/chekhov/item/822,https://collections.uwindsor.ca/files/original/2f7253a3c3cf1e5931ae78f7279a4a283003e6aa.pdf,pdf_cache/item_822_february-8-1938.pdf,extracted_text_all/item_822_february-8-1938.txt,4,Elmhirst's part.,It does not break always.,feeling;form;whole,actor_struggle;daily_inspiration;directing_academic_footnote;method_terms,0.883,108,Tier 1 model-curated internal candidate,needs_visual_verification_against_pdf_page,,internal_candidate_only__not_publicly_cleared,internal Dawson/Lisa research only; UWindsor/archive and exact-use rights review required before any public/app use,DG-4ff4e18b9a3d0b47,No retained duplicate after exact/overlap/page/item dedupe; see reject log for rejected overlaps.,Selected from quote_candidates_priority.csv row 768 with score 108 and extraction_quality_proxy 0.883; primary Chekhov transcription; accepted after exact/overlap/page/item dedupe and diversity caps.,OCR/text-layer extraction candidate copied exactly from CSV field candidate_text_from_extraction_not_final; do not quote publicly until visually verified and cleared.,"Render/inspect the cited PDF page, visually transcribe exact wording, then Dawson/Lisa exact wording, attribution, and rights clearance."
MCT-UWINDSOR-365-362,362,library_source_card,actor_struggle;atmosphere;daily_inspiration;directing_academic_footnote;first;library_source_card;method_terms;play;rehearsal;stop;style,"First establish the rehearsal atmosphere. Row enter the sphere. or the atmosphere. or the style of the play, step by stop.",csv_extraction_text,true,quote_candidates_priority.csv,470,133c0108b20fb646,822,1429,"February 8, 1938","February 8, 1938",primary_chekhov_transcription: by Michael Chekhov; transcribed by Deirdre Hurst du Prey,"lesson/transcription/UWindsor attribution approved by Dawson, exact source context still required",https://collections.uwindsor.ca/chekhov/item/822,https://collections.uwindsor.ca/files/original/2f7253a3c3cf1e5931ae78f7279a4a283003e6aa.pdf,pdf_cache/item_822_february-8-1938.pdf,extracted_text_all/item_822_february-8-1938.txt,1,Let us begin with Henry's ylay [éganish Evening].,90 it very consciously and keep it and try to ac—,atmosphere;first;play;rehearsal;stop;style,actor_struggle;daily_inspiration;directing_academic_footnote;method_terms,0.886,111,Tier 1 model-curated internal candidate,needs_visual_verification_against_pdf_page,,internal_candidate_only__not_publicly_cleared,internal Dawson/Lisa research only; UWindsor/archive and exact-use rights review required before any public/app use,DG-133c0108b20fb646,No retained duplicate after exact/overlap/page/item dedupe; see reject log for rejected overlaps.,Selected from quote_candidates_priority.csv row 470 with score 111 and extraction_quality_proxy 0.886; primary Chekhov transcription; accepted after exact/overlap/page/item dedupe and diversity caps.,OCR/text-layer extraction candidate copied exactly from CSV field candidate_text_from_extraction_not_final; do not quote publicly until visually verified and cleared.,"Render/inspect the cited PDF page, visually transcribe exact wording, then Dawson/Lisa exact wording, attribution, and rights clearance."
MCT-UWINDSOR-365-363,363,library_source_card,actor_struggle;daily_inspiration;directing_academic_footnote;library_source_card;method_terms;play;style;whole;will,"The whole play must be like a storm. Therefore. add to it this storm surging forward, and it will be the right style.",csv_extraction_text,true,quote_candidates_priority.csv,500,3d2615e8d2b92c97,844,1451,"March 4, 1938","March 4, 1938",primary_chekhov_transcription: by Michael Chekhov; transcribed by Deirdre Hurst du Prey,"lesson/transcription/UWindsor attribution approved by Dawson, exact source context still required",https://collections.uwindsor.ca/chekhov/item/844,https://collections.uwindsor.ca/files/original/de68843d17eb0cd495656cc7f58b38cde77d02e0.pdf,pdf_cache/item_844_march-4-1938.pdf,extracted_text_all/item_844_march-4-1938.txt,6,We need this form filled with certain activity so that tremendous running forward may be there - tempo.,This is volcanic fire which is very deep — we doth see it but it is there — chaos and inner fire.,play;style;whole;will,actor_struggle;daily_inspiration;directing_academic_footnote;method_terms,0.888,111,Tier 1 model-curated internal candidate,needs_visual_verification_against_pdf_page,,internal_candidate_only__not_publicly_cleared,internal Dawson/Lisa research only; UWindsor/archive and exact-use rights review required before any public/app use,DG-3d2615e8d2b92c97,No retained duplicate after exact/overlap/page/item dedupe; see reject log for rejected overlaps.,Selected from quote_candidates_priority.csv row 500 with score 111 and extraction_quality_proxy 0.888; primary Chekhov transcription; accepted after exact/overlap/page/item dedupe and diversity caps.,OCR/text-layer extraction candidate copied exactly from CSV field candidate_text_from_extraction_not_final; do not quote publicly until visually verified and cleared.,"Render/inspect the cited PDF page, visually transcribe exact wording, then Dawson/Lisa exact wording, attribution, and rights clearance."
MCT-UWINDSOR-365-364,364,library_source_card,actor_struggle;atmosphere;beginning;daily_inspiration;directing_academic_footnote;library_source_card;method_terms;moment;scene;will,"Chekhov ﬁcvember 12, 193? Let us take the scene from Hamlet when the Queen says: “Como hither, my dear Hamlet. sit by me."" And Hamlet replies: ""No, good mother, here's metal more attractive."" He will do the scene on the basis of atmosphere. which at the beginning is a stately feasting one. but in this atmosphcre one feels somebody (Hamlet) can at any moment do something to spoil the feast. therefore a small element of danger is there.",csv_extraction_text,true,quote_candidates_priority.csv,722,aac8c6df23d23dfc,780,1359,"November 12, 1937","November 12, 1937",primary_chekhov_transcription: by Michael Chekhov; transcribed by Deirdre Hurst du Prey,"lesson/transcription/UWindsor attribution approved by Dawson, exact source context still required",https://collections.uwindsor.ca/chekhov/item/780,https://collections.uwindsor.ca/files/original/e65ddbd9228f3c358913f01f610e5016f2faf03b.pdf,pdf_cache/item_780_november-12-1937.pdf,extracted_text_all/item_780_november-12-1937.txt,3,‘ M.,"An element of fear and suspicion, which disturbs slightly the atmosphcre of the feast.",atmosphere;beginning;moment;scene;will,actor_struggle;daily_inspiration;directing_academic_footnote;method_terms,0.851,109,Tier 1 model-curated internal candidate,needs_visual_verification_against_pdf_page,,internal_candidate_only__not_publicly_cleared,internal Dawson/Lisa research only; UWindsor/archive and exact-use rights review required before any public/app use,DG-aac8c6df23d23dfc,No retained duplicate after exact/overlap/page/item dedupe; see reject log for rejected overlaps.,Selected from quote_candidates_priority.csv row 722 with score 109 and extraction_quality_proxy 0.851; primary Chekhov transcription; accepted after exact/overlap/page/item dedupe and diversity caps.,OCR/text-layer extraction candidate copied exactly from CSV field candidate_text_from_extraction_not_final; do not quote publicly until visually verified and cleared.,"Render/inspect the cited PDF page, visually transcribe exact wording, then Dawson/Lisa exact wording, attribution, and rights clearance."
MCT-UWINDSOR-365-365,365,library_source_card,ability;actor_struggle;creative;daily_inspiration;directing_academic_footnote;end;free;imagination;library_source_card;method_terms;objective;truth,"And the work upon the imagination and the science or oxaot thinking at the some time. ~(gradually bringu us to the ability to have what Goethe colic: the exact imagination. where everything is created incur imagination and has, at the sumo tine. objective truth. max-Whine; which you receive end .uecept from the outer world can be immediately saturated uith your free iragination and this. and only this. in the right and true creative spirit of the hunzm being.",csv_extraction_text,true,quote_candidates_priority.csv,741,78552f3259e1ea2c,1009,1641,"October 5, 1939","October 5, 1939",primary_chekhov_transcription: by Michael Chekhov; transcribed by Deirdre Hurst du Prey,"lesson/transcription/UWindsor attribution approved by Dawson, exact source context still required",https://collections.uwindsor.ca/chekhov/item/1009,https://collections.uwindsor.ca/files/original/98c45cf1ef8febc856259a9ed76e8fd7ae406676.pdf,pdf_cache/item_1009_october-5-1939.pdf,extracted_text_all/item_1009_october-5-1939.txt,4,1939 Goethe hao discovered for himself that there in a third kind of imgination which in Just an exact as tho outer world. and at the ammo time in no free on the common type of imagination.,Therefore. when we open}: about our inaginntion hero in thie school. we always aim at thin loot point which Goethe called tho'exaet imagination.,ability;creative;end;free;imagination;objective;truth,actor_struggle;daily_inspiration;directing_academic_footnote;method_terms,0.886,109,Tier 1 model-curated internal candidate,needs_visual_verification_against_pdf_page,,internal_candidate_only__not_publicly_cleared,internal Dawson/Lisa research only; UWindsor/archive and exact-use rights review required before any public/app use,DG-78552f3259e1ea2c,No retained duplicate after exact/overlap/page/item dedupe; see reject log for rejected overlaps.,Selected from quote_candidates_priority.csv row 741 with score 109 and extraction_quality_proxy 0.886; primary Chekhov transcription; accepted after exact/overlap/page/item dedupe and diversity caps.,OCR/text-layer extraction candidate copied exactly from CSV field candidate_text_from_extraction_not_final; do not quote publicly until visually verified and cleared.,"Render/inspect the cited PDF page, visually transcribe exact wording, then Dawson/Lisa exact wording, attribution, and rights clearance."
