score,item_id,media_id,item_title,item_date,item_creator,item_url,pdf_url,local_pdf,text_path,page_index,candidate_text_from_extraction_not_final,context_before,context_after,categories,matched_terms,extraction_quality_proxy,clearance_status,verification_status,attribution_mode
145,857,1464,"March 16, 1938","March 16, 1938",primary_chekhov_transcription: by Michael Chekhov; transcribed by Deirdre Hurst du Prey,https://collections.uwindsor.ca/chekhov/item/857,https://collections.uwindsor.ca/files/original/f86af6b8855ca611ef7a1751e13b83503409b655.pdf,pdf_cache/item_857_march-16-1938.pdf,extracted_text_all/item_857_march-16-1938.txt,3,"I went to call your attention to the following: when you have done this movement with the feeling of the whole, certain interpretation was there which came from the condition that we are psychologically embracing the whole. Now, I will give you another condition, and you will see that interpretation inevitably comes through this rhythmical chansing. will you new experience the second thing - the beginning and the end, and the middle part which binds the bo-» ginning and tho and. or as we call the first part. the last part, and the second part.",Then we shall take other conditions.,The whole. in which is the first part. the transitional part. and the third part - quite definitely the beginning. transition. the end.,actor_struggle;daily_inspiration;directing_academic_footnote;method_terms,attention;beginning;end;feeling;first;middle;whole;will,0.886,internal_candidate_only__not_publicly_cleared,needs_visual_verification,"lesson/transcription/UWindsor attribution approved by Dawson, exact source context still required"
144,680,1259,"March 16, 1937 (afternoon)","March 16, 1937",primary_chekhov_transcription: by Michael Chekhov; transcribed by Deirdre Hurst du Prey,https://collections.uwindsor.ca/chekhov/item/680,https://collections.uwindsor.ca/files/original/94450b2ff459e4301f61eb3f0162a520266af770.pdf,pdf_cache/item_680_march-16-1937-afternoon.pdf,extracted_text_all/item_680_march-16-1937-afternoon.txt,12,"This was lacking in Paul's appearance, but this is the question of a very fine composition in the soul of the actor. and the director's task in to combine the elements of the beginning. sn that they will be absolutely opposite to the end. iho psychological gesture of the and must be done. as well as the psychological gesture of the beginning. let us take another case. when Beatrice. as Jew} has received the inupiration. lho young actor in not always able to hide his or her personal things which are not quite right for the moment.","1 must not only know the end of my part, I must act the beginning period. showing the end in an opposite direction.","For examplo. when Joan was awakening she began to smile - this made her weak. nhon she is not sure of herself and what she is doing. she begins to smile, but this smile is like a red light which tells the director she needs help.",actor_struggle;daily_inspiration;directing_academic_footnote;method_terms,beginning;composition;director;director's;end;gesture;moment;psychological gesture;soul;will,0.890,internal_candidate_only__not_publicly_cleared,needs_visual_verification,"lesson/transcription/UWindsor attribution approved by Dawson, exact source context still required"
140,837,1444,"February 25, 1938","February 25, 1938",primary_chekhov_transcription: by Michael Chekhov; transcribed by Deirdre Hurst du Prey,https://collections.uwindsor.ca/chekhov/item/837,https://collections.uwindsor.ca/files/original/fea15c939be1bd99d817c7738fb3594c323949bc.pdf,pdf_cache/item_837_february-25-1938.pdf,extracted_text_all/item_837_february-25-1938.txt,1,"OF THE IIHOLEI The beginning and the end. the feeling of the whole. must be experienced by our whole being in the same may as the objective. psychological gesture, etc. Between the beginning and the end, the life floweWe must feel everything that is going on between the beginning end the",BEGINNING AND THE END - FEELING.,,actor_struggle;daily_inspiration;directing_academic_footnote;method_terms,beginning;end;feeling;gesture;life;objective;psychological gesture;whole,0.887,internal_candidate_only__not_publicly_cleared,needs_visual_verification,"lesson/transcription/UWindsor attribution approved by Dawson, exact source context still required"
140,699,1278,"May 4, 1937","May 4, 1937",primary_chekhov_transcription: by Michael Chekhov; transcribed by Deirdre Hurst du Prey,https://collections.uwindsor.ca/chekhov/item/699,https://collections.uwindsor.ca/files/original/14ec99b98b77cabfa63b47e84ef62234cf3a37db.pdf,pdf_cache/item_699_may-4-1937.pdf,extracted_text_all/item_699_may-4-1937.txt,5,"1, Chekhov iay , 1937 his feeling of the whole will cive them in lime the feelin, for each detail which will Bbe in a certain place, because they feel the whole more or less and what detail must be where, and what ind of detail. Then I would proceed to part of the scene and rahcarse the beginning and the end, first with the gesture, then from the point of view of the objective, or atmesphere, etc., but some point of view must be siven, Then 1 would take a part of the scene — for example, the Smint and Salladina, and lot them act from different points of view, ihen you will come more and more to det@ils.",,This is one very right way.,actor_struggle;daily_inspiration;directing_academic_footnote;method_terms,beginning;end;feeling;first;gesture;objective;scene;whole;will,0.893,internal_candidate_only__not_publicly_cleared,needs_visual_verification,"lesson/transcription/UWindsor attribution approved by Dawson, exact source context still required"
139,847,1454,"March 8, 1938","March 8, 1938",primary_chekhov_transcription: by Michael Chekhov; transcribed by Deirdre Hurst du Prey,https://collections.uwindsor.ca/chekhov/item/847,https://collections.uwindsor.ca/files/original/e7d15e203590b850ac4fd6f48e5041b534502d9e.pdf,pdf_cache/item_847_march-8-1938.pdf,extracted_text_all/item_847_march-8-1938.txt,1,"We will only take into consideration rhythm in general, only as a feeling of the whole, with the beginning. the middle and the end, and you will do this by moving one hand.",1938 RHYTHM - FEELING OF THE WHOLE RHYTHMICAL INTERPRETATION TEUPO PSYCHOLOGICAL GESEURE INSPIRATION‘ E ng Lear RHYTHM - FEELING OF THE WHOLE: We will do rhythmical exercises which will help you to hring rhythm into the plays.,"Be very conscious about this — the beginning, the middle part, and the and.",actor_struggle;daily_inspiration;directing_academic_footnote;method_terms,beginning;end;feeling;middle;rhythm;whole;will,0.889,internal_candidate_only__not_publicly_cleared,needs_visual_verification,"lesson/transcription/UWindsor attribution approved by Dawson, exact source context still required"
139,847,1454,"March 8, 1938","March 8, 1938",primary_chekhov_transcription: by Michael Chekhov; transcribed by Deirdre Hurst du Prey,https://collections.uwindsor.ca/chekhov/item/847,https://collections.uwindsor.ca/files/original/e7d15e203590b850ac4fd6f48e5041b534502d9e.pdf,pdf_cache/item_847_march-8-1938.pdf,extracted_text_all/item_847_march-8-1938.txt,1,"We will only take into consideration rhythm in general, only as a feeling of the whole, with the beginning. the middle and the end, and you will do this by moving one hand. Be very conscious about this — the beginning, the middle part, and the and.",1938 RHYTHM - FEELING OF THE WHOLE RHYTHMICAL INTERPRETATION TEUPO PSYCHOLOGICAL GESEURE INSPIRATION‘ E ng Lear RHYTHM - FEELING OF THE WHOLE: We will do rhythmical exercises which will help you to hring rhythm into the plays.,Get satiafaction from it — use your whole body by moving one hand - let your whole body be hapey by moving one hand.,actor_struggle;daily_inspiration;directing_academic_footnote;method_terms,beginning;end;feeling;middle;rhythm;whole;will,0.889,internal_candidate_only__not_publicly_cleared,needs_visual_verification,"lesson/transcription/UWindsor attribution approved by Dawson, exact source context still required"
138,1077,1708,"December 1, 1941: Michael Chekhov's eighth class for professional actors: The role of the director","December 1, 1941",primary_chekhov_transcription: by Michael Chekhov; transcribed by Deirdre Hurst du Prey,https://collections.uwindsor.ca/chekhov/item/1077,https://collections.uwindsor.ca/files/original/9581e17a7a3a183d104d790c4db9c387d28fe2a8.pdf,pdf_cache/item_1077_december-1-1941-michael-chekhov-s-eighth-class-for-professional-actors-the-role-of-the-dir.pdf,extracted_text_all/item_1077_december-1-1941-michael-chekhov-s-eighth-class-for-professional-actors-the-role-of-the-dir.txt,4,"Secondly. the simple action, and the simple quality will appeal to our utmost inner life, as wo are not touching our feelings first. we are not tearing our soul to pieces to find our feclings,iwhich cannot be found in that way. When the actor cannot find his feelings — for instance, tender love for a child - if he tells the director that ho has never had a child. the director can answer him that everyone can give the quality of tenderness and love to his actions.",But really prepared. and not empty clichés which are always following us.,"Simultaneously we tako the action of moving the chair with the quality of ""care?.",actor_struggle;daily_inspiration;directing_academic_footnote;method_terms,action;cannot;director;feelings;first;life;love;quality;soul;will,0.887,internal_candidate_only__not_publicly_cleared,needs_visual_verification,"lesson/transcription/UWindsor attribution approved by Dawson, exact source context still required"
138,837,1444,"February 25, 1938","February 25, 1938",primary_chekhov_transcription: by Michael Chekhov; transcribed by Deirdre Hurst du Prey,https://collections.uwindsor.ca/chekhov/item/837,https://collections.uwindsor.ca/files/original/fea15c939be1bd99d817c7738fb3594c323949bc.pdf,pdf_cache/item_837_february-25-1938.pdf,extracted_text_all/item_837_february-25-1938.txt,1,"The illusion of the whole is there but the real experience of the whole - the beginning and the end - is not. We must know that there are two feelings of the whole - one is the intellectual which we cannot apply to our art at all, and the other is that which feeds and lends’our whole nature.","Michael Chekhov February 25, 1938 RHYTHM \ RHYTHMICAL EVENTS BEGINNING AND END —- FEELING OF THE ”HOLE BRIDGES AND TRANSITION P THIGICAL COIv‘POSITION PERFORI-‘ANCE AFTER CURTAIN IS DOWN King Lear Leo Tolstoy RI'IYTHHI Riﬂl'l‘llf .1 CAL EVE-ITS I I have noticed with some of our etudents that the feeling of the beginning and the end, which is at the same time the feeling of the whole. was done sometimes intellectually.",It is the yhglg nature which participates in this rhythmical thing.,actor_struggle;daily_inspiration;directing_academic_footnote,art;beginning;cannot;end;feelings;intellectual;whole,0.887,internal_candidate_only__not_publicly_cleared,needs_visual_verification,"lesson/transcription/UWindsor attribution approved by Dawson, exact source context still required"
137,663,1222,"February 3, 1937","February 3, 1937",primary_chekhov_transcription: by Michael Chekhov; transcribed by Deirdre Hurst du Prey,https://collections.uwindsor.ca/chekhov/item/663,https://collections.uwindsor.ca/files/original/7746e3355a480c0b4cf1c2a7eb5c862436b9c7d9.pdf,pdf_cache/item_663_february-3-1937.pdf,extracted_text_all/item_663_february-3-1937.txt,5,These thrce points are the moments which will lead us through the whole play. tur play begins with a certain silence and ends with a silence. and between these two silences lies the whole play. Low we must try to find some technical mise en sccnc for the beginning and the end; as a frame.,"Chekhov february 3, 1937 AFTER TH?) CURTAIN IS TJOWN: 1hr: ’Enldon Stanly There are three mogcnts which we will later call climaxes.",Ihe silences occur before the curtain gees up. and after the curtain 500: dOWn.,actor_struggle;daily_inspiration;directing_academic_footnote,beginning;end;mise;moments;play;whole;will,0.892,internal_candidate_only__not_publicly_cleared,needs_visual_verification,"lesson/transcription/UWindsor attribution approved by Dawson, exact source context still required"
137,746,1324,"July 18, 1937","July 18, 1937",primary_chekhov_transcription: by Michael Chekhov; transcribed by Deirdre Hurst du Prey,https://collections.uwindsor.ca/chekhov/item/746,https://collections.uwindsor.ca/files/original/896112414dc92ea9e1ea802c9b3b228f984efcba.pdf,pdf_cache/item_746_july-18-1937.pdf,extracted_text_all/item_746_july-18-1937.txt,36,0n the other hand. the ending of the Two Kinza is weak and leaves the audience without any Idea of that it has been all about. l‘wo Kim's: The director should try to find a new psychological gesture for the whole play. one that would give the actors an idea or the whole play.,The ending in Bnllndina II is a very good line; it should be elaborated and made more clear.,The Golden Steed: If the director continues along the Home line. he nuet find the connection between the setting. the text. the costumes. the characters. etc.,actor_struggle;daily_inspiration;directing_academic_footnote;method_terms,audience;director;gesture;play;psychological gesture;weak;whole,0.887,internal_candidate_only__not_publicly_cleared,needs_visual_verification,"lesson/transcription/UWindsor attribution approved by Dawson, exact source context still required"
137,847,1454,"March 8, 1938","March 8, 1938",primary_chekhov_transcription: by Michael Chekhov; transcribed by Deirdre Hurst du Prey,https://collections.uwindsor.ca/chekhov/item/847,https://collections.uwindsor.ca/files/original/e7d15e203590b850ac4fd6f48e5041b534502d9e.pdf,pdf_cache/item_847_march-8-1938.pdf,extracted_text_all/item_847_march-8-1938.txt,1,"1938 RHYTHM - FEELING OF THE WHOLE RHYTHMICAL INTERPRETATION TEUPO PSYCHOLOGICAL GESEURE INSPIRATION‘ E ng Lear RHYTHM - FEELING OF THE WHOLE: We will do rhythmical exercises which will help you to hring rhythm into the plays. We will only take into consideration rhythm in general, only as a feeling of the whole, with the beginning. the middle and the end, and you will do this by moving one hand.",Michael Chekhov {larch 8.,"Be very conscious about this — the beginning, the middle part, and the and.",actor_struggle;daily_inspiration;directing_academic_footnote;method_terms,beginning;end;feeling;inspiration;middle;rhythm;whole;will,0.889,internal_candidate_only__not_publicly_cleared,needs_visual_verification,"lesson/transcription/UWindsor attribution approved by Dawson, exact source context still required"
137,635,1191,"November 30, 1936 (afternoon)","November 30, 1936",primary_chekhov_transcription: by Michael Chekhov; transcribed by Deirdre Hurst du Prey,https://collections.uwindsor.ca/chekhov/item/635,https://collections.uwindsor.ca/files/original/f5f25b6195e7aa7124605bfdc0544382e9b54d1e.pdf,pdf_cache/item_635_november-30-1936-afternoon.pdf,extracted_text_all/item_635_november-30-1936-afternoon.txt,3,"The director will help you with this later on»: but to begin with, we must be aware of the style of the fairy taile, tné each one must try to find the style which will unite the whole. That which comes at the first moment will often rommin in the character until the very end.",INCORPORATION OF IMAGES: E¥veryone trought a different style to the stage. ¥e must somehow find the right style.,You must keep these characters — try to lose them.,actor_struggle;daily_inspiration;directing_academic_footnote;method_terms,director;end;first;moment;style;whole;will,0.889,internal_candidate_only__not_publicly_cleared,needs_visual_verification,"lesson/transcription/UWindsor attribution approved by Dawson, exact source context still required"
135,659,1218,"January 23, 1937","January 23, 1937",primary_chekhov_transcription: by Michael Chekhov; transcribed by Deirdre Hurst du Prey,https://collections.uwindsor.ca/chekhov/item/659,https://collections.uwindsor.ca/files/original/9024fda428c5288fb58b9435e4effc607a45f37a.pdf,pdf_cache/item_659_january-23-1937.pdf,extracted_text_all/item_659_january-23-1937.txt,5,"1937 The loss free the actor will he in doing his psychological gesture, the more free he will he later on. it depends upon the director what form of the gesture he gives. we are now working with the psychological gesture because we want to understand it. Later we will perhaps pay less attention to it, and will pay more attention to imagination and other things. iho director can find the whole play in the platonic world.",Chekhov v‘armary 23.,The more harmonious your composition of psychological gestures in. the nearer you are to the platonic world. when the director has found a gesture with his actors he can change it and explore further.,actor_struggle;daily_inspiration;directing_academic_footnote;method_terms,attention;director;form;free;gesture;imagination;play;psychological gesture;whole;will,0.892,internal_candidate_only__not_publicly_cleared,needs_visual_verification,"lesson/transcription/UWindsor attribution approved by Dawson, exact source context still required"
134,837,1444,"February 25, 1938","February 25, 1938",primary_chekhov_transcription: by Michael Chekhov; transcribed by Deirdre Hurst du Prey,https://collections.uwindsor.ca/chekhov/item/837,https://collections.uwindsor.ca/files/original/fea15c939be1bd99d817c7738fb3594c323949bc.pdf,pdf_cache/item_837_february-25-1938.pdf,extracted_text_all/item_837_february-25-1938.txt,1,"BEGINNING AND THE END - FEELING. OF THE IIHOLEI The beginning and the end. the feeling of the whole. must be experienced by our whole being in the same may as the objective. psychological gesture, etc.",It is really the whole nature with all its functions.,"Between the beginning and the end, the life floweWe must feel everything that is going on between the beginning end the",actor_struggle;daily_inspiration;directing_academic_footnote;method_terms,beginning;end;feeling;gesture;objective;psychological gesture;whole,0.887,internal_candidate_only__not_publicly_cleared,needs_visual_verification,"lesson/transcription/UWindsor attribution approved by Dawson, exact source context still required"
134,837,1444,"February 25, 1938","February 25, 1938",primary_chekhov_transcription: by Michael Chekhov; transcribed by Deirdre Hurst du Prey,https://collections.uwindsor.ca/chekhov/item/837,https://collections.uwindsor.ca/files/original/fea15c939be1bd99d817c7738fb3594c323949bc.pdf,pdf_cache/item_837_february-25-1938.pdf,extracted_text_all/item_837_february-25-1938.txt,1,"OF THE IIHOLEI The beginning and the end. the feeling of the whole. must be experienced by our whole being in the same may as the objective. psychological gesture, etc.",BEGINNING AND THE END - FEELING.,"Between the beginning and the end, the life floweWe must feel everything that is going on between the beginning end the",actor_struggle;daily_inspiration;directing_academic_footnote;method_terms,beginning;end;feeling;gesture;objective;psychological gesture;whole,0.887,internal_candidate_only__not_publicly_cleared,needs_visual_verification,"lesson/transcription/UWindsor attribution approved by Dawson, exact source context still required"
134,665,1224,"February 8, 1937","February 8, 1937",primary_chekhov_transcription: by Michael Chekhov; transcribed by Deirdre Hurst du Prey,https://collections.uwindsor.ca/chekhov/item/665,https://collections.uwindsor.ca/files/original/f2566c51a9298f66a98500aea691d44d12801420.pdf,pdf_cache/item_665_february-8-1937.pdf,extracted_text_all/item_665_february-8-1937.txt,7,1937 afraid of touching the most important moments. if you had only the old methods you wohld not be able to do this. out by touching on the play you are able to do everything. and your imagination will work simultaneously with the gesture. The climax of this play is a most tragic situation. it is at the moment when Jocelyn meets her husband.,Chekhov February 8.,"The main noint or our Method is that We must not be afraid of the most important moments. imagine the moment when John is trying, with his heavy wet boots. to jump out of the boat.",actor_struggle;daily_inspiration;directing_academic_footnote;method_terms,climax;gesture;imagination;important moment;important moments;moment;moments;play;will,0.892,internal_candidate_only__not_publicly_cleared,needs_visual_verification,"lesson/transcription/UWindsor attribution approved by Dawson, exact source context still required"
134,857,1464,"March 16, 1938","March 16, 1938",primary_chekhov_transcription: by Michael Chekhov; transcribed by Deirdre Hurst du Prey,https://collections.uwindsor.ca/chekhov/item/857,https://collections.uwindsor.ca/files/original/f86af6b8855ca611ef7a1751e13b83503409b655.pdf,pdf_cache/item_857_march-16-1938.pdf,extracted_text_all/item_857_march-16-1938.txt,3,"Now, I will give you another condition, and you will see that interpretation inevitably comes through this rhythmical chansing. will you new experience the second thing - the beginning and the end, and the middle part which binds the bo-» ginning and tho and. or as we call the first part. the last part, and the second part. The whole. in which is the first part. the transitional part. and the third part - quite definitely the beginning. transition. the end.","I went to call your attention to the following: when you have done this movement with the feeling of the whole, certain interpretation was there which came from the condition that we are psychologically embracing the whole.",Do not confuse two things: The end. and the stop. which is the real stop (finish of the work).,actor_struggle;daily_inspiration;directing_academic_footnote,beginning;end;first;middle;whole;will,0.886,internal_candidate_only__not_publicly_cleared,needs_visual_verification,"lesson/transcription/UWindsor attribution approved by Dawson, exact source context still required"
134,843,1450,"March 3, 1938","March 3, 1938",primary_chekhov_transcription: by Michael Chekhov; transcribed by Deirdre Hurst du Prey,https://collections.uwindsor.ca/chekhov/item/843,https://collections.uwindsor.ca/files/original/42e649a2331bbcf6b93514a14830fb791c639736.pdf,pdf_cache/item_843_march-3-1938.pdf,extracted_text_all/item_843_march-3-1938.txt,4,It could bo turned into an objective but at the moment we will take it in imagination. The beginning of this feeling you will get at the end - to get rid of the whole world — therefore. you want to get rid of him.,This genius is trying to catch another person in this particular case no that the person will not be awakened.,,actor_struggle;daily_inspiration;directing_academic_footnote;method_terms,beginning;end;feeling;imagination;moment;objective;whole;will,0.891,internal_candidate_only__not_publicly_cleared,needs_visual_verification,"lesson/transcription/UWindsor attribution approved by Dawson, exact source context still required"
133,699,1278,"May 4, 1937","May 4, 1937",primary_chekhov_transcription: by Michael Chekhov; transcribed by Deirdre Hurst du Prey,https://collections.uwindsor.ca/chekhov/item/699,https://collections.uwindsor.ca/files/original/14ec99b98b77cabfa63b47e84ef62234cf3a37db.pdf,pdf_cache/item_699_may-4-1937.pdf,extracted_text_all/item_699_may-4-1937.txt,2,"Each immovable moment on the part of his cast must be considered by the director to be a pause, therefore, the di— rector must know what his actors are doing. lhis mmkes the question of the mise en scare very difficult. You must also keep in mind that the beginning and the end of a thing are entirely different, For example, cralon must enter absolutely freshly, because at the end he lies dead. lhe director can develop the whole thing if he knows the line and the development.",But much of her is also like Salladina.,"Through a technical rehearsal you must find these themes, and from this you will gradually find the nuances.",actor_struggle;daily_inspiration;directing_academic_footnote,beginning;cast;dead;difficult;director;end;mise;moment;whole,0.888,internal_candidate_only__not_publicly_cleared,needs_visual_verification,"lesson/transcription/UWindsor attribution approved by Dawson, exact source context still required"
132,746,1324,"July 18, 1937","July 18, 1937",primary_chekhov_transcription: by Michael Chekhov; transcribed by Deirdre Hurst du Prey,https://collections.uwindsor.ca/chekhov/item/746,https://collections.uwindsor.ca/files/original/896112414dc92ea9e1ea802c9b3b228f984efcba.pdf,pdf_cache/item_746_july-18-1937.pdf,extracted_text_all/item_746_july-18-1937.txt,36,The ending in Bnllndina II is a very good line; it should be elaborated and made more clear. 0n the other hand. the ending of the Two Kinza is weak and leaves the audience without any Idea of that it has been all about. l‘wo Kim's: The director should try to find a new psychological gesture for the whole play. one that would give the actors an idea or the whole play.,"The quarrel scone should develop more slowly, and the actual quarrel should not take so much time.",The Golden Steed: If the director continues along the Home line. he nuet find the connection between the setting. the text. the costumes. the characters. etc.,actor_struggle;daily_inspiration;directing_academic_footnote;method_terms,audience;director;gesture;play;psychological gesture;weak;whole,0.887,internal_candidate_only__not_publicly_cleared,needs_visual_verification,"lesson/transcription/UWindsor attribution approved by Dawson, exact source context still required"
131,832,1439,"February 21, 1938","February 21, 1938",primary_chekhov_transcription: by Michael Chekhov; transcribed by Deirdre Hurst du Prey,https://collections.uwindsor.ca/chekhov/item/832,https://collections.uwindsor.ca/files/original/4b8060d6e50e827af242313313bd4d6ad707c832.pdf,pdf_cache/item_832_february-21-1938.pdf,extracted_text_all/item_832_february-21-1938.txt,1,"Rudolf Steiner Goethe Albert Steffen YTHuh There must be a definite beginning, middle part, and end, al‘hough it seems to be continuous movement and endlessnesa. It ia a very important question and can be explained only by changing our ability or thinking because rhythm belongs to the world of spiritual life, whether it is human spiritual life or objective spiritual life.",THE AH YFE COHTACT n RHYTHE - RHYTHHICAL IEPHOVISATICN LD'S PSYCHOL‘GY Dr.,A spiritually-tuned consciousness will understand things which the earthly-tuned human consciousneso cannot.,actor_struggle;daily_inspiration;directing_academic_footnote;method_terms,ability;beginning;end;life;middle;objective;rhythm,0.887,internal_candidate_only__not_publicly_cleared,needs_visual_verification,"lesson/transcription/UWindsor attribution approved by Dawson, exact source context still required"
131,861,1468,"March 18, 1938","March 18, 1938",primary_chekhov_transcription: by Michael Chekhov; transcribed by Deirdre Hurst du Prey,https://collections.uwindsor.ca/chekhov/item/861,https://collections.uwindsor.ca/files/original/ae6438dc92b7fc7632d282f7ad2688a8607e4936.pdf,pdf_cache/item_861_march-18-1938.pdf,extracted_text_all/item_861_march-18-1938.txt,1,1933 RHYTHM THE PAUSE RHYTHM _ We shall try to do it first in the schematio way. then we will establish the oppositions. than as improvisation in E very condensed form. The beginning - the middle part.- the end.,Michael Chekhov ‘ Ulrch 18.,‘ i.,actor_struggle;directing_academic_footnote;method_terms,beginning;end;first;form;middle;rhythm;will,0.877,internal_candidate_only__not_publicly_cleared,needs_visual_verification,"lesson/transcription/UWindsor attribution approved by Dawson, exact source context still required"
129,836,1443,"February 24, 1938","February 24, 1938",primary_chekhov_transcription: by Michael Chekhov; transcribed by Deirdre Hurst du Prey,https://collections.uwindsor.ca/chekhov/item/836,https://collections.uwindsor.ca/files/original/aeb8ccb38ad5261ffeedf803b1781288faf5f9ee.pdf,pdf_cache/item_836_february-24-1938.pdf,extracted_text_all/item_836_february-24-1938.txt,1,"i-‘xichael Chekhov February 2a., 1938 STYLE - RHYTHHICAL EVENTS CHARACTERIZATION PSYCHOLOGICAL GESTURE STYLE - RHYTHNICAL EVENTS: Style from the point of View of rhythm. Each rhythmical avcnt has, as we know, a beginning and an end — what is in the middle we will leave for tho_moment.",,"But there is a beginning and an end, and the feeling of the whole is absolutely connected with this feeling of the be— ginning and tho end.",actor_struggle;directing_academic_footnote;method_terms,beginning;characterization;end;events;gesture;middle;moment;psychological gesture;rhythm;style;will,0.891,internal_candidate_only__not_publicly_cleared,needs_visual_verification,"lesson/transcription/UWindsor attribution approved by Dawson, exact source context still required"
129,731,1310,"June 28, 1937 (afternoon)","June 28, 1937",primary_chekhov_transcription: by Michael Chekhov; transcribed by Deirdre Hurst du Prey,https://collections.uwindsor.ca/chekhov/item/731,https://collections.uwindsor.ca/files/original/ce51e55b21af7040504880f52ba9eac752693ab3.pdf,pdf_cache/item_731_june-28-1937-afternoon.pdf,extracted_text_all/item_731_june-28-1937-afternoon.txt,2,"1937 feeling of the whole. without this frame you will Stand as before an ocean: if it is to be an ocean which is rough, then it must have a beginning. a middle and an end. Each member of the cant must see the performance many. many times in his imagination. and gradually there will grow up in his actor's nature this feeling of the whole, and this will inspire him.",Chekhov June 28.,STYLEI This is the second important point - you have not reached the style of the play.,actor_struggle;daily_inspiration;directing_academic_footnote,beginning;end;feeling;imagination;inspire;middle;whole;will,0.889,internal_candidate_only__not_publicly_cleared,needs_visual_verification,"lesson/transcription/UWindsor attribution approved by Dawson, exact source context still required"
129,699,1278,"May 4, 1937","May 4, 1937",primary_chekhov_transcription: by Michael Chekhov; transcribed by Deirdre Hurst du Prey,https://collections.uwindsor.ca/chekhov/item/699,https://collections.uwindsor.ca/files/original/14ec99b98b77cabfa63b47e84ef62234cf3a37db.pdf,pdf_cache/item_699_may-4-1937.pdf,extracted_text_all/item_699_may-4-1937.txt,4,"Jhen I would give them objectives and let them be incomplete, but let them have the feeling of the whole play from the point of view of objective, psychological gesture, atmosphere, etc., etc. That would be very good for your cast because first of all they will feel how many mistakes they have made in details, and this is a good preparation for fighting with quch bad details.","Then I would give them two or three atmospheres and let them act, with mistakes, but with atmosphere throughout.",,actor_struggle;daily_inspiration;directing_academic_footnote;method_terms,atmosphere;cast;feeling;first;gesture;objective;play;psychological gesture;whole;will,0.888,internal_candidate_only__not_publicly_cleared,needs_visual_verification,"lesson/transcription/UWindsor attribution approved by Dawson, exact source context still required"
129,1074,2034,"November 21, 1941: Michael Chekhov's fifth class for professional actors: Exercise -- Repetition is the growing power","November 21, 1941",primary_chekhov_transcription: by Michael Chekhov; transcribed by Deirdre Hurst du Prey,https://collections.uwindsor.ca/chekhov/item/1074,https://collections.uwindsor.ca/files/original/070c5b5f7d19735af84ffa9b541595cf0a252102.pdf,pdf_cache/item_1074_november-21-1941-michael-chekhov-s-fifth-class-for-professional-actors-exercise-repetition.pdf,extracted_text_all/item_1074_november-21-1941-michael-chekhov-s-fifth-class-for-professional-actors-exercise-repetition.txt,18,"Let us repeat the exercise, first it is quick, annoyed, and loud, then at the end, slow, interested, and soft, These qualities or contrasts will entice certain feelings in us. Por instance, if we imagine that our individuality is longing to express itself, but the means which we place at its desposal are so even, so uninteresting, that the indive iduality cannot use them.","If we ean do such things in this simple exercise, how wonderful it would be to do such things with Shakespeare, whose plays are full of these contrasts.",Let us imagine that this straight,actor_struggle;daily_inspiration;directing_academic_footnote;method_terms,cannot;end;feelings;first;individuality;qualities;will,0.891,internal_candidate_only__not_publicly_cleared,needs_visual_verification,"lesson/transcription/UWindsor attribution approved by Dawson, exact source context still required"
129,633,1189,"November 27, 1936","November 27, 1936",primary_chekhov_transcription: by Michael Chekhov; transcribed by Deirdre Hurst du Prey,https://collections.uwindsor.ca/chekhov/item/633,https://collections.uwindsor.ca/files/original/8afcf96e8ebc310f3a73624f7bcc0fb15b1e59b4.pdf,pdf_cache/item_633_november-27-1936.pdf,extracted_text_all/item_633_november-27-1936.txt,1,"When we have a feel— ing for the beginning, the middle, and the end, we will be sble to feel the whole movement,. When we start at the begin— ning, we must feel the middle and the end., wWwhoen we are in the middle, we must feel the past and the future; and when we are at the end, we must feel the middle and the beginning. when you have finished and are out of this pattern, then you have the fedling of the whole which has happensd.","*4 Hichael Chekhov hovember 27, 1936 RHYTHE — 3BBGINMNINC, END THE WHOLE | STYLEL ComPOsITION OF THE PLAY Ibseen Anton Chekhoy EBrand RHYTHMH — BEGINNING, XIDDLE, END : Every rhythmical movement consists of a beginning, a middle part, and an end in each case.",The same is true before you start.,actor_struggle;daily_inspiration;directing_academic_footnote,beginning;end;future;middle;whole;will,0.884,internal_candidate_only__not_publicly_cleared,needs_visual_verification,"lesson/transcription/UWindsor attribution approved by Dawson, exact source context still required"
128,584,1140,"May 10, 1936: Lessons to teachers: Lesson IX",10-May-36,primary_chekhov_transcription: by Michael Chekhov; transcribed by Deirdre Hurst du Prey,https://collections.uwindsor.ca/chekhov/item/584,https://collections.uwindsor.ca/files/original/d602acd61c46c2808ec342c34b86c85ae76c15d3.pdf,pdf_cache/item_584_may-10-1936-lessons-to-teachers-lesson-ix.pdf,extracted_text_all/item_584_may-10-1936-lessons-to-teachers-lesson-ix.txt,3,"Feel the beginning and tho and and the whole complete action and always be conucious of radiating. At first, it will Boom like many things to do all at the some time, but all at once they will come together with each concentration exorcise.",1936 to work to roach tho highcot and most complete point?,To bring than together requires much concentration and that is your exercise.,actor_struggle;daily_inspiration;directing_academic_footnote;method_terms,action;beginning;concentration;first;whole;will,0.889,internal_candidate_only__not_publicly_cleared,needs_visual_verification,"lesson/transcription/UWindsor attribution approved by Dawson, exact source context still required"
128,836,1443,"February 24, 1938","February 24, 1938",primary_chekhov_transcription: by Michael Chekhov; transcribed by Deirdre Hurst du Prey,https://collections.uwindsor.ca/chekhov/item/836,https://collections.uwindsor.ca/files/original/aeb8ccb38ad5261ffeedf803b1781288faf5f9ee.pdf,pdf_cache/item_836_february-24-1938.pdf,extracted_text_all/item_836_february-24-1938.txt,1,"Each rhythmical avcnt has, as we know, a beginning and an end — what is in the middle we will leave for tho_moment. But there is a beginning and an end, and the feeling of the whole is absolutely connected with this feeling of the be— ginning and tho end.","i-‘xichael Chekhov February 2a., 1938 STYLE - RHYTHHICAL EVENTS CHARACTERIZATION PSYCHOLOGICAL GESTURE STYLE - RHYTHNICAL EVENTS: Style from the point of View of rhythm.","The rhythmical event can embrace everything, or it canto one small movement of the thinr.",actor_struggle;daily_inspiration;directing_academic_footnote,beginning;end;feeling;middle;moment;whole;will,0.891,internal_candidate_only__not_publicly_cleared,needs_visual_verification,"lesson/transcription/UWindsor attribution approved by Dawson, exact source context still required"
128,837,1444,"February 25, 1938","February 25, 1938",primary_chekhov_transcription: by Michael Chekhov; transcribed by Deirdre Hurst du Prey,https://collections.uwindsor.ca/chekhov/item/837,https://collections.uwindsor.ca/files/original/fea15c939be1bd99d817c7738fb3594c323949bc.pdf,pdf_cache/item_837_february-25-1938.pdf,extracted_text_all/item_837_february-25-1938.txt,8,"Chekhov February 25, 1938 The gesture through three rictures. If an actor . . . \ . has a feeling of rhythm, these three pictures may some for him the whole world - not only from the beginning to the end. but from the end to the aeginning.",H.,"As an actor I know how I have to sit on Lear's throne in the beginning, because I anticipate the end.",actor_struggle;daily_inspiration;directing_academic_footnote;method_terms,beginning;end;feeling;gesture;rhythm;whole,0.890,internal_candidate_only__not_publicly_cleared,needs_visual_verification,"lesson/transcription/UWindsor attribution approved by Dawson, exact source context still required"
128,731,1310,"June 28, 1937 (afternoon)","June 28, 1937",primary_chekhov_transcription: by Michael Chekhov; transcribed by Deirdre Hurst du Prey,https://collections.uwindsor.ca/chekhov/item/731,https://collections.uwindsor.ca/files/original/ce51e55b21af7040504880f52ba9eac752693ab3.pdf,pdf_cache/item_731_june-28-1937-afternoon.pdf,extracted_text_all/item_731_june-28-1937-afternoon.txt,2,"1937 feeling of the whole. without this frame you will Stand as before an ocean: if it is to be an ocean which is rough, then it must have a beginning. a middle and an end.",Chekhov June 28.,"Each member of the cant must see the performance many. many times in his imagination. and gradually there will grow up in his actor's nature this feeling of the whole, and this will inspire him.",actor_struggle;daily_inspiration;directing_academic_footnote,beginning;end;feeling;middle;whole;will,0.889,internal_candidate_only__not_publicly_cleared,needs_visual_verification,"lesson/transcription/UWindsor attribution approved by Dawson, exact source context still required"
128,731,1310,"June 28, 1937 (afternoon)","June 28, 1937",primary_chekhov_transcription: by Michael Chekhov; transcribed by Deirdre Hurst du Prey,https://collections.uwindsor.ca/chekhov/item/731,https://collections.uwindsor.ca/files/original/ce51e55b21af7040504880f52ba9eac752693ab3.pdf,pdf_cache/item_731_june-28-1937-afternoon.pdf,extracted_text_all/item_731_june-28-1937-afternoon.txt,2,"Chekhov June 28. 1937 feeling of the whole. without this frame you will Stand as before an ocean: if it is to be an ocean which is rough, then it must have a beginning. a middle and an end.",I'd.,"Each member of the cant must see the performance many. many times in his imagination. and gradually there will grow up in his actor's nature this feeling of the whole, and this will inspire him.",actor_struggle;daily_inspiration;directing_academic_footnote,beginning;end;feeling;middle;whole;will,0.889,internal_candidate_only__not_publicly_cleared,needs_visual_verification,"lesson/transcription/UWindsor attribution approved by Dawson, exact source context still required"
128,857,1464,"March 16, 1938","March 16, 1938",primary_chekhov_transcription: by Michael Chekhov; transcribed by Deirdre Hurst du Prey,https://collections.uwindsor.ca/chekhov/item/857,https://collections.uwindsor.ca/files/original/f86af6b8855ca611ef7a1751e13b83503409b655.pdf,pdf_cache/item_857_march-16-1938.pdf,extracted_text_all/item_857_march-16-1938.txt,3,The whole. in which is the first part. the transitional part. and the third part - quite definitely the beginning. transition. the end. Do not confuse two things: The end. and the stop. which is the real stop (finish of the work).,"Now, I will give you another condition, and you will see that interpretation inevitably comes through this rhythmical chansing. will you new experience the second thing - the beginning and the end, and the middle part which binds the bo-» ginning and tho and. or as we call the first part. the last part, and the second part.","We call the last part, the cadence. the finish.' Do you understand. not the stop but the last part.",actor_struggle;daily_inspiration;directing_academic_footnote,beginning;end;first;stop;whole,0.886,internal_candidate_only__not_publicly_cleared,needs_visual_verification,"lesson/transcription/UWindsor attribution approved by Dawson, exact source context still required"
127,1078,2033,"December 5, 1941: Michael Chekhov's ninth class for professional actors: The psychological gesture","December 5, 1941",primary_chekhov_transcription: by Michael Chekhov; transcribed by Deirdre Hurst du Prey,https://collections.uwindsor.ca/chekhov/item/1078,https://collections.uwindsor.ca/files/original/37bb0f43cbbdbb4c610c4e87f0c108d2afed3fa7.pdf,pdf_cache/item_1078_december-5-1941-michael-chekhov-s-ninth-class-for-professional-actors-the-psychological-ge.pdf,extracted_text_all/item_1078_december-5-1941-michael-chekhov-s-ninth-class-for-professional-actors-the-psychological-ge.txt,11,"Hy creating the gesture you are exploring the part, deeper and deeper. Nothing is forgotten, only you must not let the intellect play the first violin, Your own experience will show you what manner of uging the gesture you prefer - this is your free will, First eliminate the intellect, and start with the actor's means, which I call the ps Questions This psychological gesture which you speak about, do you feel that it would create the form of the whole performsnce and would give unity to it?","Of course, the intellect will flirt with your gesture, which is all right, Then you can modify your gesture, and you will find different nuances.",The performance could return at all times to thie central gesture.,actor_struggle;daily_inspiration;directing_academic_footnote;method_terms,first;form;free;gesture;play;psychological gesture;whole;will,0.886,internal_candidate_only__not_publicly_cleared,needs_visual_verification,"lesson/transcription/UWindsor attribution approved by Dawson, exact source context still required"
127,1078,2033,"December 5, 1941: Michael Chekhov's ninth class for professional actors: The psychological gesture","December 5, 1941",primary_chekhov_transcription: by Michael Chekhov; transcribed by Deirdre Hurst du Prey,https://collections.uwindsor.ca/chekhov/item/1078,https://collections.uwindsor.ca/files/original/37bb0f43cbbdbb4c610c4e87f0c108d2afed3fa7.pdf,pdf_cache/item_1078_december-5-1941-michael-chekhov-s-ninth-class-for-professional-actors-the-psychological-ge.pdf,extracted_text_all/item_1078_december-5-1941-michael-chekhov-s-ninth-class-for-professional-actors-the-psychological-ge.txt,11,"Nothing is forgotten, only you must not let the intellect play the first violin, Your own experience will show you what manner of uging the gesture you prefer - this is your free will, First eliminate the intellect, and start with the actor's means, which I call the ps Questions This psychological gesture which you speak about, do you feel that it would create the form of the whole performsnce and would give unity to it?","Hy creating the gesture you are exploring the part, deeper and deeper.",The performance could return at all times to thie central gesture.,actor_struggle;daily_inspiration;directing_academic_footnote;method_terms,first;form;free;gesture;play;psychological gesture;whole;will,0.886,internal_candidate_only__not_publicly_cleared,needs_visual_verification,"lesson/transcription/UWindsor attribution approved by Dawson, exact source context still required"
127,834,1441,"February 22, 1938 (morning)","February 22, 1938",primary_chekhov_transcription: by Michael Chekhov; transcribed by Deirdre Hurst du Prey,https://collections.uwindsor.ca/chekhov/item/834,https://collections.uwindsor.ca/files/original/c68aa087d62c9fd3ff9c573dd6d522ecd946aa89.pdf,pdf_cache/item_834_february-22-1938-morning.pdf,extracted_text_all/item_834_february-22-1938-morning.txt,1,"But if the director gives some suggestions, and if he really appeals to the imagination. it is quite differ— ent. The first case is an intellectual one. and the second case is an artistic one: and the whole difference lies not in words of the director. but in the reception of the actor. when the actor receives the directions and instructions with inner action, it is quite different. and the director is able to describe things which will never be turned into dry in— tellectunl content.","Imagine that we hove no method.and all these things the director will tell you are nothing, and we are only relying on accidents and the Same thanks which we see in the usual theatres; then we are helpless.","If these things are taken by the aeans of imagination. it nnkes n zreat difference and we are in n diff— ‘ Grant world - it tecocea Daycholoqicol. ﬁlease do not forget this, because these two things are so clots together that the danger is too great.",actor_struggle;daily_inspiration;directing_academic_footnote;method_terms,action;director;first;imagination;intellectual;whole;will,0.885,internal_candidate_only__not_publicly_cleared,needs_visual_verification,"lesson/transcription/UWindsor attribution approved by Dawson, exact source context still required"
127,837,1444,"February 25, 1938","February 25, 1938",primary_chekhov_transcription: by Michael Chekhov; transcribed by Deirdre Hurst du Prey,https://collections.uwindsor.ca/chekhov/item/837,https://collections.uwindsor.ca/files/original/fea15c939be1bd99d817c7738fb3594c323949bc.pdf,pdf_cache/item_837_february-25-1938.pdf,extracted_text_all/item_837_february-25-1938.txt,3,"The beginning. in the sense that it is the first period of the whole process; the middle part, the middle period of the process; and the end, the last period of the process. Imagine it is like this: \W/ -m or em. a. rim Still there are three parts.",It is more in the nature of a meter.,They are one - the same thing.,daily_inspiration;directing_academic_footnote,beginning;end;first;middle;whole,0.888,internal_candidate_only__not_publicly_cleared,needs_visual_verification,"lesson/transcription/UWindsor attribution approved by Dawson, exact source context still required"
127,663,1222,"February 3, 1937","February 3, 1937",primary_chekhov_transcription: by Michael Chekhov; transcribed by Deirdre Hurst du Prey,https://collections.uwindsor.ca/chekhov/item/663,https://collections.uwindsor.ca/files/original/7746e3355a480c0b4cf1c2a7eb5c862436b9c7d9.pdf,pdf_cache/item_663_february-3-1937.pdf,extracted_text_all/item_663_february-3-1937.txt,2,"The cast must be patient and very attentive even if it is dull, because it is the pre— paration for a future creation. The director will lead the play and will reach a complete form. and will lead the east through this form to the acting. iho director will be Toroncc,‘uho will also be ablo to aotlio part. dhon the director comes to tho stage Where he muut establish the form of the play. he must start with the most important moments. and lead his east through them.",1037 creative work for the cast. but they must be ready for it and must regard themselves do workers.,HISB an scELa.,actor_struggle;daily_inspiration;directing_academic_footnote;method_terms,cast;director;form;future;important moment;important moments;moments;play;will,0.890,internal_candidate_only__not_publicly_cleared,needs_visual_verification,"lesson/transcription/UWindsor attribution approved by Dawson, exact source context still required"
127,926,1551,"January 16, 1939: The opening of the Chekhov Theatre Studio in Ridgefield, Connecticut","January 16, 1939",primary_chekhov_transcription: by Michael Chekhov; transcribed by Deirdre Hurst du Prey,https://collections.uwindsor.ca/chekhov/item/926,https://collections.uwindsor.ca/files/original/0e0187fd7cc5317c4bb285681576649c44b3ce73.pdf,pdf_cache/item_926_january-16-1939-the-opening-of-the-chekhov-theatre-studio-in-ridgefield-connecticut.pdf,extracted_text_all/item_926_january-16-1939-the-opening-of-the-chekhov-theatre-studio-in-ridgefield-connecticut.txt,22,"Exercise: Walk from one side to another and when you cross the middle of the room. dr0p something and pick it up and then walk to the wall - one whole thing - beginning. anticipation - end,: sustaining. Now do it again with the feeling of form.",I am sitting down - movement and sentence.,"Now please add this sentence: ""I have dropped my handkerchief."" and the sentence must be included as a whole.",actor_struggle;daily_inspiration;directing_academic_footnote;method_terms,beginning;end;feeling;form;middle;whole,0.885,internal_candidate_only__not_publicly_cleared,needs_visual_verification,"lesson/transcription/UWindsor attribution approved by Dawson, exact source context still required"
127,970,1595,"July, 1939","July, 1939",primary_chekhov_transcription: by Michael Chekhov; transcribed by Deirdre Hurst du Prey,https://collections.uwindsor.ca/chekhov/item/970,https://collections.uwindsor.ca/files/original/107d9cc3cfad4b46dbc238f4206efbadda6ef167.pdf,pdf_cache/item_970_july-1939.pdf,extracted_text_all/item_970_july-1939.txt,5,The econe between the Pickwickinnn end Jinnlou Take the same gosturoo as before. The moment when Rachel ‘onys she is free is one of giant aotoniuhmont - such a thing has never been heard of before -‘it is the first blow and it is an important moment for the whole play.,Chekhov July 1 1939 they have accumulated some devilish temperament.,Rachel is hysterical but in u soft nay.,daily_inspiration;directing_academic_footnote,end;first;free;important moment;moment;play;whole,0.888,internal_candidate_only__not_publicly_cleared,needs_visual_verification,"lesson/transcription/UWindsor attribution approved by Dawson, exact source context still required"
127,847,1454,"March 8, 1938","March 8, 1938",primary_chekhov_transcription: by Michael Chekhov; transcribed by Deirdre Hurst du Prey,https://collections.uwindsor.ca/chekhov/item/847,https://collections.uwindsor.ca/files/original/e7d15e203590b850ac4fd6f48e5041b534502d9e.pdf,pdf_cache/item_847_march-8-1938.pdf,extracted_text_all/item_847_march-8-1938.txt,7,"In the first part we must fool the anticipation of the end, and when we are coming to the end. we must not forget the beginning. Therefore. it is possible by creating tho finst part always to feel the counter-part. which is the end. and the more we are nearing the and. the more we are in‘counter-action to the beginning. and this contrast actuallyggives un the feeling of the beginning and the and.",The first part and the last part are in a certain way opposite to each other. (if it is rhythmical).,The plant is a rhythnical event - the leaves are looklnk up She toting the tone? from the sun and air. and the roots sprcdd in tho opponito direction.,actor_struggle;directing_academic_footnote;method_terms,action;beginning;end;feeling;first,0.892,internal_candidate_only__not_publicly_cleared,needs_visual_verification,"lesson/transcription/UWindsor attribution approved by Dawson, exact source context still required"
126,1077,1708,"December 1, 1941: Michael Chekhov's eighth class for professional actors: The role of the director","December 1, 1941",primary_chekhov_transcription: by Michael Chekhov; transcribed by Deirdre Hurst du Prey,https://collections.uwindsor.ca/chekhov/item/1077,https://collections.uwindsor.ca/files/original/9581e17a7a3a183d104d790c4db9c387d28fe2a8.pdf,pdf_cache/item_1077_december-1-1941-michael-chekhov-s-eighth-class-for-professional-actors-the-role-of-the-dir.pdf,extracted_text_all/item_1077_december-1-1941-michael-chekhov-s-eighth-class-for-professional-actors-the-role-of-the-dir.txt,4,"But really prepared. and not empty clichés which are always following us. Secondly. the simple action, and the simple quality will appeal to our utmost inner life, as wo are not touching our feelings first. we are not tearing our soul to pieces to find our feclings,iwhich cannot be found in that way.","Chekhov Decembcr 1, 1941 View, the part can be prepared vory quickly as a result.","When the actor cannot find his feelings — for instance, tender love for a child - if he tells the director that ho has never had a child. the director can answer him that everyone can give the quality of tenderness and love to his actions.",actor_struggle;daily_inspiration;directing_academic_footnote;method_terms,action;cannot;clichés;feelings;first;life;quality;soul;will,0.887,internal_candidate_only__not_publicly_cleared,needs_visual_verification,"lesson/transcription/UWindsor attribution approved by Dawson, exact source context still required"
126,665,1224,"February 8, 1937","February 8, 1937",primary_chekhov_transcription: by Michael Chekhov; transcribed by Deirdre Hurst du Prey,https://collections.uwindsor.ca/chekhov/item/665,https://collections.uwindsor.ca/files/original/f2566c51a9298f66a98500aea691d44d12801420.pdf,pdf_cache/item_665_february-8-1937.pdf,extracted_text_all/item_665_february-8-1937.txt,5,"FLYIEG OVER THE PLAY: Cur Method gives us the possibility to fly over the whole play and to touch any moment we want with our imagination, or by the incorporation of images, or by the othor moans which we have. Therefore the director must concentrate not only on the beginning of the play because then only one part of the play is born.","This is the way to creation. when your minds and bodies are asloep, then it is impossible to create.","The reason that I have included thin flying over the play in the Method, is because all my life in tho theatre I suffered because we always started with tho first not and went over it again and again. and then remembered that no hud tho second and third act to create before the performance.",actor_struggle;daily_inspiration;directing_academic_footnote,beginning;concentrate;director;imagination;moment;play;whole,0.895,internal_candidate_only__not_publicly_cleared,needs_visual_verification,"lesson/transcription/UWindsor attribution approved by Dawson, exact source context still required"
126,731,1310,"June 28, 1937 (afternoon)","June 28, 1937",primary_chekhov_transcription: by Michael Chekhov; transcribed by Deirdre Hurst du Prey,https://collections.uwindsor.ca/chekhov/item/731,https://collections.uwindsor.ca/files/original/ce51e55b21af7040504880f52ba9eac752693ab3.pdf,pdf_cache/item_731_june-28-1937-afternoon.pdf,extracted_text_all/item_731_june-28-1937-afternoon.txt,5,"As the director, you. must find I the transitions between the parts. and show your cast and then ask them to meditate on the whole play. If‘you were producing B. big play in four acts. you would have to do the same thing by bringing the pieces together. when you get the play into a more rim/tinnical fom, you will see that the end is weak.","You have already found these rhythmical parts or pieces, now f: you must put them together.","The start promises much more, but the end is weak.",actor_struggle;daily_inspiration;directing_academic_footnote,cast;director;end;play;weak;whole;will,0.886,internal_candidate_only__not_publicly_cleared,needs_visual_verification,"lesson/transcription/UWindsor attribution approved by Dawson, exact source context still required"
126,885,1492,"June 7, 1938 (morning)","June 7, 1938",primary_chekhov_transcription: by Michael Chekhov; transcribed by Deirdre Hurst du Prey,https://collections.uwindsor.ca/chekhov/item/885,https://collections.uwindsor.ca/files/original/3967c3cf38f4fdb278f9494fc36680337c527e40.pdf,pdf_cache/item_885_june-7-1938-morning.pdf,extracted_text_all/item_885_june-7-1938-morning.txt,3,"Do one wrestling movement in the style of comedy near to vaudeville. and receive it together. Then do it altogether as a group - first contact - tiret the feeling of the group - then the feeling of the whole; then the feeling of truth: then the etyle in the movement and in the voice when saying, ""We are wrestling."" De the whole gamut of wreetling exercises. no this same pattern in the first “eppresecd‘ part. then in the last part which in ""victoriouaf. then in the middle part which in ""conflict.""",De each movement with the feeling of the whole - have a aimplo pattern which will give you the feundatlen on which you can etand.,,actor_struggle;daily_inspiration;directing_academic_footnote;method_terms,feeling;first;group;middle;style;truth;voice;whole,0.883,internal_candidate_only__not_publicly_cleared,needs_visual_verification,"lesson/transcription/UWindsor attribution approved by Dawson, exact source context still required"
126,1074,2034,"November 21, 1941: Michael Chekhov's fifth class for professional actors: Exercise -- Repetition is the growing power","November 21, 1941",primary_chekhov_transcription: by Michael Chekhov; transcribed by Deirdre Hurst du Prey,https://collections.uwindsor.ca/chekhov/item/1074,https://collections.uwindsor.ca/files/original/070c5b5f7d19735af84ffa9b541595cf0a252102.pdf,pdf_cache/item_1074_november-21-1941-michael-chekhov-s-fifth-class-for-professional-actors-exercise-repetition.pdf,extracted_text_all/item_1074_november-21-1941-michael-chekhov-s-fifth-class-for-professional-actors-exercise-repetition.txt,10,"We must not git back and wait - that is fear which chokes us, First of all, because you are an actor you cannot sit and wait, except if you are embarrassed, then, of course, nothing happens, For example, let us take the moment when the sailors are drinking and talking to sach other in the atmosphere, theres ig so much to dol",Angwer: I understand your question.,,actor_struggle;daily_inspiration;directing_academic_footnote;method_terms,atmosphere;cannot;fear;first;moment;talking,0.887,internal_candidate_only__not_publicly_cleared,needs_visual_verification,"lesson/transcription/UWindsor attribution approved by Dawson, exact source context still required"
126,633,1189,"November 27, 1936","November 27, 1936",primary_chekhov_transcription: by Michael Chekhov; transcribed by Deirdre Hurst du Prey,https://collections.uwindsor.ca/chekhov/item/633,https://collections.uwindsor.ca/files/original/8afcf96e8ebc310f3a73624f7bcc0fb15b1e59b4.pdf,pdf_cache/item_633_november-27-1936.pdf,extracted_text_all/item_633_november-27-1936.txt,1,"*4 Hichael Chekhov hovember 27, 1936 RHYTHE — 3BBGINMNINC, END THE WHOLE | STYLEL ComPOsITION OF THE PLAY Ibseen Anton Chekhoy EBrand RHYTHMH — BEGINNING, XIDDLE, END : Every rhythmical movement consists of a beginning, a middle part, and an end in each case. When we have a feel— ing for the beginning, the middle, and the end, we will be sble to feel the whole movement,.",,"When we start at the begin— ning, we must feel the middle and the end., wWwhoen we are in the middle, we must feel the past and the future; and when we are at the end, we must feel the middle and the beginning. when you have finished and are out of this pattern, then you have the fedling of the whole which has happensd.",actor_struggle;daily_inspiration;directing_academic_footnote,beginning;composition;end;middle;play;whole;will,0.884,internal_candidate_only__not_publicly_cleared,needs_visual_verification,"lesson/transcription/UWindsor attribution approved by Dawson, exact source context still required"
126,754,1333,"October 2, 1937","October 2, 1937",primary_chekhov_transcription: by Michael Chekhov; transcribed by Deirdre Hurst du Prey,https://collections.uwindsor.ca/chekhov/item/754,https://collections.uwindsor.ca/files/original/6b9ebbfe21dcbec1bbf3b0c5d43433f53b1b4232.pdf,pdf_cache/item_754_october-2-1937.pdf,extracted_text_all/item_754_october-2-1937.txt,6,"He does not hide his feelings. rRho face of the characters, the make—up, must be composed under the inspiration of the psychological gesture. If the beginning is right then the whole scene will",Something of the lion in in him.,,actor_struggle;daily_inspiration;directing_academic_footnote;method_terms,beginning;feelings;gesture;inspiration;psychological gesture;scene;whole;will,0.884,internal_candidate_only__not_publicly_cleared,needs_visual_verification,"lesson/transcription/UWindsor attribution approved by Dawson, exact source context still required"
125,647,1203,"December 12, 1936","December 12, 1936",primary_chekhov_transcription: by Michael Chekhov; transcribed by Deirdre Hurst du Prey,https://collections.uwindsor.ca/chekhov/item/647,https://collections.uwindsor.ca/files/original/afee452e619b62a64ca17ce27829b2cd9e221584.pdf,pdf_cache/item_647_december-12-1936.pdf,extracted_text_all/item_647_december-12-1936.txt,1,"Inr@gine that the curtain has come down @and try to think of the whole play. This gives us a special kind of ""spectacles"" through which we are able to find the main feeling, the main sction of the play. #From the end to the beginning, try to remember 211 the things we have spoken about.","@icha@el Chekhov December 12, 1936 FLYING GYVszsR THE PLAY — @WEN THE I1$ Luwn RADIATION FLYING OVER THHZ PLAY — #HEN THZ CURTAIN I3 The SGolden Steed: Fly ‘aover the play in retrospect — beginning from the last moment of the play and working backwards.",First the crowd as the hero of the play.,actor_struggle;daily_inspiration;directing_academic_footnote,beginning;end;feeling;play;whole,0.880,internal_candidate_only__not_publicly_cleared,needs_visual_verification,"lesson/transcription/UWindsor attribution approved by Dawson, exact source context still required"
125,815,1406,"February 1, 1938 (afternoon)","February 1, 1938",primary_chekhov_transcription: by Michael Chekhov; transcribed by Deirdre Hurst du Prey,https://collections.uwindsor.ca/chekhov/item/815,https://collections.uwindsor.ca/files/original/1e39fc23492a00fca32d6888f76f2727f7ee8243.pdf,pdf_cache/item_815_february-1-1938-afternoon.pdf,extracted_text_all/item_815_february-1-1938-afternoon.txt,7,"Do the same thing only in your imagination from begilming to end, but your imagination must be on tho ground of the style this time. The whole play will be successful only if wé got this fooling - half exclamationo. half words, small and big explosions. sparkly. and not long sentences.","Again, I want to see the style or the ""butterfly"" and truthful psychology, and no humor at all.","You see how badly you need the method, and how little you have the (ability to wanago it.",actor_struggle;daily_inspiration;directing_academic_footnote;method_terms,end;imagination;play;style;whole;will,0.886,internal_candidate_only__not_publicly_cleared,needs_visual_verification,"lesson/transcription/UWindsor attribution approved by Dawson, exact source context still required"
125,837,1444,"February 25, 1938","February 25, 1938",primary_chekhov_transcription: by Michael Chekhov; transcribed by Deirdre Hurst du Prey,https://collections.uwindsor.ca/chekhov/item/837,https://collections.uwindsor.ca/files/original/fea15c939be1bd99d817c7738fb3594c323949bc.pdf,pdf_cache/item_837_february-25-1938.pdf,extracted_text_all/item_837_february-25-1938.txt,8,"If an actor . . . \ . has a feeling of rhythm, these three pictures may some for him the whole world - not only from the beginning to the end. but from the end to the aeginning.","Chekhov February 25, 1938 The gesture through three rictures.","As an actor I know how I have to sit on Lear's throne in the beginning, because I anticipate the end.",actor_struggle;daily_inspiration;directing_academic_footnote;method_terms,beginning;end;feeling;rhythm;whole,0.890,internal_candidate_only__not_publicly_cleared,needs_visual_verification,"lesson/transcription/UWindsor attribution approved by Dawson, exact source context still required"
125,837,1444,"February 25, 1938","February 25, 1938",primary_chekhov_transcription: by Michael Chekhov; transcribed by Deirdre Hurst du Prey,https://collections.uwindsor.ca/chekhov/item/837,https://collections.uwindsor.ca/files/original/fea15c939be1bd99d817c7738fb3594c323949bc.pdf,pdf_cache/item_837_february-25-1938.pdf,extracted_text_all/item_837_february-25-1938.txt,8,"If an actor . . . \ . has a feeling of rhythm, these three pictures may some for him the whole world - not only from the beginning to the end. but from the end to the aeginning. As an actor I know how I have to sit on Lear's throne in the beginning, because I anticipate the end.","Chekhov February 25, 1938 The gesture through three rictures.",This is the rhythmical secret of the theatre - I have to act from the end to the beginning.,actor_struggle;daily_inspiration;directing_academic_footnote;method_terms,beginning;end;feeling;rhythm;whole,0.890,internal_candidate_only__not_publicly_cleared,needs_visual_verification,"lesson/transcription/UWindsor attribution approved by Dawson, exact source context still required"
125,837,1444,"February 25, 1938","February 25, 1938",primary_chekhov_transcription: by Michael Chekhov; transcribed by Deirdre Hurst du Prey,https://collections.uwindsor.ca/chekhov/item/837,https://collections.uwindsor.ca/files/original/fea15c939be1bd99d817c7738fb3594c323949bc.pdf,pdf_cache/item_837_february-25-1938.pdf,extracted_text_all/item_837_february-25-1938.txt,8,This is the rhythmical secret of the theatre - I have to act from the end to the beginning. This can be awakened only by a feeling of rhythm. when the future is the past. and the pre— sent time is everywhere.,"As an actor I know how I have to sit on Lear's throne in the beginning, because I anticipate the end.",It is absolutely concrete and nothing to do with the intellect.,actor_struggle;daily_inspiration;directing_academic_footnote;method_terms,beginning;end;feeling;future;rhythm;theatre,0.890,internal_candidate_only__not_publicly_cleared,needs_visual_verification,"lesson/transcription/UWindsor attribution approved by Dawson, exact source context still required"
125,852,1459,"March 11, 1938 (afternoon)","March 11, 1938",primary_chekhov_transcription: by Michael Chekhov; transcribed by Deirdre Hurst du Prey,https://collections.uwindsor.ca/chekhov/item/852,https://collections.uwindsor.ca/files/original/de6d5ac14dd4a0b44e5388ab23cb777d7834a9b2.pdf,pdf_cache/item_852_march-11-1938-afternoon.pdf,extracted_text_all/item_852_march-11-1938-afternoon.txt,1,"Iszeoting scena with ""Soy"" as Chairman: _In this speech. first of all we must E06 this clever ""machine—gun"" person, without any idea. of heart - a. clever. sly machine. Secondly. i? must be at the same time the style of the whole play - threatening.","Therefore, we must‘sPond a lot of time getting, more and more of the style into us and using it for speaking. for moving. for everything.",If the form breaks it will do much harm.,actor_struggle;daily_inspiration;directing_academic_footnote;method_terms,first;play;speech;style;whole,0.878,internal_candidate_only__not_publicly_cleared,needs_visual_verification,"lesson/transcription/UWindsor attribution approved by Dawson, exact source context still required"
125,680,1259,"March 16, 1937 (afternoon)","March 16, 1937",primary_chekhov_transcription: by Michael Chekhov; transcribed by Deirdre Hurst du Prey,https://collections.uwindsor.ca/chekhov/item/680,https://collections.uwindsor.ca/files/original/94450b2ff459e4301f61eb3f0162a520266af770.pdf,pdf_cache/item_680_march-16-1937-afternoon.pdf,extracted_text_all/item_680_march-16-1937-afternoon.txt,20,"The beginning and the end are. in a certain way. always opposite to each other. if you will repeat the beginning and the end. nothing will have happened. lhe audience needs to start with something and to end with something opposite, and this is what the two figures of the beggars lack, and perhaps this Imakes their being on the stage groundless. Joan of Age: Let us remember the psychological gesture exercises - they were so strong and so impressive, but in perfornance it was very weak. it is again another form of losinb the gram The director gave a beautiful ground, but did not carry it through.",The director must find something to ¢ive them a metamorphosis - a development for the beginning and the end.,"This often happens - it is in the actor's nature to forgot everything that he has understood the day before. it is the period when everything is disay;earin5 into the subconscious region, and the actor is not really able to do an‘-",actor_struggle;directing_academic_footnote;method_terms,audience;beginning;director;end;form;gesture;psychological gesture;weak;will,0.887,internal_candidate_only__not_publicly_cleared,needs_visual_verification,"lesson/transcription/UWindsor attribution approved by Dawson, exact source context still required"
125,873,1480,"May 10, 1938 (afternoon)","May 10, 1938",primary_chekhov_transcription: by Michael Chekhov; transcribed by Deirdre Hurst du Prey,https://collections.uwindsor.ca/chekhov/item/873,https://collections.uwindsor.ca/files/original/7deedba3c73650ce7d5bcc86221bcf51fac9f964.pdf,pdf_cache/item_873_may-10-1938-afternoon.pdf,extracted_text_all/item_873_may-10-1938-afternoon.txt,9,Justification and fooling\of truth is required to be there in everything. he must go through this torture. otherwise we_will always rely upon the director. and this in not oesoiblo because the director can give direction only if the actors are able to give him enough material; The second point to remember is that you must get accustomed to the method absolutely. otherwise we cannot even prepare the play. ;We have to so through this torture and understand once and for all what it means to justify. ihero is no other way to make it easier. The first rough mistake must be justified as feel has done.,"You can be as free as you like, but it must be justified each time; never movo~ ment in general; this is never allowed.","After he has justified his first rough movements, he must try again and he will be able to justify things which are finer and more subtle. then still more subtle things will be Justified. if you hope to justify everything at once it will not be possible.",actor_struggle;daily_inspiration;directing_academic_footnote,cannot;direction;director;first;mistake;play;truth;will,0.890,internal_candidate_only__not_publicly_cleared,needs_visual_verification,"lesson/transcription/UWindsor attribution approved by Dawson, exact source context still required"
125,633,1189,"November 27, 1936","November 27, 1936",primary_chekhov_transcription: by Michael Chekhov; transcribed by Deirdre Hurst du Prey,https://collections.uwindsor.ca/chekhov/item/633,https://collections.uwindsor.ca/files/original/8afcf96e8ebc310f3a73624f7bcc0fb15b1e59b4.pdf,pdf_cache/item_633_november-27-1936.pdf,extracted_text_all/item_633_november-27-1936.txt,1,"When we have a feel— ing for the beginning, the middle, and the end, we will be sble to feel the whole movement,.","*4 Hichael Chekhov hovember 27, 1936 RHYTHE — 3BBGINMNINC, END THE WHOLE | STYLEL ComPOsITION OF THE PLAY Ibseen Anton Chekhoy EBrand RHYTHMH — BEGINNING, XIDDLE, END : Every rhythmical movement consists of a beginning, a middle part, and an end in each case.","When we start at the begin— ning, we must feel the middle and the end., wWwhoen we are in the middle, we must feel the past and the future; and when we are at the end, we must feel the middle and the beginning. when you have finished and are out of this pattern, then you have the fedling of the whole which has happensd.",actor_struggle;daily_inspiration;directing_academic_footnote,beginning;end;middle;whole;will,0.884,internal_candidate_only__not_publicly_cleared,needs_visual_verification,"lesson/transcription/UWindsor attribution approved by Dawson, exact source context still required"
124,834,1441,"February 22, 1938 (morning)","February 22, 1938",primary_chekhov_transcription: by Michael Chekhov; transcribed by Deirdre Hurst du Prey,https://collections.uwindsor.ca/chekhov/item/834,https://collections.uwindsor.ca/files/original/c68aa087d62c9fd3ff9c573dd6d522ecd946aa89.pdf,pdf_cache/item_834_february-22-1938-morning.pdf,extracted_text_all/item_834_february-22-1938-morning.txt,1,"The first case is an intellectual one. and the second case is an artistic one: and the whole difference lies not in words of the director. but in the reception of the actor. when the actor receives the directions and instructions with inner action, it is quite different. and the director is able to describe things which will never be turned into dry in— tellectunl content.","But if the director gives some suggestions, and if he really appeals to the imagination. it is quite differ— ent.","If these things are taken by the aeans of imagination. it nnkes n zreat difference and we are in n diff— ‘ Grant world - it tecocea Daycholoqicol. ﬁlease do not forget this, because these two things are so clots together that the danger is too great.",actor_struggle;daily_inspiration;directing_academic_footnote;method_terms,action;director;first;intellectual;whole;will,0.885,internal_candidate_only__not_publicly_cleared,needs_visual_verification,"lesson/transcription/UWindsor attribution approved by Dawson, exact source context still required"
124,837,1444,"February 25, 1938","February 25, 1938",primary_chekhov_transcription: by Michael Chekhov; transcribed by Deirdre Hurst du Prey,https://collections.uwindsor.ca/chekhov/item/837,https://collections.uwindsor.ca/files/original/fea15c939be1bd99d817c7738fb3594c323949bc.pdf,pdf_cache/item_837_february-25-1938.pdf,extracted_text_all/item_837_february-25-1938.txt,3,"It is more in the nature of a meter. The beginning. in the sense that it is the first period of the whole process; the middle part, the middle period of the process; and the end, the last period of the process.",We must get accustomed to distinguishing the three parts - the beginning — the transition - the end. as if it is one family in three parts. what we call the beginning we must call the first part of the rhythmical whole. because the beginning in the sense of starting point. is something different.,Imagine it is like this: \W/ -m or em. a. rim Still there are three parts.,daily_inspiration;directing_academic_footnote,beginning;end;first;middle;whole,0.888,internal_candidate_only__not_publicly_cleared,needs_visual_verification,"lesson/transcription/UWindsor attribution approved by Dawson, exact source context still required"
124,837,1444,"February 25, 1938","February 25, 1938",primary_chekhov_transcription: by Michael Chekhov; transcribed by Deirdre Hurst du Prey,https://collections.uwindsor.ca/chekhov/item/837,https://collections.uwindsor.ca/files/original/fea15c939be1bd99d817c7738fb3594c323949bc.pdf,pdf_cache/item_837_february-25-1938.pdf,extracted_text_all/item_837_february-25-1938.txt,3,"The beginning. in the sense that it is the first period of the whole process; the middle part, the middle period of the process; and the end, the last period of the process.",It is more in the nature of a meter.,Imagine it is like this: \W/ -m or em. a. rim Still there are three parts.,daily_inspiration;directing_academic_footnote,beginning;end;first;middle;whole,0.888,internal_candidate_only__not_publicly_cleared,needs_visual_verification,"lesson/transcription/UWindsor attribution approved by Dawson, exact source context still required"
124,1029,1661,"February 5, 1940","February 5, 1940",primary_chekhov_transcription: by Michael Chekhov; transcribed by Deirdre Hurst du Prey,https://collections.uwindsor.ca/chekhov/item/1029,https://collections.uwindsor.ca/files/original/dc267173960cebfac8e5ba52409dc0155103b21d.pdf,pdf_cache/item_1029_february-5-1940.pdf,extracted_text_all/item_1029_february-5-1940.txt,6,"But actors have no right to be powerful in the brain end weak everywhere 93,230. We cannot act with our head at all - only with cur being. and the head muot be the appendii. of our whole being and only the face. which is very subtle - not anatomical and psychological - will reflect our life and inner activity which coneo from the whole being first and then ie nbrrorcd.‘ Therefore. it io so ugly when the actor begine to make races inetead of ueing hie own body.",This powerful thing has a little appendix which ie our whole being - therefore. it leeko like a cripple.,Only when the actor-in able to yeur Everything] into hievheie being. then the face becomea beautiful of iteelf.,actor_struggle;daily_inspiration;directing_academic_footnote,body;cannot;end;first;life;weak;whole;will,0.890,internal_candidate_only__not_publicly_cleared,needs_visual_verification,"lesson/transcription/UWindsor attribution approved by Dawson, exact source context still required"
124,933,1558,"January 30, 1939","January 30, 1939",primary_chekhov_transcription: by Michael Chekhov; transcribed by Deirdre Hurst du Prey,https://collections.uwindsor.ca/chekhov/item/933,https://collections.uwindsor.ca/files/original/1b5d395dcacc5b94e22c42d9b4048a2847e0b734.pdf,pdf_cache/item_933_january-30-1939.pdf,extracted_text_all/item_933_january-30-1939.txt,2,"Bo pedontic about it at first. then it will come as a netuml thing — Hg; and 3113. _ What does this menu? Before you start to imagine your scene, you have to ask, ""what aml going to seen my imagination?"" You must as}: yourself what you are [going to see for your characterization - his body, or his inner life or certain movements or speech, how the scene develops. what the tempo oi‘ tho scene can suggost - if the tempo is slow. it is one psychological picture and if it is quick. it is quite anothor.","The will power is the first effort you must make, and the will must have an aim.",The tempo gives an obsolutely different life.,actor_struggle;daily_inspiration;directing_academic_footnote;method_terms,body;characterization;first;imagination;life;scene;speech;tempo;will,0.884,internal_candidate_only__not_publicly_cleared,needs_visual_verification,"lesson/transcription/UWindsor attribution approved by Dawson, exact source context still required"
124,678,1257,"March 12, 1937","March 12, 1937",primary_chekhov_transcription: by Michael Chekhov; transcribed by Deirdre Hurst du Prey,https://collections.uwindsor.ca/chekhov/item/678,https://collections.uwindsor.ca/files/original/637e2c81692e595e4a4c8b419f81591f997c4ae4.pdf,pdf_cache/item_678_march-12-1937.pdf,extracted_text_all/item_678_march-12-1937.txt,4,"Speak the word in the quality of the object. for instance, heavy, light, cold, *ake the quality and transform it into the movement, the word - you must do this by the feeling of the whole space, the whole group, the wholu action. when you are tired from this wogk you must make an effort and you will reach another level, and on this other level are beautiful things. Low let everyone join the group on the Stage and pass various objects frpm one to the other. increasing the tempo with a feeling of ensemble, reaching a climax and then slowing down thzough the feeling 3f ensemble.","1937 Then take other objects and give them to each other, being aware of the quality'of thd object.","Then for one moment realize the whgln - one stage, one family. one group, one dialogue - the wholo.",actor_struggle;daily_inspiration;directing_academic_footnote;method_terms,action;climax;cold;ensemble;feeling;group;quality;tempo;whole;will,0.883,internal_candidate_only__not_publicly_cleared,needs_visual_verification,"lesson/transcription/UWindsor attribution approved by Dawson, exact source context still required"
124,680,1259,"March 16, 1937 (afternoon)","March 16, 1937",primary_chekhov_transcription: by Michael Chekhov; transcribed by Deirdre Hurst du Prey,https://collections.uwindsor.ca/chekhov/item/680,https://collections.uwindsor.ca/files/original/94450b2ff459e4301f61eb3f0162a520266af770.pdf,pdf_cache/item_680_march-16-1937-afternoon.pdf,extracted_text_all/item_680_march-16-1937-afternoon.txt,12,"Chekhov ﬂarch 16, 1937 yet be n in m snirit, because that will be a prophecy for the future. {his image of an empty king's body will never disappear from the mind of the audience. uhcn i must make the metamorphosis to hear my soul and be king. without the smallest sign of being king in my body. 1 must not only know the end of my part, I must act the beginning period. showing the end in an opposite direction.",1.,"This was lacking in Paul's appearance, but this is the question of a very fine composition in the soul of the actor. and the director's task in to combine the elements of the beginning. sn that they will be absolutely opposite to the end. iho psychological gesture of the and must be done. as well as the psychological gesture of the beginning. let us take another case. when Beatrice. as Jew} has received the inupiration. lho young actor in not alw",actor_struggle;daily_inspiration;directing_academic_footnote,audience;beginning;body;direction;end;future;soul;will,0.890,internal_candidate_only__not_publicly_cleared,needs_visual_verification,"lesson/transcription/UWindsor attribution approved by Dawson, exact source context still required"
124,699,1278,"May 4, 1937","May 4, 1937",primary_chekhov_transcription: by Michael Chekhov; transcribed by Deirdre Hurst du Prey,https://collections.uwindsor.ca/chekhov/item/699,https://collections.uwindsor.ca/files/original/14ec99b98b77cabfa63b47e84ef62234cf3a37db.pdf,pdf_cache/item_699_may-4-1937.pdf,extracted_text_all/item_699_may-4-1937.txt,2,"You must also keep in mind that the beginning and the end of a thing are entirely different, For example, cralon must enter absolutely freshly, because at the end he lies dead. lhe director can develop the whole thing if he knows the line and the development. Through a technical rehearsal you must find these themes, and from this you will gradually find the nuances.","Each immovable moment on the part of his cast must be considered by the director to be a pause, therefore, the di— rector must know what his actors are doing. lhis mmkes the question of the mise en scare very difficult.","In giving & psychological objective this objective can color and affect all your actions. wor instance, the objective of Tralon is to bring in air, therefore, everything he does will have this quality.",actor_struggle;daily_inspiration;directing_academic_footnote,beginning;dead;director;end;rehearsal;whole;will,0.888,internal_candidate_only__not_publicly_cleared,needs_visual_verification,"lesson/transcription/UWindsor attribution approved by Dawson, exact source context still required"
124,1075,1706,"November 24, 1941: Michael Chekhov's sixth class for professional actors: The creative process -- The inspiration -- The method","November 24, 1941",primary_chekhov_transcription: by Michael Chekhov; transcribed by Deirdre Hurst du Prey,https://collections.uwindsor.ca/chekhov/item/1075,https://collections.uwindsor.ca/files/original/08f95e8a833eb7b3958cb11238ab06cc63364865.pdf,pdf_cache/item_1075_november-24-1941-michael-chekhov-s-sixth-class-for-professional-actors-the-creative-proces.pdf,extracted_text_all/item_1075_november-24-1941-michael-chekhov-s-sixth-class-for-professional-actors-the-creative-proces.txt,2,"THE METHOD: when we look upon this point which we call the creative process and tho inspiration. it is. of coursenour last and only aim, and we must look upon this point as though it were the center. and on tho periphery there are so many doors through which’ we had to look. By looking through these doors at the moment of inspiration, what will we go-ﬁftho end? we will get only the method. when we speak about the atmosphere, it is one of the doors which we can open and see there is the creative process. and there is the spark of inspiration.",Because if we deny the mothod. win cannot assume it. and if we do not know it exists. we cannot assume it either.,"We open another door, which may be the fooling of 0350 perhaps. than the door of the imagination - all the points of our Method are theao doors.",actor_struggle;daily_inspiration;directing_academic_footnote;method_terms,atmosphere;center;creative;end;inspiration;moment;will,0.891,internal_candidate_only__not_publicly_cleared,needs_visual_verification,"lesson/transcription/UWindsor attribution approved by Dawson, exact source context still required"
123,594,1150,"October 5, 1936: Opening Day -- Chekhov Theatre Studio",05-Oct-36,primary_chekhov_transcription: by Michael Chekhov; transcribed by Deirdre Hurst du Prey,https://collections.uwindsor.ca/chekhov/item/594,https://collections.uwindsor.ca/files/original/e3e46b981d41a5642ca0a71044f4be1f252922fb.pdf,pdf_cache/item_594_october-5-1936-opening-day-chekhov-theatre-studio.pdf,extracted_text_all/item_594_october-5-1936-opening-day-chekhov-theatre-studio.txt,1,"Chekhov COctober 5, 1936 CPENING DAY — CHEKHOY THEATRE STVDIO Dartington Hall, Totnes, Devon, ingland First THE ACTOR—ARTIST CONCENTRATION THE ACTOR®S MARCH THE ACTOR—ARTIST: It is very important that during the lessons you must be very active at all times. Your figure body must be beau— tiful during the whole lesson.",,"In whatever you are doing, you must feel yourself full of power, full of energy, and never allow yourself to be a bit weaker or use the chairs to help you.",actor_struggle;daily_inspiration;directing_academic_footnote;method_terms,body;concentration;first;theatre;whole,0.890,internal_candidate_only__not_publicly_cleared,needs_visual_verification,"lesson/transcription/UWindsor attribution approved by Dawson, exact source context still required"
123,1077,1708,"December 1, 1941: Michael Chekhov's eighth class for professional actors: The role of the director","December 1, 1941",primary_chekhov_transcription: by Michael Chekhov; transcribed by Deirdre Hurst du Prey,https://collections.uwindsor.ca/chekhov/item/1077,https://collections.uwindsor.ca/files/original/9581e17a7a3a183d104d790c4db9c387d28fe2a8.pdf,pdf_cache/item_1077_december-1-1941-michael-chekhov-s-eighth-class-for-professional-actors-the-role-of-the-dir.pdf,extracted_text_all/item_1077_december-1-1941-michael-chekhov-s-eighth-class-for-professional-actors-the-role-of-the-dir.txt,4,"When the actor cannot find his feelings — for instance, tender love for a child - if he tells the director that ho has never had a child. the director can answer him that everyone can give the quality of tenderness and love to his actions. Simultaneously we tako the action of moving the chair with the quality of ""care?.","Secondly. the simple action, and the simple quality will appeal to our utmost inner life, as wo are not touching our feelings first. we are not tearing our soul to pieces to find our feclings,iwhich cannot be found in that way.","Neither is the result. they are only the springboard for awakening the two main.things Which actors must always use to the fullest extent — our will. or action, and our feelings.",actor_struggle;daily_inspiration;directing_academic_footnote;method_terms,action;cannot;director;feelings;love;quality,0.887,internal_candidate_only__not_publicly_cleared,needs_visual_verification,"lesson/transcription/UWindsor attribution approved by Dawson, exact source context still required"
123,797,1376,"December 11, 1937","December 11, 1937",primary_chekhov_transcription: by Michael Chekhov; transcribed by Deirdre Hurst du Prey,https://collections.uwindsor.ca/chekhov/item/797,https://collections.uwindsor.ca/files/original/b07d7e67c15afa42f355e3bcb11d3475d79bb80a.pdf,pdf_cache/item_797_december-11-1937.pdf,extracted_text_all/item_797_december-11-1937.txt,1,"It means that the will rises and fills the whole being with a certain desire. This desire is led by a certain picture, which is the anticipation of the fulfillment of the objective — as a last moment or a series of moments; it depends on the actor or the nature of the objective; This describes the objective in general, but we know that in exercising the objective from the very beginning, we speak of it as ""I want"" or ""I wish"" - bx the condition €§i§3. what does this mean?",OBJECTIVE WITH CONDITIONS: What does the objective really mean for an actor?,This is the main point.,actor_struggle;daily_inspiration;directing_academic_footnote;method_terms,beginning;desire;moment;moments;objective;whole;will,0.888,internal_candidate_only__not_publicly_cleared,needs_visual_verification,"lesson/transcription/UWindsor attribution approved by Dawson, exact source context still required"
123,1078,2033,"December 5, 1941: Michael Chekhov's ninth class for professional actors: The psychological gesture","December 5, 1941",primary_chekhov_transcription: by Michael Chekhov; transcribed by Deirdre Hurst du Prey,https://collections.uwindsor.ca/chekhov/item/1078,https://collections.uwindsor.ca/files/original/37bb0f43cbbdbb4c610c4e87f0c108d2afed3fa7.pdf,pdf_cache/item_1078_december-5-1941-michael-chekhov-s-ninth-class-for-professional-actors-the-psychological-ge.pdf,extracted_text_all/item_1078_december-5-1941-michael-chekhov-s-ninth-class-for-professional-actors-the-psychological-ge.txt,4,"oR pe Ke Chekhov December 5, 1941 an absolutely free field for expressing this, and there is an endless variety of gestures, We can take radiation as another point. I can ""radiate my admiration™ in any number of waya, We can take any point of the kethod and turn it into a — While rehearsing, we must turn it into a physical gesture, using our whole body.",,What for?,actor_struggle;daily_inspiration;directing_academic_footnote;method_terms,body;free;gesture;radiation;rehearsing;whole,0.881,internal_candidate_only__not_publicly_cleared,needs_visual_verification,"lesson/transcription/UWindsor attribution approved by Dawson, exact source context still required"
123,670,1229,"February 22, 1937","February 22, 1937",primary_chekhov_transcription: by Michael Chekhov; transcribed by Deirdre Hurst du Prey,https://collections.uwindsor.ca/chekhov/item/670,https://collections.uwindsor.ca/files/original/9fd22e7107fe9c212a73ebd11e38108f3f116e47.pdf,pdf_cache/item_670_february-22-1937.pdf,extracted_text_all/item_670_february-22-1937.txt,2,Keep and develop the ability to be concentrated absolutely from the beginning to the end of the rehearsal. It will be tiring at first. but then you will find that without concentration you will be much more tired.,CONCENTRATION: The Golden Stgeg: The power of concentration will help us in our next step. which is improvisation.,,actor_struggle;directing_academic_footnote;method_terms,ability;beginning;concentration;end;first;rehearsal;will,0.893,internal_candidate_only__not_publicly_cleared,needs_visual_verification,"lesson/transcription/UWindsor attribution approved by Dawson, exact source context still required"
123,837,1444,"February 25, 1938","February 25, 1938",primary_chekhov_transcription: by Michael Chekhov; transcribed by Deirdre Hurst du Prey,https://collections.uwindsor.ca/chekhov/item/837,https://collections.uwindsor.ca/files/original/fea15c939be1bd99d817c7738fb3594c323949bc.pdf,pdf_cache/item_837_february-25-1938.pdf,extracted_text_all/item_837_february-25-1938.txt,1,"Michael Chekhov February 25, 1938 RHYTHM \ RHYTHMICAL EVENTS BEGINNING AND END —- FEELING OF THE ”HOLE BRIDGES AND TRANSITION P THIGICAL COIv‘POSITION PERFORI-‘ANCE AFTER CURTAIN IS DOWN King Lear Leo Tolstoy RI'IYTHHI Riﬂl'l‘llf .1 CAL EVE-ITS I I have noticed with some of our etudents that the feeling of the beginning and the end, which is at the same time the feeling of the whole. was done sometimes intellectually.",,The illusion of the whole is there but the real experience of the whole - the beginning and the end - is not.,actor_struggle;daily_inspiration;directing_academic_footnote;method_terms,beginning;end;events;feeling;rhythm;whole,0.887,internal_candidate_only__not_publicly_cleared,needs_visual_verification,"lesson/transcription/UWindsor attribution approved by Dawson, exact source context still required"
123,839,1446,"February 28, 1938","February 28, 1938",primary_chekhov_transcription: by Michael Chekhov; transcribed by Deirdre Hurst du Prey,https://collections.uwindsor.ca/chekhov/item/839,https://collections.uwindsor.ca/files/original/efb826e423e2e196494db41ab155c3144992aa48.pdf,pdf_cache/item_839_february-28-1938.pdf,extracted_text_all/item_839_february-28-1938.txt,1,"Radiation - this power of conquering the Space - must be a spiritual thi Q. lover depend upon your body or your voice, because they are too weak. iho Spiritual motivation must be there. If we do the psychological gosturo without this inLer spiritual 90 r. it is nothh ;ho psychological gesture is a lever for the actor‘s whole being.",16L!,Each slight movement from radiation and inner power must be like an event. ﬂithout any touoion. isychological tension is the sane as physical tension — it stops you.,actor_struggle;daily_inspiration;directing_academic_footnote;method_terms,body;gesture;psychological gesture;radiation;voice;weak;whole,0.884,internal_candidate_only__not_publicly_cleared,needs_visual_verification,"lesson/transcription/UWindsor attribution approved by Dawson, exact source context still required"
123,746,1324,"July 18, 1937","July 18, 1937",primary_chekhov_transcription: by Michael Chekhov; transcribed by Deirdre Hurst du Prey,https://collections.uwindsor.ca/chekhov/item/746,https://collections.uwindsor.ca/files/original/896112414dc92ea9e1ea802c9b3b228f984efcba.pdf,pdf_cache/item_746_july-18-1937.pdf,extracted_text_all/item_746_july-18-1937.txt,6,"I say three because of the three parts: the beginning. the middle, and the end. In canon whore tho firat and last part are so close to each other that the transition is only one moment, this is another question. whothor there is a climax or not. but wo will not touch on this problém new.",CLIL’AXSI c) You must find at least three clhmxes in each sketch.,"We must speak of the thraa parts as if the middle part 13 a long transition, and it :2th ham; a climax.",actor_struggle;directing_academic_footnote,beginning;climax;end;middle;moment;will,0.871,internal_candidate_only__not_publicly_cleared,needs_visual_verification,"lesson/transcription/UWindsor attribution approved by Dawson, exact source context still required"
123,978,1606,"July 18, 1939","July 18, 1939",primary_chekhov_transcription: by Michael Chekhov; transcribed by Deirdre Hurst du Prey,https://collections.uwindsor.ca/chekhov/item/978,https://collections.uwindsor.ca/files/original/7a017218022d1266b62b67c1d17dd49ad1a17e8b.pdf,pdf_cache/item_978_july-18-1939.pdf,extracted_text_all/item_978_july-18-1939.txt,10,It is a law which you cannot eucupo. And if you will look at thin group. you will see there are definitely three ports. the beginningand tho and. and the space between in the middle part - a harmonious whole. .,Each rhythmical pattern. from our point of View. hm: always three parts.,,actor_struggle;daily_inspiration;directing_academic_footnote,cannot;group;middle;whole;will,0.889,internal_candidate_only__not_publicly_cleared,needs_visual_verification,"lesson/transcription/UWindsor attribution approved by Dawson, exact source context still required"
123,980,1608,"July 25, 1939","July 25, 1939",primary_chekhov_transcription: by Michael Chekhov; transcribed by Deirdre Hurst du Prey,https://collections.uwindsor.ca/chekhov/item/980,https://collections.uwindsor.ca/files/original/9e0a9ae2b834da8c54ce3b913b40156c2c348ba8.pdf,pdf_cache/item_980_july-25-1939.pdf,extracted_text_all/item_980_july-25-1939.txt,1,STYLE: General criticism and suggestion; In each stage of rehearsing. there are different periods for receiving'tho general suggestions of the director. In the first stage. general suggestions cannot be taken.,This is a good and positive thing.,Eﬁt this is not the first stage. and you are now in the position to receive acme general suggestions.,actor_struggle;daily_inspiration;directing_academic_footnote;method_terms,cannot;director;first;receiving;rehearsing;style,0.888,internal_candidate_only__not_publicly_cleared,needs_visual_verification,"lesson/transcription/UWindsor attribution approved by Dawson, exact source context still required"
123,733,1312,"June 29, 1937 (afternoon)","June 29, 1937",primary_chekhov_transcription: by Michael Chekhov; transcribed by Deirdre Hurst du Prey,https://collections.uwindsor.ca/chekhov/item/733,https://collections.uwindsor.ca/files/original/69ac44a29557f0ae267a898cdf246eec8b8927d7.pdf,pdf_cache/item_733_june-29-1937-afternoon.pdf,extracted_text_all/item_733_june-29-1937-afternoon.txt,1,"For example, in M3}; the division in the play will depend upon the director's imagination. In the beginning a ghost force, in tho second part the play is opening up. and in the third part so many people are dead, it is more than open. it has disappeared Mm the stage.","2, or 3 is — this depends upon your in— stinct.",BEGINNING.,actor_struggle;daily_inspiration;directing_academic_footnote,beginning;dead;director;director's;imagination;play;will,0.880,internal_candidate_only__not_publicly_cleared,needs_visual_verification,"lesson/transcription/UWindsor attribution approved by Dawson, exact source context still required"
123,855,1462,"March 15, 1938","March 15, 1938",primary_chekhov_transcription: by Michael Chekhov; transcribed by Deirdre Hurst du Prey,https://collections.uwindsor.ca/chekhov/item/855,https://collections.uwindsor.ca/files/original/c4d2266f89affdd8d7d1a073baef435026dca9be.pdf,pdf_cache/item_855_march-15-1938.pdf,extracted_text_all/item_855_march-15-1938.txt,1,"0 Michael Chekhov Larch 15, 1938 ATHOSPHERE STYLE \ FEELING 0F TRUTH PSYCHOLOGICAL GESTURE ATMOSPHERE! Shdanoff Flax: [Ehe Possessed]: meatlng‘scono: We must remember the psychological moments and bridges from the very beginning to the point whore we try to speak the real text.",,"0n the basis of atmosphere - slow, stately, expectantly waiting for the arrival of the leader.",actor_struggle;daily_inspiration;directing_academic_footnote;method_terms,atmosphere;beginning;feeling;gesture;moments;psychological gesture;style;truth,0.886,internal_candidate_only__not_publicly_cleared,needs_visual_verification,"lesson/transcription/UWindsor attribution approved by Dawson, exact source context still required"
123,944,1569,"March 7, 1939","March 7, 1939",primary_chekhov_transcription: by Michael Chekhov; transcribed by Deirdre Hurst du Prey,https://collections.uwindsor.ca/chekhov/item/944,https://collections.uwindsor.ca/files/original/f90c7ff0b51899d0f3ef0c20bb7828491e0e973f.pdf,pdf_cache/item_944_march-7-1939.pdf,extracted_text_all/item_944_march-7-1939.txt,6,1939 .pointe - thin in the beginning and this is the end - perhaps in the middle there will be award in the style of the play. If it is too vague. then give another condition which will lend them.,3‘1 5 I H.‘ Chekhov march 7 .,Then perhaps if; will be nearer to the exercise - when it it: taken no on exerozé’ee.‘ then it EQ‘IDBJgiven coneciouelyymfrhq director can add conditione lute; one If it in too vague and menu nothing. the director can give an objective. or simply tell the actors it in teengue and eel: than to find tmnei’hiene from one point to (mother.,actor_struggle;directing_academic_footnote;method_terms,beginning;end;middle;play;style;will,0.881,internal_candidate_only__not_publicly_cleared,needs_visual_verification,"lesson/transcription/UWindsor attribution approved by Dawson, exact source context still required"
123,633,1189,"November 27, 1936","November 27, 1936",primary_chekhov_transcription: by Michael Chekhov; transcribed by Deirdre Hurst du Prey,https://collections.uwindsor.ca/chekhov/item/633,https://collections.uwindsor.ca/files/original/8afcf96e8ebc310f3a73624f7bcc0fb15b1e59b4.pdf,pdf_cache/item_633_november-27-1936.pdf,extracted_text_all/item_633_november-27-1936.txt,2,"Rach person requires a different amount of preparation for the beginning and the end. In order to fuse your will and the rhythmical pattern, you must feel your whole body and use your whole body.","The space and the time is one thing for an artist, from which he is able to create the past and the future. | Zach person must understand this psychologically.",This is the only way you can command your body — by using it and knowing it perfectly.,actor_struggle;daily_inspiration;directing_academic_footnote,beginning;body;end;whole;will,0.887,internal_candidate_only__not_publicly_cleared,needs_visual_verification,"lesson/transcription/UWindsor attribution approved by Dawson, exact source context still required"
123,919,1544,"November 3, 1938: Plans for the studio's life in Dartington and in America","November 3, 1938",primary_chekhov_transcription: by Michael Chekhov; transcribed by Deirdre Hurst du Prey,https://collections.uwindsor.ca/chekhov/item/919,https://collections.uwindsor.ca/files/original/0ecd55612a63172cb686f41aace83151918fc8ae.pdf,pdf_cache/item_919_november-3-1938-plans-for-the-studio-s-life-in-dartington-and-in-america.pdf,extracted_text_all/item_919_november-3-1938-plans-for-the-studio-s-life-in-dartington-and-in-america.txt,4,"If we should go on with this I would any that Miriam should try to express the metamorphoceo of tho cootumoo and tho characters. hhonvﬁou are Working pith ouch directors as vo have in our school, vmo are trying to olaborato this idea of metamorphoscs in tho whole play through costumes, settings. acting and everything! the designer must be more interested and more careful with the transitions and tho motamorphosoo from the beginning to the end, and why the play in divided into three parts. ctc.. etc. when working with such directors it will be essential for tho stage designer to pay ottontion to the idea of the motomorphoois of tho whole.","We know that no have oomohow divided tho play into certain sections. certain parts, and you have shown tho three parts.",I am sorry you have not brought everything with you.,actor_struggle;daily_inspiration;directing_academic_footnote,beginning;directors;end;play;whole;will,0.886,internal_candidate_only__not_publicly_cleared,needs_visual_verification,"lesson/transcription/UWindsor attribution approved by Dawson, exact source context still required"
123,748,1327,"September 27, 1937","September 27, 1937",primary_chekhov_transcription: by Michael Chekhov; transcribed by Deirdre Hurst du Prey,https://collections.uwindsor.ca/chekhov/item/748,https://collections.uwindsor.ca/files/original/587ea44317353a61f23f82cb781177f080c57c49.pdf,pdf_cache/item_748_september-27-1937.pdf,extracted_text_all/item_748_september-27-1937.txt,13,"Your soul will be so flexible and so accustomed to this kind of work on the stage that you will take an objective on entering the stage. or psychological gesture. or atmosphere. etc. Therefore, at the beginning you must be pedantic with yourselves.","If you need inagination, you will take it, or if you need an objective you will take it. so that you will never be lost during an inmrovisation.",Don't allow yourselves to be happy because you are happy.,actor_struggle;daily_inspiration;directing_academic_footnote;method_terms,atmosphere;beginning;gesture;objective;psychological gesture;soul;will,0.892,internal_candidate_only__not_publicly_cleared,needs_visual_verification,"lesson/transcription/UWindsor attribution approved by Dawson, exact source context still required"
122,1077,1708,"December 1, 1941: Michael Chekhov's eighth class for professional actors: The role of the director","December 1, 1941",primary_chekhov_transcription: by Michael Chekhov; transcribed by Deirdre Hurst du Prey,https://collections.uwindsor.ca/chekhov/item/1077,https://collections.uwindsor.ca/files/original/9581e17a7a3a183d104d790c4db9c387d28fe2a8.pdf,pdf_cache/item_1077_december-1-1941-michael-chekhov-s-eighth-class-for-professional-actors-the-role-of-the-dir.pdf,extracted_text_all/item_1077_december-1-1941-michael-chekhov-s-eighth-class-for-professional-actors-the-role-of-the-dir.txt,1,"0R FEELINGS ATMOSPHERE ORDER OF WORK - ATMOSPHERE - GESTURE WITH ' QUALITIES - CHARACTERIZATION TRANSFORMED FEELINGS TWO STATES OF CONSCIOUSNESS CMRACTERIZATION THE‘CREATIVE INDIVIDUALITX’ -. THE HIGHER INDIVIDUALITY - COLLABORATION 0F AUTHOR, ACTOR, AND DIRECTOR moncow Art Theatre Hamlet We; Bernard Shaw MEANS OF APPROACHING THE PLAY: To be able to go on with our sketch. we must investigate another point which will lead us to the next series of rehearsals.","19% MICHAEL CHEKHOV'S EIGHTH CLASS FOR PROFESSIONAL ACTORS ""THE ROLE OF THE DIRECTOR"" MEANS OF APPROACHING THE PLAY WILL, 0R ACTION AND QUALITIES.",There is one very interesting process in human beings. and in actors especially. which can be used not only when we are preparing a part. but also by the director as well.,actor_struggle;daily_inspiration;directing_academic_footnote;method_terms,art;atmosphere;author;characterization;creative;director;feelings;gesture;higher individuality;individuality;play;qualities;rehearsals;theatre;will,0.883,internal_candidate_only__not_publicly_cleared,needs_visual_verification,"lesson/transcription/UWindsor attribution approved by Dawson, exact source context still required"
122,644,1200,"December 10, 1936","December 10, 1936",primary_chekhov_transcription: by Michael Chekhov; transcribed by Deirdre Hurst du Prey,https://collections.uwindsor.ca/chekhov/item/644,https://collections.uwindsor.ca/files/original/48f008bc53d13f5d3118f5efa55cad4938f2d796.pdf,pdf_cache/item_644_december-10-1936.pdf,extracted_text_all/item_644_december-10-1936.txt,7,The beginning of this atmosphere is in the very begin— ning of the play in the voice of the Guard — this is the first hopg and the second hope is when Antin first appears.,This heroism transforms the atmosphere of the Golden Steed.,"The third hope is Antin‘s second appesrance, and the fourth hope is the flower in the Golden Steed.",actor_struggle;daily_inspiration;directing_academic_footnote;method_terms,atmosphere;beginning;first;play;voice,0.887,internal_candidate_only__not_publicly_cleared,needs_visual_verification,"lesson/transcription/UWindsor attribution approved by Dawson, exact source context still required"
122,644,1200,"December 10, 1936","December 10, 1936",primary_chekhov_transcription: by Michael Chekhov; transcribed by Deirdre Hurst du Prey,https://collections.uwindsor.ca/chekhov/item/644,https://collections.uwindsor.ca/files/original/48f008bc53d13f5d3118f5efa55cad4938f2d796.pdf,pdf_cache/item_644_december-10-1936.pdf,extracted_text_all/item_644_december-10-1936.txt,7,"The beginning of this atmosphere is in the very begin— ning of the play in the voice of the Guard — this is the first hopg and the second hope is when Antin first appears. The third hope is Antin‘s second appesrance, and the fourth hope is the flower in the Golden Steed.",This heroism transforms the atmosphere of the Golden Steed.,"For the evil group the structure is the same. wWhen hope appears, the avil group develops and continues the theme which the ®""irst san starts.",actor_struggle;daily_inspiration;directing_academic_footnote;method_terms,atmosphere;beginning;first;play;voice,0.887,internal_candidate_only__not_publicly_cleared,needs_visual_verification,"lesson/transcription/UWindsor attribution approved by Dawson, exact source context still required"
122,644,1200,"December 10, 1936","December 10, 1936",primary_chekhov_transcription: by Michael Chekhov; transcribed by Deirdre Hurst du Prey,https://collections.uwindsor.ca/chekhov/item/644,https://collections.uwindsor.ca/files/original/48f008bc53d13f5d3118f5efa55cad4938f2d796.pdf,pdf_cache/item_644_december-10-1936.pdf,extracted_text_all/item_644_december-10-1936.txt,7,This heroism transforms the atmosphere of the Golden Steed. The beginning of this atmosphere is in the very begin— ning of the play in the voice of the Guard — this is the first hopg and the second hope is when Antin first appears.,We can speak about it only by facts —and nevervyty hope.,"The third hope is Antin‘s second appesrance, and the fourth hope is the flower in the Golden Steed.",actor_struggle;daily_inspiration;directing_academic_footnote;method_terms,atmosphere;beginning;first;play;voice,0.887,internal_candidate_only__not_publicly_cleared,needs_visual_verification,"lesson/transcription/UWindsor attribution approved by Dawson, exact source context still required"
122,827,1434,"February 14, 1938","February 14, 1938",primary_chekhov_transcription: by Michael Chekhov; transcribed by Deirdre Hurst du Prey,https://collections.uwindsor.ca/chekhov/item/827,https://collections.uwindsor.ca/files/original/260f65db82dadf54bb248b40c795641a9649bb0f.pdf,pdf_cache/item_827_february-14-1938.pdf,extracted_text_all/item_827_february-14-1938.txt,14,"Elnhirst and Miss Crowtherx __________.__________________________.______ Mrs, Elnhirstx I have one or two points propArcd. First, I wondercd if it would help you to see the whole scene more in terms of the outward form. so that we would get the feeling the character was working to a climax.",Comments bv ﬁrs.,"For instance, when you drink the poison. the drinking had no more importance than any other movement.",actor_struggle;daily_inspiration;directing_academic_footnote;method_terms,climax;feeling;first;form;scene;whole,0.857,internal_candidate_only__not_publicly_cleared,needs_visual_verification,"lesson/transcription/UWindsor attribution approved by Dawson, exact source context still required"
122,827,1434,"February 14, 1938","February 14, 1938",primary_chekhov_transcription: by Michael Chekhov; transcribed by Deirdre Hurst du Prey,https://collections.uwindsor.ca/chekhov/item/827,https://collections.uwindsor.ca/files/original/260f65db82dadf54bb248b40c795641a9649bb0f.pdf,pdf_cache/item_827_february-14-1938.pdf,extracted_text_all/item_827_february-14-1938.txt,14,"First, I wondercd if it would help you to see the whole scene more in terms of the outward form. so that we would get the feeling the character was working to a climax.","Elnhirst and Miss Crowtherx __________.__________________________.______ Mrs, Elnhirstx I have one or two points propArcd.","For instance, when you drink the poison. the drinking had no more importance than any other movement.",actor_struggle;daily_inspiration;directing_academic_footnote;method_terms,climax;feeling;first;form;scene;whole,0.857,internal_candidate_only__not_publicly_cleared,needs_visual_verification,"lesson/transcription/UWindsor attribution approved by Dawson, exact source context still required"
122,827,1434,"February 14, 1938","February 14, 1938",primary_chekhov_transcription: by Michael Chekhov; transcribed by Deirdre Hurst du Prey,https://collections.uwindsor.ca/chekhov/item/827,https://collections.uwindsor.ca/files/original/260f65db82dadf54bb248b40c795641a9649bb0f.pdf,pdf_cache/item_827_february-14-1938.pdf,extracted_text_all/item_827_february-14-1938.txt,14,"First, I wondercd if it would help you to see the whole scene more in terms of the outward form. so that we would get the feeling the character was working to a climax. For instance, when you drink the poison. the drinking had no more importance than any other movement.","Elnhirst and Miss Crowtherx __________.__________________________.______ Mrs, Elnhirstx I have one or two points propArcd.",Then I could see what Er.,actor_struggle;daily_inspiration;directing_academic_footnote;method_terms,climax;feeling;first;form;scene;whole,0.857,internal_candidate_only__not_publicly_cleared,needs_visual_verification,"lesson/transcription/UWindsor attribution approved by Dawson, exact source context still required"
122,837,1444,"February 25, 1938","February 25, 1938",primary_chekhov_transcription: by Michael Chekhov; transcribed by Deirdre Hurst du Prey,https://collections.uwindsor.ca/chekhov/item/837,https://collections.uwindsor.ca/files/original/fea15c939be1bd99d817c7738fb3594c323949bc.pdf,pdf_cache/item_837_february-25-1938.pdf,extracted_text_all/item_837_february-25-1938.txt,2,"Chekhov February 25, 1938 end as a t ansition - a Esychological. ohxsieal, or emotional bridge. It is quite natural if we have a feeling of the whole, we experience this middle part, but by studying these things we have to pay attention especially to this transitional part.",H.,This is nothing new but we must be able to concentrate on this part.,actor_struggle;daily_inspiration;directing_academic_footnote;method_terms,attention;end;feeling;middle;whole,0.889,internal_candidate_only__not_publicly_cleared,needs_visual_verification,"lesson/transcription/UWindsor attribution approved by Dawson, exact source context still required"
122,663,1222,"February 3, 1937","February 3, 1937",primary_chekhov_transcription: by Michael Chekhov; transcribed by Deirdre Hurst du Prey,https://collections.uwindsor.ca/chekhov/item/663,https://collections.uwindsor.ca/files/original/7746e3355a480c0b4cf1c2a7eb5c862436b9c7d9.pdf,pdf_cache/item_663_february-3-1937.pdf,extracted_text_all/item_663_february-3-1937.txt,5,"Chekhov february 3, 1937 AFTER TH?) CURTAIN IS TJOWN: 1hr: ’Enldon Stanly There are three mogcnts which we will later call climaxes. These thrce points are the moments which will lead us through the whole play. tur play begins with a certain silence and ends with a silence. and between these two silences lies the whole play.",n.,Low we must try to find some technical mise en sccnc for the beginning and the end; as a frame.,actor_struggle;daily_inspiration;directing_academic_footnote,climaxes;moments;play;whole;will,0.892,internal_candidate_only__not_publicly_cleared,needs_visual_verification,"lesson/transcription/UWindsor attribution approved by Dawson, exact source context still required"
122,652,1208,"January 14, 1937","January 14, 1937",primary_chekhov_transcription: by Michael Chekhov; transcribed by Deirdre Hurst du Prey,https://collections.uwindsor.ca/chekhov/item/652,https://collections.uwindsor.ca/files/original/19c5ab30fdad4f4219d19eb0dc92c37957cabc04.pdf,pdf_cache/item_652_january-14-1937.pdf,extracted_text_all/item_652_january-14-1937.txt,2,"The task is very big, and the problems are difficult. and the future is very far. But we must start. ear-riot: IMAGINING THE PLAY: The Fishino Scone: ___________L_____ The first thing you must do is to imagine everything that the director or the designer will tell you. in order to hear. not with your brain or intellect, but with yolm imagination. you must train yourself to hear everything with your imagination.",Such a feeling can be the first step towards the new understanding of the theatre. and with such an understanding perhaps we will be able to create a really new kind of theatre.,You must turn everything you hour into a picture.,actor_struggle;daily_inspiration;directing_academic_footnote,difficult;director;first;future;imagination;play;will,0.877,internal_candidate_only__not_publicly_cleared,needs_visual_verification,"lesson/transcription/UWindsor attribution approved by Dawson, exact source context still required"
122,659,1218,"January 23, 1937","January 23, 1937",primary_chekhov_transcription: by Michael Chekhov; transcribed by Deirdre Hurst du Prey,https://collections.uwindsor.ca/chekhov/item/659,https://collections.uwindsor.ca/files/original/9024fda428c5288fb58b9435e4effc607a45f37a.pdf,pdf_cache/item_659_january-23-1937.pdf,extracted_text_all/item_659_january-23-1937.txt,1,"To make the atmosphere and radiate it. to produce a paychological gesture inwardly. to Speak and fill the space - if you will try to do all of this,,you.will increase your power. This activity must have direction. ihc second rehearsal Has much better, which shows that we can do better. if you cannot. than the mistake would be with the director, but you can do better. therefore it is your_rosponsibility.","As a result the speech was only moving the mouth, and nothing more.",PQYCHOLOGIGAL GWSTURW: Abyss exercise: The world of the real life and the world r lnavination are two entirely different worlds.,actor_struggle;daily_inspiration;directing_academic_footnote;method_terms,atmosphere;cannot;direction;director;gesture;mistake;rehearsal;will,0.885,internal_candidate_only__not_publicly_cleared,needs_visual_verification,"lesson/transcription/UWindsor attribution approved by Dawson, exact source context still required"
122,885,1492,"June 7, 1938 (morning)","June 7, 1938",primary_chekhov_transcription: by Michael Chekhov; transcribed by Deirdre Hurst du Prey,https://collections.uwindsor.ca/chekhov/item/885,https://collections.uwindsor.ca/files/original/3967c3cf38f4fdb278f9494fc36680337c527e40.pdf,pdf_cache/item_885_june-7-1938-morning.pdf,extracted_text_all/item_885_june-7-1938-morning.txt,2,"Then try to do it many times. at first in general. and then gradually add more and soho details. Now try to oxporionoo it with your whole body, in a sense try to find tho psychological gesture for the whole play.",Concnntrntn ahd fly over the play in your imagination. having this fooling of the whole.,Then try to find morn archetypal gestures occupying yuur whole body. your whole actor's instrument.,actor_struggle;daily_inspiration;directing_academic_footnote;method_terms,body;first;gesture;play;psychological gesture;whole,0.886,internal_candidate_only__not_publicly_cleared,needs_visual_verification,"lesson/transcription/UWindsor attribution approved by Dawson, exact source context still required"
122,859,1466,"March 17, 1938","March 17, 1938",primary_chekhov_transcription: by Michael Chekhov; transcribed by Deirdre Hurst du Prey,https://collections.uwindsor.ca/chekhov/item/859,https://collections.uwindsor.ca/files/original/a89fcf996d4197e9e6cd41279ef18565e64ff7df.pdf,pdf_cache/item_859_march-17-1938.pdf,extracted_text_all/item_859_march-17-1938.txt,1,"Awaken this ability in you, psychologically. Secondly, we have tried to live in this one whole thing with a feeling that there is a beginning, there is an end and a beginning. and they are bound together and this link which binds them together we call the middle part. or the transitional part.",Yesterday we tried to awaken in us as artists. the ability to express everything we want to embrace as one whole.,Recall all those feelings.,actor_struggle;daily_inspiration;directing_academic_footnote,ability;beginning;end;feeling;middle;whole,0.889,internal_candidate_only__not_publicly_cleared,needs_visual_verification,"lesson/transcription/UWindsor attribution approved by Dawson, exact source context still required"
122,859,1466,"March 17, 1938","March 17, 1938",primary_chekhov_transcription: by Michael Chekhov; transcribed by Deirdre Hurst du Prey,https://collections.uwindsor.ca/chekhov/item/859,https://collections.uwindsor.ca/files/original/a89fcf996d4197e9e6cd41279ef18565e64ff7df.pdf,pdf_cache/item_859_march-17-1938.pdf,extracted_text_all/item_859_march-17-1938.txt,1,"Secondly, we have tried to live in this one whole thing with a feeling that there is a beginning, there is an end and a beginning. and they are bound together and this link which binds them together we call the middle part. or the transitional part. Recall all those feelings.","Awaken this ability in you, psychologically.",Third.,actor_struggle;daily_inspiration;directing_academic_footnote,beginning;end;feeling;feelings;middle;whole,0.889,internal_candidate_only__not_publicly_cleared,needs_visual_verification,"lesson/transcription/UWindsor attribution approved by Dawson, exact source context still required"
122,861,1468,"March 18, 1938","March 18, 1938",primary_chekhov_transcription: by Michael Chekhov; transcribed by Deirdre Hurst du Prey,https://collections.uwindsor.ca/chekhov/item/861,https://collections.uwindsor.ca/files/original/ae6438dc92b7fc7632d282f7ad2688a8607e4936.pdf,pdf_cache/item_861_march-18-1938.pdf,extracted_text_all/item_861_march-18-1938.txt,2,"The theme is very simple — in the beginning we are enemies. and in the end we are friends. Pay attention to this ""individuality in the group!","“ Chekhov sarch 18, 1938 To be friendly - concentric — to be friendly - ec- \ centric.",Th5 must.,actor_struggle;daily_inspiration;directing_academic_footnote;method_terms,attention;beginning;end;group;individuality,0.887,internal_candidate_only__not_publicly_cleared,needs_visual_verification,"lesson/transcription/UWindsor attribution approved by Dawson, exact source context still required"
122,847,1454,"March 8, 1938","March 8, 1938",primary_chekhov_transcription: by Michael Chekhov; transcribed by Deirdre Hurst du Prey,https://collections.uwindsor.ca/chekhov/item/847,https://collections.uwindsor.ca/files/original/e7d15e203590b850ac4fd6f48e5041b534502d9e.pdf,pdf_cache/item_847_march-8-1938.pdf,extracted_text_all/item_847_march-8-1938.txt,1,"Do not confuse the end with the ""stop"" - the end is the end of the creative work. Now do the beginning, then fifteen times the middle part. then the end.","Now do the beginning, the middle part three times, and the and.",,actor_struggle;daily_inspiration;directing_academic_footnote,beginning;creative;end;middle;stop,0.889,internal_candidate_only__not_publicly_cleared,needs_visual_verification,"lesson/transcription/UWindsor attribution approved by Dawson, exact source context still required"
122,847,1454,"March 8, 1938","March 8, 1938",primary_chekhov_transcription: by Michael Chekhov; transcribed by Deirdre Hurst du Prey,https://collections.uwindsor.ca/chekhov/item/847,https://collections.uwindsor.ca/files/original/e7d15e203590b850ac4fd6f48e5041b534502d9e.pdf,pdf_cache/item_847_march-8-1938.pdf,extracted_text_all/item_847_march-8-1938.txt,1,"Now do the beginning, the middle part three times, and the and. Do not confuse the end with the ""stop"" - the end is the end of the creative work.",Everything is beautiful.,"Now do the beginning, then fifteen times the middle part. then the end.",actor_struggle;daily_inspiration;directing_academic_footnote,beginning;creative;end;middle;stop,0.889,internal_candidate_only__not_publicly_cleared,needs_visual_verification,"lesson/transcription/UWindsor attribution approved by Dawson, exact source context still required"
122,920,1545,"November 3, 1938: Rehearsal suggestions for Spanish Evening and The Possessed","November 3, 1938",primary_chekhov_transcription: by Michael Chekhov; transcribed by Deirdre Hurst du Prey,https://collections.uwindsor.ca/chekhov/item/920,https://collections.uwindsor.ca/files/original/281ab53a0aaf4c919730ce6cb77ba2f62fcb18bd.pdf,pdf_cache/item_920_november-3-1938-rehearsal-suggestions-for-spanish-evening-and-the-possessed.pdf,extracted_text_all/item_920_november-3-1938-rehearsal-suggestions-for-spanish-evening-and-the-possessed.txt,2,Try to find where the first. second and third parts are in the play. and the transitions. and try to read the whole play from this point of View. The next task will be tempo.,"Chekhov , iiovombor 3, 1938 imitation of those evil thingo.","Sgoning Evoninm Sugestions to Mary La: Before no can accept any of those form: or elaborate one which will include them allwhon you meet him and than you turn away, thin in a short «my to got tho right thing.",actor_struggle;daily_inspiration;directing_academic_footnote;method_terms,first;play;tempo;whole;will,0.886,internal_candidate_only__not_publicly_cleared,needs_visual_verification,"lesson/transcription/UWindsor attribution approved by Dawson, exact source context still required"
121,985,1617,"August 18, 1939","August 18, 1939",primary_chekhov_transcription: by Michael Chekhov; transcribed by Deirdre Hurst du Prey,https://collections.uwindsor.ca/chekhov/item/985,https://collections.uwindsor.ca/files/original/f0e47ae79cc85e1e65e2d09ece4ae3072bf0c9fc.pdf,pdf_cache/item_985_august-18-1939.pdf,extracted_text_all/item_985_august-18-1939.txt,2,"It cannot be taken no pedentiéelly - everything Whimust be taken into. conqidoratioh by your hum}; feeling of .,...:,,.tx~uth. and by your artistic inntinct oveh boa-fern the director tolls you the different objectives and tempo. 'otc.'- To a I cumin extent it it: always the truth in given circumo’cencoo. end when you are over this limit. you are two and yet not tme‘boceuue you should have in your ooul eoncthinguliko-a ingrained. a. madam of Dickcn'e humer.","Chekhov linguist 18, 1939 that even if you didn't know that it was Dickcnn end a comedy. you couldn't make a tragiodielogue out of it.","I THE peycnonoexmz, plasma.",actor_struggle;daily_inspiration;directing_academic_footnote;method_terms,cannot;director;end;feeling;tempo;truth,0.875,internal_candidate_only__not_publicly_cleared,needs_visual_verification,"lesson/transcription/UWindsor attribution approved by Dawson, exact source context still required"
121,1078,2033,"December 5, 1941: Michael Chekhov's ninth class for professional actors: The psychological gesture","December 5, 1941",primary_chekhov_transcription: by Michael Chekhov; transcribed by Deirdre Hurst du Prey,https://collections.uwindsor.ca/chekhov/item/1078,https://collections.uwindsor.ca/files/original/37bb0f43cbbdbb4c610c4e87f0c108d2afed3fa7.pdf,pdf_cache/item_1078_december-5-1941-michael-chekhov-s-ninth-class-for-professional-actors-the-psychological-ge.pdf,extracted_text_all/item_1078_december-5-1941-michael-chekhov-s-ninth-class-for-professional-actors-the-psychological-ge.txt,22,"opHeE ie Chekhov | December 5, 1941 secret ways that we do not know why we cannot act a certain part. But if the body is free, then forever I am free in thig way, The bodily development is essential, FIRST APPROACH TO THE PLAY - THE ACTOR'S DREAMS OR INTUITION ugstions I understand what you mean by the archetype and the gesture, and it is a very releasing thing.",,"But when I have finished reading a play, I have always come to certain intellectual conclusions about it, I don't feel it would be right to negate this.",actor_struggle;daily_inspiration;directing_academic_footnote;method_terms,archetype;body;cannot;first;free;gesture;play,0.892,internal_candidate_only__not_publicly_cleared,needs_visual_verification,"lesson/transcription/UWindsor attribution approved by Dawson, exact source context still required"
121,837,1444,"February 25, 1938","February 25, 1938",primary_chekhov_transcription: by Michael Chekhov; transcribed by Deirdre Hurst du Prey,https://collections.uwindsor.ca/chekhov/item/837,https://collections.uwindsor.ca/files/original/fea15c939be1bd99d817c7738fb3594c323949bc.pdf,pdf_cache/item_837_february-25-1938.pdf,extracted_text_all/item_837_february-25-1938.txt,1,"We must know that there are two feelings of the whole - one is the intellectual which we cannot apply to our art at all, and the other is that which feeds and lends’our whole nature. It is the yhglg nature which participates in this rhythmical thing.",The illusion of the whole is there but the real experience of the whole - the beginning and the end - is not.,The beginning must be connected with the end.,actor_struggle;daily_inspiration;directing_academic_footnote,art;cannot;feelings;intellectual;whole,0.887,internal_candidate_only__not_publicly_cleared,needs_visual_verification,"lesson/transcription/UWindsor attribution approved by Dawson, exact source context still required"
121,838,1445,"February 25, 1938 (afternoon)","February 25, 1938",primary_chekhov_transcription: by Michael Chekhov; transcribed by Deirdre Hurst du Prey,https://collections.uwindsor.ca/chekhov/item/838,https://collections.uwindsor.ca/files/original/5d6c71cf4630e266f57ef47fcdbdd74e79be7973.pdf,pdf_cache/item_838_february-25-1938-afternoon.pdf,extracted_text_all/item_838_february-25-1938-afternoon.txt,6,"Scenes from fir. Shdanoff's clam 21o will try to touch different moments from different scenes, by the condition that you will pay attention to this power of radiation which will fill tho whole audience room and tho stage, but I must make it clear that it is important to distinguish between two things: First. to carry our influcnco when speaking by the means of increasing the power of the voice.",Tlhcn you will take the whole body and show one finger you have great power.,Secondly. whether we are behind the stage or not. us have only to increase our inner effort to radiate.,actor_struggle;daily_inspiration;directing_academic_footnote;method_terms,attention;audience;first;moments;radiation;scenes;voice;whole;will,0.884,internal_candidate_only__not_publicly_cleared,needs_visual_verification,"lesson/transcription/UWindsor attribution approved by Dawson, exact source context still required"
121,838,1445,"February 25, 1938 (afternoon)","February 25, 1938",primary_chekhov_transcription: by Michael Chekhov; transcribed by Deirdre Hurst du Prey,https://collections.uwindsor.ca/chekhov/item/838,https://collections.uwindsor.ca/files/original/5d6c71cf4630e266f57ef47fcdbdd74e79be7973.pdf,pdf_cache/item_838_february-25-1938-afternoon.pdf,extracted_text_all/item_838_february-25-1938-afternoon.txt,6,"Shdanoff's clam 21o will try to touch different moments from different scenes, by the condition that you will pay attention to this power of radiation which will fill tho whole audience room and tho stage, but I must make it clear that it is important to distinguish between two things: First. to carry our influcnco when speaking by the means of increasing the power of the voice.",Scenes from fir.,Secondly. whether we are behind the stage or not. us have only to increase our inner effort to radiate.,actor_struggle;daily_inspiration;directing_academic_footnote;method_terms,attention;audience;first;moments;radiation;scenes;voice;whole;will,0.884,internal_candidate_only__not_publicly_cleared,needs_visual_verification,"lesson/transcription/UWindsor attribution approved by Dawson, exact source context still required"
121,665,1224,"February 8, 1937","February 8, 1937",primary_chekhov_transcription: by Michael Chekhov; transcribed by Deirdre Hurst du Prey,https://collections.uwindsor.ca/chekhov/item/665,https://collections.uwindsor.ca/files/original/f2566c51a9298f66a98500aea691d44d12801420.pdf,pdf_cache/item_665_february-8-1937.pdf,extracted_text_all/item_665_february-8-1937.txt,5,"Therefore the director must concentrate not only on the beginning of the play because then only one part of the play is born. The reason that I have included thin flying over the play in the Method, is because all my life in tho theatre I suffered because we always started with tho first not and went over it again and again. and then remembered that no hud tho second and third act to create before the performance.","FLYIEG OVER THE PLAY: Cur Method gives us the possibility to fly over the whole play and to touch any moment we want with our imagination, or by the incorporation of images, or by the othor moans which we have.",This was true even in tho Hoscow Art Theatre.,actor_struggle;daily_inspiration;directing_academic_footnote,beginning;concentrate;director;first;life;play;theatre,0.895,internal_candidate_only__not_publicly_cleared,needs_visual_verification,"lesson/transcription/UWindsor attribution approved by Dawson, exact source context still required"
121,659,1218,"January 23, 1937","January 23, 1937",primary_chekhov_transcription: by Michael Chekhov; transcribed by Deirdre Hurst du Prey,https://collections.uwindsor.ca/chekhov/item/659,https://collections.uwindsor.ca/files/original/9024fda428c5288fb58b9435e4effc607a45f37a.pdf,pdf_cache/item_659_january-23-1937.pdf,extracted_text_all/item_659_january-23-1937.txt,5,"Later we will perhaps pay less attention to it, and will pay more attention to imagination and other things. iho director can find the whole play in the platonic world. The more harmonious your composition of psychological gestures in. the nearer you are to the platonic world. when the director has found a gesture with his actors he can change it and explore further.","1937 The loss free the actor will he in doing his psychological gesture, the more free he will he later on. it depends upon the director what form of the gesture he gives. we are now working with the psychological gesture because we want to understand it.","Don Lu xotox Always think of the spiral. it is good to do psychological gestures and then imagine and always 50 back to each thing, and do other things in between.",actor_struggle;daily_inspiration;directing_academic_footnote;method_terms,attention;composition;director;gesture;imagination;play;psychological gesture;whole;will,0.892,internal_candidate_only__not_publicly_cleared,needs_visual_verification,"lesson/transcription/UWindsor attribution approved by Dawson, exact source context still required"
121,811,8504,"January 27, 1938","January 27, 1938",primary_chekhov_transcription: by Michael Chekhov; transcribed by Deirdre Hurst du Prey,https://collections.uwindsor.ca/chekhov/item/811,https://collections.uwindsor.ca/files/original/077111dcf82faca563a3b41cf1a8182bac430d93.pdf,pdf_cache/item_811_january-27-1938.pdf,extracted_text_all/item_811_january-27-1938.txt,3,"It is a miracle for uSe We cannot command ourselves to be full of love, or full of hatred, but we can always do the gesture. ‘This isin our power, and when we are masters we are able to feel this small secret, which is really a big secret, and if we are able to do a gesture and to fill it, then we are able to command our soul to get the quality of caution, First of all, it is possible by doing tho gesture to fill it with certain qualities.",We know what we want but we cannot get it.,"Do it several times and concentrate. (You have to repeat scales many,many times on the piano).",actor_struggle;daily_inspiration;directing_academic_footnote;method_terms,cannot;first;gesture;love;qualities;quality;soul,0.864,internal_candidate_only__not_publicly_cleared,needs_visual_verification,"lesson/transcription/UWindsor attribution approved by Dawson, exact source context still required"
121,1084,1713,"January 29, 1942: Open lecture to actors held at ""Actors Service,"" New York","January 29, 1942",primary_chekhov_transcription: by Michael Chekhov; transcribed by Deirdre Hurst du Prey,https://collections.uwindsor.ca/chekhov/item/1084,https://collections.uwindsor.ca/files/original/b506e5abb546f4589a4901ffce64e32926377f04.pdf,pdf_cache/item_1084_january-29-1942-open-lecture-to-actors-held-at-actors-service-new-york.pdf,extracted_text_all/item_1084_january-29-1942-open-lecture-to-actors-held-at-actors-service-new-york.txt,30,But still there is a little door through which we can enter a small tech. and having very little time but a strong will and the desire to do something which may later on grow into something which we cannot even forooco. gueotion: Regarding this future actor. If he has mastered the technique of concentration and imagination and in confronted by a script. would you say that he would be developed in such a way that he would be able to give a perfect reading on the first day?,Angggg (Hiehaol Chekhov): It is a very difficult problem. and from certain points of view we cannot solve it because if you need money. you need it.,Answer (Michael Chokhov)x The manner in which the uctoro are compelled to work now will not give us any help.,actor_struggle;daily_inspiration;directing_academic_footnote;method_terms,cannot;concentration;desire;first;future;imagination;will,0.893,internal_candidate_only__not_publicly_cleared,needs_visual_verification,"lesson/transcription/UWindsor attribution approved by Dawson, exact source context still required"
121,720,1299,"June 15, 1937","June 15, 1937",primary_chekhov_transcription: by Michael Chekhov; transcribed by Deirdre Hurst du Prey,https://collections.uwindsor.ca/chekhov/item/720,https://collections.uwindsor.ca/files/original/ac8b8c235d4bb0d5f596c275abc4fa4e50a5d26d.pdf,pdf_cache/item_720_june-15-1937.pdf,extracted_text_all/item_720_june-15-1937.txt,1,"In Che Fishiny Scone the director has draw: the main line, but I thirk it is not only expressing the idea of the play. because this main line must be the incorporation of what wc will call later on the rhythmical gesture of the whole play. 19 are now zpeaking about the idea which we will see in the future as the living gesture, the same pgycholcgical gssture embracihu everything.","In Balladiha I , yau must try to find the same lino.",Eerhags the idea of Lhe Fishinr §gg§g is not the same as what the director has drawL.,actor_struggle;daily_inspiration;directing_academic_footnote;method_terms,director;future;gesture;living;play;whole;will,0.877,internal_candidate_only__not_publicly_cleared,needs_visual_verification,"lesson/transcription/UWindsor attribution approved by Dawson, exact source context still required"
121,895,1502,"June 27, 1938","June 27, 1938",primary_chekhov_transcription: by Michael Chekhov; transcribed by Deirdre Hurst du Prey,https://collections.uwindsor.ca/chekhov/item/895,https://collections.uwindsor.ca/files/original/ace522e73ef59a7a40aa42d49260e7014e514d26.pdf,pdf_cache/item_895_june-27-1938.pdf,extracted_text_all/item_895_june-27-1938.txt,6,"‘ with ﬁle feeling of case. fooling of form. feeling of beauty. fueling of the whole Hhich'uill embrace the whole prbcokgs. build the otrﬁcturcc - group fooling - froc handohgnd brains.” RHYTHMICAL QUALITIES AND CLIP:’i‘XESI We shall now do exorcism with the theme of '_‘:___ho Flood Elm Dn1uq5].Th1cz zinc wo-'L-hall do it as apapumjipn fqr our future ’cheory of rhythm, on we shall start with the very first cxorogsoa landing to thin rhythm idea. Difforbnt qualities can be applied no a composition for tho whole.","Chekhw ' Juno 2?, 1938 Add to this the fouling of beauty — beauty in our uonno - beauty in our aesthetic consciousness.","We hmio taken 1:110 qualities of 'utuccato.“ ""cold, "" and ""he.vm“ and no have incorporated it in a whole compositign - a rhythmical. whole.",actor_struggle;daily_inspiration;directing_academic_footnote;method_terms,beauty;composition;feeling;first;form;future;group;qualities;rhythm;whole,0.855,internal_candidate_only__not_publicly_cleared,needs_visual_verification,"lesson/transcription/UWindsor attribution approved by Dawson, exact source context still required"
121,699,1278,"May 4, 1937","May 4, 1937",primary_chekhov_transcription: by Michael Chekhov; transcribed by Deirdre Hurst du Prey,https://collections.uwindsor.ca/chekhov/item/699,https://collections.uwindsor.ca/files/original/14ec99b98b77cabfa63b47e84ef62234cf3a37db.pdf,pdf_cache/item_699_may-4-1937.pdf,extracted_text_all/item_699_may-4-1937.txt,5,"Then I would proceed to part of the scene and rahcarse the beginning and the end, first with the gesture, then from the point of view of the objective, or atmesphere, etc., but some point of view must be siven, Then 1 would take a part of the scene — for example, the Smint and Salladina, and lot them act from different points of view, ihen you will come more and more to det@ils.","1, Chekhov iay , 1937 his feeling of the whole will cive them in lime the feelin, for each detail which will Bbe in a certain place, because they feel the whole more or less and what detail must be where, and what ind of detail.",This is one very right way.,actor_struggle;directing_academic_footnote;method_terms,beginning;end;first;gesture;objective;scene;will,0.893,internal_candidate_only__not_publicly_cleared,needs_visual_verification,"lesson/transcription/UWindsor attribution approved by Dawson, exact source context still required"
121,1074,2034,"November 21, 1941: Michael Chekhov's fifth class for professional actors: Exercise -- Repetition is the growing power","November 21, 1941",primary_chekhov_transcription: by Michael Chekhov; transcribed by Deirdre Hurst du Prey,https://collections.uwindsor.ca/chekhov/item/1074,https://collections.uwindsor.ca/files/original/070c5b5f7d19735af84ffa9b541595cf0a252102.pdf,pdf_cache/item_1074_november-21-1941-michael-chekhov-s-fifth-class-for-professional-actors-exercise-repetition.pdf,extracted_text_all/item_1074_november-21-1941-michael-chekhov-s-fifth-class-for-professional-actors-exercise-repetition.txt,10,"Angwer: I understand your question. We must not git back and wait - that is fear which chokes us, First of all, because you are an actor you cannot sit and wait, except if you are embarrassed, then, of course, nothing happens, For example, let us take the moment when the sailors are drinking and talking to sach other in the atmosphere, theres ig so much to dol",Must I sit back and walt for something to come?,,actor_struggle;daily_inspiration;directing_academic_footnote;method_terms,atmosphere;cannot;fear;first;moment;talking,0.887,internal_candidate_only__not_publicly_cleared,needs_visual_verification,"lesson/transcription/UWindsor attribution approved by Dawson, exact source context still required"
120,1077,1708,"December 1, 1941: Michael Chekhov's eighth class for professional actors: The role of the director","December 1, 1941",primary_chekhov_transcription: by Michael Chekhov; transcribed by Deirdre Hurst du Prey,https://collections.uwindsor.ca/chekhov/item/1077,https://collections.uwindsor.ca/files/original/9581e17a7a3a183d104d790c4db9c387d28fe2a8.pdf,pdf_cache/item_1077_december-1-1941-michael-chekhov-s-eighth-class-for-professional-actors-the-role-of-the-dir.pdf,extracted_text_all/item_1077_december-1-1941-michael-chekhov-s-eighth-class-for-professional-actors-the-role-of-the-dir.txt,9,"He combines so many characters in the one atmosphere of a scene, an act. or the whole play. But whether you, as - a character. are cynical towards the atmosphere of awe. or are sympathetic to it. you must accept it. otherwise you will be out of the style of the play, or you will not belong to the scene.",The more you grow into your character. the more you react to this atmosphere as a character. and then We have just what the author wants.,,actor_struggle;daily_inspiration;directing_academic_footnote;method_terms,atmosphere;play;scene;style;whole;will,0.892,internal_candidate_only__not_publicly_cleared,needs_visual_verification,"lesson/transcription/UWindsor attribution approved by Dawson, exact source context still required"
120,828,1435,"February 15, 1938","February 15, 1938",primary_chekhov_transcription: by Michael Chekhov; transcribed by Deirdre Hurst du Prey,https://collections.uwindsor.ca/chekhov/item/828,https://collections.uwindsor.ca/files/original/8bb1971bd76cf252cc7035ae59cda4eaf45616a2.pdf,pdf_cache/item_828_february-15-1938.pdf,extracted_text_all/item_828_february-15-1938.txt,6,"Although at first this work of rhythm may seem to us quite mechanical and not really rhythmical. this is only the fern. It is u staircase on which we can clinb to the next level. which is the real rhythm based on this form. ”he real form will never kill the real life, but will increase it.","Without this artistb nature sitting inside. the art falls down into naturalism, worse than photography. for photography can be an art, but naturalism is not art.","For a short time it may seem dead. this form, but when we overcome it and reach the ""after-form."" then it will be rhythmical. we must not be afrAid of this stage and run 4, away from it.",actor_struggle;daily_inspiration;directing_academic_footnote;method_terms,first;form;life;mechanical;rhythm;will,0.889,internal_candidate_only__not_publicly_cleared,needs_visual_verification,"lesson/transcription/UWindsor attribution approved by Dawson, exact source context still required"
120,1085,1714,"February 17, 1942: Second open lecture to actors held at ""Actors Service,"" New York","February 17, 1942",primary_chekhov_transcription: by Michael Chekhov; transcribed by Deirdre Hurst du Prey,https://collections.uwindsor.ca/chekhov/item/1085,https://collections.uwindsor.ca/files/original/e2ad8ea668fcbc88e78d31b43871e4335c42382c.pdf,pdf_cache/item_1085_february-17-1942-second-open-lecture-to-actors-held-at-actors-service-new-york.pdf,extracted_text_all/item_1085_february-17-1942-second-open-lecture-to-actors-held-at-actors-service-new-york.txt,19,The creative prqogee. which the actor of the future will know from inside. conniote of four definite ctnuen which the actor will love. The first stage is when he foole that the part he is going to perform. the play he in going to perform. is something which he can embrace entirely an a general atmosphere which comes nearer and nearer.,Freedom is not license.,"No details yet. but a pleasant atmosphere of the play culled Romeo and Juliet, let us say.",actor_struggle;daily_inspiration;directing_academic_footnote;method_terms,atmosphere;creative;first;future;love;play;will,0.891,internal_candidate_only__not_publicly_cleared,needs_visual_verification,"lesson/transcription/UWindsor attribution approved by Dawson, exact source context still required"
120,672,1231,"February 25, 1937: Performance of Sketches","February 25, 1937",primary_chekhov_transcription: by Michael Chekhov; transcribed by Deirdre Hurst du Prey,https://collections.uwindsor.ca/chekhov/item/672,https://collections.uwindsor.ca/files/original/30a40bb2b6f3d5ba98b7ded44367c274f563a654.pdf,pdf_cache/item_672_february-25-1937-performance-of-sketches.pdf,extracted_text_all/item_672_february-25-1937-performance-of-sketches.txt,1,"After the first and second ahowingo tho sketches will be much clearer and nearer to the director's ideal. The director may show psychological gestures. actions, imagination. atmosphere, etc.","It may be very dreadful, but the effort is absolutely noooooary.",All are possible. but tho director must know clearly what he is doing and why.,actor_struggle;daily_inspiration;directing_academic_footnote;method_terms,atmosphere;director;director's;first;imagination;psychological gesture;will,0.885,internal_candidate_only__not_publicly_cleared,needs_visual_verification,"lesson/transcription/UWindsor attribution approved by Dawson, exact source context still required"
120,837,1444,"February 25, 1938","February 25, 1938",primary_chekhov_transcription: by Michael Chekhov; transcribed by Deirdre Hurst du Prey,https://collections.uwindsor.ca/chekhov/item/837,https://collections.uwindsor.ca/files/original/fea15c939be1bd99d817c7738fb3594c323949bc.pdf,pdf_cache/item_837_february-25-1938.pdf,extracted_text_all/item_837_february-25-1938.txt,2,"It is quite natural if we have a feeling of the whole, we experience this middle part, but by studying these things we have to pay attention especially to this transitional part. This is nothing new but we must be able to concentrate on this part.","Chekhov February 25, 1938 end as a t ansition - a Esychological. ohxsieal, or emotional bridge.",BRIDGES AND TRANSITIONSI Now. a movement starting with the right hand.,actor_struggle;daily_inspiration;directing_academic_footnote;method_terms,attention;concentrate;feeling;middle;whole,0.889,internal_candidate_only__not_publicly_cleared,needs_visual_verification,"lesson/transcription/UWindsor attribution approved by Dawson, exact source context still required"
120,659,1218,"January 23, 1937","January 23, 1937",primary_chekhov_transcription: by Michael Chekhov; transcribed by Deirdre Hurst du Prey,https://collections.uwindsor.ca/chekhov/item/659,https://collections.uwindsor.ca/files/original/9024fda428c5288fb58b9435e4effc607a45f37a.pdf,pdf_cache/item_659_january-23-1937.pdf,extracted_text_all/item_659_january-23-1937.txt,4,If you will build the whole scene by means of you: psychological gesture. you uill at the same time rehearse the play. but on a level which is much richer. The richness of mo performance in the real world depends upon how high you can reach the “platonic world;.,These simple exorcise: for the psychological gesture will grow with experience.,"2 the world of our psychological gestures. toot dynix You can take the whole first part of the play and bring it into one gesture. ihc psychological gesture is likc bread and nine rat the actor. .oer dynt must push his obstacles away. not as heavy naturial things, but as . poet ' of beauty.",actor_struggle;daily_inspiration;directing_academic_footnote;method_terms,gesture;play;psychological gesture;rehearse;scene;whole;will,0.890,internal_candidate_only__not_publicly_cleared,needs_visual_verification,"lesson/transcription/UWindsor attribution approved by Dawson, exact source context still required"
120,1022,1654,"January 25, 1940","January 25, 1940",primary_chekhov_transcription: by Michael Chekhov; transcribed by Deirdre Hurst du Prey,https://collections.uwindsor.ca/chekhov/item/1022,https://collections.uwindsor.ca/files/original/b67edba36a7b8c1a480bb3b2e913326b7bdca3f3.pdf,pdf_cache/item_1022_january-25-1940.pdf,extracted_text_all/item_1022_january-25-1940.txt,2,The whole human being hne to be taken by this act of concentration and with all these invisible powers tend fo'rcee which we poeeeee. we have to make this grip. If we gill‘got thie ability and develop it. the ability to uee out whoie being for gripping an objective - whether it in n phy'eicel one or m imaginative one - than we will get the first idea of what it means to be concentrated on something.,"V homily. to 'bo cenccncrnted en eenethina does not mean to be eencentrn’ceri with one sense - it means to be eonconﬁrmed with an our ecnsee, aii em: abilities which the human being has. whether we lmew then or not.",It will be a miracle. and you will discover new things which you did not know existed: auch,actor_struggle;daily_inspiration;directing_academic_footnote;method_terms,ability;concentration;first;objective;whole;will,0.884,internal_candidate_only__not_publicly_cleared,needs_visual_verification,"lesson/transcription/UWindsor attribution approved by Dawson, exact source context still required"
120,720,1299,"June 15, 1937","June 15, 1937",primary_chekhov_transcription: by Michael Chekhov; transcribed by Deirdre Hurst du Prey,https://collections.uwindsor.ca/chekhov/item/720,https://collections.uwindsor.ca/files/original/ac8b8c235d4bb0d5f596c275abc4fa4e50a5d26d.pdf,pdf_cache/item_720_june-15-1937.pdf,extracted_text_all/item_720_june-15-1937.txt,1,"In Balladiha I , yau must try to find the same lino. In Che Fishiny Scone the director has draw: the main line, but I thirk it is not only expressing the idea of the play. because this main line must be the incorporation of what wc will call later on the rhythmical gesture of the whole play.","You will see that the more ex— perienced you become the more you will :oaiize how really impossible it is ta create misc en sccne which is not part of one big gesture. uhere is one part of the misc ch cache in ﬂalgngina L which is not in connecﬁion with the line of up ard down. good and evil in the play, and the gators are like strange dead bodies.","19 are now zpeaking about the idea which we will see in the future as the living gesture, the same pgycholcgical gssture embracihu everything.",actor_struggle;daily_inspiration;directing_academic_footnote;method_terms,director;gesture;play;whole;will,0.877,internal_candidate_only__not_publicly_cleared,needs_visual_verification,"lesson/transcription/UWindsor attribution approved by Dawson, exact source context still required"
120,883,1490,"June 2, 1938","June 2, 1938",primary_chekhov_transcription: by Michael Chekhov; transcribed by Deirdre Hurst du Prey,https://collections.uwindsor.ca/chekhov/item/883,https://collections.uwindsor.ca/files/original/1242d1ff7d9221d4647e56fbd57f9b6bbbba0f8e.pdf,pdf_cache/item_883_june-2-1938.pdf,extracted_text_all/item_883_june-2-1938.txt,6,"If your imagination is ottong enough you will see Electra with your uind'n eye. At the beginning you can force yourself to one her oyon. her movemente, her voice. what she feels - this is good for the beginning to call upon her, but it is only the first part. the beginning.",Something muut happen to you in your room and stop everything you are doing.,The second part and the victory canon when the image comes to you and forces you to look at it.,actor_struggle;daily_inspiration;directing_academic_footnote,beginning;first;imagination;voice;will,0.891,internal_candidate_only__not_publicly_cleared,needs_visual_verification,"lesson/transcription/UWindsor attribution approved by Dawson, exact source context still required"
120,855,1462,"March 15, 1938","March 15, 1938",primary_chekhov_transcription: by Michael Chekhov; transcribed by Deirdre Hurst du Prey,https://collections.uwindsor.ca/chekhov/item/855,https://collections.uwindsor.ca/files/original/c4d2266f89affdd8d7d1a073baef435026dca9be.pdf,pdf_cache/item_855_march-15-1938.pdf,extracted_text_all/item_855_march-15-1938.txt,2,"You must develop the atmosphere itself and then all the action and speeches will grow out of it. The order of the scene was the following: First, the moment of depression after the spy's first speech. then the moment of relief. like air. when the old professor spoke,",Every point in the Method frees us if taken consciously.,,actor_struggle;daily_inspiration;directing_academic_footnote;method_terms,action;atmosphere;first;moment;scene;speech;will,0.892,internal_candidate_only__not_publicly_cleared,needs_visual_verification,"lesson/transcription/UWindsor attribution approved by Dawson, exact source context still required"
120,944,1569,"March 7, 1939","March 7, 1939",primary_chekhov_transcription: by Michael Chekhov; transcribed by Deirdre Hurst du Prey,https://collections.uwindsor.ca/chekhov/item/944,https://collections.uwindsor.ca/files/original/f90c7ff0b51899d0f3ef0c20bb7828491e0e973f.pdf,pdf_cache/item_944_march-7-1939.pdf,extracted_text_all/item_944_march-7-1939.txt,6,1939 .pointe - thin in the beginning and this is the end - perhaps in the middle there will be award in the style of the play.,3‘1 5 I H.‘ Chekhov march 7 .,If it is too vague. then give another condition which will lend them.,actor_struggle;directing_academic_footnote;method_terms,beginning;end;middle;play;style;will,0.881,internal_candidate_only__not_publicly_cleared,needs_visual_verification,"lesson/transcription/UWindsor attribution approved by Dawson, exact source context still required"
120,944,1569,"March 7, 1939","March 7, 1939",primary_chekhov_transcription: by Michael Chekhov; transcribed by Deirdre Hurst du Prey,https://collections.uwindsor.ca/chekhov/item/944,https://collections.uwindsor.ca/files/original/f90c7ff0b51899d0f3ef0c20bb7828491e0e973f.pdf,pdf_cache/item_944_march-7-1939.pdf,extracted_text_all/item_944_march-7-1939.txt,6,3‘1 5 I H.‘ Chekhov march 7 . 1939 .pointe - thin in the beginning and this is the end - perhaps in the middle there will be award in the style of the play.,,If it is too vague. then give another condition which will lend them.,actor_struggle;directing_academic_footnote;method_terms,beginning;end;middle;play;style;will,0.881,internal_candidate_only__not_publicly_cleared,needs_visual_verification,"lesson/transcription/UWindsor attribution approved by Dawson, exact source context still required"
120,847,1454,"March 8, 1938","March 8, 1938",primary_chekhov_transcription: by Michael Chekhov; transcribed by Deirdre Hurst du Prey,https://collections.uwindsor.ca/chekhov/item/847,https://collections.uwindsor.ca/files/original/e7d15e203590b850ac4fd6f48e5041b534502d9e.pdf,pdf_cache/item_847_march-8-1938.pdf,extracted_text_all/item_847_march-8-1938.txt,3,"If you have the feeling at the whole; in three parts. nothing can dieturb you - nothimg can disturb this one, two, three. which is ahsoluto form. yet is absolutely flexible. This is the secret of rhythm; You can put in the first part whateveztyou like J everything. every detail will be in the right place? but it will be much clearer later on.","Please consider the first part as something which has inside it'a definite opening of the window and saying; ""Good morning."" and than they are vague. and in general depart. into this whole. certain definite moments will not disturb. but they will be interpreted somehow - certain interpretation will come.","Will you_eleaoe pet in the last part, ""Good night,"" and in the first part.",actor_struggle;daily_inspiration;directing_academic_footnote;method_terms,feeling;first;form;rhythm;whole;will,0.883,internal_candidate_only__not_publicly_cleared,needs_visual_verification,"lesson/transcription/UWindsor attribution approved by Dawson, exact source context still required"
120,922,1547,"November 11, 1938","November 11, 1938",primary_chekhov_transcription: by Michael Chekhov; transcribed by Deirdre Hurst du Prey,https://collections.uwindsor.ca/chekhov/item/922,https://collections.uwindsor.ca/files/original/59a9b356c814ae8ee6c80519d08716e731dc62ec.pdf,pdf_cache/item_922_november-11-1938.pdf,extracted_text_all/item_922_november-11-1938.txt,4,"When we have not yet got the feeling of the style of the play. the tempo in wrong, and where we mostly lose our time is betwoon wordo. between aotione. and this in why I recommend to Peter to do everything in one big wave. If you will get this feeling of the whole. you will see that there is no time to make dead pauaae or dregeinSide you.",Even if you have not got the words you can keep the tempo inside.,"‘ it is absolutely in connection with the feeling of the whole, and it is in connection with the style of this special ploy.",actor_struggle;daily_inspiration;directing_academic_footnote;method_terms,dead;feeling;play;style;tempo;whole;will,0.888,internal_candidate_only__not_publicly_cleared,needs_visual_verification,"lesson/transcription/UWindsor attribution approved by Dawson, exact source context still required"
120,781,1360,"November 12, 1937 (afternoon)","November 12, 1937",primary_chekhov_transcription: by Michael Chekhov; transcribed by Deirdre Hurst du Prey,https://collections.uwindsor.ca/chekhov/item/781,https://collections.uwindsor.ca/files/original/8459c55fbc55f0f93e4c8ae94816b59d306f9833.pdf,pdf_cache/item_781_november-12-1937-afternoon.pdf,extracted_text_all/item_781_november-12-1937-afternoon.txt,2,"In order to perform the play on tho stage. it is only possible if the play is. from beginning to end. a long conflict - g_2251£§§gg§_ggg§ligt - g The novelist may allow himself to write many pages describing his characters and their feelings, their past and future, but we, as actors. are not allowed to describe the characters: - we must show them - act them.","THE PIAY AS CONFLICT: The second thing is the first piece of technical advico I will give to our playwrights from our theatre point of View. lanky laws have been given about playwriting — we will not take any particular one, but will take them in general and try to adjust them to our theme.",We are not able to describe the feelings - we must act them.,actor_struggle;daily_inspiration;directing_academic_footnote,beginning;end;feelings;future;play,0.883,internal_candidate_only__not_publicly_cleared,needs_visual_verification,"lesson/transcription/UWindsor attribution approved by Dawson, exact source context still required"
120,1072,1704,"November 14, 1941: Michael Chekhov's third class for professional actors: How shall we develop our emotions and our bodies?","November 14, 1941",primary_chekhov_transcription: by Michael Chekhov; transcribed by Deirdre Hurst du Prey,https://collections.uwindsor.ca/chekhov/item/1072,https://collections.uwindsor.ca/files/original/323146c6398fde1f553622b17265857ca6236433.pdf,pdf_cache/item_1072_november-14-1941-michael-chekhov-s-third-class-for-professional-actors-how-shall-we-develo.pdf,extracted_text_all/item_1072_november-14-1941-michael-chekhov-s-third-class-for-professional-actors-how-shall-we-develo.txt,9,"It is a moment of such greatness and strength that it cannot be mistaken for anything else. INSPIRED ACTING: It is the moment of inspiration when the character. being promyted by the right atmosphere, being prepared by careful imagining, being friends with the creative individuality is not there and we here.",Everyone knows this pleasant state. which cannot he mistaken by anyone.,No - the individuality is huts and there and everything is one harmonious. well—integrated psychological and physical whole.,actor_struggle;daily_inspiration;directing_academic_footnote;method_terms,atmosphere;cannot;creative;individuality;inspiration;inspired;moment,0.881,internal_candidate_only__not_publicly_cleared,needs_visual_verification,"lesson/transcription/UWindsor attribution approved by Dawson, exact source context still required"
120,1075,1706,"November 24, 1941: Michael Chekhov's sixth class for professional actors: The creative process -- The inspiration -- The method","November 24, 1941",primary_chekhov_transcription: by Michael Chekhov; transcribed by Deirdre Hurst du Prey,https://collections.uwindsor.ca/chekhov/item/1075,https://collections.uwindsor.ca/files/original/08f95e8a833eb7b3958cb11238ab06cc63364865.pdf,pdf_cache/item_1075_november-24-1941-michael-chekhov-s-sixth-class-for-professional-actors-the-creative-proces.pdf,extracted_text_all/item_1075_november-24-1941-michael-chekhov-s-sixth-class-for-professional-actors-the-creative-proces.txt,2,"By looking through these doors at the moment of inspiration, what will we go-ﬁftho end? we will get only the method. when we speak about the atmosphere, it is one of the doors which we can open and see there is the creative process. and there is the spark of inspiration.","THE METHOD: when we look upon this point which we call the creative process and tho inspiration. it is. of coursenour last and only aim, and we must look upon this point as though it were the center. and on tho periphery there are so many doors through which’ we had to look.","We open another door, which may be the fooling of 0350 perhaps. than the door of the imagination - all the points of our Method are theao doors.",actor_struggle;daily_inspiration;directing_academic_footnote;method_terms,atmosphere;creative;end;inspiration;moment;will,0.891,internal_candidate_only__not_publicly_cleared,needs_visual_verification,"lesson/transcription/UWindsor attribution approved by Dawson, exact source context still required"
120,1008,1640,"October 2, 1939","October 2, 1939",primary_chekhov_transcription: by Michael Chekhov; transcribed by Deirdre Hurst du Prey,https://collections.uwindsor.ca/chekhov/item/1008,https://collections.uwindsor.ca/files/original/8c6e03dd3459204492c5683c3bd58651a09a73a9.pdf,pdf_cache/item_1008_october-2-1939.pdf,extracted_text_all/item_1008_october-2-1939.txt,3,‘ h This creative quality in Vorkhovenski goes through the whole ploy. lrhis charm of madness stays with him always '— as in the end of the meeting scene. He can call it his croative ability - ho is possessed.,Kin objeeéive is to create on ideal from the vory beginning.,When he is simple. sober.,actor_struggle;daily_inspiration;directing_academic_footnote;method_terms,ability;creative;end;quality;scene;whole,0.886,internal_candidate_only__not_publicly_cleared,needs_visual_verification,"lesson/transcription/UWindsor attribution approved by Dawson, exact source context still required"
120,769,1348,"October 22, 1937","October 22, 1937",primary_chekhov_transcription: by Michael Chekhov; transcribed by Deirdre Hurst du Prey,https://collections.uwindsor.ca/chekhov/item/769,https://collections.uwindsor.ca/files/original/2349b990b59290684e410a4e63d9230e9b304387.pdf,pdf_cache/item_769_october-22-1937.pdf,extracted_text_all/item_769_october-22-1937.txt,3,"This was the first Sign this morning. and you must appreciate it as I do. When you were playing, at once contact, fooling of beauty. feeling of ease. and concentration wore there because they are all one mysterious, beautiful thing which we call the artist's soul, or ability. or spirit.",Therefore we have our school.,But we must ex— orcise them ueporately and pedontically.,actor_struggle;daily_inspiration;directing_academic_footnote;method_terms,ability;beauty;concentration;feeling;first;soul,0.882,internal_candidate_only__not_publicly_cleared,needs_visual_verification,"lesson/transcription/UWindsor attribution approved by Dawson, exact source context still required"
120,758,8502,"October 8, 1937","October 8, 1937",primary_chekhov_transcription: by Michael Chekhov; transcribed by Deirdre Hurst du Prey,https://collections.uwindsor.ca/chekhov/item/758,https://collections.uwindsor.ca/files/original/85f9f3af5730694d0ef1ac558dc23295e820dc04.pdf,pdf_cache/item_758_october-8-1937.pdf,extracted_text_all/item_758_october-8-1937.txt,7,"There was nothing of the feeling of ensemble about it. ile must be above the thing we are going to do or ime provise, and ag artists we must get a feeling for the beginning and end. You must have felt that your audience was. suffering under this long, endless development of nothing.","You were sitting alone, and your bodies were the end and limit of your world, As a result, you could only do something with your hair, or with your vockets, or with something near to youe You were limited by your vcices and your bodies, and were not artists.","You were so long in the room before the strange night began that it was quite clear that you had no ideas of the main point of the play, which was quite clear: the creation of the atmosphere of this strange night.",actor_struggle;daily_inspiration;directing_academic_footnote,audience;beginning;end;ensemble;feeling,0.872,internal_candidate_only__not_publicly_cleared,needs_visual_verification,"lesson/transcription/UWindsor attribution approved by Dawson, exact source context still required"
119,615,1171,"November 5, 1936",05-Nov-36,primary_chekhov_transcription: by Michael Chekhov; transcribed by Deirdre Hurst du Prey,https://collections.uwindsor.ca/chekhov/item/615,https://collections.uwindsor.ca/files/original/b88dc36692b529aadcf5917ddf6771967c901ab6.pdf,pdf_cache/item_615_november-5-1936.pdf,extracted_text_all/item_615_november-5-1936.txt,1,"The second step is to find the speech for the play., We must speak to croate the atmosphere, and we must speak out of the atmosphere. First, try to ima— gine the picture of this world of the fairy tale with the mountain and everything we have done in our imasination, and try to feel the and send it out.","The Solden Steed: We have tried to 30 through the play, discovering and creating the atmosphere.","THE RHYTHMICAL FATTERNN OF THE PLAY: Firet find the atmogsphere, and then try to find the dialogues and soliloquies in the music of the atmosphere.",actor_struggle;daily_inspiration;directing_academic_footnote;method_terms,atmosphere;first;play;speech,0.888,internal_candidate_only__not_publicly_cleared,needs_visual_verification,"lesson/transcription/UWindsor attribution approved by Dawson, exact source context still required"
119,1049,1681,"August 26, 1940","August 26, 1940",primary_chekhov_transcription: by Michael Chekhov; transcribed by Deirdre Hurst du Prey,https://collections.uwindsor.ca/chekhov/item/1049,https://collections.uwindsor.ca/files/original/87cb832450f0b48af98904df404863ad2c28b0ba.pdf,pdf_cache/item_1049_august-26-1940.pdf,extracted_text_all/item_1049_august-26-1940.txt,8,"S‘HE \‘4 v, ‘3' -‘ Lu Chekhov August 26, 19M) '1 was always more or less active in my theatre work, but once I came inte‘ a terribly difficult situation. It was in Germany when I met Reinhardt for the first time, and he gave so the ""leuding part in his play."" Ho wanted to perform the play in Vienna. and he gave me this part} Now if you know German actors. you will realise that after they have noted the play a hundredtimes. they got a strange ability - they open}: so quickly that they don' t understand each other - the audience does not understand 1:th well either, but the actors cannot stop this qqick speech.",,I was familiar with the Ganges language. but it was not my mother tongue? nut Reinhzrot told no 1:0 he ready in eight days - my first Comm-1 past!,actor_struggle;daily_inspiration;directing_academic_footnote,ability;audience;cannot;difficult;first;play;speech;stop;theatre;will,0.878,internal_candidate_only__not_publicly_cleared,needs_visual_verification,"lesson/transcription/UWindsor attribution approved by Dawson, exact source context still required"
119,622,1178,"November 13, 1936","November 13, 1936",primary_chekhov_transcription: by Michael Chekhov; transcribed by Deirdre Hurst du Prey,https://collections.uwindsor.ca/chekhov/item/622,https://collections.uwindsor.ca/files/original/faaa5309160377459c28d36f29c6abce28dfe2eb.pdf,pdf_cache/item_622_november-13-1936.pdf,extracted_text_all/item_622_november-13-1936.txt,1,"Our second step is to start again from the beginning and try to find the right atmosphere. Then, out of the right atmosphere, and the right gestures, we will find the first idea of acting.","DIRECTING THE PlAY In the work we have done with The Golden Steed, we have tried to coordinate our speech with our gestures.","If we are successful in this work, then we ﬁill see what it means to direct a play.",actor_struggle;daily_inspiration;directing_academic_footnote;method_terms,atmosphere;beginning;first;will,0.894,internal_candidate_only__not_publicly_cleared,needs_visual_verification,"lesson/transcription/UWindsor attribution approved by Dawson, exact source context still required"
118,1019,1651,"December 15, 1939: Criticism of new students' scenes","December 15, 1939",primary_chekhov_transcription: by Michael Chekhov; transcribed by Deirdre Hurst du Prey,https://collections.uwindsor.ca/chekhov/item/1019,https://collections.uwindsor.ca/files/original/7b64812830e0404b980b70d35b99ad7a6d5a8d46.pdf,pdf_cache/item_1019_december-15-1939-criticism-of-new-students-scenes.pdf,extracted_text_all/item_1019_december-15-1939-criticism-of-new-students-scenes.txt,4,Mthout thin kind of experiment I cannot tell you anything more a’onut H2. . _ In Karen'a interpretation of the Shrew; one showed curtain dovolupnont. but am: did not have the feeling of style. it damn not no in the text or tho mine on ocbno. but purely in the psychology or the actor. The scene is so short that the beginning and/Che end must' be very clear.,You nuot ﬁlm! than and develop ﬁhon otrongiy. and the means of expression must be strong and violent.,Hon-v \‘livou of ”indoor: Do’yna. was hotter because she tried tqé‘ﬂnd‘hor my into the scene in a very right way.,actor_struggle;directing_academic_footnote;method_terms,beginning;cannot;end;feeling;scene;style,0.876,internal_candidate_only__not_publicly_cleared,needs_visual_verification,"lesson/transcription/UWindsor attribution approved by Dawson, exact source context still required"
118,800,1379,"December 16, 1937","December 16, 1937",primary_chekhov_transcription: by Michael Chekhov; transcribed by Deirdre Hurst du Prey,https://collections.uwindsor.ca/chekhov/item/800,https://collections.uwindsor.ca/files/original/bdb91627f7bbca3330f0fb6ed3bf15e8d0b4e3e7.pdf,pdf_cache/item_800_december-16-1937.pdf,extracted_text_all/item_800_december-16-1937.txt,9,"I mq§t love my audience. my part. and everything which is in connection with it. Then I will be giving out in the finest may — which we call radiation: and by being able to radiate more and more, I cons to the highest ideal of sacrifice. €xercise for radiation: You must radiate an atmosphere - take it as a new exercise with the feeling of doing itfcr the first time. then you will get much from it - an atmosphere of expectation.",1937 the smallest exercise.,Try to radiate the atmOSphere of expectation of” something very gorgeous.,actor_struggle;daily_inspiration;directing_academic_footnote;method_terms,atmosphere;audience;feeling;first;love;radiation;will,0.888,internal_candidate_only__not_publicly_cleared,needs_visual_verification,"lesson/transcription/UWindsor attribution approved by Dawson, exact source context still required"
118,1078,2033,"December 5, 1941: Michael Chekhov's ninth class for professional actors: The psychological gesture","December 5, 1941",primary_chekhov_transcription: by Michael Chekhov; transcribed by Deirdre Hurst du Prey,https://collections.uwindsor.ca/chekhov/item/1078,https://collections.uwindsor.ca/files/original/37bb0f43cbbdbb4c610c4e87f0c108d2afed3fa7.pdf,pdf_cache/item_1078_december-5-1941-michael-chekhov-s-ninth-class-for-professional-actors-the-psychological-ge.pdf,extracted_text_all/item_1078_december-5-1941-michael-chekhov-s-ninth-class-for-professional-actors-the-psychological-ge.txt,22,"But if the body is free, then forever I am free in thig way, The bodily development is essential, FIRST APPROACH TO THE PLAY - THE ACTOR'S DREAMS OR INTUITION ugstions I understand what you mean by the archetype and the gesture, and it is a very releasing thing. But when I have finished reading a play, I have always come to certain intellectual conclusions about it, I don't feel it would be right to negate this.","opHeE ie Chekhov | December 5, 1941 secret ways that we do not know why we cannot act a certain part.","In other words, could I come to an intellectual conclusion about the play before beginning to work for the archetype or the gesture?",actor_struggle;daily_inspiration;directing_academic_footnote;method_terms,archetype;body;first;free;gesture;intellectual;play,0.892,internal_candidate_only__not_publicly_cleared,needs_visual_verification,"lesson/transcription/UWindsor attribution approved by Dawson, exact source context still required"
118,832,1439,"February 21, 1938","February 21, 1938",primary_chekhov_transcription: by Michael Chekhov; transcribed by Deirdre Hurst du Prey,https://collections.uwindsor.ca/chekhov/item/832,https://collections.uwindsor.ca/files/original/4b8060d6e50e827af242313313bd4d6ad707c832.pdf,pdf_cache/item_832_february-21-1938.pdf,extracted_text_all/item_832_february-21-1938.txt,9,"If it seems to he sometimes only outer shape and form, it does not matter. it will be filled later. But we must not forget that there are real means to keep the inner life: objective. imagination. feeling of the whole.",1938 always know this and find it\ It 15 so beautiful to explore all these variations.,"Therefore. we must not allow dead forms. ~ I want to remind you about words. when you are speaking your sentences, they are part of the whole.",actor_struggle;daily_inspiration;directing_academic_footnote;method_terms,feeling;form;imagination;life;objective;whole;will,0.887,internal_candidate_only__not_publicly_cleared,needs_visual_verification,"lesson/transcription/UWindsor attribution approved by Dawson, exact source context still required"
118,837,1444,"February 25, 1938","February 25, 1938",primary_chekhov_transcription: by Michael Chekhov; transcribed by Deirdre Hurst du Prey,https://collections.uwindsor.ca/chekhov/item/837,https://collections.uwindsor.ca/files/original/fea15c939be1bd99d817c7738fb3594c323949bc.pdf,pdf_cache/item_837_february-25-1938.pdf,extracted_text_all/item_837_february-25-1938.txt,1,"We must know that there are two feelings of the whole - one is the intellectual which we cannot apply to our art at all, and the other is that which feeds and lends’our whole nature.",The illusion of the whole is there but the real experience of the whole - the beginning and the end - is not.,It is the yhglg nature which participates in this rhythmical thing.,actor_struggle;daily_inspiration;directing_academic_footnote,art;cannot;feelings;intellectual;whole,0.887,internal_candidate_only__not_publicly_cleared,needs_visual_verification,"lesson/transcription/UWindsor attribution approved by Dawson, exact source context still required"
118,837,1444,"February 25, 1938","February 25, 1938",primary_chekhov_transcription: by Michael Chekhov; transcribed by Deirdre Hurst du Prey,https://collections.uwindsor.ca/chekhov/item/837,https://collections.uwindsor.ca/files/original/fea15c939be1bd99d817c7738fb3594c323949bc.pdf,pdf_cache/item_837_february-25-1938.pdf,extracted_text_all/item_837_february-25-1938.txt,6,"How, will you please follow the imaginary form which is a little bit difficult - the earthy life of Lear expires. As the result of this expiration comes the second part which is death and emptiness. and when he and blind Gloucester meet each other on the heath and empty spaces, they are actually the reversal of the beginning, in which was the mighty king and his servant Gloucester. n0 , let us ask the questions as though we are intellectual people. what is this emptiness. this death expressed in madness, blindness?",We come to the middle part which is emptiness - everybody has lost his former pcttorn and existence. and everybody to a csrtﬁin BXtent has died. ihe world becomes empty and dead. and the storm has ceased. and the cleverness and life and majesty has expired.,"15 it the result of the dls~ appearance of certain qualities which were in the beginning, ""dam in the sound, majestic world of King Lear?",actor_struggle;daily_inspiration;directing_academic_footnote;method_terms,beginning;blind;difficult;form;imaginary;intellectual;life;will,0.888,internal_candidate_only__not_publicly_cleared,needs_visual_verification,"lesson/transcription/UWindsor attribution approved by Dawson, exact source context still required"
118,817,1408,"February 3, 1938","February 3, 1938",primary_chekhov_transcription: by Michael Chekhov; transcribed by Deirdre Hurst du Prey,https://collections.uwindsor.ca/chekhov/item/817,https://collections.uwindsor.ca/files/original/3f54a4f6bde6164cc8f974e24765b1f322a1d124.pdf,pdf_cache/item_817_february-3-1938.pdf,extracted_text_all/item_817_february-3-1938.txt,1,"In recent lessons we have established first, that the gesture arises in oneperson. is received by another. influences him. and also influences the one in when the gesture arose. Secondly, We have established that the gesture must occupy the whole body (better to say the whole being). because the whole being includes the psychological and physical whole. (Thinking - that is ""imagining"" in our profession.) The psychological gesture, if it is made by the whole body, is like a form into whieh. and through which we must pour out different qualities we need for this or that aim.",We must explore the realm of the psychological gesture together. .,Under quel— ities we are free to understand everytldng.,actor_struggle;daily_inspiration;directing_academic_footnote;method_terms,body;first;form;gesture;psychological gesture;qualities;whole,0.881,internal_candidate_only__not_publicly_cleared,needs_visual_verification,"lesson/transcription/UWindsor attribution approved by Dawson, exact source context still required"
118,1029,1661,"February 5, 1940","February 5, 1940",primary_chekhov_transcription: by Michael Chekhov; transcribed by Deirdre Hurst du Prey,https://collections.uwindsor.ca/chekhov/item/1029,https://collections.uwindsor.ca/files/original/dc267173960cebfac8e5ba52409dc0155103b21d.pdf,pdf_cache/item_1029_february-5-1940.pdf,extracted_text_all/item_1029_february-5-1940.txt,6,We cannot act with our head at all - only with cur being. and the head muot be the appendii. of our whole being and only the face. which is very subtle - not anatomical and psychological - will reflect our life and inner activity which coneo from the whole being first and then ie nbrrorcd.‘ Therefore. it io so ugly when the actor begine to make races inetead of ueing hie own body.,"But actors have no right to be powerful in the brain end weak everywhere 93,230.",Only when the actor-in able to yeur Everything] into hievheie being. then the face becomea beautiful of iteelf.,actor_struggle;daily_inspiration;directing_academic_footnote,body;cannot;first;life;whole;will,0.890,internal_candidate_only__not_publicly_cleared,needs_visual_verification,"lesson/transcription/UWindsor attribution approved by Dawson, exact source context still required"
118,652,1208,"January 14, 1937","January 14, 1937",primary_chekhov_transcription: by Michael Chekhov; transcribed by Deirdre Hurst du Prey,https://collections.uwindsor.ca/chekhov/item/652,https://collections.uwindsor.ca/files/original/19c5ab30fdad4f4219d19eb0dc92c37957cabc04.pdf,pdf_cache/item_652_january-14-1937.pdf,extracted_text_all/item_652_january-14-1937.txt,2,"But we must start. ear-riot: IMAGINING THE PLAY: The Fishino Scone: ___________L_____ The first thing you must do is to imagine everything that the director or the designer will tell you. in order to hear. not with your brain or intellect, but with yolm imagination. you must train yourself to hear everything with your imagination.","The task is very big, and the problems are difficult. and the future is very far.",You must turn everything you hour into a picture.,actor_struggle;daily_inspiration;directing_academic_footnote,director;first;imagination;play;will,0.877,internal_candidate_only__not_publicly_cleared,needs_visual_verification,"lesson/transcription/UWindsor attribution approved by Dawson, exact source context still required"
118,802,1381,"January 16, 1938","January 16, 1938",primary_chekhov_transcription: by Michael Chekhov; transcribed by Deirdre Hurst du Prey,https://collections.uwindsor.ca/chekhov/item/802,https://collections.uwindsor.ca/files/original/0b09e77011a6688c0839f8c81be6c62207d6443d.pdf,pdf_cache/item_802_january-16-1938.pdf,extracted_text_all/item_802_january-16-1938.txt,13,"It is so beautiful when you are able to nppecr on the stage end are sure that if you do this technical thins inside you, you will really throw to your audience so many intangible things which are the feelings vmich have come as an inspiration to you - that your audience will say in the first ten seconds. ”Yes. hero is something."" Your stream of something is so strong that you will set from the audience, “Yes. we are ready."" and then you rull get inspired because the audience has sent its “yes"" - the audience is open. Ehon you must create with your audience. together. first this toy and then",I want you to be straw that when I remind you about this realm of the feelings. that we can only create this ground if you are firmly standing on it.,,actor_struggle;daily_inspiration;directing_academic_footnote,audience;end;feelings;first;inspiration;inspired;will,0.893,internal_candidate_only__not_publicly_cleared,needs_visual_verification,"lesson/transcription/UWindsor attribution approved by Dawson, exact source context still required"
118,1024,1656,"January 29, 1940","January 29, 1940",primary_chekhov_transcription: by Michael Chekhov; transcribed by Deirdre Hurst du Prey,https://collections.uwindsor.ca/chekhov/item/1024,https://collections.uwindsor.ca/files/original/0f3f8c3ba73e3cb7146e1bd3d461e6bb7bfc73a5.pdf,pdf_cache/item_1024_january-29-1940.pdf,extracted_text_all/item_1024_january-29-1940.txt,6,If you are concentrated en this ovenf; of the parlors of the ghost in the Hamlet scene. than you cannot do it prinitively or bluntly. If we are concentrated on the peweru of the ghost. than we will get the ability to group the whole eta-celled Complicated psychology in one grip of our will - where the objective site — end we will immediately reset on it; If you will imagine - for the sake of exact-aiming the power of cancontmtien - that your hchrt is growing no large an the whole earth. you will nee that everything is included in your heart. and everything in near to you.,' ~ Thin-deco not mean ﬂint We have ie be primitive in our acting; It means to Ibecene concrete - you have simply #10 be concentroted - to-‘be able to be nlmyo concentrated on something is part of our Method.,There will be nothing between you. and you will come to a certain new kind of \mdorumnding of beings or proceeeeo in the,actor_struggle;daily_inspiration;directing_academic_footnote;method_terms,ability;cannot;end;group;objective;scene;whole;will,0.884,internal_candidate_only__not_publicly_cleared,needs_visual_verification,"lesson/transcription/UWindsor attribution approved by Dawson, exact source context still required"
118,731,1310,"June 28, 1937 (afternoon)","June 28, 1937",primary_chekhov_transcription: by Michael Chekhov; transcribed by Deirdre Hurst du Prey,https://collections.uwindsor.ca/chekhov/item/731,https://collections.uwindsor.ca/files/original/ce51e55b21af7040504880f52ba9eac752693ab3.pdf,pdf_cache/item_731_june-28-1937-afternoon.pdf,extracted_text_all/item_731_june-28-1937-afternoon.txt,1,"It is difficult to get and it requireu time, but we have to get it. In order to have the feeling of the whole it means that firat of all each member of the cast must work apart from the rehearsals. and in their imaginations they must go through the whole play as if sitting in the audience room.","First of all, that which it] not quite clear to your cent is the foclinn' of the M - this is not yet there.",In this way they will get tho impromion of being in the audience room during the porfonrance.,actor_struggle;daily_inspiration;directing_academic_footnote,audience;cast;difficult;feeling;play;rehearsals;whole,0.884,internal_candidate_only__not_publicly_cleared,needs_visual_verification,"lesson/transcription/UWindsor attribution approved by Dawson, exact source context still required"
118,897,1522,"June 28, 1938","June 28, 1938",primary_chekhov_transcription: by Michael Chekhov; transcribed by Deirdre Hurst du Prey,https://collections.uwindsor.ca/chekhov/item/897,https://collections.uwindsor.ca/files/original/826da14cda43eeaed79571c6568d0e1eeea717de.pdf,pdf_cache/item_897_june-28-1938.pdf,extracted_text_all/item_897_june-28-1938.txt,10,We have used this theme for other nine but this in the first time we have done it for the feeling of the whole ~ it awakens more activity if it in used no on improvisation exercise. our bodies must be built soundly - we must be healthy - that means we muat have a feeling that our bodiou are healthy. so concentrate on the centre in your cheats which is holding your whole body in ite right proportion and by walking given you the right figure. and everything in your body is at your disposal — you have your body in your hands. in your power. now. do the Actor's March with these qualities.,Fly over the whole composition - anticipate it and then be euro that you have the feeling of the whole for each section separately. and for the whole performance.,,actor_struggle;daily_inspiration;directing_academic_footnote;method_terms,body;concentrate;feeling;first;qualities;whole,0.892,internal_candidate_only__not_publicly_cleared,needs_visual_verification,"lesson/transcription/UWindsor attribution approved by Dawson, exact source context still required"
118,873,1480,"May 10, 1938 (afternoon)","May 10, 1938",primary_chekhov_transcription: by Michael Chekhov; transcribed by Deirdre Hurst du Prey,https://collections.uwindsor.ca/chekhov/item/873,https://collections.uwindsor.ca/files/original/7deedba3c73650ce7d5bcc86221bcf51fac9f964.pdf,pdf_cache/item_873_may-10-1938-afternoon.pdf,extracted_text_all/item_873_may-10-1938-afternoon.txt,7,"You are blind and dear to everything else. \ If you Judge yourself now from the point of View of the future performance thero in nothing — it is impossible from the point of truth or justification perhaps, but in such rehearsals. at the very beginning when we are only concerned with the style, it will be vmong but let it be wrong - we have time to repair it. Actors of the old school try to act the whole part at once - from where?",Don't lose yourself in imaginary things; only one thing is being exercised - styld - nothing more.,Just a heap of something which will lead to chaos.,actor_struggle;daily_inspiration;directing_academic_footnote;method_terms,beginning;blind;future;rehearsals;style;truth;whole;will,0.892,internal_candidate_only__not_publicly_cleared,needs_visual_verification,"lesson/transcription/UWindsor attribution approved by Dawson, exact source context still required"
118,627,1183,"November 21, 1936","November 21, 1936",primary_chekhov_transcription: by Michael Chekhov; transcribed by Deirdre Hurst du Prey,https://collections.uwindsor.ca/chekhov/item/627,https://collections.uwindsor.ca/files/original/cdbe14f3a5fcaa28017108631105830c2b86a218.pdf,pdf_cache/item_627_november-21-1936.pdf,extracted_text_all/item_627_november-21-1936.txt,3,"But 1f we only remain with the outside form and speak the words and move in the first rehcarsal as if we are ready to act, it means that we remain always on the surface, on the outside edge. Therefore, at present we have a theatre which exists oaly for rcpolt!ﬁg theauthor‘s words, THE AUTHOR®‘S IDEA or THE PLAY: We must dig deeply and penetrate to the very deepest point of the play, which isthe author‘sAdaa? this —e must elaborate on this first deepest place with our gestures, $ur speech, and our imnges.","To find the author‘s idea and then do as we like with it, That is the right of our kind of theatro.","Then, and only then, will we be ready to begin to act.",actor_struggle;daily_inspiration;directing_academic_footnote;method_terms,author;first;form;play;speech;theatre,0.889,internal_candidate_only__not_publicly_cleared,needs_visual_verification,"lesson/transcription/UWindsor attribution approved by Dawson, exact source context still required"
118,1001,1633,"September 20, 1939","September 20, 1939",primary_chekhov_transcription: by Michael Chekhov; transcribed by Deirdre Hurst du Prey,https://collections.uwindsor.ca/chekhov/item/1001,https://collections.uwindsor.ca/files/original/736a4878a0cb7d490bb413e1f391ef54f7ff90a2.pdf,pdf_cache/item_1001_september-20-1939.pdf,extracted_text_all/item_1001_september-20-1939.txt,6,"But to be Able tonunp it. we hmio . first to ‘govolop fthc ability to incrcaod our Iprbdoncu by 421m simple ‘dcniro or by the means of imagination - that 5.5 the first thing - t‘u be able to separate them Excreiugn It in very useful to take some exor’cinoa from dif— ferent points,“ vicm — the whole £101:th in 25 whole orgaﬁlsn. The excl-ciao of creating graupn in different tempos a you must be in thq tempo which in umosfqd, and tho audience must got the imyronulrm b! that tompb.","It 5.0 almyn like that — it tho spirit in in «compo. then comes a dramatic or tragic or uyliftmg thing - the Opposito is true when the body mkon tho place of thq with. then comes oithor humor or hysteriu.‘ I: 110 are ablo to managg the process of Separation of bur opiritﬁnd body in any mam-and than tho' » whole Image in ,botWoon.",‘Don't oopnrdto the body and ﬁpirb‘: tampon thiurtln'c'.,actor_struggle;daily_inspiration;directing_academic_footnote;method_terms,ability;audience;first;imagination;tempo;whole,0.868,internal_candidate_only__not_publicly_cleared,needs_visual_verification,"lesson/transcription/UWindsor attribution approved by Dawson, exact source context still required"
117,800,1379,"December 16, 1937","December 16, 1937",primary_chekhov_transcription: by Michael Chekhov; transcribed by Deirdre Hurst du Prey,https://collections.uwindsor.ca/chekhov/item/800,https://collections.uwindsor.ca/files/original/bdb91627f7bbca3330f0fb6ed3bf15e8d0b4e3e7.pdf,pdf_cache/item_800_december-16-1937.pdf,extracted_text_all/item_800_december-16-1937.txt,9,"Then I will be giving out in the finest may — which we call radiation: and by being able to radiate more and more, I cons to the highest ideal of sacrifice. €xercise for radiation: You must radiate an atmosphere - take it as a new exercise with the feeling of doing itfcr the first time. then you will get much from it - an atmosphere of expectation.",I mq§t love my audience. my part. and everything which is in connection with it.,Try to radiate the atmOSphere of expectation of” something very gorgeous.,actor_struggle;daily_inspiration;directing_academic_footnote;method_terms,atmosphere;feeling;first;radiation;will,0.888,internal_candidate_only__not_publicly_cleared,needs_visual_verification,"lesson/transcription/UWindsor attribution approved by Dawson, exact source context still required"
117,825,1432,"February 11, 1938","February 11, 1938",primary_chekhov_transcription: by Michael Chekhov; transcribed by Deirdre Hurst du Prey,https://collections.uwindsor.ca/chekhov/item/825,https://collections.uwindsor.ca/files/original/767a42ea6d214084df8dc278527a567cc84c9c60.pdf,pdf_cache/item_825_february-11-1938.pdf,extracted_text_all/item_825_february-11-1938.txt,6,"I have known only one theatre \Iith a really good contact. not only on the stage but in the theatre life - the first Moscow Art Theatre. The}, have always sought for this contact on the stage. in Chekhov plays, atmosphere, mood, etc.. and thoy developed this feeling of contact and z-rhst 2-1:: the result in their life?",I have another example of contact which is near to us.,"They have never had any intrie ci ‘,",actor_struggle;daily_inspiration;directing_academic_footnote;method_terms,art;atmosphere;feeling;first;life;theatre,0.884,internal_candidate_only__not_publicly_cleared,needs_visual_verification,"lesson/transcription/UWindsor attribution approved by Dawson, exact source context still required"
117,834,1441,"February 22, 1938 (morning)","February 22, 1938",primary_chekhov_transcription: by Michael Chekhov; transcribed by Deirdre Hurst du Prey,https://collections.uwindsor.ca/chekhov/item/834,https://collections.uwindsor.ca/files/original/c68aa087d62c9fd3ff9c573dd6d522ecd946aa89.pdf,pdf_cache/item_834_february-22-1938-morning.pdf,extracted_text_all/item_834_february-22-1938-morning.txt,5,"It is right, of course, that tho tosturo is not at once quite clear, because :3 know that on principle all gestures must be discovered. as all art has to be discovered. Therefore some geaturon will come only at the end of a long period of work: and in this case I think it is very difficult to find the gesture.",Try once the whole situation in the form of a psychological gesture.,Ono thing. it must not be descriptive.,actor_struggle;daily_inspiration;directing_academic_footnote;method_terms,art;difficult;end;gesture;will,0.889,internal_candidate_only__not_publicly_cleared,needs_visual_verification,"lesson/transcription/UWindsor attribution approved by Dawson, exact source context still required"
117,664,1223,"February 4, 1937","February 4, 1937",primary_chekhov_transcription: by Michael Chekhov; transcribed by Deirdre Hurst du Prey,https://collections.uwindsor.ca/chekhov/item/664,https://collections.uwindsor.ca/files/original/d4bdb6c4bbe89264fb2204c26611ce086fa2d405.pdf,pdf_cache/item_664_february-4-1937.pdf,extracted_text_all/item_664_february-4-1937.txt,3,If they are vague at the beginning. they will lose heart very soon. (Directog'e exoroinnn) Create the atmosphere through your imagination. You have been given an action and with these conditions you must explore the possibilities of what you have been given.,"The reason we are BO pedantic is that the clearer yon give the starting point to your actors, the more creative they will become.",Cgiticign: uhat was the action?,actor_struggle;daily_inspiration;directing_academic_footnote;method_terms,action;atmosphere;beginning;imagination;will,0.894,internal_candidate_only__not_publicly_cleared,needs_visual_verification,"lesson/transcription/UWindsor attribution approved by Dawson, exact source context still required"
117,819,1426,"February 4, 1938","February 4, 1938",primary_chekhov_transcription: by Michael Chekhov; transcribed by Deirdre Hurst du Prey,https://collections.uwindsor.ca/chekhov/item/819,https://collections.uwindsor.ca/files/original/668aec0988713db9ff0e4bf95b359eb7353b8d12.pdf,pdf_cache/item_819_february-4-1938.pdf,extracted_text_all/item_819_february-4-1938.txt,6,Then you will feel at once that your whole being is full of this atmosphere: you are full of the feeling wo want to have. But first we must create it around us. and iheu it is ours.,"So take the atmospheio and radiate it buck, this is also possible and easy. if the atuosphore is there and is taken into us and becomes the feelings, than you must develop the ahility to speak, to sing, to move, to not out of this atmosphere. inia is the next stop. now try to move in this atmosphere; from the atmosphere: being inspired by the atmoophore.",Study this process of how to move in the atmosphere which we described as one of depressing Silence. ”cu try to speak a sentence out of this atmosPhoro.,actor_struggle;daily_inspiration;directing_academic_footnote;method_terms,atmosphere;feeling;first;whole;will,0.890,internal_candidate_only__not_publicly_cleared,needs_visual_verification,"lesson/transcription/UWindsor attribution approved by Dawson, exact source context still required"
117,820,1427,"February 7, 1938","February 7, 1938",primary_chekhov_transcription: by Michael Chekhov; transcribed by Deirdre Hurst du Prey,https://collections.uwindsor.ca/chekhov/item/820,https://collections.uwindsor.ca/files/original/03f045894e5c4a688347cef980771e17e4782901.pdf,pdf_cache/item_820_february-7-1938.pdf,extracted_text_all/item_820_february-7-1938.txt,8,"We do not even guess that this whole structure makes a tremendous gesture. If you take it in you can not, you can speak. or move - there is a whole story~ to act, describe. move in this, We are blind to this gesture because we do not need it in our everyday life. or in our profession now.","Now, do you fool the tremendous difference? we do not hear the gesture. we do not see the gosture.",Our profession is contracting. undeveloped and shrunken.,actor_struggle;daily_inspiration;directing_academic_footnote;method_terms,blind;gesture;life;structure;whole,0.883,internal_candidate_only__not_publicly_cleared,needs_visual_verification,"lesson/transcription/UWindsor attribution approved by Dawson, exact source context still required"
117,665,1224,"February 8, 1937","February 8, 1937",primary_chekhov_transcription: by Michael Chekhov; transcribed by Deirdre Hurst du Prey,https://collections.uwindsor.ca/chekhov/item/665,https://collections.uwindsor.ca/files/original/f2566c51a9298f66a98500aea691d44d12801420.pdf,pdf_cache/item_665_february-8-1937.pdf,extracted_text_all/item_665_february-8-1937.txt,7,Chekhov February 8. 1937 afraid of touching the most important moments. if you had only the old methods you wohld not be able to do this. out by touching on the play you are able to do everything. and your imagination will work simultaneously with the gesture.,1-1.,The climax of this play is a most tragic situation. it is at the moment when Jocelyn meets her husband.,actor_struggle;daily_inspiration;directing_academic_footnote;method_terms,gesture;imagination;important moment;important moments;moments;play;will,0.892,internal_candidate_only__not_publicly_cleared,needs_visual_verification,"lesson/transcription/UWindsor attribution approved by Dawson, exact source context still required"
117,937,1562,"February 9, 1939","February 9, 1939",primary_chekhov_transcription: by Michael Chekhov; transcribed by Deirdre Hurst du Prey,https://collections.uwindsor.ca/chekhov/item/937,https://collections.uwindsor.ca/files/original/08478b34e7e55de40f24988fa6932ec50c0ac422.pdf,pdf_cache/item_937_february-9-1939.pdf,extracted_text_all/item_937_february-9-1939.txt,5,"810 have to understand the objective with our whole beingthis in the trick we must show them devllo. . If you will analyse it, you will find that it in not peoeible to have a. real desire only in your head - you will find that your desired and objectivoo are living in your arms and hendea Ln younlogo. and in your cheat and back; in your neck and. ever-where.",What does thie mean?,"V We can \mderotond the objective beeause these devile have given us the power of mdcmtonding, but we can aloe pour this understanding into our whole body. definitely into our body. just on the old actor had it in hie body.",actor_struggle;daily_inspiration;directing_academic_footnote;method_terms,analyse;desire;living;objective;whole;will,0.882,internal_candidate_only__not_publicly_cleared,needs_visual_verification,"lesson/transcription/UWindsor attribution approved by Dawson, exact source context still required"
117,659,1218,"January 23, 1937","January 23, 1937",primary_chekhov_transcription: by Michael Chekhov; transcribed by Deirdre Hurst du Prey,https://collections.uwindsor.ca/chekhov/item/659,https://collections.uwindsor.ca/files/original/9024fda428c5288fb58b9435e4effc607a45f37a.pdf,pdf_cache/item_659_january-23-1937.pdf,extracted_text_all/item_659_january-23-1937.txt,5,"Chekhov v‘armary 23. 1937 The loss free the actor will he in doing his psychological gesture, the more free he will he later on. it depends upon the director what form of the gesture he gives. we are now working with the psychological gesture because we want to understand it.",.35.,"Later we will perhaps pay less attention to it, and will pay more attention to imagination and other things. iho director can find the whole play in the platonic world.",actor_struggle;daily_inspiration;directing_academic_footnote;method_terms,director;form;free;gesture;psychological gesture;will,0.892,internal_candidate_only__not_publicly_cleared,needs_visual_verification,"lesson/transcription/UWindsor attribution approved by Dawson, exact source context still required"
117,807,1397,"January 24, 1938","January 24, 1938",primary_chekhov_transcription: by Michael Chekhov; transcribed by Deirdre Hurst du Prey,https://collections.uwindsor.ca/chekhov/item/807,https://collections.uwindsor.ca/files/original/acb08d61243890cf2049c2071852e4a4fe26e088.pdf,pdf_cache/item_807_january-24-1938.pdf,extracted_text_all/item_807_january-24-1938.txt,3,"If our psychology. in spite of this division in three parts, is one. and if our 1306an spite of three ports:7 is one which is permeated with the first whole thing. then we have to draw the following conclusion: The psychological gesture must be produced by the means oi our whole body, and never by the means of one of the parts of our body.",That means that our whole body is permeated with our thoughts or imgination from the head down; our whole body is permeated with the feeling from the heart down: and our whole body is permeated with the impulse streaming from below up.,Z‘Ie have to create our psychological gestures with our full and whole being.,actor_struggle;daily_inspiration;directing_academic_footnote;method_terms,body;first;gesture;psychological gesture;whole,0.887,internal_candidate_only__not_publicly_cleared,needs_visual_verification,"lesson/transcription/UWindsor attribution approved by Dawson, exact source context still required"
117,811,8504,"January 27, 1938","January 27, 1938",primary_chekhov_transcription: by Michael Chekhov; transcribed by Deirdre Hurst du Prey,https://collections.uwindsor.ca/chekhov/item/811,https://collections.uwindsor.ca/files/original/077111dcf82faca563a3b41cf1a8182bac430d93.pdf,pdf_cache/item_811_january-27-1938.pdf,extracted_text_all/item_811_january-27-1938.txt,2,"It must be something definite, and first of All it must be filled with certain qualities. will you please do this gesture: From the center of our chest we are going to move our whole being = we move our arms, our heads, but streams are zoing through our legs as well. ‘Will you open your whole being by doing this psychological gesture.","‘This means, that if we are going to do a certain gesture, ""I am going to open ny whole body, my whole being,"" I must ask myself what qualities I want to incorporate 7 this gesture, because the sesture itself can mean nothing orit can mean too much, which is also nothing.",Now do it with the quality of caution.,actor_struggle;daily_inspiration;directing_academic_footnote;method_terms,center;first;gesture;psychological gesture;qualities;whole;will,0.880,internal_candidate_only__not_publicly_cleared,needs_visual_verification,"lesson/transcription/UWindsor attribution approved by Dawson, exact source context still required"
117,743,1322,"July 14, 1937","July 14, 1937",primary_chekhov_transcription: by Michael Chekhov; transcribed by Deirdre Hurst du Prey,https://collections.uwindsor.ca/chekhov/item/743,https://collections.uwindsor.ca/files/original/e23b4774e71df90723e36ef1bbf1206f1a0a140f.pdf,pdf_cache/item_743_july-14-1937.pdf,extracted_text_all/item_743_july-14-1937.txt,2,As a condition. the tempo is given: the beginning is very slow. the middle part very quick. and very slow at the end. Use these movements to awaken your feelings.,"The first position is a contmctod'cme on the ground, as if you are pulling something, tho second moment is on the knees. tho arms outstretched to the sides holding something; tho third position is again sitting on the floor, but not contmctod this time. and pushing something away.",Until your feelings are aroused. the exercise has not been explored mlly.,actor_struggle;directing_academic_footnote;method_terms,beginning;end;feelings;middle;tempo,0.884,internal_candidate_only__not_publicly_cleared,needs_visual_verification,"lesson/transcription/UWindsor attribution approved by Dawson, exact source context still required"
117,746,1324,"July 18, 1937","July 18, 1937",primary_chekhov_transcription: by Michael Chekhov; transcribed by Deirdre Hurst du Prey,https://collections.uwindsor.ca/chekhov/item/746,https://collections.uwindsor.ca/files/original/896112414dc92ea9e1ea802c9b3b228f984efcba.pdf,pdf_cache/item_746_july-18-1937.pdf,extracted_text_all/item_746_july-18-1937.txt,20,"Comments of Paul Roger-m The directors should ""fly over"" the whole play much more often than they do. This will help to find tompo and rhythm.",This applies to all the sketches.,I would suggest a more thorough organization of the technical side.,actor_struggle;daily_inspiration;directing_academic_footnote;method_terms,directors;play;rhythm;whole;will,0.884,internal_candidate_only__not_publicly_cleared,needs_visual_verification,"lesson/transcription/UWindsor attribution approved by Dawson, exact source context still required"
117,731,1310,"June 28, 1937 (afternoon)","June 28, 1937",primary_chekhov_transcription: by Michael Chekhov; transcribed by Deirdre Hurst du Prey,https://collections.uwindsor.ca/chekhov/item/731,https://collections.uwindsor.ca/files/original/ce51e55b21af7040504880f52ba9eac752693ab3.pdf,pdf_cache/item_731_june-28-1937-afternoon.pdf,extracted_text_all/item_731_june-28-1937-afternoon.txt,7,"It is good that the cast is able to keep the perform ' + 01 wore to ask professional actors to play the whole play with so many gaps in the atmosphere and rhythm. etc.. it would be very disturbing for them, but our students carry it through without any hysteria. This is a great achievement. and I know that you will be able to reach all that I have suggestod.",The impression in the drawings will always he changed on the stage. and this is the process or growing.,The only thing I have not yet seen is the depth. but you will be able to reach that.,actor_struggle;daily_inspiration;directing_academic_footnote;method_terms,atmosphere;cast;play;rhythm;whole;will,0.891,internal_candidate_only__not_publicly_cleared,needs_visual_verification,"lesson/transcription/UWindsor attribution approved by Dawson, exact source context still required"
117,849,1456,"March 10, 1938","March 10, 1938",primary_chekhov_transcription: by Michael Chekhov; transcribed by Deirdre Hurst du Prey,https://collections.uwindsor.ca/chekhov/item/849,https://collections.uwindsor.ca/files/original/98b2cb2d05d0a8ad946766804bc27893b9ec4ca4.pdf,pdf_cache/item_849_march-10-1938.pdf,extracted_text_all/item_849_march-10-1938.txt,5,"Chekhov , Larch 10, 1938 bodies free. \ How. try to imagine in the style of tho play;imagination and style in the speech - this is the main idea today. At the end of the scene when Nicholas is sitting speaking with the invisible Spy — this invisible gentleman in spectacles - about ""usual and unusual"" people. imagine in the style of the play. how he speaks.",h.,After this long torture and psychological fight with this image he is extremely exhausted and falls asleep sitting on the chair.,actor_struggle;daily_inspiration;directing_academic_footnote;method_terms,end;free;imagination;play;scene;speech;style,0.885,internal_candidate_only__not_publicly_cleared,needs_visual_verification,"lesson/transcription/UWindsor attribution approved by Dawson, exact source context still required"
117,850,1457,"March 11, 1938","March 11, 1938",primary_chekhov_transcription: by Michael Chekhov; transcribed by Deirdre Hurst du Prey,https://collections.uwindsor.ca/chekhov/item/850,https://collections.uwindsor.ca/files/original/04a7d0a5aa2d77995d0d3887bb96ad0c2b4ea6f4.pdf,pdf_cache/item_850_march-11-1938.pdf,extracted_text_all/item_850_march-11-1938.txt,2,"The middle part is always the transition between the first and last part, in the sense that we ara aiming at a certain goal. and the transition is further away from the starting point, and nearer to the goal. All the qualities and powers which belong to this big rhythmical gesture consisting of three part3, must be combined or changed so that during this middle part - this transitional part - the qualities of the end are more and more defeating the qualities of the beginning.","1938 We know that by producing certain rhythmical effects we have, as artists. tb develop the ability whilo being in the starting point in the beginning. to be able to anticipate the last part, and rhile moving to the last part, and being in the last part. to live in the beginning, recalling it. reviving it. and making it present in our artistic mind.",This is the main idea of the transition. although in each special and particular case of the rhythmical event or process. it can be varied indefinitely.,directing_academic_footnote;method_terms,beginning;end;first;gesture;middle;qualities,0.889,internal_candidate_only__not_publicly_cleared,needs_visual_verification,"lesson/transcription/UWindsor attribution approved by Dawson, exact source context still required"
117,853,1460,"March 14, 1938","March 14, 1938",primary_chekhov_transcription: by Michael Chekhov; transcribed by Deirdre Hurst du Prey,https://collections.uwindsor.ca/chekhov/item/853,https://collections.uwindsor.ca/files/original/1da51265c981b438859505a5c636ae67a01b4255.pdf,pdf_cache/item_853_march-14-1938.pdf,extracted_text_all/item_853_march-14-1938.txt,1,"1938 CONCEi’i‘RATION IP'AGINATION AND \‘lILL‘ PRESIa‘XCE - THE CREATIVE INDIVIDUALITY CONTACT Today we shall start with the very first exercises. as if they were now. The real artist has to dovolop many abilities in his spirit and soul and body, and one of the most important abilities is the ability of concentration.",LEI‘ch 1b.,We shall start with this exerciso.,actor_struggle;daily_inspiration;directing_academic_footnote;method_terms,ability;body;concentration;creative;first;individuality;soul,0.883,internal_candidate_only__not_publicly_cleared,needs_visual_verification,"lesson/transcription/UWindsor attribution approved by Dawson, exact source context still required"
117,859,1466,"March 17, 1938","March 17, 1938",primary_chekhov_transcription: by Michael Chekhov; transcribed by Deirdre Hurst du Prey,https://collections.uwindsor.ca/chekhov/item/859,https://collections.uwindsor.ca/files/original/a89fcf996d4197e9e6cd41279ef18565e64ff7df.pdf,pdf_cache/item_859_march-17-1938.pdf,extracted_text_all/item_859_march-17-1938.txt,6,"""nor to. and not be afraid of all these small things.‘ This stage must be gone through. -Tho problem is difficult: Contraction: cold : ﬁiano presto Expansion: fire ‘ forte adagio in the beginning. (All these dfforta we make to overcome these obvious thingsvand to cppbine enemies and friends. It will give great freedom).","Thio anticigation of right things - wrong things, and all the mistaken which7 you anticipate you must be powerful enough to see and say.",V The more strange the composition the more original the interpretation. the underlying ideas.,actor_struggle;daily_inspiration;directing_academic_footnote,beginning;cold;difficult;freedom;problem;will,0.885,internal_candidate_only__not_publicly_cleared,needs_visual_verification,"lesson/transcription/UWindsor attribution approved by Dawson, exact source context still required"
117,843,1450,"March 3, 1938","March 3, 1938",primary_chekhov_transcription: by Michael Chekhov; transcribed by Deirdre Hurst du Prey,https://collections.uwindsor.ca/chekhov/item/843,https://collections.uwindsor.ca/files/original/42e649a2331bbcf6b93514a14830fb791c639736.pdf,pdf_cache/item_843_march-3-1938.pdf,extracted_text_all/item_843_march-3-1938.txt,4,The beginning of this feeling you will get at the end - to get rid of the whole world — therefore. you want to get rid of him.,It could bo turned into an objective but at the moment we will take it in imagination.,,actor_struggle;daily_inspiration;directing_academic_footnote,beginning;end;feeling;whole;will,0.891,internal_candidate_only__not_publicly_cleared,needs_visual_verification,"lesson/transcription/UWindsor attribution approved by Dawson, exact source context still required"
117,699,1278,"May 4, 1937","May 4, 1937",primary_chekhov_transcription: by Michael Chekhov; transcribed by Deirdre Hurst du Prey,https://collections.uwindsor.ca/chekhov/item/699,https://collections.uwindsor.ca/files/original/14ec99b98b77cabfa63b47e84ef62234cf3a37db.pdf,pdf_cache/item_699_may-4-1937.pdf,extracted_text_all/item_699_may-4-1937.txt,4,"Jhen I would give them objectives and let them be incomplete, but let them have the feeling of the whole play from the point of view of objective, psychological gesture, atmosphere, etc., etc.","Then I would give them two or three atmospheres and let them act, with mistakes, but with atmosphere throughout.","That would be very good for your cast because first of all they will feel how many mistakes they have made in details, and this is a good preparation for fighting with quch bad details.",actor_struggle;daily_inspiration;directing_academic_footnote;method_terms,atmosphere;feeling;gesture;objective;play;psychological gesture;whole,0.888,internal_candidate_only__not_publicly_cleared,needs_visual_verification,"lesson/transcription/UWindsor attribution approved by Dawson, exact source context still required"
117,699,1278,"May 4, 1937","May 4, 1937",primary_chekhov_transcription: by Michael Chekhov; transcribed by Deirdre Hurst du Prey,https://collections.uwindsor.ca/chekhov/item/699,https://collections.uwindsor.ca/files/original/14ec99b98b77cabfa63b47e84ef62234cf3a37db.pdf,pdf_cache/item_699_may-4-1937.pdf,extracted_text_all/item_699_may-4-1937.txt,4,"Then I would give them two or three atmospheres and let them act, with mistakes, but with atmosphere throughout. Jhen I would give them objectives and let them be incomplete, but let them have the feeling of the whole play from the point of view of objective, psychological gesture, atmosphere, etc., etc.","It would be best to give your cast one pseychological gesture for the whole scene and let them act with the gesture inside, having rehearsed it a little before.","That would be very good for your cast because first of all they will feel how many mistakes they have made in details, and this is a good preparation for fighting with quch bad details.",actor_struggle;daily_inspiration;directing_academic_footnote;method_terms,atmosphere;feeling;gesture;objective;play;psychological gesture;whole,0.888,internal_candidate_only__not_publicly_cleared,needs_visual_verification,"lesson/transcription/UWindsor attribution approved by Dawson, exact source context still required"
117,784,1363,"November 18, 1937","November 18, 1937",primary_chekhov_transcription: by Michael Chekhov; transcribed by Deirdre Hurst du Prey,https://collections.uwindsor.ca/chekhov/item/784,https://collections.uwindsor.ca/files/original/8248d5b961a34afcf476eb20d0629e9294619557.pdf,pdf_cache/item_784_november-18-1937.pdf,extracted_text_all/item_784_november-18-1937.txt,5,"You must be able to fill tremendous rooms and space, which you will find in American theatres, not only with your voices but with your radiation - there are no other means. You can move as wide as you like. but if it is without radiation the audience will not be able to see it with opera glasses.",You have beautiful means or expression and you must use your beautiful radiatina newer.,On the other hand if you nova only your eyebrows with radiation. the last person in the gallery will see and feel you.,actor_struggle;daily_inspiration;directing_academic_footnote;method_terms,audience;radiation;will,0.890,internal_candidate_only__not_publicly_cleared,needs_visual_verification,"lesson/transcription/UWindsor attribution approved by Dawson, exact source context still required"
117,632,1188,"November 26, 1936","November 26, 1936",primary_chekhov_transcription: by Michael Chekhov; transcribed by Deirdre Hurst du Prey,https://collections.uwindsor.ca/chekhov/item/632,https://collections.uwindsor.ca/files/original/dd20ccab6d711a44b7e436376f9ed4a455d7ff64.pdf,pdf_cache/item_632_november-26-1936.pdf,extracted_text_all/item_632_november-26-1936.txt,5,This work will give you the first feeling fot form. We must have fire and joy in doing each exercise.,"Number 8 Promised Leand Broken Synphony & Kop ¥oon zood Second Y¥ision Spring Water Keteor or Falling Star Through theso divisions, which are provisional, if you will imegine them and sact them in your imaginstion, you will get more than the first feeling for the form which the play can take with time.","The school is good, but the fire and joy are absol— utely important.",actor_struggle;daily_inspiration;directing_academic_footnote;method_terms,feeling;first;form;joy;will,0.888,internal_candidate_only__not_publicly_cleared,needs_visual_verification,"lesson/transcription/UWindsor attribution approved by Dawson, exact source context still required"
117,921,1546,"November 7, 1938","November 7, 1938",primary_chekhov_transcription: by Michael Chekhov; transcribed by Deirdre Hurst du Prey,https://collections.uwindsor.ca/chekhov/item/921,https://collections.uwindsor.ca/files/original/5b007ba8165d450f56d562ad4ce0cca537bbfb82.pdf,pdf_cache/item_921_november-7-1938.pdf,extracted_text_all/item_921_november-7-1938.txt,6,"But you must do it by appealing first to your imagination. just as you did the excreieeo for this streaming. now you must eee Pierrot noting with fire. Do it thirty times technically. as an actor, then you will know what it is. and tempo. speech. the wave movement. all these things eheuld come together.",If you cell it temperament. then temperament. as you like.,In telling you about the wave.,actor_struggle;daily_inspiration;directing_academic_footnote;method_terms,first;imagination;speech;tempo;will,0.881,internal_candidate_only__not_publicly_cleared,needs_visual_verification,"lesson/transcription/UWindsor attribution approved by Dawson, exact source context still required"
117,773,1352,"October 29, 1937","October 29, 1937",primary_chekhov_transcription: by Michael Chekhov; transcribed by Deirdre Hurst du Prey,https://collections.uwindsor.ca/chekhov/item/773,https://collections.uwindsor.ca/files/original/e26be0889f0520195b3b425a1c0f4cdd1d7ca4cf.pdf,pdf_cache/item_773_october-29-1937.pdf,extracted_text_all/item_773_october-29-1937.txt,7,"This kind of imagining will coax the archetypal values into the soul, and what kind of archetype we have to penetrate into is always very clear, because as artists when first reading the play or imagining the part. we guess these archetypes and that is why we want to act. So we must penetrate into them quite consciously.",Enter into this factory in your imagination and you will feel Balladina's devils.,I have seen a very gifted actress who had no idea of any method. but who was always living in the archetype.,actor_struggle;daily_inspiration;directing_academic_footnote;method_terms,archetype;first;play;soul;will,0.894,internal_candidate_only__not_publicly_cleared,needs_visual_verification,"lesson/transcription/UWindsor attribution approved by Dawson, exact source context still required"
117,909,1534,"October 3, 1938","October 3, 1938",primary_chekhov_transcription: by Michael Chekhov; transcribed by Deirdre Hurst du Prey,https://collections.uwindsor.ca/chekhov/item/909,https://collections.uwindsor.ca/files/original/55713c94a7f4fe667e5b9bfd4d91cc242241e053.pdf,pdf_cache/item_909_october-3-1938.pdf,extracted_text_all/item_909_october-3-1938.txt,4,"Thou when I am going to rehearse it in my imagination I will first may to myself. ""I will never give in with my dcsirc to act, with my feeling that I an an actor."" Then I will take the psychological gesture and apply it carefully.","What have 1 to act?"" I choose this or_thut scene. and 1 start to act it an an amateur. as a child. as a goniue.",Does it help me or not?,actor_struggle;daily_inspiration;directing_academic_footnote;method_terms,feeling;first;gesture;imagination;psychological gesture;rehearse;will,0.885,internal_candidate_only__not_publicly_cleared,needs_visual_verification,"lesson/transcription/UWindsor attribution approved by Dawson, exact source context still required"
117,755,1334,"October 4, 1937","October 4, 1937",primary_chekhov_transcription: by Michael Chekhov; transcribed by Deirdre Hurst du Prey,https://collections.uwindsor.ca/chekhov/item/755,https://collections.uwindsor.ca/files/original/0f5b47ae117ec9f9a7c8450938e35ae555992c61.pdf,pdf_cache/item_755_october-4-1937.pdf,extracted_text_all/item_755_october-4-1937.txt,6,"Pay attention to the moment when you start end when you finish, as this is very important for the feeling of the whole. It must be a great experience for you, then you will awaken your actor's",Run and touch a post and then come back with the feeling that this is one big movement on the stage; don't break it anywhere. ﬁhile watching. others must g9 it inside.,,actor_struggle;daily_inspiration;directing_academic_footnote;method_terms,attention;end;feeling;moment;whole;will,0.890,internal_candidate_only__not_publicly_cleared,needs_visual_verification,"lesson/transcription/UWindsor attribution approved by Dawson, exact source context still required"
117,1056,1688,"September 23, 1940","September 23, 1940",primary_chekhov_transcription: by Michael Chekhov; transcribed by Deirdre Hurst du Prey,https://collections.uwindsor.ca/chekhov/item/1056,https://collections.uwindsor.ca/files/original/b8e587cd8a4fea17f7a67569a9f10b9e763662aa.pdf,pdf_cache/item_1056_september-23-1940.pdf,extracted_text_all/item_1056_september-23-1940.txt,2,'Becaune the performance itself hao feelings - its own feeling: - and the feelings of the Enrformaneo - not of tho acter — we call atmosphere. The atmosphere of the whole play. of certain definize scenes. of moments. of acts. etc.,19h0 call it an independent being?,"You can easily imagine ﬁhet there can be an atmosphere on the stage. or in our eveyydey life -'a very definite atmosphere such as a cuteatrophe dn lhe ntreots In thin catastrophe you can fool one definite general ntnouphoro, ﬁelonging to when?",actor_struggle;daily_inspiration;directing_academic_footnote;method_terms,atmosphere;feeling;feelings;moments;play;scenes;whole,0.881,internal_candidate_only__not_publicly_cleared,needs_visual_verification,"lesson/transcription/UWindsor attribution approved by Dawson, exact source context still required"
117,748,1327,"September 27, 1937","September 27, 1937",primary_chekhov_transcription: by Michael Chekhov; transcribed by Deirdre Hurst du Prey,https://collections.uwindsor.ca/chekhov/item/748,https://collections.uwindsor.ca/files/original/587ea44317353a61f23f82cb781177f080c57c49.pdf,pdf_cache/item_748_september-27-1937.pdf,extracted_text_all/item_748_september-27-1937.txt,9,"If you will do this exorcise for five minutes every day. it will be enough for the beginning. when you have penetrated more and more into the soul of the person you do not like and hoVe found good qualities and abilities and intentions in than, you will get another this feeli Instead of nausea, you W111 be fed by touchin soul which you do not like. It is quite another feelir will feel yoursolf, first of all.",Then you will get something which we call feelings. of course. they are feelings and emotions. but quite a different kind of emotions from those we experionce in our everyday life.,"""mighty"" in a certain way. not that you will be mi ty in the accepted sense, but you will feel yourself more free in your feelings. {Ou will not be afraid of showing your feelings or of harinr than. any of",actor_struggle;daily_inspiration;directing_academic_footnote;method_terms,beginning;first;qualities;soul;will,0.891,internal_candidate_only__not_publicly_cleared,needs_visual_verification,"lesson/transcription/UWindsor attribution approved by Dawson, exact source context still required"
117,752,1331,"September 30, 1937","September 30, 1937",primary_chekhov_transcription: by Michael Chekhov; transcribed by Deirdre Hurst du Prey,https://collections.uwindsor.ca/chekhov/item/752,https://collections.uwindsor.ca/files/original/3fb3acda7bf7faff226f074d6d2416ed443c2ba5.pdf,pdf_cache/item_752_september-30-1937.pdf,extracted_text_all/item_752_september-30-1937.txt,21,"1937 In acting such a sketch we will pay attention. for example, first to concentration. You must then find the points. throughout the whole sketch, in which you must be concentrated.",Chekhov September 30.,In this way you will escape the condition when the actor is on the stage and is full of temperament. but he does not know what he doing because he is not able to concentrate on anything.,actor_struggle;daily_inspiration;directing_academic_footnote;method_terms,attention;concentration;first;whole;will,0.890,internal_candidate_only__not_publicly_cleared,needs_visual_verification,"lesson/transcription/UWindsor attribution approved by Dawson, exact source context still required"
116,592,1147,"June 4, 1936: Lessons to teachers: Lesson XVII",04-Jun-36,primary_chekhov_transcription: by Michael Chekhov; transcribed by Deirdre Hurst du Prey,https://collections.uwindsor.ca/chekhov/item/592,https://collections.uwindsor.ca/files/original/00307c9394308e42bc406ddb011331ef2f16723b.pdf,pdf_cache/item_592_june-4-1936-lessons-to-teachers-lesson-xvii.pdf,extracted_text_all/item_592_june-4-1936-lessons-to-teachers-lesson-xvii.txt,8,"That is the first exercise. To imagine that svery space can be filled with atmosphere, which has an objective presence like a human being, but it is atmosphere because it exigsts independently.","We must exercise not only to open ourselves and show to the audience our souls, but we must imagine that the space has a soul.",,actor_struggle;daily_inspiration;directing_academic_footnote;method_terms,atmosphere;first;objective,0.885,internal_candidate_only__not_publicly_cleared,needs_visual_verification,"lesson/transcription/UWindsor attribution approved by Dawson, exact source context still required"
116,798,1377,"December 13, 1937","December 13, 1937",primary_chekhov_transcription: by Michael Chekhov; transcribed by Deirdre Hurst du Prey,https://collections.uwindsor.ca/chekhov/item/798,https://collections.uwindsor.ca/files/original/70e7b92ad0a517102f4033289e8adb4913899e3c.pdf,pdf_cache/item_798_december-13-1937.pdf,extracted_text_all/item_798_december-13-1937.txt,3,"1937 Old Students and ‘ Atmosphere Objective (with new conditions) Contact Four Brothers: Feeling of case Feeling of form Feeling of beauty Feeling of the whole Radiation The center of interest 01d Students onlx: Character éby use of the invisible body, center, ate.) Archetype trying to find it by all the means) Getting the feelings through Inspiration (technioue of preparing the ground, opening the doors, etc.§ Psychological gesture Significance Style I hope that when you come back from the holidays. you will be ‘mprovod in your ability to use the Hathod — to manage and govern it.",Chekhov December 13.,Go through all the sketches in which you have a part.,actor_struggle;daily_inspiration;directing_academic_footnote;method_terms,ability;archetype;atmosphere;beauty;body;center;feeling;feelings;form;gesture;inspiration;objective;psychological gesture;radiation;style;whole;will,0.884,internal_candidate_only__not_publicly_cleared,needs_visual_verification,"lesson/transcription/UWindsor attribution approved by Dawson, exact source context still required"
116,798,1377,"December 13, 1937","December 13, 1937",primary_chekhov_transcription: by Michael Chekhov; transcribed by Deirdre Hurst du Prey,https://collections.uwindsor.ca/chekhov/item/798,https://collections.uwindsor.ca/files/original/70e7b92ad0a517102f4033289e8adb4913899e3c.pdf,pdf_cache/item_798_december-13-1937.pdf,extracted_text_all/item_798_december-13-1937.txt,3,"Chekhov December 13. 1937 Old Students and ‘ Atmosphere Objective (with new conditions) Contact Four Brothers: Feeling of case Feeling of form Feeling of beauty Feeling of the whole Radiation The center of interest 01d Students onlx: Character éby use of the invisible body, center, ate.) Archetype trying to find it by all the means) Getting the feelings through Inspiration (technioue of preparing the ground, opening the doors, etc.§ Psychological gesture Significance Style I hope that when you come back from the holidays. you will be ‘mprovod in your ability to use the Hathod — to manage and govern it.",1‘2.,Go through all the sketches in which you have a part.,actor_struggle;daily_inspiration;directing_academic_footnote;method_terms,ability;archetype;atmosphere;beauty;body;center;feeling;feelings;form;gesture;inspiration;objective;psychological gesture;radiation;style;whole;will,0.884,internal_candidate_only__not_publicly_cleared,needs_visual_verification,"lesson/transcription/UWindsor attribution approved by Dawson, exact source context still required"
116,1078,2033,"December 5, 1941: Michael Chekhov's ninth class for professional actors: The psychological gesture","December 5, 1941",primary_chekhov_transcription: by Michael Chekhov; transcribed by Deirdre Hurst du Prey,https://collections.uwindsor.ca/chekhov/item/1078,https://collections.uwindsor.ca/files/original/37bb0f43cbbdbb4c610c4e87f0c108d2afed3fa7.pdf,pdf_cache/item_1078_december-5-1941-michael-chekhov-s-ninth-class-for-professional-actors-the-psychological-ge.pdf,extracted_text_all/item_1078_december-5-1941-michael-chekhov-s-ninth-class-for-professional-actors-the-psychological-ge.txt,5,"The instru- ‘ment we play before the audience is ourselves, so we cannot increase our life as actors other than in ourselves. Therefore, this gesture which occupies the whole body and being, is the way to increase this life, perhaps after a long time of exercising, until our nature responds, To increase our own life of the stage means to be able to see everywhere - in'the written words, in the events around ug, and in our own psychology ~- gestures, gestures, and more gestures, but not states of mind: This is a very dangerous thing in the theatre, because the state of mind in the theatre is a fixed, dead, immovable psychology.","Our task is to find this life again, because what the theatre needs is not decreased life, but increased life.","But the state of mind which we mut understand is one in which the inner movement goes on, and must not be understood as a fixed thing, but as a Myieible psychological process going on in a certain definite way.",actor_struggle;daily_inspiration;directing_academic_footnote;method_terms,audience;body;cannot;dead;events;gesture;life;play;theatre;whole,0.884,internal_candidate_only__not_publicly_cleared,needs_visual_verification,"lesson/transcription/UWindsor attribution approved by Dawson, exact source context still required"
116,837,1444,"February 25, 1938","February 25, 1938",primary_chekhov_transcription: by Michael Chekhov; transcribed by Deirdre Hurst du Prey,https://collections.uwindsor.ca/chekhov/item/837,https://collections.uwindsor.ca/files/original/fea15c939be1bd99d817c7738fb3594c323949bc.pdf,pdf_cache/item_837_february-25-1938.pdf,extracted_text_all/item_837_february-25-1938.txt,3,We must get accustomed to distinguishing the three parts - the beginning — the transition - the end. as if it is one family in three parts. what we call the beginning we must call the first part of the rhythmical whole. because the beginning in the sense of starting point. is something different.,"The transitional part has certain divisions, as well as the beginning.",It is more in the nature of a meter.,daily_inspiration;directing_academic_footnote,beginning;end;first;whole,0.888,internal_candidate_only__not_publicly_cleared,needs_visual_verification,"lesson/transcription/UWindsor attribution approved by Dawson, exact source context still required"
116,664,1223,"February 4, 1937","February 4, 1937",primary_chekhov_transcription: by Michael Chekhov; transcribed by Deirdre Hurst du Prey,https://collections.uwindsor.ca/chekhov/item/664,https://collections.uwindsor.ca/files/original/d4bdb6c4bbe89264fb2204c26611ce086fa2d405.pdf,pdf_cache/item_664_february-4-1937.pdf,extracted_text_all/item_664_february-4-1937.txt,5,"If there are two climaxes it means that in order to form the transition between the two, one climax must lose its power and the other must gain ita power. The first climax is in the sphere 01 the Copper atmosphere, from the moment the crowd sayo.",The climax ie the tension of some powers.,"""Look!"" and climbs up.",daily_inspiration;directing_academic_footnote;method_terms,atmosphere;climax;climaxes;first;form;moment,0.887,internal_candidate_only__not_publicly_cleared,needs_visual_verification,"lesson/transcription/UWindsor attribution approved by Dawson, exact source context still required"
116,666,1225,"February 9, 1937","February 9, 1937",primary_chekhov_transcription: by Michael Chekhov; transcribed by Deirdre Hurst du Prey,https://collections.uwindsor.ca/chekhov/item/666,https://collections.uwindsor.ca/files/original/cbeec9b999193fcd2e163118a42a1f6de5ef8838.pdf,pdf_cache/item_666_february-9-1937.pdf,extracted_text_all/item_666_february-9-1937.txt,1,First create the atmosphere when the two sisters are talking about Kirkov. This is a moment of climax for Alina because she has taken her sister completely into her confidence.,Balladinan (Director's oxerciooeu) Imagination aniatmoepherox see the action in your imagination and create tho atmosphere.,She has given herself away completely to her sister in a very warm. human way. lhen create the atmosphere at the cement when Joplana covers Alina's corpse.,actor_struggle;daily_inspiration;directing_academic_footnote;method_terms,atmosphere;climax;first;moment;talking,0.890,internal_candidate_only__not_publicly_cleared,needs_visual_verification,"lesson/transcription/UWindsor attribution approved by Dawson, exact source context still required"
116,970,1595,"July, 1939","July, 1939",primary_chekhov_transcription: by Michael Chekhov; transcribed by Deirdre Hurst du Prey,https://collections.uwindsor.ca/chekhov/item/970,https://collections.uwindsor.ca/files/original/107d9cc3cfad4b46dbc238f4206efbadda6ef167.pdf,pdf_cache/item_970_july-1939.pdf,extracted_text_all/item_970_july-1939.txt,5,The moment when Rachel ‘onys she is free is one of giant aotoniuhmont - such a thing has never been heard of before -‘it is the first blow and it is an important moment for the whole play.,The econe between the Pickwickinnn end Jinnlou Take the same gosturoo as before.,Rachel is hysterical but in u soft nay.,daily_inspiration;directing_academic_footnote,first;free;important moment;moment;play;whole,0.888,internal_candidate_only__not_publicly_cleared,needs_visual_verification,"lesson/transcription/UWindsor attribution approved by Dawson, exact source context still required"
116,970,1595,"July, 1939","July, 1939",primary_chekhov_transcription: by Michael Chekhov; transcribed by Deirdre Hurst du Prey,https://collections.uwindsor.ca/chekhov/item/970,https://collections.uwindsor.ca/files/original/107d9cc3cfad4b46dbc238f4206efbadda6ef167.pdf,pdf_cache/item_970_july-1939.pdf,extracted_text_all/item_970_july-1939.txt,5,The moment when Rachel ‘onys she is free is one of giant aotoniuhmont - such a thing has never been heard of before -‘it is the first blow and it is an important moment for the whole play. Rachel is hysterical but in u soft nay.,The econe between the Pickwickinnn end Jinnlou Take the same gosturoo as before.,V Rachel in very tired and oxhnucnd when she teaches the Inn.,daily_inspiration;directing_academic_footnote,first;free;important moment;moment;play;whole,0.888,internal_candidate_only__not_publicly_cleared,needs_visual_verification,"lesson/transcription/UWindsor attribution approved by Dawson, exact source context still required"
116,775,1354,"November 1, 1937","November 1, 1937",primary_chekhov_transcription: by Michael Chekhov; transcribed by Deirdre Hurst du Prey,https://collections.uwindsor.ca/chekhov/item/775,https://collections.uwindsor.ca/files/original/d57aa48bbaaf10c5df1aaaa5cb030eff0cdbdc10.pdf,pdf_cache/item_775_november-1-1937.pdf,extracted_text_all/item_775_november-1-1937.txt,1,"And third, the ability to make a cressendo from one atmosphere to another. and to find all the links leading from one atmosnhoro to the other. When we have this we will be actors of the first class.",This is another good sign. and it gives me so much happiness.,We must not require of ourselves to do such an abse— 1utoly rhythmical thing yet.,actor_struggle;daily_inspiration;directing_academic_footnote;method_terms,ability;atmosphere;first;will,0.889,internal_candidate_only__not_publicly_cleared,needs_visual_verification,"lesson/transcription/UWindsor attribution approved by Dawson, exact source context still required"
116,622,1178,"November 13, 1936","November 13, 1936",primary_chekhov_transcription: by Michael Chekhov; transcribed by Deirdre Hurst du Prey,https://collections.uwindsor.ca/chekhov/item/622,https://collections.uwindsor.ca/files/original/faaa5309160377459c28d36f29c6abce28dfe2eb.pdf,pdf_cache/item_622_november-13-1936.pdf,extracted_text_all/item_622_november-13-1936.txt,3,"Atmospheres : 1stAtmosphere: Starting with the atmosphere at the beginning of the play — the dirty blue—green light, the cold, stone~like people lying asleep for centuries in an atmosphere of endless soerrow.",Imagine that you are lying at the foot of the mountain at the beginning of the play — you have been lying there for hundreds of years.,"They begin to stir at the sgsound of the Guard‘s voice, they move 2 little and are still again. gngdgj.ggﬁagggp The appearance of the Copper Rider on the mountainside.",actor_struggle;daily_inspiration;directing_academic_footnote;method_terms,atmosphere;beginning;cold;play,0.886,internal_candidate_only__not_publicly_cleared,needs_visual_verification,"lesson/transcription/UWindsor attribution approved by Dawson, exact source context still required"
116,622,1178,"November 13, 1936","November 13, 1936",primary_chekhov_transcription: by Michael Chekhov; transcribed by Deirdre Hurst du Prey,https://collections.uwindsor.ca/chekhov/item/622,https://collections.uwindsor.ca/files/original/faaa5309160377459c28d36f29c6abce28dfe2eb.pdf,pdf_cache/item_622_november-13-1936.pdf,extracted_text_all/item_622_november-13-1936.txt,3,"Imagine that you are lying at the foot of the mountain at the beginning of the play — you have been lying there for hundreds of years. Atmospheres : 1stAtmosphere: Starting with the atmosphere at the beginning of the play — the dirty blue—green light, the cold, stone~like people lying asleep for centuries in an atmosphere of endless soerrow.",We might almost say that we do the height of the mountain in this play.,"They begin to stir at the sgsound of the Guard‘s voice, they move 2 little and are still again. gngdgj.ggﬁagggp The appearance of the Copper Rider on the mountainside.",actor_struggle;daily_inspiration;directing_academic_footnote;method_terms,atmosphere;beginning;cold;play,0.886,internal_candidate_only__not_publicly_cleared,needs_visual_verification,"lesson/transcription/UWindsor attribution approved by Dawson, exact source context still required"
116,1075,1706,"November 24, 1941: Michael Chekhov's sixth class for professional actors: The creative process -- The inspiration -- The method","November 24, 1941",primary_chekhov_transcription: by Michael Chekhov; transcribed by Deirdre Hurst du Prey,https://collections.uwindsor.ca/chekhov/item/1075,https://collections.uwindsor.ca/files/original/08f95e8a833eb7b3958cb11238ab06cc63364865.pdf,pdf_cache/item_1075_november-24-1941-michael-chekhov-s-sixth-class-for-professional-actors-the-creative-proces.pdf,extracted_text_all/item_1075_november-24-1941-michael-chekhov-s-sixth-class-for-professional-actors-the-creative-proces.txt,1,"1/3 4‘: fr: (7 3 New York November 2k. 19Q1 HJCHAEL CHEKHDV'S SIXTH CIASS FOR PROFESSIONAL ACTORS ""THE CREATIVE PROCESS — THE INSPIRATION - THE METHOD"" THE CREATIVE PROCESS AND THE IYAGINATION THE METHOD OUTER EVENTS AND THE ACTOR'S INNER LIFE FEELING OF FORM - THE AGTOR'S BODY CHARACTERIZATION uovrmﬁmm AS FORM FEELING 0F EASE Leo Tolstoy when scientists today try to calculate the ability of the human heart to pump so muchlliquid which moves through the big and small channels of the body. they cannot see that it is mechanically impossible to imagine such a pump as our heart.",,"First of all, the human heart. which would be able to move this quantity of blood, must be much bigger and stronger than it is, and the substance of the heart would havo to be of quite different material.",actor_struggle;daily_inspiration;directing_academic_footnote;method_terms,ability;body;cannot;characterization;creative;events;feeling;form;inspiration;life,0.887,internal_candidate_only__not_publicly_cleared,needs_visual_verification,"lesson/transcription/UWindsor attribution approved by Dawson, exact source context still required"
116,1075,1706,"November 24, 1941: Michael Chekhov's sixth class for professional actors: The creative process -- The inspiration -- The method","November 24, 1941",primary_chekhov_transcription: by Michael Chekhov; transcribed by Deirdre Hurst du Prey,https://collections.uwindsor.ca/chekhov/item/1075,https://collections.uwindsor.ca/files/original/08f95e8a833eb7b3958cb11238ab06cc63364865.pdf,pdf_cache/item_1075_november-24-1941-michael-chekhov-s-sixth-class-for-professional-actors-the-creative-proces.pdf,extracted_text_all/item_1075_november-24-1941-michael-chekhov-s-sixth-class-for-professional-actors-the-creative-proces.txt,1,"19Q1 HJCHAEL CHEKHDV'S SIXTH CIASS FOR PROFESSIONAL ACTORS ""THE CREATIVE PROCESS — THE INSPIRATION - THE METHOD"" THE CREATIVE PROCESS AND THE IYAGINATION THE METHOD OUTER EVENTS AND THE ACTOR'S INNER LIFE FEELING OF FORM - THE AGTOR'S BODY CHARACTERIZATION uovrmﬁmm AS FORM FEELING 0F EASE Leo Tolstoy when scientists today try to calculate the ability of the human heart to pump so muchlliquid which moves through the big and small channels of the body. they cannot see that it is mechanically impossible to imagine such a pump as our heart.",1/3 4‘: fr: (7 3 New York November 2k.,"First of all, the human heart. which would be able to move this quantity of blood, must be much bigger and stronger than it is, and the substance of the heart would havo to be of quite different material.",actor_struggle;daily_inspiration;directing_academic_footnote;method_terms,ability;body;cannot;characterization;creative;events;feeling;form;inspiration;life,0.887,internal_candidate_only__not_publicly_cleared,needs_visual_verification,"lesson/transcription/UWindsor attribution approved by Dawson, exact source context still required"
116,633,1189,"November 27, 1936","November 27, 1936",primary_chekhov_transcription: by Michael Chekhov; transcribed by Deirdre Hurst du Prey,https://collections.uwindsor.ca/chekhov/item/633,https://collections.uwindsor.ca/files/original/8afcf96e8ebc310f3a73624f7bcc0fb15b1e59b4.pdf,pdf_cache/item_633_november-27-1936.pdf,extracted_text_all/item_633_november-27-1936.txt,1,"When we start at the begin— ning, we must feel the middle and the end., wWwhoen we are in the middle, we must feel the past and the future; and when we are at the end, we must feel the middle and the beginning. when you have finished and are out of this pattern, then you have the fedling of the whole which has happensd.","When we have a feel— ing for the beginning, the middle, and the end, we will be sble to feel the whole movement,.",The same is true before you start.,daily_inspiration;directing_academic_footnote,beginning;end;future;middle;whole,0.884,internal_candidate_only__not_publicly_cleared,needs_visual_verification,"lesson/transcription/UWindsor attribution approved by Dawson, exact source context still required"
116,773,1352,"October 29, 1937","October 29, 1937",primary_chekhov_transcription: by Michael Chekhov; transcribed by Deirdre Hurst du Prey,https://collections.uwindsor.ca/chekhov/item/773,https://collections.uwindsor.ca/files/original/e26be0889f0520195b3b425a1c0f4cdd1d7ca4cf.pdf,pdf_cache/item_773_october-29-1937.pdf,extracted_text_all/item_773_october-29-1937.txt,9,"They offend them, but having twinges of conscience they find peace among themselves. on the basis of atmogheres - first an atmosphere of depression and than one of quarroling. It is not tragedy or even drama - it is simply a. play between comedy and drama. but it will be interesting to develop the atmospheres. when the ( theme is an insigxificant one.",When the visitors enter the room the 1 people suppress their anger. but in time they begin to quarrel with the other family.,,actor_struggle;daily_inspiration;directing_academic_footnote;method_terms,atmosphere;first;play;will,0.880,internal_candidate_only__not_publicly_cleared,needs_visual_verification,"lesson/transcription/UWindsor attribution approved by Dawson, exact source context still required"
116,909,1534,"October 3, 1938","October 3, 1938",primary_chekhov_transcription: by Michael Chekhov; transcribed by Deirdre Hurst du Prey,https://collections.uwindsor.ca/chekhov/item/909,https://collections.uwindsor.ca/files/original/55713c94a7f4fe667e5b9bfd4d91cc242241e053.pdf,pdf_cache/item_909_october-3-1938.pdf,extracted_text_all/item_909_october-3-1938.txt,9,"To awaken this feeling of freedom in the sense in which we are trying to understand it, try to do the following thing. First do it as it I have imposed it on you. end then make an inner gesture and do it quite freely.",Then L on free.,This is the difference between freedom and onslavemont.,actor_struggle;daily_inspiration;directing_academic_footnote;method_terms,end;feeling;first;freedom;gesture,0.896,internal_candidate_only__not_publicly_cleared,needs_visual_verification,"lesson/transcription/UWindsor attribution approved by Dawson, exact source context still required"
116,911,1536,"October 5, 1938: Transform director's suggestion into actor's desire","October 5, 1938",primary_chekhov_transcription: by Michael Chekhov; transcribed by Deirdre Hurst du Prey,https://collections.uwindsor.ca/chekhov/item/911,https://collections.uwindsor.ca/files/original/f00c4aef9d5917d8441d218d0db59853a3011a1d.pdf,pdf_cache/item_911_october-5-1938-transform-director-s-suggestion-into-actor-s-desire.pdf,extracted_text_all/item_911_october-5-1938-transform-director-s-suggestion-into-actor-s-desire.txt,2,"Then at the opposite point. the gesture at the end when they are mocking Don Quixote. the gesture ends in a sort of etiff stupidity, with the arms raised wide above the head. This ability to transform the director's suggestions into your own desire is the only way for an actor to approach the reading of the play for the first time. or the liotening to a new play.",Transform my words into your desire. lhs basis is the psychological gesture; the gesture is one or heaviness. slowness. down into stupidity and dullness.,"The actor must listen so that he becomes the play. the pert, the audience. everything.",actor_struggle;directing_academic_footnote;method_terms,ability;desire;director;director's;end;first;gesture;play,0.887,internal_candidate_only__not_publicly_cleared,needs_visual_verification,"lesson/transcription/UWindsor attribution approved by Dawson, exact source context still required"
