score,matched_terms,id,title,date,item_url,subjects,tags,media_urls
6,director; scene; atmosphere; rhythm; style; play,731,"June 28, 1937 (afternoon)","June 28, 1937",https://collections.uwindsor.ca/chekhov/item/731,"Rainis, Jānis, 1865-1929. The Golden steed; Carnival (scene); Ibsen, Henrik, 1828-1906. Ghosts; Shakespeare, William, 1564-1616. Hamlet",atmosphere; Carnival scene; costume; director; fairy tale; feeling of the whole; Ghosts; Golden Steed; Hamlet; Ibsen; idea of the play; lighting; Rainis; rhythm; Shakespeare; speech; style,https://collections.uwindsor.ca/files/original/ce51e55b21af7040504880f52ba9eac752693ab3.pdf
5,director; scene; mise; atmosphere; tempo,662,"February 1, 1937","February 1, 1937",https://collections.uwindsor.ca/chekhov/item/662,"Słowacki, Juliusz, 1809-1849. Balladina; Cervantes Saavedra, Miguel de, 1547-1616. The Cave of Salamanca; Rainis, Jānis, 1865-1929. The Golden steed; The fishing scene",atmosphere; Balladina; Cave of Salamanca; Cervantes; costume; director; fishing scene; Golden Steed; mise en scène; psychological gesture; Rainis; Słowacki; tempo,https://collections.uwindsor.ca/files/original/1966a3ede8cfa9cdb6ab96fac16a2021763e49f5.pdf
5,director; audience; atmosphere; theatre; objective,1085,"February 17, 1942: Second open lecture to actors held at ""Actors Service,"" New York","February 17, 1942",https://collections.uwindsor.ca/chekhov/item/1085,"Shakespeare, William, 1564-1616. Othello; Shakespeare, William, 1564-1616. Hamlet; Hitler, Adolf, 1889-1945; Churchill, Winston S. (Winston Spencer), 1940-2010; Shakespeare, William, 1564-1616. Romeo and Juliet; Shakespeare, William, 1564-1616. Tempest; Cervantes Saavedra, Miguel de, 1547-1616. Don Quixote; Goethe, Johann Wolfgang von, 1749-1832; Mussolini, Benito, 1883-1945",atmosphere; audience; Cervantes; Churchill; cliché; creativity; director; Don Quixote; Goethe; Hamlet; Hitler; imagination; inspiration; method [Chekhov]; Mussolini; objective; Othello; Romeo and Juliet; Shakespeare; technique; Tempest; theatre of the future,https://collections.uwindsor.ca/files/original/e2ad8ea668fcbc88e78d31b43871e4335c42382c.pdf
5,scene; mise; atmosphere; play; objective,660,"January 25, 1937","January 25, 1937",https://collections.uwindsor.ca/chekhov/item/660,"Słowacki, Juliusz, 1809-1849. Balladina; Rainis, Jānis, 1865-1929. The Golden steed; Ibsen, Henrik, 1828-1906. Peer Gynt; Stanislavsky, Konstantin, 1863-1938; The fishing scene; The fairy tale / Two kings (scene)",Alan Harkness; atmosphere; Balladina; fairy tale; fishing scene; flying over the play; Golden Steed; Ibsen; mise en scène; objective; Peer Gynt; psychological gesture; Rainis; speech; Stanislavsky; Słowacki,https://collections.uwindsor.ca/files/original/1a6a83bcbf0a102fe3a2b4df34b3ccc4c293c1ad.pdf
5,atmosphere; form; theatre; objective; group,903,"July 11, 1938","July 11, 1938",https://collections.uwindsor.ca/chekhov/item/903,"Group Theatre (U.S.); Shdanoff, George, 1905-1998. The Possessed; Dobuzhinskiĭ, Mstislav Valerianovich, 1875-1957; Hauptmann, Gerhart, 1862-1946; Dostoyevsky, Fyodor, 1821-1881",atmosphere; Beatrice Straight; concentration; Dobuzhinsky; Dostoyevsky; feeling of truth; form; George Shdanoff; Group Theatre; Hauptmann; improvisation; method [Chekhov]; objective; Possessed; psychology,https://collections.uwindsor.ca/files/original/4e64a54aa0cdb66593b07903f1c15bac7e4d51bb.pdf
5,director; scene; mise; tempo; theatre,719,"June 14, 1937","June 14, 1937",https://collections.uwindsor.ca/chekhov/item/719,"Stanislavsky, Konstantin, 1863-1938; Bridie, James, 1888-1951. The Anatomist; Moscow Art Theatre; Ibsen, Henrik, 1828-1906. Peer Gynt; The fishing scene; Rainis, Jānis, 1865-1929. The Golden steed",Anatomist; Bridie; designer; director; feeling of truth; fishing scene; Golden Steed; Ibsen; justification; mise en scène; Moscow Art Theatre; Rainis; Stanislavsky; tempo,https://collections.uwindsor.ca/files/original/da09ff37032af3a2ba4eeb19bd6c57febbc332c5.pdf
5,scene; ensemble; form; style; objective,955,"May 18, 1939","May 18, 1939",https://collections.uwindsor.ca/chekhov/item/955,The fishing scene,body; contact; ensemble feeling; exercises; feeling of beauty; feeling of ease; feeling of form; feeling of truth; fishing scene; imagination; objective; psychology; style,https://collections.uwindsor.ca/files/original/f6b6ef8766e1894e627b68337b32914ef2040cd3.pdf
5,scene; ensemble; atmosphere; form; objective,954,"May 2, 1939","May 2, 1939",https://collections.uwindsor.ca/chekhov/item/954,"The fishing scene; The robbers (scene); Gorky, Maksim, 1868-1936. The Lower depths; Ibsen, Henrik, 1828-1906. Peer Gynt",atmosphere; ensemble feeling; exercises; feeling of ease; feeling of form; fishing scene; Gorky; Ibsen; imagination; improvisation; Lower Depths; movement; objective; Peer Gynt; psychological gesture; robbers scene,https://collections.uwindsor.ca/files/original/7a96feab5763addc935a616638809b698fd58c65.pdf
4,director; scene; rhythm; objective,696,"April 28, 1937","April 28, 1937",https://collections.uwindsor.ca/chekhov/item/696,"Shakespeare, William, 1564-1616. Hamlet; Shakespeare, William, 1564-1616. King Lear; The fishing scene; Carnival (scene)",Carnival scene; characterization; director; fishing scene; Hamlet; improvisation; King Lear; objective; psychological gesture; rhythm; Shakespeare,https://collections.uwindsor.ca/files/original/230b3047b9246815edf8a5f4c2d88e97cbef563a.pdf
4,director; atmosphere; theatre; action,1077,"December 1, 1941: Michael Chekhov's eighth class for professional actors: The role of the director","December 1, 1941",https://collections.uwindsor.ca/chekhov/item/1077,"Moscow Art Theatre; Shakespeare, William, 1564-1616. Hamlet; Shakespeare, William, 1564-1616. Romeo and Juliet; Eliot, T. S. (Thomas Stearns), 1888-1965. Murder in the cathedral; Hughes, Langston, 1902-1967. Mulatto; Raphael, 1483-1520; Rembrandt Harmenszoon van Rijn, 1606-1669; Shaw, Bernard, 1856-1950",action; atmosphere; characterization; cliché; creativity; Eliot; Hamlet; Hughes; intellect; Moscow Art Theatre; Mulatto; Murder in the Cathedral; Raphael; Rembrandt; Romeo and Juliet; Shakespeare; Shaw; will,https://collections.uwindsor.ca/files/original/9581e17a7a3a183d104d790c4db9c387d28fe2a8.pdf
4,director; theatre; objective; action,1078,"December 5, 1941: Michael Chekhov's ninth class for professional actors: The psychological gesture","December 5, 1941",https://collections.uwindsor.ca/chekhov/item/1078,"Cervantes Saavedra, Miguel de, 1547-1616. Don Quixote; Shakespeare, William, 1564-1616. Hamlet; Odets, Clifford, 1906-1963. Rocket to the moon; Tolstoy, Aleksey Konstantinovich, graf, 1817-1875. The death of Ivan the Terrible; Shaw, Bernard, 1856-1950. St. Joan; Carnovsky, Morris, 1897-1992; Vakhtangov, Evgenii, 1883-1922; Strindberg, August, 1849-1912. Erik XIV; Chaliapin, Fyodor Ivanovich, 1873-1938; Gogol, Nikolai Vasilevich, 1809-1852. The Inspector general; Berger, Henning, 1872-1924. The Deluge",A. K. Tolstoy; action; archetype; Berger; Carnovsky; Cervantes; Chaliapin; characterization; Deluge; director; Don Quixote; Erik XIV; Gogol; Hamlet; Inspector General; intellect; method [Chekhov]; movement; objective; Odets; psychological gesture; Rocket to the Moon; Shakespeare; Shaw; St. Joan; Strindberg; theatre of the future; Vakhtangov,https://collections.uwindsor.ca/files/original/37bb0f43cbbdbb4c610c4e87f0c108d2afed3fa7.pdf
4,rehearsal; play; theatre; objective,925,"December 8, 1938: Rehearsal for final performance in theatre: Spanish Evening","December 8, 1938",https://collections.uwindsor.ca/chekhov/item/925,"Young, Henry Lyon. Spanish evening",commedia dell'arte; flying over the play; Henry Lyon Young; Leonard Elmhirst; method [Chekhov]; objective; psychological gesture; Spanish Evening; Terence Morgan,https://collections.uwindsor.ca/files/original/a21aa49d640708b807b5ce05be0bfe492d7fecc3.pdf
4,tempo; form; style; objective,822,"February 8, 1938","February 8, 1938",https://collections.uwindsor.ca/chekhov/item/822,"Young, Henry Lyon. Spanish evening; Shdanoff, George, 1905-1998. The Possessed",Alice Crowther; Dorothy Elmhirst; feeling of form; George Shdanoff; Henry Lyon Young; objective; Possessed; significance; Spanish Evening; style; tempo,https://collections.uwindsor.ca/files/original/2f7253a3c3cf1e5931ae78f7279a4a283003e6aa.pdf
4,scene; rhythm; form; theatre,926,"January 16, 1939: The opening of the Chekhov Theatre Studio in Ridgefield, Connecticut","January 16, 1939",https://collections.uwindsor.ca/chekhov/item/926,"Shakespeare, William, 1564-1616. King Lear; Cervantes Saavedra, Miguel de, 1547-1616. Don Quixote; The fishing scene; Shdanoff, George, 1905-1998. The Possessed; Young, Henry Lyon. Spanish evening",Alan Harkness; Alonzo; Beatrice Straight; Cervantes; characterization; concentration; Deirdre Hurst; Don Quixote; Dorothy Elmhirst; Erika Kapralik Chambliss; exercises; feeling of beauty; feeling of ease; feeling of form; feeling of the whole; fishing scene; Frances; George Shdanoff; Henry Lyon Young; Hurd Hatfield; imagination; Jean[ne]; John Flynn; King Lear; Leonard Elmhirst; Mary Lou Taylor; method [Chekhov]; Peter Tunnard; Possessed; rhythm; Sam Schatz; Shakespeare; Spanish Evening; Warner Anderson; Woodrow Chambliss; work,https://collections.uwindsor.ca/files/original/0e0187fd7cc5317c4bb285681576649c44b3ce73.pdf
4,director; scene; form; theatre,656,"January 19, 1937","January 19, 1937",https://collections.uwindsor.ca/chekhov/item/656,"Słowacki, Juliusz, 1809-1849. Balladina; Ibsen, Henrik, 1828-1906. Peer Gynt; Moscow Theatre Habima; Stanislavsky, Konstantin, 1863-1938; Vishnevsky, Vsevolod, 1900-1951; Clowns (scene)",Alan Harkness; Balladina; characterization; clown; director; feeling of form; feeling of the whole; Ibsen; imagination; incorporation; method [Stanislavsky]; Moscow Theatre Habima; Peer Gynt; psychological gesture; Słowacki; Vishnevsky,https://collections.uwindsor.ca/files/original/f3467eb2f551b0a9ced528fcaac1cee461aabacf.pdf
4,scene; mise; tempo; style,746,"July 18, 1937","July 18, 1937",https://collections.uwindsor.ca/chekhov/item/746,"Chaliapin, Fyodor Ivanovich, 1873-1938; Stanislavsky, Konstantin, 1863-1938; Ibsen, Henrik, 1828-1906. Peer Gynt; The fairy tale / Two kings (scene); The fishing scene; Słowacki, Juliusz, 1809-1849. Balladina",Balladina; Chaliapin; characterization; climax; fairy tale; fishing scene; Ibsen; mise en scène; naturalism; Peer Gynt; Stanislavsky; style; Słowacki; tempo,https://collections.uwindsor.ca/files/original/896112414dc92ea9e1ea802c9b3b228f984efcba.pdf
4,atmosphere; form; theatre; objective,883,"June 2, 1938","June 2, 1938",https://collections.uwindsor.ca/chekhov/item/883,"Shakespeare, William, 1564-1616. King Lear",atmosphere; form; imagination; King Lear; method [Chekhov]; objective; radiating; Shakespeare; theatre of the future,https://collections.uwindsor.ca/files/original/1242d1ff7d9221d4647e56fbd57f9b6bbbba0f8e.pdf
4,director; scene; mise; style,710,"June 3, 1937","June 3, 1937",https://collections.uwindsor.ca/chekhov/item/710,"Stanislavsky, Konstantin, 1863-1938; The fishing scene; Słowacki, Juliusz, 1809-1849. Balladina",director; feeling of the whole; improvisation; method [Stanislavsky]; mise en scène; radiating; Stanislavsky; style; will,https://collections.uwindsor.ca/files/original/cfdfb74185e7d6f9e5edd5a1645549fb5bbf1e01.pdf
4,director; scene; tempo; objective,735,"June 30, 1937","June 30, 1937",https://collections.uwindsor.ca/chekhov/item/735,"Słowacki, Juliusz, 1809-1849. Balladina; The fishing scene",Balladina; director; feeling of truth; fishing scene; justification; objective; psychological gesture; Słowacki; tempo,https://collections.uwindsor.ca/files/original/eb82f1015dc2c4332db2aed3cf857b27682087b9.pdf
4,atmosphere; form; style; objective,856,"March 15, 1938 (afternoon)","March 15, 1938",https://collections.uwindsor.ca/chekhov/item/856,"Shdanoff, George, 1905-1998. The Possessed",atmosphere; form; George Shdanoff; objective; Possessed; psychological gesture; style,https://collections.uwindsor.ca/files/original/224e85e29095d66d9af2fc664f54b8f3243cc5d1.pdf
4,director; scene; tempo; style,682,"March 17, 1937","March 17, 1937",https://collections.uwindsor.ca/chekhov/item/682,"Shaw, Bernard, 1856-1950. St. Joan; Słowacki, Juliusz, 1809-1849. Balladina; Dickens, Charles, 1812-1870. Cricket on the hearth; Ibsen, Henrik, 1828-1906. Peer Gynt; The fishing scene; Cervantes Saavedra, Miguel de, 1547-1616. The Cave of Salamanca; Cervantes Saavedra, Miguel de, 1547-1616. Don Quixote; Vakhtangov, Evgenii, 1883-1922",Balladina; Cave of Salamanca; Cervantes; color; Cricket on the Hearth; Dickens; director; Don Quixote; fishing scene; Ibsen; Peer Gynt; psychology; radiating; Shaw; St. Joan; style; Słowacki; tempo; transitions; Vakhtangov; voice,https://collections.uwindsor.ca/files/original/a548fc4df4336500b3440ddeec2bcc0b1e7b400a.pdf
4,director; scene; mise; objective,703,"May 18, 1937","May 18, 1937",https://collections.uwindsor.ca/chekhov/item/703,"Stanislavsky, Konstantin, 1863-1938; The fishing scene",director; fishing scene; mise en scène; objective,https://collections.uwindsor.ca/files/original/37b93b355ebe13118027d94afa02bf83f4754124.pdf
4,scene; composition; rhythm; objective,706,"May 26, 1937","May 26, 1937",https://collections.uwindsor.ca/chekhov/item/706,Carnival (scene),Carnival scene; composition; feeling of truth; metamorphosis; objective; rhythm; will,https://collections.uwindsor.ca/files/original/b342cbd43816087e617a9e4567e92ff5971c919d.pdf
4,atmosphere; form; style; objective,787,"November 26, 1937","November 26, 1937",https://collections.uwindsor.ca/chekhov/item/787,"Berger, Henning, 1872-1924. The Deluge; Shakespeare, William, 1564-1616. Hamlet",atmosphere; Berger; contact; Deluge; exercises; feeling of form; fire; Hamlet; improvisation; method [Chekhov]; objective; Shakespeare; speech; style; Woodrow Chambliss,https://collections.uwindsor.ca/files/original/b9bae52fe5d62659bfae7652764441036d55f33c.pdf
4,audience; atmosphere; theatre; objective,1070,"November 7, 1941: Michael Chekhov's first class for professional actors: Why is a method needed in the theatre of today?","November 7, 1941",https://collections.uwindsor.ca/chekhov/item/1070,"Steiner, Rudolf, 1861-1925; Hitler, Adolf, 1889-1945; Francis, of Assisi, Saint, 1182-1226; Shakespeare, William, 1564-1616. Othello; Shakespeare, William, 1564-1616. Twelfth night; Shakespeare, William, 1564-1616. Hamlet; Stanislavsky, Konstantin, 1863-1938",atmosphere; audience; body; Hamlet; Hitler; intellect; method [Chekhov]; method [Stanislavsky]; objective; Othello; psychology; radiating; Saint Francis of Assisi; Shakespeare; Stanislavsky; Steiner; technique; theatre of the future; Twelfth Night; voice,https://collections.uwindsor.ca/files/original/c05e92ea6e8514c94bfdbd2e4903b58efae0f482.pdf
3,director; scene; composition,692,"April 1, 1937","April 1, 1937",https://collections.uwindsor.ca/chekhov/item/692,"Słowacki, Juliusz, 1809-1849. Balladina; Shakespeare, William, 1564-1616; Carnival (scene)",Balladina; body; Carnival scene; composition; director; Shakespeare; Słowacki,https://collections.uwindsor.ca/files/original/599d641a72c5b4235a10cc672168af610dba10e4.pdf
3,audience; ensemble; theatre,1087,"April 12, 1942: Lecture at labor stage, New York: The present state of the theatre -- how to help it","April 12, 1942",https://collections.uwindsor.ca/chekhov/item/1087,"Shakespeare, William, 1564-1616. Macbeth; Shakespeare, William, 1564-1616.  Othello",audience; characterization; ensemble feeling; Macbeth; Othello; preparation; Shakespeare; theatre of the future,https://collections.uwindsor.ca/files/original/d0524e0538a994e9fea454b4c669ad3c4141d1f5.pdf
3,scene; mise; ensemble,694,"April 26, 1937","April 26, 1937",https://collections.uwindsor.ca/chekhov/item/694,"The fishing scene; Carnival (scene); Rainis, Jānis, 1865-1929. The Golden steed; Ibsen, Henrik, 1828-1906. Peer Gynt; Słowacki, Juliusz, 1809-1849. Balladina; The fairy tale / Two kings (scene); Cervantes Saavedra, Miguel de, 1547-1616. Don Quixote; Shaw, Bernard, 1856-1950. St. Joan; Shdanoff, George, 1905-1998. The Possessed; Clowns (scene)",Balladina; Carnival scene; Cervantes; clown; color; costume; creativity; designer; Don Quixote; ensemble feeling; fairy tale; fishing scene; gesture; Golden Steed; Ibsen; mise en scène; Peer Gynt; Rainis; Shaw; speech; St. Joan; Słowacki,https://collections.uwindsor.ca/files/original/793a6ad0ad81d7de2d0706ca9f5e92d98938ccfa.pdf
3,director; rhythm; tempo,1049,"August 26, 1940","August 26, 1940",https://collections.uwindsor.ca/chekhov/item/1049,"Shakespeare, William, 1564-1616. Twelfth night; Reinhardt, Max, 1873-1943; Dickens, Charles, 1812-1870. Cricket on the hearth",Cricket on the Hearth; Dickens; director; method [Chekhov]; Reinhardt; rhythm; Shakespeare; tempo; Twelfth Night,https://collections.uwindsor.ca/files/original/87cb832450f0b48af98904df404863ad2c28b0ba.pdf
3,tempo; form; theatre,636,"December 1, 1936: First Lecture on the History of the Theatre, Given by Miss Georgette Boner","December 1, 1936",https://collections.uwindsor.ca/chekhov/item/636,"Rainis, Jānis, 1865-1929. The Golden steed",form; Georgette Boner; Golden Steed; Rainis; tempo,https://collections.uwindsor.ca/files/original/9e6bc352aee6a51edc39a5cea456dcabb1c52b84.pdf
3,atmosphere; theatre; objective,1081,"December 15, 1941: Michael Chekhov's twelfth class for professional actors: The future theatre","December 15, 1941",https://collections.uwindsor.ca/chekhov/item/1081,"Shakespeare, William, 1564-1616. Hamlet; Shaw, Bernard, 1856-1950. St. Joan; Shakespeare, William, 1564-1616. Othello",atmosphere; body; center; characterization; Hamlet; method [Chekhov]; objective; Othello; preparation; psychological gesture; radiating; Shakespeare; Shaw; soul; St. Joan; sustaining; theatre of the future,https://collections.uwindsor.ca/files/original/28b6e7e3093a9f18d7802d7d04b3eeaf10176996.pdf
3,rhythm; tempo; style,794,"December 6, 1937 (afternoon)","December 6, 1937",https://collections.uwindsor.ca/chekhov/item/794,"Berger, Henning, 1872-1924. The Deluge",Berger; Deluge; improvisation; rhythm; style; tempo,https://collections.uwindsor.ca/files/original/fa4edc6b39ec8731707707e462ea61b1ef4e37bc.pdf
3,atmosphere; play; objective,924,"December 8, 1938","December 8, 1938",https://collections.uwindsor.ca/chekhov/item/924,"Young, Henry Lyon. Spanish evening; Stanislavsky, Konstantin, 1863-1938",atmosphere; feeling of the whole; flying over the play; Henry Lyon Young; objective; psychological gesture; Spanish Evening; Stanislavsky,https://collections.uwindsor.ca/files/original/c05e7b0f1d6480b694a5b2ac88aafaa855b80a45.pdf
3,director; mise; rhythm,667,"February 11, 1937","February 11, 1937",https://collections.uwindsor.ca/chekhov/item/667,"Słowacki, Juliusz, 1809-1849. Balladina; Shaw, Bernard, 1856-1950. St. Joan; Rainis, Jānis, 1865-1929. The Golden steed; Shdanoff, George, 1905-1998. The Possessed",Balladina; cliché; climax; director; Golden Steed; mise en scène; psychological gesture; Rainis; rhythm; Shaw; St. Joan; Słowacki; threshold,https://collections.uwindsor.ca/files/original/9183c6f18d8fde48a712a78c27da5f2041258ad2.pdf
3,scene; ensemble; style,941,"February 21, 1939","February 21, 1939",https://collections.uwindsor.ca/chekhov/item/941,"Stanislavsky, Konstantin, 1863-1938; The fishing scene; Gogol, Nikolai Vasilevich, 1809-1852. The Inspector general; Cervantes Saavedra, Miguel de, 1547-1616. Don Quixote; Shakespeare, William, 1564-1616. Hamlet",Cervantes; Don Quixote; ensemble feeling; feeling of ease; fishing scene; Gogol; Hamlet; imagination; Inspector General; method [Chekhov]; radiating; Shakespeare; Stanislavsky; style; the pause; transitions; work,https://collections.uwindsor.ca/files/original/d03120166780730e963a6b5a59ba2d0d96fad8b3.pdf
3,director; scene; mise,663,"February 3, 1937","February 3, 1937",https://collections.uwindsor.ca/chekhov/item/663,"Słowacki, Juliusz, 1809-1849. Balladina; Rainis, Jānis, 1865-1929. The Golden steed; The fishing scene",Balladina; costume; director; fishing scene; Golden Steed; mise en scène; psychological gesture; Rainis; Słowacki; Terence Morgan,https://collections.uwindsor.ca/files/original/7746e3355a480c0b4cf1c2a7eb5c862436b9c7d9.pdf
3,scene; atmosphere; style,820,"February 7, 1938","February 7, 1938",https://collections.uwindsor.ca/chekhov/item/820,"The fishing scene; Shdanoff, George, 1905-1998. The Possessed; Young, Henry Lyon. Spanish evening",atmosphere; fishing scene; George Shdanoff; Henry Lyon Young; Possessed; psychological gesture; Spanish Evening; style; Terence Morgan,https://collections.uwindsor.ca/files/original/03f045894e5c4a688347cef980771e17e4782901.pdf
3,tempo; style; objective,821,"February 7, 1938 (afternoon)","February 7, 1938",https://collections.uwindsor.ca/chekhov/item/821,"Young, Henry Lyon. Spanish evening",Anna de Goguel; Blair Cutting; commedia dell'arte; costume; Henry Lyon Young; improvisation; objective; Peter Tunnard; Spanish Evening; style; tempo; Terence Morgan,https://collections.uwindsor.ca/files/original/ab17a5cf7a1b9aaf2d0db33b3eba17af09ef84f5.pdf
3,atmosphere; play; theatre,665,"February 8, 1937","February 8, 1937",https://collections.uwindsor.ca/chekhov/item/665,"Rainis, Jānis, 1865-1929. The Golden steed; Moscow Art Theatre; Gogol, Nikolai Vasilevich, 1809-1852. The Inspector general",atmosphere; climax; concentration; flying over the play; Golden Steed; John Schoepperle; justification; method [Chekhov]; Moscow Art Theatre; psychological gesture; Rainis,https://collections.uwindsor.ca/files/original/f2566c51a9298f66a98500aea691d44d12801420.pdf
3,director; scene; tempo,653,"January 16, 1937","January 16, 1937",https://collections.uwindsor.ca/chekhov/item/653,"Cervantes Saavedra, Miguel de, 1547-1616. Don Quixote; Shakespeare, William, 1564-1616. King Lear; Jaques-Dalcroze, Émile, 1865-1950; Tolstoy, Leo, 1828-1910; The fishing scene",Anna de Goguel; Beatrice Straight; Catherine Gabrielson; Cervantes; director; Don Quixote; Dorothy Elmhirst; Eleanor Paison; Esme Hubbard; feeling of the whole; Felicity Cumming; fishing scene; Gretel Schreiber; imagination; Jaques-Dalcroze; Jocelyn Wynne; John Schoepperle; King Lear; Leo Tolstoy; method [Chekhov]; psychological gesture; Shakespeare; space; tempo,https://collections.uwindsor.ca/files/original/bb9c03dd6f50894ac6261959089f8a4d3dbf8291.pdf
3,director; scene; theatre,802,"January 16, 1938","January 16, 1938",https://collections.uwindsor.ca/chekhov/item/802,"The fairy tale / Two kings (scene); Moscow Art Theatre; Michelangelo Buonarroti, 1475-1564",archetype; Blair Cutting; Catherine Gabrielson; characterization; director; Eurhythmy; fairy tale; fire; Michelangelo; Moscow Art Theatre; Paul Rogers; Paula Morel; Terence Morgan,https://collections.uwindsor.ca/files/original/0b09e77011a6688c0839f8c81be6c62207d6443d.pdf
3,director; scene; objective,661,"January 28, 1937","January 28, 1937",https://collections.uwindsor.ca/chekhov/item/661,"Słowacki, Juliusz, 1809-1849. Balladina; Shakespeare, William, 1564-1616. Hamlet; Meyerhold, Vsevolod, 1874-1940; Steiner, Rudolf, 1861-1925; The fairy tale / Two kings (scene); Wagner, Richard, 1813-1883. Siegfried",author; Balladina; concentration; director; fairy tale; Hamlet; Meyerhold; objective; Shakespeare; Siegfried; Steiner; Słowacki; Wagner,https://collections.uwindsor.ca/files/original/4d8a693583a7cd82377c8899b9becd57ffc3fb64.pdf
3,tempo; form; style,980,"July 25, 1939","July 25, 1939",https://collections.uwindsor.ca/chekhov/item/980,"Shdanoff, George, 1905-1998. The Possessed; Dostoyevsky, Fyodor, 1821-1881",Dostoyevsky; form; George Shdanoff; Possessed; presence; style; tempo; urgency,https://collections.uwindsor.ca/files/original/9e0a9ae2b834da8c54ce3b913b40156c2c348ba8.pdf
3,scene; tempo; objective,739,"July 7, 1937","July 7, 1937",https://collections.uwindsor.ca/chekhov/item/739,"Gogol, Nikolai Vasilevich, 1809-1852. The Inspector general; Słowacki, Juliusz, 1809-1849. Balladina; The fishing scene; Ibsen, Henrik, 1828-1906. Peer Gynt; Rainis, Jānis, 1865-1929. The Golden steed; The fairy tale / Two kings (scene)",Balladina; Blair Cutting; fairy tale; fishing scene; Golden Steed; Ibsen; inspiration; method [Chekhov]; objective; Peer Gynt; Rainis; Słowacki; tempo,https://collections.uwindsor.ca/files/original/10f2210c287b5f00a0974647f0b9c8ca208cf696.pdf
3,scene; theatre; objective,716,"June 10, 1937","June 10, 1937",https://collections.uwindsor.ca/chekhov/item/716,"Słowacki, Juliusz, 1809-1849. Balladina; Moscow Art Theatre; Carnival (scene)",Balladina; Carnival scene; exercises; justification; Moscow Art Theatre; objective; Słowacki,https://collections.uwindsor.ca/files/original/7a7a8d966d74745bf53d0232598b6a6c5faaaa83.pdf
3,atmosphere; theatre; objective,726,"June 23, 1937","June 23, 1937",https://collections.uwindsor.ca/chekhov/item/726,"Shakespeare, William, 1564-1616. Hamlet; Stanislavsky, Konstantin, 1863-1938; Moscow Art Theatre; Meyerhold, Vsevolod, 1874-1940; Steiner, Rudolf, 1861-1925; Houghton, Norris. Moscow rehearsals",atmosphere; cliché; Hamlet; Houghton; imagination; method [Chekhov]; Meyerhold; Moscow Art Theatre; Moscow Rehearsals; objective; radiating; Shakespeare; Stanislavsky; Steiner; will,https://collections.uwindsor.ca/files/original/e4942c0c331459ca837bf255523b2a27f5cd20c6.pdf
3,ensemble; rhythm; tempo,895,"June 27, 1938","June 27, 1938",https://collections.uwindsor.ca/chekhov/item/895,"Goethe, Johann Wolfgang von, 1749-1832; Berger, Henning, 1872-1924. The Deluge",anticipation; Berger; body; climax; contact; Deluge; ensemble feeling; exercises; feeling of ease; feeling of the whole; Goethe; psychology; rhythm; tempo,https://collections.uwindsor.ca/files/original/ace522e73ef59a7a40aa42d49260e7014e514d26.pdf
3,audience; atmosphere; theatre,1045,"June 27, 1940: Talk to students on the mission of the theatre","June 27, 1940",https://collections.uwindsor.ca/chekhov/item/1045,"Ibsen, Henrik, 1828-1906; Shakespeare, William, 1564-1616. Twelfth night",atmosphere; audience; fairy tale; feeling of beauty; Hurd Hatfield; Shakespeare; theatre of the future; Twelfth Night,https://collections.uwindsor.ca/files/original/e5cf805a810d6b4180b8193e225a3f9e59bda7fc.pdf
3,scene; mise; style,711,"June 3, 1937 (afternoon)","June 3, 1937",https://collections.uwindsor.ca/chekhov/item/711,"Słowacki, Juliusz, 1809-1849. Balladina; Cervantes Saavedra, Miguel de, 1547-1616. The Cave of Salamanca; Carnival (scene); Shakespeare, William, 1564-1616. Taming of the shrew; The fishing scene",Balladina; Carnival scene; Cave of Salamanca; Cervantes; color; costume; fishing scene; mise en scène; Shakespeare; style; Słowacki; Taming of the Shrew,https://collections.uwindsor.ca/files/original/940e4fc6d00dda0cc55dadc18ec891bc1a450edf.pdf
3,atmosphere; rhythm; play,885,"June 7, 1938 (morning)","June 7, 1938",https://collections.uwindsor.ca/chekhov/item/885,"Young, Henry Lyon. Spanish evening; Shdanoff, George, 1905-1998. The Possessed; Shakespeare, William, 1564-1616. King Lear",anticipation; atmosphere; feeling of the whole; flying over the play; George Shdanoff; gesture; Henry Lyon Young; King Lear; Possessed; psychological gesture; rhythm; Shakespeare; Spanish Evening,https://collections.uwindsor.ca/files/original/3967c3cf38f4fdb278f9494fc36680337c527e40.pdf
3,scene; atmosphere; objective,715,"June 9, 1937","June 9, 1937",https://collections.uwindsor.ca/chekhov/item/715,The fishing scene,atmosphere; designer; fishing scene; metamorphosis; objective,https://collections.uwindsor.ca/files/original/27c283f6b38ae1554dc4189cf90cb03e03e6cb81.pdf
3,rhythm; form; style,849,"March 10, 1938","March 10, 1938",https://collections.uwindsor.ca/chekhov/item/849,"Berger, Henning, 1872-1924. The Deluge; Shdanoff, George, 1905-1998. The Possessed; Young, Henry Lyon. Spanish evening",Berger; Deluge; exercises; form; George Shdanoff; Henry Lyon Young; imagination; Possessed; rhythm; Spanish Evening; style,https://collections.uwindsor.ca/files/original/98b2cb2d05d0a8ad946766804bc27893b9ec4ca4.pdf
3,mise; tempo; theatre,945,"March 10, 1939","March 11, 1939",https://collections.uwindsor.ca/chekhov/item/945,"Young, Henry Lyon. Spanish evening; Gogol, Nikolai Vasilevich, 1809-1852. The Inspector general; Meyerhold, Vsevolod, 1874-1940",characterization; Dorothy Elmhirst; feeling of truth; Gogol; Henry Lyon Young; Inspector General; Leonard Elmhirst; method [Chekhov]; Meyerhold; mise en scène; Spanish Evening; tempo; theatre of the future,https://collections.uwindsor.ca/files/original/3ee5a29756d62a77611386e7a8ee52ce23d18741.pdf
3,director; scene; composition,688,"March 26, 1937","March 28, 1937",https://collections.uwindsor.ca/chekhov/item/688,"The fishing scene; Shakespeare, William, 1564-1616. King Lear",climax; composition; contrast; director; fishing scene; King Lear; psychological gesture; Shakespeare,https://collections.uwindsor.ca/files/original/d0dda1bca8223eea8551aef9310c69dc51a85f30.pdf
3,scene; atmosphere; form,953,"May 1, 1939","May 1, 1939",https://collections.uwindsor.ca/chekhov/item/953,"The robbers (scene); Shdanoff, George, 1905-1998. The Possessed",atmosphere; Deirdre Hurst; feeling of form; George Shdanoff; Mary La; Possessed; robbers scene; speech,https://collections.uwindsor.ca/files/original/7da9f2500fef84777bbc8c6d687af8375d0ac572.pdf
3,director; scene; mise,702,"May 17, 1937","May 17, 1937",https://collections.uwindsor.ca/chekhov/item/702,Carnival (scene); The fishing scene,Carnival scene; director; fishing scene; mise en scène; movement,https://collections.uwindsor.ca/files/original/3ecb3c141e06c85a9e4b5bd5c9d88939c54b14e8.pdf
3,scene; tempo; objective,698,"May 2, 1937","May 2, 1937",https://collections.uwindsor.ca/chekhov/item/698,"Słowacki, Juliusz, 1809-1849. Balladina; The fairy tale / Two kings (scene)",Balladina; designer; fairy tale; gesture; justification; objective; Słowacki; tempo,https://collections.uwindsor.ca/files/original/c4b15d217b3ab099cb56817a30a4fc219dd60ab8.pdf
3,atmosphere; theatre; objective,958,"May 26, 1939","May 26, 1939",https://collections.uwindsor.ca/chekhov/item/958,"Shakespeare, William, 1564-1616. Hamlet; Shakespeare, William, 1564-1616. Twelfth night; Moscow Art Theatre",atmosphere; feeling of truth; Hamlet; improvisation; method [Chekhov]; Moscow Art Theatre; objective; presence; psychological gesture; Shakespeare; Twelfth Night,https://collections.uwindsor.ca/files/original/e06ab880a601611845006ecf37325ddf2df80e14.pdf
3,director; scene; objective,699,"May 4, 1937","May 4, 1937",https://collections.uwindsor.ca/chekhov/item/699,"Shakespeare, William, 1564-1616. Hamlet; Shakespeare, William, 1564-1616. Twelfth night; Słowacki, Juliusz, 1809-1849. Balladina; The fishing scene",Balladina; director; fishing scene; imagination; objective; Słowacki,https://collections.uwindsor.ca/files/original/14ec99b98b77cabfa63b47e84ef62234cf3a37db.pdf
3,ensemble; atmosphere; form,1061,"May 4, 1941: Demonstration at Edgewood School","May 4, 1941",https://collections.uwindsor.ca/chekhov/item/1061,,atmosphere; contact; ensemble feeling; exercises; feeling of ease; feeling of form; feeling of truth,https://collections.uwindsor.ca/files/original/b33f63a097fc2fb5b0a10dcf0484857396c6f830.pdf
3,scene; mise; objective,700,"May 6, 1937","May 6, 1937",https://collections.uwindsor.ca/chekhov/item/700,"Shakespeare, William, 1564-1616. Hamlet; The fairy tale / Two kings (scene); Słowacki, Juliusz, 1809-1849. Balladina",Balladina; color; costume; designer; fairy tale; Hamlet; mise en scène; objective; Shakespeare; Słowacki; will,https://collections.uwindsor.ca/files/original/18707ab02d93edfa7c9b974c6116a45da6ff9b36.pdf
3,style; objective; action,784,"November 18, 1937","November 18, 1937",https://collections.uwindsor.ca/chekhov/item/784,"Shakespeare, William, 1564-1616. Hamlet; Shankar, Uday, 1900-1977",action; Hamlet; improvisation; method [Chekhov]; movement; objective; radiating; Shakespeare; style; Uday Shankar,https://collections.uwindsor.ca/files/original/8248d5b961a34afcf476eb20d0629e9294619557.pdf
3,form; style; objective,785,"November 19, 1937","November 19, 1937",https://collections.uwindsor.ca/chekhov/item/785,"Habima Players; An-Ski, S., 1863-1920. Dibeḳ; Shakespeare, William, 1564-1616. Hamlet",An-Ski; concentration; contact; Dibek; feeling of form; Habima Players; Hamlet; objective; Shakespeare; style,https://collections.uwindsor.ca/files/original/4888f957246a2f1f95fab53895a5eef80f8b7927.pdf
3,rehearsal; atmosphere; objective,1074,"November 21, 1941: Michael Chekhov's fifth class for professional actors: Exercise -- Repetition is the growing power","November 21, 1941",https://collections.uwindsor.ca/chekhov/item/1074,"Shakespeare, William, 1564-1616. Twelfth night; Shakespeare, William, 1564-1616. King Lear; Reinhardt, Max, 1873-1943; Shakespeare, William, 1564-1616. Hamlet",atmosphere; concentration; contrast; creativity; exercises; feeling of ease; Hamlet; imagination; King Lear; method [Chekhov]; objective; psychology; rehearsal; Reinhardt; repetition; Shakespeare; sustaining; Twelfth Night,https://collections.uwindsor.ca/files/original/070c5b5f7d19735af84ffa9b541595cf0a252102.pdf
3,scene; ensemble; style,786,"November 24, 1937","November 24, 1937",https://collections.uwindsor.ca/chekhov/item/786,"Shakespeare, William, 1564-1616. Hamlet; The fishing scene",contact; ensemble feeling; exercises; fishing scene; Hamlet; improvisation; Shakespeare; speech; style,https://collections.uwindsor.ca/files/original/35714b5b4b87a16df5f119717615094760d85b27.pdf
3,composition; rhythm; style,633,"November 27, 1936","November 27, 1936",https://collections.uwindsor.ca/chekhov/item/633,"Shakespeare, William, 1564-1616. Hamlet; Shakespeare, William, 1564-1616. Othello; Ibsen, Henrik, 1828-1906; Chekhov, Anton Pavlovich, 1860-1904",Anton Chekhov; composition; feeling of the whole; Hamlet; Ibsen; Othello; rhythm; Shakespeare; style,https://collections.uwindsor.ca/files/original/8afcf96e8ebc310f3a73624f7bcc0fb15b1e59b4.pdf
3,rhythm; style; objective,789,"November 29, 1937","November 29, 1937",https://collections.uwindsor.ca/chekhov/item/789,"Shakespeare, William, 1564-1616. King Lear",center; characterization; fire; improvisation; King Lear; objective; rhythm; Shakespeare; significance; style,https://collections.uwindsor.ca/files/original/697a76c0295c34a708fab266ec9cbc2c4080af6a.pdf
3,atmosphere; rhythm; action,790,"November 29, 1937 (afternoon)","November 29, 1937",https://collections.uwindsor.ca/chekhov/item/790,,action; Alice Crowther; atmosphere; fairy tale; rhythm,https://collections.uwindsor.ca/files/original/5b83b5c872af354cda230dc803025b9356fde261.pdf
3,composition; rhythm; tempo,921,"November 7, 1938","November 7, 1938",https://collections.uwindsor.ca/chekhov/item/921,"Young, Henry Lyon. Spanish evening; Shakespeare, William, 1564-1616. Hamlet; Stanislavsky, Konstantin, 1863-1938; Gogol, Nikolai Vasilevich, 1809-1852. The Inspector general",Alan Harkness; characterization; composition; Daphne Moore; Deirdre Hurst; Erika Kapralik Chambliss; feeling of the whole; fire; Gogol; Hamlet; Henry Lyon Young; humor; Hurd Hatfield; imagination; improvisation; Inspector General; Jean[ne]; Mary La; Mary Lou Taylor; Paul Rogers; Peter Tunnard; psychology; rhythm; Shakespeare; Spanish Evening; Stanislavsky; tempo; Terence Morgan; Woodrow Chambliss,https://collections.uwindsor.ca/files/original/5b007ba8165d450f56d562ad4ce0cca537bbfb82.pdf
3,scene; atmosphere; objective,753,"October 1, 1937","October 1, 1937",https://collections.uwindsor.ca/chekhov/item/753,"The fishing scene; Ibsen, Henrik, 1828-1906. Peer Gynt; Toscanini, Arturo, 1867-1957",atmosphere; center; exercises; fishing scene; Ibsen; improvisation; objective; Peer Gynt; psychological gesture; the pause; Toscanini,https://collections.uwindsor.ca/files/original/c389a6158b6f688ea06cba3d9f8a542001fdbd1d.pdf
3,ensemble; play; theatre,772,"October 28, 1937","October 28, 1937",https://collections.uwindsor.ca/chekhov/item/772,"Moscow Art Theatre; Shakespeare, William, 1564-1616. Hamlet",center; contact; ensemble feeling; exercises; feeling of the whole; flying over the play; Hamlet; Moscow Art Theatre; Shakespeare,https://collections.uwindsor.ca/files/original/8408dc997b8275aba00c3df4b2432bb6953be2d1.pdf
3,scene; mise; atmosphere,759,"October 9, 1937","October 9, 1937",https://collections.uwindsor.ca/chekhov/item/759,"Reinhardt, Max, 1873-1943; The fishing scene; The fairy tale / Two kings (scene)",atmosphere; imagination; incorporation; inspiration; method [Chekhov]; mise en scène; Peter Tunnard,https://collections.uwindsor.ca/files/original/e4ba18645831d7d3642e0f84429123fb473625ab.pdf
3,tempo; form; objective,1006,"September 26, 1939","September 26, 1939",https://collections.uwindsor.ca/chekhov/item/1006,"Shdanoff, George, 1905-1998. The Possessed",form; George Shdanoff; objective; Possessed; presence; radiating; tempo; urgency; Woodrow Chambliss,https://collections.uwindsor.ca/files/original/e9c3184e78455e77216e597b01170b87d6ccaa77.pdf
3,scene; atmosphere; objective,751,"September 29, 1937","September 29, 1937",https://collections.uwindsor.ca/chekhov/item/751,"Shakespeare, William, 1564-1616.; Stanislavsky, Konstantin, 1863-1938.; The fishing scene; Słowacki, Juliusz, 1809-1849. Balladina; Ibsen, Henrik, 1828-1906. Peer Gynt",atmosphere; Balladina; characterization; fishing scene; Ibsen; imagination; improvisation; incorporation; inspiration; movement; objective; Peer Gynt; Shakespeare; Stanislavsky; Słowacki,https://collections.uwindsor.ca/files/original/c27a0e425a448e8f983164683fb0412f7c902918.pdf
2,theatre; group,1992,Dartington Hall,,https://collections.uwindsor.ca/chekhov/item/1992,,Michael Chekhov,https://collections.uwindsor.ca/files/original/c405d1eb7f44b1036023d0e5eb15c34fb9b3479f.jpg
2,atmosphere; rhythm,592,"June 4, 1936: Lessons to teachers: Lesson XVII",04-Jun-36,https://collections.uwindsor.ca/chekhov/item/592,,atmosphere; exercises; pedagogy; rhythm,https://collections.uwindsor.ca/files/original/00307c9394308e42bc406ddb011331ef2f16723b.pdf
2,atmosphere; rhythm,615,"November 5, 1936",05-Nov-36,https://collections.uwindsor.ca/chekhov/item/615,"Rainis, Jānis, 1865-1929. The Golden steed",atmosphere; Golden Steed; Rainis; rhythm,https://collections.uwindsor.ca/files/original/b88dc36692b529aadcf5917ddf6771967c901ab6.pdf
2,rhythm; theatre,596,"October 8, 1936",08-Oct-36,https://collections.uwindsor.ca/chekhov/item/596,"Goethe, Johann Wolfgang von, 1749-1832. Faust",concentration; exercises; Faust; Goethe; imagination; movement; Patrick Harvey; rhythm; theatre of the future,https://collections.uwindsor.ca/files/original/6b9d51f1ad681a247564f9521d7b6fc936c3fafc.pdf
2,rhythm; theatre,579,"April 17, 1936: Notes taken during conversation",17-Apr-36,https://collections.uwindsor.ca/chekhov/item/579,Moscow Art Theatre,Moscow Art Theatre; rhythm,https://collections.uwindsor.ca/files/original/4cf60cf968a24ed9987133106edae8f303aa5cfa.pdf
2,theatre; group,1089,The Pencil: Memories of Dartington Hall and the English Origin of the Michael Chekhov Acting Method,2002?,https://collections.uwindsor.ca/chekhov/item/1089,"Chekhov, Michael, 1891-1955; Group Theatre (U.S.); Shakespeare, William, 1564-1616. Twelfth night; Shdanoff, George, 1905-1998. The Possessed; Steiner, Rudolf, 1861-1925; Shankar, Uday, 1900-1977",Alice Crowther; Beatrice Straight; Dartington Hall; Deirdre Hurst; Dorothy Elmhirst; George Shdanoff; Group Theatre; Leonard Elmhirst; Possessed; Shakespeare; Steiner; Twelfth Night,https://collections.uwindsor.ca/files/original/d1c2e8113ee4d5ea5c0650fb8510b50726371240.pdf
2,scene; atmosphere,605,"October 21, 1936",21-Oct-36,https://collections.uwindsor.ca/chekhov/item/605,The fishing scene,atmosphere; exercises; fishing scene,https://collections.uwindsor.ca/files/original/299c773e899ee532c3a65bd1b2f4ce7560597693.pdf
2,theatre; objective,952,"April 18, 1939","April 18, 1939",https://collections.uwindsor.ca/chekhov/item/952,Moscow Art Theatre,imagination; method [Chekhov]; Moscow Art Theatre; objective,https://collections.uwindsor.ca/files/original/07c2fe90b41878b33877e3b73436a0292bc4e643.pdf
2,director; style,693,"April 2, 1937","April 2, 1937",https://collections.uwindsor.ca/chekhov/item/693,"Słowacki, Juliusz, 1809-1849. Balladina; Shaw, Bernard, 1856-1950. St. Joan; Shakespeare, William, 1564-1616. Hamlet; Gogol, Nikolai Vasilevich, 1809-1852. The Inspector general; Chekhov, Anton Pavlovich, 1860-1904. Cherry orchard; Goethe, Johann Wolfgang von, 1749-1832. Faust; Stanislavsky, Konstantin, 1863-1938",Anton Chekhov; author; Balladina; Cherry Orchard; director; drama; Faust; Goethe; Gogol; Hamlet; imagination; improvisation; incorporation; Inspector General; method [Chekhov]; Shakespeare; Shaw; St. Joan; Stanislavsky; style; Słowacki; the pause; tragedy,https://collections.uwindsor.ca/files/original/81c682137bb98850eb1daa186e6fe48b7b080241.pdf
2,mise; objective,695,"April 27, 1937","April 27, 1937",https://collections.uwindsor.ca/chekhov/item/695,"Słowacki, Juliusz, 1809-1849. Balladina; Stanislavsky, Konstantin, 1863-1938; Steiner, Rudolf, 1861-1925; Shakespeare, William, 1564-1616. Hamlet; Rainis, Jānis, 1865-1929. The Golden steed",Balladina; designer; exercises; feeling of truth; Golden Steed; Hamlet; mise en scène; objective; psychological gesture; Rainis; Shakespeare; Stanislavsky; Steiner; Słowacki; the pause,https://collections.uwindsor.ca/files/original/720a719507df948e96daff21558ffa227ce979e7.pdf
2,theatre; objective,950,"April 5, 1939","April 5, 1939",https://collections.uwindsor.ca/chekhov/item/950,,Alonzo; Daphne Moore; Deirdre Hurst; Erika Kapralik Chambliss; feeling of truth; Frances; Hurd Hatfield; imagination; Iris Tree; Louise; Mary La; objective; psychological gesture; Sam Schatz; theatre of the future,https://collections.uwindsor.ca/files/original/4acd9cb37d4f9cdf42ffab83da2ba04861ffd107.pdf
2,atmosphere; style,989,"August 22, 1939","August 22, 1939",https://collections.uwindsor.ca/chekhov/item/989,"Dickens, Charles, 1812-1870. Pickwick papers",atmosphere; characterization; Dickens; Pickwick Papers; psychological gesture; style,https://collections.uwindsor.ca/files/original/c176a7251d996ef74a4bcdede799dc21395940da.pdf
2,atmosphere; tempo,1050,"August 26, 1940 (afternoon)","August 26, 1940",https://collections.uwindsor.ca/chekhov/item/1050,"Dickens, Charles, 1812-1870. Cricket on the hearth",atmosphere; Beatrice Straight; Blair Cutting; characterization; Cricket on the Hearth; Deirdre Hurst; Dickens; Hurd Hatfield; John Flynn; Margaret Draper; Mary La; Mary Lou Taylor; Sam Schatz; Tanny; tempo,https://collections.uwindsor.ca/files/original/bffde4c11967a007056f55baef990e2ba9b4469c.pdf
2,scene; objective,797,"December 11, 1937","December 11, 1937",https://collections.uwindsor.ca/chekhov/item/797,"Shakespeare, William, 1564-1616. Hamlet; The fishing scene; Ibsen, Henrik, 1828-1906. Peer Gynt",clown; contact; fishing scene; Hamlet; Ibsen; John Schoepperle; objective; Peer Gynt; Shakespeare,https://collections.uwindsor.ca/files/original/b07d7e67c15afa42f355e3bcb11d3475d79bb80a.pdf
2,scene; objective,798,"December 13, 1937","December 13, 1937",https://collections.uwindsor.ca/chekhov/item/798,"The fishing scene; Molière, 1622-1673. Le Bourgeois gentilhomme; Shakespeare, William, 1564-1616. Hamlet; Stanislavsky, Konstantin, 1863-1938. Actor prepares; Cervantes Saavedra, Miguel de, 1547-1616. Don Quixote",Actor Prepares; Blair Cutting; Bourgeois Gentilhomme; Cervantes; Don Quixote; fishing scene; Hamlet; Henry Lyon Young; imagination; improvisation; John Schoepperle; method [Chekhov]; Molière; objective; Paula Morel; Shakespeare; significance; Stanislavsky; Terence Morgan,https://collections.uwindsor.ca/files/original/70e7b92ad0a517102f4033289e8adb4913899e3c.pdf
2,atmosphere; action,792,"December 4, 1937","December 4, 1937",https://collections.uwindsor.ca/chekhov/item/792,,action; atmosphere; author; fairy tale,https://collections.uwindsor.ca/files/original/5e961cdefe51e888f732891c03bdb45e52f2d9b5.pdf
2,form; theatre,1034,"February 13, 1940","February 13, 1940",https://collections.uwindsor.ca/chekhov/item/1034,,exercises; feeling of form; theatre of the future,https://collections.uwindsor.ca/files/original/e9009eeaba44e3b23f1a7aea5233238101a11130.pdf
2,form; style,827,"February 14, 1938","February 14, 1938",https://collections.uwindsor.ca/chekhov/item/827,"Shakespeare, William, 1564-1616. Romeo and Juliet; Shakespeare, William, 1564-1616. Merchant of Venice; Shakespeare, William, 1564-1616. Othello; Young, Henry Lyon. Spanish evening",Alice Crowther; anticipation; Blair Cutting; characterization; Daphne Moore; Dennis; Dorothy Elmhirst; Eleanor Paison; feeling of ease; feeling of form; feeling of the whole; Gavin; Henry Lyon Young; Hurd Hatfield; justification; Katherine Ann Faulder; Mary Lou Taylor; Merchant of Venice; movement; Othello; Peter Tunnard; preparation; psychology; Romeo and Juliet; Sam Schatz; Shakespeare; significance; Spanish Evening; speech; style; Terence Morgan; Valerie; Woodrow Chambliss,https://collections.uwindsor.ca/files/original/260f65db82dadf54bb248b40c795641a9649bb0f.pdf
2,composition; ensemble,668,"February 15, 1937","February 15, 1937",https://collections.uwindsor.ca/chekhov/item/668,"Słowacki, Juliusz, 1809-1849. Balladina; Rainis, Jānis, 1865-1929. The Golden steed",Balladina; composition; costume; ensemble feeling; Golden Steed; method [Chekhov]; Rainis; Słowacki,https://collections.uwindsor.ca/files/original/c2700e332809c6d3bc77f0e4aa4f48e7f636a449.pdf
2,rhythm; theatre,828,"February 15, 1938","February 15, 1938",https://collections.uwindsor.ca/chekhov/item/828,"Oppenheim, Hans; Meyerhold, Vsevolod, 1874-1940; Shdanoff, George, 1905-1998. The Possessed; Moscow Art Theatre",Anna de Goguel; contact; fairy tale; George Shdanoff; Meyerhold; Moscow Art Theatre; Oppenheim; Possessed; rhythm; Terence Morgan,https://collections.uwindsor.ca/files/original/8bb1971bd76cf252cc7035ae59cda4eaf45616a2.pdf
2,scene; ensemble,669,"February 18, 1937","February 18, 1937",https://collections.uwindsor.ca/chekhov/item/669,"Słowacki, Juliusz, 1809-1849. Balladina; Rainis, Jānis, 1865-1929. The Golden steed; Clowns (scene)",Balladina; clown; ensemble feeling; Golden Steed; imagination; justification; psychological gesture; Rainis; Słowacki,https://collections.uwindsor.ca/files/original/b410ed50995e1999193e915c9a7efa8ce8fb2c43.pdf
2,rhythm; objective,834,"February 22, 1938 (morning)","February 22, 1938",https://collections.uwindsor.ca/chekhov/item/834,,Alan Harkness; archetype; Eurhythmy; exercises; imagination; objective; Peter Tunnard; psychological gesture; rhythm,https://collections.uwindsor.ca/files/original/c68aa087d62c9fd3ff9c573dd6d522ecd946aa89.pdf
2,scene; mise,671,"February 23, 1937","February 23, 1937",https://collections.uwindsor.ca/chekhov/item/671,"Słowacki, Juliusz, 1809-1849. Balladina; Rainis, Jānis, 1865-1929. The Golden steed; The fishing scene",Balladina; costume; fishing scene; Golden Steed; mise en scène; psychological gesture; Rainis; Słowacki,https://collections.uwindsor.ca/files/original/6cc6deabe5420a6aa50b8ea99085882f7eb06aab.pdf
2,rhythm; style,836,"February 24, 1938","February 24, 1938",https://collections.uwindsor.ca/chekhov/item/836,"Young, Henry Lyon. Spanish evening; Shdanoff, George, 1905-1998. The Possessed",characterization; George Shdanoff; Henry Lyon Young; Possessed; psychological gesture; rhythm; Spanish Evening; style,https://collections.uwindsor.ca/files/original/aeb8ccb38ad5261ffeedf803b1781288faf5f9ee.pdf
2,atmosphere; style,819,"February 4, 1938","February 4, 1938",https://collections.uwindsor.ca/chekhov/item/819,"Shdanoff, George, 1905-1998. The Possessed",atmosphere; Beatrice Straight; clown; exercises; George Shdanoff; humor; Mary Lou Taylor; method [Chekhov]; Paula Morel; Peter Tunnard; Possessed; psychology; style; Terence Morgan,https://collections.uwindsor.ca/files/original/668aec0988713db9ff0e4bf95b359eb7353b8d12.pdf
2,scene; atmosphere,936,"February 6, 1939","February 6, 1939",https://collections.uwindsor.ca/chekhov/item/936,"The fishing scene; Gorky, Maksim, 1868-1936. The Lower depths",atmosphere; fishing scene; Gorky; Lower Depths,https://collections.uwindsor.ca/files/original/12a3a303a9a4a46f6b2f8a5148672287a895534f.pdf
2,form; style,823,"February 8, 1938 (afternoon)","February 8, 1938",https://collections.uwindsor.ca/chekhov/item/823,"Shdanoff, George, 1905-1998. The Possessed; Ibsen, Henrik, 1828-1906; Chekhov, Anton Pavlovich, 1860-1904",Alice Crowther; Anton Chekhov; Catherine Gabrielson; exercises; feeling of form; Ibsen; significance; speech; style,https://collections.uwindsor.ca/files/original/90a2a9c34b05f4265b100b6102136d7f22f837a6.pdf
2,director; play,666,"February 9, 1937","February 9, 1937",https://collections.uwindsor.ca/chekhov/item/666,"Słowacki, Juliusz, 1809-1849. Balladina; Rainis, Jānis, 1865-1929. The Golden steed; Shakespeare, William, 1564-1616. King Lear; Steiner, Rudolf, 1861-1925",Balladina; director; flying over the play; King Lear; rhythmical gesture; Shakespeare; Steiner; Słowacki,https://collections.uwindsor.ca/files/original/cbeec9b999193fcd2e163118a42a1f6de5ef8838.pdf
2,director; scene,652,"January 14, 1937","January 14, 1937",https://collections.uwindsor.ca/chekhov/item/652,The fishing scene,Anna de Goguel; author; Catherine Gabrielson; Deirdre Hurst; director; Eleanor Paison; Felicity Cumming; fishing scene; Gretel Schreiber; imagination; incorporation; Jocelyn Wynne; John Schoepperle; method [Chekhov],https://collections.uwindsor.ca/files/original/19c5ab30fdad4f4219d19eb0dc92c37957cabc04.pdf
2,director; scene,655,"January 18, 1937 (afternoon)","January 18, 1937",https://collections.uwindsor.ca/chekhov/item/655,"Słowacki, Juliusz, 1809-1849. Balladina; Cervantes Saavedra, Miguel de, 1547-1616. The Cave of Salamanca; Rainis, Jānis, 1865-1929. The Golden steed; Vakhtangov, Evgenii, 1883-1922; The fishing scene",Balladina; Cave of Salamanca; Cervantes; director; fishing scene; Golden Steed; psychological gesture; Rainis; Słowacki; Vakhtangov,https://collections.uwindsor.ca/files/original/7c02c58ad54ee5dd8f263e22e1eb190fd0fcb5bb.pdf
2,ensemble; objective,804,"January 18, 1938","January 18, 1938",https://collections.uwindsor.ca/chekhov/item/804,"Shakespeare, William, 1564-1616. King Lear",body; contact; ensemble feeling; Eurhythmy; fire; imagination; incorporation; objective; significance; sustaining,https://collections.uwindsor.ca/files/original/2b0556740b00c2914e14508ac33bc90eb5351ffd.pdf
2,scene; atmosphere,659,"January 23, 1937","January 23, 1937",https://collections.uwindsor.ca/chekhov/item/659,"Słowacki, Juliusz, 1809-1849. Balladina; Rainis, Jānis, 1865-1929. The Golden steed; Shaw, Bernard, 1856-1950. St. Joan; Ibsen, Henrik, 1828-1906. Peer Gynt; Cervantes Saavedra, Miguel de, 1547-1616. Don Quixote; The fishing scene",atmosphere; Balladina; Cervantes; Don Quixote; fishing scene; Golden Steed; Ibsen; Peer Gynt; psychological gesture; Rainis; Shaw; speech; St. Joan; Słowacki,https://collections.uwindsor.ca/files/original/9024fda428c5288fb58b9435e4effc607a45f37a.pdf
2,style; objective,809,"January 25, 1938","January 25, 1938",https://collections.uwindsor.ca/chekhov/item/809,,Alan Harkness; Anna de Goguel; Catherine Gabrielson; commedia dell'arte; objective; Patrick Harvey; Paula Morel; style,https://collections.uwindsor.ca/files/original/802d78874385be5961e7750f8342e0f1e6f4ea46.pdf
2,form; style,810,"January 25, 1938 (afternoon)","January 25, 1938",https://collections.uwindsor.ca/chekhov/item/810,"Vakhtangov, Evgenii, 1883-1922; Shdanoff, George, 1905-1998. The Possessed",Deirdre Hurst; Dorothy Elmhirst; form; method [Chekhov]; style,https://collections.uwindsor.ca/files/original/418dae48ae201bdeb7a5c812f9ac884e2a91a5ed.pdf
2,style; objective,813,"January 28, 1938 (afternoon)","January 28, 1938",https://collections.uwindsor.ca/chekhov/item/813,"Shdanoff, George, 1905-1998. The Possessed; Young, Henry Lyon. Spanish evening",Alice Crowther; George Shdanoff; Henry Lyon Young; improvisation; objective; Possessed; Spanish Evening; style; Woodrow Chambliss,https://collections.uwindsor.ca/files/original/b5d0ba7fb891e514c1ad1aafe49be9e4e4695489.pdf
2,atmosphere; theatre,1084,"January 29, 1942: Open lecture to actors held at ""Actors Service,"" New York","January 29, 1942",https://collections.uwindsor.ca/chekhov/item/1084,"Shakespeare, William, 1564-1616. Othello; Shakespeare, William, 1564-1616. Hamlet; Michelangelo Buonarroti, 1475-1564; Shakespeare, William, 1564-1616. King Lear; Cervantes Saavedra, Miguel de, 1547-1616. Don Quixote; Stanislavsky, Konstantin, 1863-1938",atmosphere; body; center; characterization; clown; concentration; flowing; flying; ideal body; Ideal center; image; imagination; incorporation; molding; movement; psychology; qualities of movement; radiating; theatre of the future,https://collections.uwindsor.ca/files/original/b506e5abb546f4589a4901ffce64e32926377f04.pdf
2,director; scene,933,"January 30, 1939","January 30, 1939",https://collections.uwindsor.ca/chekhov/item/933,"The fishing scene; Cervantes Saavedra, Miguel de, 1547-1616. Don Quixote; Gorky, Maksim, 1868-1936. The Lower depths",Alonzo; Cervantes; Daphne Moore; designer; director; Don Quixote; Erika Kapralik Chambliss; fishing scene; Gorky; imagination; improvisation; Irving; Lower Depths; Mary La; Veronica; Warner Anderson,https://collections.uwindsor.ca/files/original/1b5d395dcacc5b94e22c42d9b4048a2847e0b734.pdf
2,scene; objective,736,"July 1, 1937","July 1, 1937",https://collections.uwindsor.ca/chekhov/item/736,The fishing scene,exercises; feeling of truth; fishing scene; justification; objective,https://collections.uwindsor.ca/files/original/e26447d7d99ba220f3fe4ced51a0581953ed93fa.pdf
2,scene; theatre,901,"July 1, 1938","July 1, 1938",https://collections.uwindsor.ca/chekhov/item/901,"Shdanoff, George, 1905-1998. The Possessed; Stanislavsky, Konstantin, 1863-1938; Steiner, Rudolf, 1861-1925; Cervantes Saavedra, Miguel de, 1547-1616. Don Quixote; Shakespeare, William, 1564-1616. Hamlet; Shakespeare, William, 1564-1616. King Lear; The fishing scene; Moscow Art Theatre",Cervantes; characterization; concentration; creativity; Don Quixote; Dorothy Elmhirst; fishing scene; George Shdanoff; Hamlet; imagination; incorporation; inspiration; intuition; King Lear; method [Chekhov]; Moscow Art Theatre; Paula Morel; Possessed; Shakespeare; Stanislavsky; Steiner; work,https://collections.uwindsor.ca/files/original/a223f76cf72299bc6bc6a3ffe1e7cd752600137b.pdf
2,ensemble; objective,1047,"July 10, 1940: Lessons for beginners","July 10, 1940",https://collections.uwindsor.ca/chekhov/item/1047,,concentration; contact; ensemble feeling; exercises; incorporation; method [Chekhov]; objective,https://collections.uwindsor.ca/files/original/a683c3fa51e2086763a7ec165fff48f61c37ea0e.pdf
2,ensemble; objective,904,"July 14, 1938","July 14, 1938",https://collections.uwindsor.ca/chekhov/item/904,"Shakespeare, William, 1564-1616. Hamlet; Stanislavsky, Konstantin, 1863-1938",body; contact; ensemble feeling; Hamlet; improvisation; method [Chekhov]; objective; psychology; Shakespeare; Stanislavsky,https://collections.uwindsor.ca/files/original/e605f282f412bbb36173e91f7f134a1cf7e578aa.pdf
2,form; objective,976,"July 14, 1939","July 14, 1939",https://collections.uwindsor.ca/chekhov/item/976,"Stanislavsky, Konstantin, 1863-1938; Shakespeare, William, 1564-1616. Hamlet",Alan Harkness; anticipation; exercises; feeling of ease; feeling of form; feeling of truth; Hamlet; Hurd Hatfield; objective; scenic time; Shakespeare; Stanislavsky; will,https://collections.uwindsor.ca/files/original/06a5c78f0118f81732cef8323a45ea9dd923c9f0.pdf
2,scene; objective,737,"July 2, 1937","July 2, 1937",https://collections.uwindsor.ca/chekhov/item/737,The fairy tale / Two kings (scene),Eleanor Paison; fairy tale; feeling of truth; intellect; John Schoepperle; justification; objective,https://collections.uwindsor.ca/files/original/8755fa4071594ebe7c246703c76be000c2e3f6af.pdf
2,ensemble; objective,979,"July 21, 1939","July 21, 1939",https://collections.uwindsor.ca/chekhov/item/979,,ensemble feeling; exercises; feeling of ease; objective; psychological gesture; will,https://collections.uwindsor.ca/files/original/03af3f785b25b0cf25a496df0ad493036ad3d2b0.pdf
2,scene; style,1048,"July 22, 1940","July 22, 1940",https://collections.uwindsor.ca/chekhov/item/1048,"The fishing scene; Strindberg, August, 1849-1912. Stronger",fishing scene; Strindberg; Stronger; style,https://collections.uwindsor.ca/files/original/de6058220a0bfd1561bce75dd33befb2f351f127.pdf
2,scene; objective,738,"July 3, 1937","July 3, 1937",https://collections.uwindsor.ca/chekhov/item/738,"Słowacki, Juliusz, 1809-1849. Balladina; The fairy tale / Two kings (scene)",Balladina; fairy tale; feeling of truth; imagination; inspiration; Mr. Peters; objective; Słowacki,https://collections.uwindsor.ca/files/original/51f64b285d038b7d5061cfd5a59d239258d4b8de.pdf
2,atmosphere; objective,969,"July, 1939","July, 1939",https://collections.uwindsor.ca/chekhov/item/969,"Dickens, Charles, 1812-1870. Pickwick papers",atmosphere; characterization; Dickens; feeling of truth; objective; Pickwick Papers; psychology,https://collections.uwindsor.ca/files/original/963d92fed4356af019be9ee198c494c5566254b1.pdf
2,atmosphere; objective,970,"July, 1939","July, 1939",https://collections.uwindsor.ca/chekhov/item/970,"Dickens, Charles, 1812-1870. Pickwick papers",atmosphere; Dickens; feeling of truth; objective; Pickwick Papers; psychological gesture,https://collections.uwindsor.ca/files/original/107d9cc3cfad4b46dbc238f4206efbadda6ef167.pdf
2,director; scene,709,"June 1, 1937","June 1, 1937",https://collections.uwindsor.ca/chekhov/item/709,The fairy tale / Two kings (scene); Carnival (scene),director; fairy tale; feeling of truth; improvisation; inspiration,https://collections.uwindsor.ca/files/original/1833ebeeb43b8b02a92d2978572879a88fcfae59.pdf
2,scene; atmosphere,717,"June 11, 1937","June 11, 1937",https://collections.uwindsor.ca/chekhov/item/717,"The fishing scene; The fairy tale / Two kings (scene); Słowacki, Juliusz, 1809-1849. Balladina",atmosphere; Balladina; color; costume; fairy tale; fishing scene; improvisation; lighting; metamorphosis; Słowacki,https://collections.uwindsor.ca/files/original/92d73eb48f2b435f099e0d4587b2c3460c5a2d08.pdf
2,scene; tempo,962,"June 16, 1939","June 16, 1939",https://collections.uwindsor.ca/chekhov/item/962,"Goethe, Johann Wolfgang von, 1749-1832; Michelangelo Buonarroti, 1475-1564; The fishing scene; Ibsen, Henrik, 1828-1906. Peer Gynt; Gorky, Maksim, 1868-1936. The Lower depths",exercises; feeling of ease; fishing scene; Goethe; Gorky; Ibsen; Lower Depths; Michelangelo; Peer Gynt; significance; tempo,https://collections.uwindsor.ca/files/original/a19df64f63bd3d974f09f7e0c29b166495359b1d.pdf
2,scene; objective,723,"June 18, 1937","June 18, 1937",https://collections.uwindsor.ca/chekhov/item/723,The fishing scene,Blair Cutting; Eleanor Paison; feeling of truth; justification; objective; Paul Rogers,https://collections.uwindsor.ca/files/original/0640f12b55f9b5e3d1dbcc9879545a63a8843c95.pdf
2,ensemble; form,963,"June 23, 1939","June 23, 1939",https://collections.uwindsor.ca/chekhov/item/963,,body; creativity; ensemble feeling; exercises; feeling of beauty; feeling of ease; feeling of form; feeling of the whole; imagination; incorporation,https://collections.uwindsor.ca/files/original/5977df2f624261a1fbff8eb165f1b50de116da85.pdf
2,form; style,894,"June 24, 1938","June 24, 1938",https://collections.uwindsor.ca/chekhov/item/894,"Shdanoff, George, 1905-1998. The Possessed; Young, Henry Lyon. Spanish evening",Beatrice Straight; characterization; comedy; contact; exercises; feeling of form; George Shdanoff; Henry Lyon Young; method [Chekhov]; Possessed; presence; Spanish Evening; style; Woodrow Chambliss,https://collections.uwindsor.ca/files/original/a34169fabf1ecd454c7b271ff950401ad5aa1455.pdf
2,scene; tempo,728,"June 25, 1937","June 25, 1937",https://collections.uwindsor.ca/chekhov/item/728,"Rainis, Jānis, 1865-1929. The Golden steed; The fishing scene",exercises; fishing scene; Golden Steed; Rainis; tempo,https://collections.uwindsor.ca/files/original/70b6254d8d63588ae4d94b462c72d1d108db0200.pdf
2,audience; style,729,"June 26, 1937","June 26, 1937",https://collections.uwindsor.ca/chekhov/item/729,,audience; style,https://collections.uwindsor.ca/files/original/b3b86f7fa3e8f0ffcacd6939e015b872fe4ed30e.pdf
2,ensemble; form,897,"June 28, 1938","June 28, 1938",https://collections.uwindsor.ca/chekhov/item/897,"Stanislavsky, Konstantin, 1863-1938. Actor prepares; Berger, Henning, 1872-1924. The Deluge",Actor Prepares; anticipation; Berger; body; contact; Deluge; ensemble feeling; exercises; feeling of ease; feeling of form; feeling of the whole; improvisation; presence; Stanislavsky,https://collections.uwindsor.ca/files/original/826da14cda43eeaed79571c6568d0e1eeea717de.pdf
2,scene; style,734,"June 30, 1937","June 30, 1937",https://collections.uwindsor.ca/chekhov/item/734,The fishing scene,cliché; fishing scene; style,https://collections.uwindsor.ca/files/original/5c9d23b77a4e8deea7395aa7806e384d3c2d0910.pdf
2,scene; objective,712,"June 5, 1937","June 5, 1937",https://collections.uwindsor.ca/chekhov/item/712,"Słowacki, Juliusz, 1809-1849. Balladina; The fairy tale / Two kings (scene); The fishing scene; Rainis, Jānis, 1865-1929. The Golden steed",Balladina; characterization; creativity; fairy tale; fishing scene; Golden Steed; inspiration; objective; Rainis; Słowacki; the pause,https://collections.uwindsor.ca/files/original/386af1d5806b763a0f4543f54fef8dbf50316441.pdf
2,rhythm; style,886,"June 7, 1938 (afternoon)","June 7, 1938",https://collections.uwindsor.ca/chekhov/item/886,"Young, Henry Lyon. Spanish evening",Henry Lyon Young; rhythm; Spanish Evening; style,https://collections.uwindsor.ca/files/original/a9027db11fe6a22dc87c1c84dd8f6e21c0279639.pdf
2,scene; style,714,"June 8, 1937","June 8, 1937",https://collections.uwindsor.ca/chekhov/item/714,"The fishing scene; Słowacki, Juliusz, 1809-1849. Balladina",Balladina; fishing scene; style; Słowacki,https://collections.uwindsor.ca/files/original/56662a27b225393ac86b31c5a43725d289706cad.pdf
2,rhythm; style,850,"March 11, 1938","March 11, 1938",https://collections.uwindsor.ca/chekhov/item/850,"Berger, Henning, 1872-1924. The Deluge",Berger; Deluge; feeling of the whole; rhythm; rhythmical gesture; style,https://collections.uwindsor.ca/files/original/04a7d0a5aa2d77995d0d3887bb96ad0c2b4ea6f4.pdf
2,form; style,852,"March 11, 1938 (afternoon)","March 11, 1938",https://collections.uwindsor.ca/chekhov/item/852,"Shdanoff, George, 1905-1998. The Possessed",fairy tale; form; George Shdanoff; Possessed; style,https://collections.uwindsor.ca/files/original/de6d5ac14dd4a0b44e5388ab23cb777d7834a9b2.pdf
2,form; objective,854,"March 14, 1938 (afternoon)","March 14, 1938",https://collections.uwindsor.ca/chekhov/item/854,"Shakespeare, William, 1564-1616. Hamlet",feeling of beauty; feeling of ease; feeling of form; feeling of the whole; Hamlet; objective; psychology; Shakespeare; sustaining; the pause,https://collections.uwindsor.ca/files/original/5c87fb765ee1e48164081641070209d81f62969a.pdf
2,atmosphere; style,855,"March 15, 1938","March 15, 1938",https://collections.uwindsor.ca/chekhov/item/855,"Shdanoff, George, 1905-1998. The Possessed",atmosphere; feeling of truth; George Shdanoff; method [Chekhov]; Possessed; psychological gesture; style,https://collections.uwindsor.ca/files/original/c4d2266f89affdd8d7d1a073baef435026dca9be.pdf
2,scene; mise,680,"March 16, 1937 (afternoon)","March 16, 1937",https://collections.uwindsor.ca/chekhov/item/680,"Shakespeare, William, 1564-1616. Twelfth night; Shakespeare, William, 1564-1616. King Lear; Steiner, Rudolf, 1861-1925; Stanislavsky, Konstantin, 1863-1938; Słowacki, Juliusz, 1809-1849. Balladina; Cervantes Saavedra, Miguel de, 1547-1616. Don Quixote; The fishing scene; Shaw, Bernard, 1856-1950. St. Joan; Ibsen, Henrik, 1828-1906. Peer Gynt; Cervantes Saavedra, Miguel de, 1547-1616. The Cave of Salamanca; Rainis, Jānis, 1865-1929. The Golden steed",Cave of Salamanca; Cervantes; color; Don Quixote; fishing scene; gesture; Golden Steed; Ibsen; ingenuity; Jānis; King Lear; light; metamorphosis; mise en scène; originality; Peer Gynt; Rainis; Shakespeare; Shaw; space; St. Joan; Stanislavsky; Steiner; Słowacki; Twelfth Night,https://collections.uwindsor.ca/files/original/94450b2ff459e4301f61eb3f0162a520266af770.pdf
2,form; style,842,"March 2, 1938","March 2, 1938",https://collections.uwindsor.ca/chekhov/item/842,"Shdanoff, George, 1905-1998. The Possessed",Alice Crowther; feeling of form; George Shdanoff; individuality; Possessed; speech; style,https://collections.uwindsor.ca/files/original/3ae1e5fe27a2088682959c3648bae9f32beb0e26.pdf
2,tempo; style,947,"March 20, 1939","March 20, 1939",https://collections.uwindsor.ca/chekhov/item/947,"Stanislavsky, Konstantin, 1863-1938; Shdanoff, George, 1905-1998. The Possessed",characterization; George Shdanoff; Possessed; Stanislavsky; style; tempo,https://collections.uwindsor.ca/files/original/c68b14226fb35a46af5eea7932dc069dcc847edd.pdf
2,atmosphere; style,949,"March 22, 1939","March 22, 1939",https://collections.uwindsor.ca/chekhov/item/949,"Shdanoff, George, 1905-1998. The Possessed",atmosphere; George Shdanoff; Possessed; style,https://collections.uwindsor.ca/files/original/67cd15ef552395514b574510a5fdc080d3eb4457.pdf
2,scene; objective,686,"March 25, 1937","March 25, 1937",https://collections.uwindsor.ca/chekhov/item/686,Carnival (scene); The fishing scene,Carnival scene; color; fishing scene; objective; psychological gesture,https://collections.uwindsor.ca/files/original/7a2b9f74bb6f91af9aac52db733599b2e307645c.pdf
2,scene; audience,866,"March 28, 1938 (afternoon)","March 28, 1938",https://collections.uwindsor.ca/chekhov/item/866,"Shaw, Bernard, 1856-1950. St. Joan; Shakespeare, William, 1564-1616; Shakespeare, William, 1564-1616. Romeo and Juliet; Garrick, David, 1717-1779; Salvini, Tommaso, 1829-1915; Duse, Eleonora, 1858-1924; Stanislavsky, Konstantin, 1863-1938; Shakespeare, William, 1564-1616. Merchant of Venice; Shakespeare, William, 1564-1616. Othello; The fairy tale / Two kings (scene)",archetype; audience; Duse; fairy tale; fire; Garrick; Merchant of Venice; method [Chekhov]; method [Stanislavsky]; Othello; psychological gesture; Romeo and Juliet; Salvini; Shakespeare; Shaw; St. Joan; Stanislavsky; talent; technique,https://collections.uwindsor.ca/files/original/688e0e58b9663ec599c83866709317943c96bf6c.pdf
2,scene; objective,691,"March 31, 1937","March 31, 1937",https://collections.uwindsor.ca/chekhov/item/691,"Słowacki, Juliusz, 1809-1849. Balladina; The fairy tale / Two kings (scene); Rainis, Jānis, 1865-1929. The Golden steed; Shaw, Bernard, 1856-1950. St. Joan",Balladina; creativity; fairy tale; Golden Steed; incorporation; objective; psychological gesture; Rainis; Shaw; speech; St. Joan; Słowacki; will,https://collections.uwindsor.ca/files/original/edc42bfaeab7ceea575e95698b420442d02675c3.pdf
2,scene; form,675,"March 4, 1937","March 4, 1937",https://collections.uwindsor.ca/chekhov/item/675,"Słowacki, Juliusz, 1809-1849. Balladina; Carnival (scene)",Balladina; Carnival scene; feeling of form; method [Chekhov]; psychological gesture; Słowacki,https://collections.uwindsor.ca/files/original/c3fe52291a8adf45aac21c0d30ee92299aab5642.pdf
2,director; scene,676,"March 4, 1937: The fishing scene: Director's plan submitted for approval by Deirdre Hurst","March 4, 1937",https://collections.uwindsor.ca/chekhov/item/676,The fishing scene,Beatrice Straight; Deirdre Hurst; fishing scene; Gretel Schreiber; Paul Rogers,https://collections.uwindsor.ca/files/original/8db407c110673debedfefa95c4322dd35e28ca62.pdf
2,director; style,944,"March 7, 1939","March 7, 1939",https://collections.uwindsor.ca/chekhov/item/944,"Young, Henry Lyon. Spanish evening; Goldoni, Carlo, 1707-1793. Servant of two masters; Shdanoff, George, 1905-1998. The Possessed",Deirdre Hurst; director; exercises; George Shdanoff; Goldoni; Henry Lyon Young; improvisation; Mary La; method [Chekhov]; Possessed; psychology; Servant of Two Masters; Spanish Evening; style; Terence Morgan; transitions,https://collections.uwindsor.ca/files/original/f90c7ff0b51899d0f3ef0c20bb7828491e0e973f.pdf
2,rhythm; tempo,847,"March 8, 1938","March 8, 1938",https://collections.uwindsor.ca/chekhov/item/847,"Young, Henry Lyon. Spanish evening; Shakespeare, William, 1564-1616. King Lear",exercises; feeling of the whole; Henry Lyon Young; inspiration; King Lear; psychological gesture; rhythm; Shakespeare; Spanish Evening; tempo,https://collections.uwindsor.ca/files/original/e7d15e203590b850ac4fd6f48e5041b534502d9e.pdf
2,form; style,868,"May 2, 1938 (afternoon)","May 2, 1938",https://collections.uwindsor.ca/chekhov/item/868,"Young, Henry Lyon. Spanish evening; Shdanoff, George, 1905-1998. The Possessed",characterization; concentration; contact; feeling of beauty; feeling of ease; feeling of form; feeling of the whole; George Shdanoff; Henry Lyon Young; imagination; incorporation; method [Chekhov]; Possessed; Spanish Evening; style,https://collections.uwindsor.ca/files/original/365dc9def42eace61ce95ddb43ad2171052d0ff3.pdf
2,director; scene,705,"May 20, 1937","May 20, 1937",https://collections.uwindsor.ca/chekhov/item/705,"Słowacki, Juliusz, 1809-1849. Balladina; The fishing scene; Rainis, Jānis, 1865-1929. The Golden steed",Balladina; color; costume; Deirdre Hurst; director; improvisation; justification; speech; Słowacki,https://collections.uwindsor.ca/files/original/002ab24ea256bd62139b8e09b0ab50c7b6385a37.pdf
2,scene; mise,707,"May 28, 1937","May 28, 1937",https://collections.uwindsor.ca/chekhov/item/707,"Reinhardt, Max, 1873-1943; The fishing scene; Słowacki, Juliusz, 1809-1849. Balladina",Balladina; fishing scene; Golden Steed; metamorphosis; mise en scène; movement; psychological gesture; Rainis; Reinhardt; Słowacki,https://collections.uwindsor.ca/files/original/d69327f542411c7bea490d0a4a09902a613e7a8c.pdf
2,form; style,871,"May 9, 1938","May 9, 1938",https://collections.uwindsor.ca/chekhov/item/871,"Shdanoff, George, 1905-1998. The Possessed; Young, Henry Lyon. Spanish evening",commedia dell'arte; creativity; feeling of form; George Shdanoff; Henry Lyon Young; Possessed; Spanish Evening; style,https://collections.uwindsor.ca/files/original/f2d8193767db2d8392f8f4e94ff5773b72259858.pdf
2,atmosphere; objective,775,"November 1, 1937","November 1, 1937",https://collections.uwindsor.ca/chekhov/item/775,"Shakespeare, William, 1564-1616. Twelfth night",atmosphere; contact; feeling of ease; objective; Shakespeare; Twelfth Night,https://collections.uwindsor.ca/files/original/d57aa48bbaaf10c5df1aaaa5cb030eff0cdbdc10.pdf
2,tempo; style,922,"November 11, 1938","November 11, 1938",https://collections.uwindsor.ca/chekhov/item/922,"Young, Henry Lyon. Spanish evening",activity; Henry Lyon Young; imagination; justification; Spanish Evening; style; tempo,https://collections.uwindsor.ca/files/original/59a9b356c814ae8ee6c80519d08716e731dc62ec.pdf
2,scene; form,1065,"November 11, 1941","November 11, 1941",https://collections.uwindsor.ca/chekhov/item/1065,"The robbers (scene); Stanislavsky, Konstantin, 1863-1938. Actor prepares",Actor Prepares; feeling of form; feeling of truth; imagination; improvisation; intuition; robbers scene; Stanislavsky,https://collections.uwindsor.ca/files/original/ea1c7c0aeacd6a5530652db96cac53b87b72e189.pdf
2,atmosphere; objective,1071,"November 11, 1941: Michael Chekhov's second class for professional actors: Questions and answers","November 11, 1941",https://collections.uwindsor.ca/chekhov/item/1071,"Stanislavsky, Konstantin, 1863-1938; Shakespeare, William, 1564-1616. Twelfth night; Shakespeare, William, 1564-1616. King Lear; Michelangelo Buonarroti, 1475-1564",atmosphere; concentration; imagination; intellect; King Lear; Michelangelo; objective; Shakespeare; Stanislavsky; Twelfth Night; will,https://collections.uwindsor.ca/files/original/678f40dcb0ce26c1cf25b896dbba1fa08fbf54aa.pdf
2,director; atmosphere,622,"November 13, 1936","November 13, 1936",https://collections.uwindsor.ca/chekhov/item/622,"Rainis, Jānis, 1865-1929. The Golden steed",atmosphere; director,https://collections.uwindsor.ca/files/original/faaa5309160377459c28d36f29c6abce28dfe2eb.pdf
2,rhythm; style,1013,"November 13, 1939","November 13, 1939",https://collections.uwindsor.ca/chekhov/item/1013,"Dickens, Charles, 1812-1870. Pickwick papers; Shdanoff, George, 1905-1998. The Possessed; Shakespeare, William, 1564-1616. King Lear; Cruikshank, George, 1792-1878",body; characterization; Cruikshank; Dickens; feeling of ease; feeling of truth; George Shdanoff; King Lear; Pickwick Papers; Possessed; psychology; rhythm; Shakespeare; speech; style,https://collections.uwindsor.ca/files/original/b585f16d9bf894db7cf5ed4fa3892d8dc02c06b7.pdf
2,scene; atmosphere,1066,"November 13, 1941","November 13, 1941",https://collections.uwindsor.ca/chekhov/item/1066,The robbers (scene),atmosphere; concentration; contact; exercises; imagination; improvisation; incorporation; radiating; robbers scene,https://collections.uwindsor.ca/files/original/c7618f8de85f871a6fa3b8ab424686c27cfc7201.pdf
2,director; atmosphere,1072,"November 14, 1941: Michael Chekhov's third class for professional actors: How shall we develop our emotions and our bodies?","November 14, 1941",https://collections.uwindsor.ca/chekhov/item/1072,"Shakespeare, William, 1564-1616. Hamlet; Shakespeare, William, 1564-1616. Romeo and Juliet; Cervantes Saavedra, Miguel de, 1547-1616. Don Quixote; Goethe, Johann Wolfgang von, 1749-1832. Faust; Shakespeare, William, 1564-1616. King Lear; Michelangelo Buonarroti, 1475-1564. Moses",atmosphere; Cervantes; clown; creativity; director; Don Quixote; exercises; Faust; feeling of ease; Goethe; Hamlet; imagination; improvisation; inspiration; King Lear; Michelangelo; Moses [statue]; Romeo and Juliet; Shakespeare; technique; voice,https://collections.uwindsor.ca/files/original/323146c6398fde1f553622b17265857ca6236433.pdf
2,composition; play,626,"November 20, 1936","November 20, 1936",https://collections.uwindsor.ca/chekhov/item/626,"Rainis, Jānis, 1865-1929. The Golden steed; Shakespeare, William, 1564-1616. King Lear",characterization; composition; exercises; flying over the play; Golden Steed; intuition; King Lear; Rainis; Shakespeare,https://collections.uwindsor.ca/files/original/fb63555e3e80e5b1f7250c8ba64bb8b597333d0d.pdf
2,mise; ensemble,1076,"November 28, 1941: Michael Chekhov's seventh class for professional actors: Feeling of the whole","November 28, 1941",https://collections.uwindsor.ca/chekhov/item/1076,,contact; ensemble feeling; exercises; feeling of the whole; mise en scène; preparation; sustaining,https://collections.uwindsor.ca/files/original/d6a5e680b08f7250da4d547832dc654d5a2cbafd.pdf
2,tempo; style,918,"November 3, 1938","November 3, 1938",https://collections.uwindsor.ca/chekhov/item/918,"Young, Henry Lyon. Spanish evening",Erika Kapralik Chambliss; Henry Lyon Young; Mary La; Mary Lou Taylor; Paula Morel; Peter Tunnard; Spanish Evening; style; tempo; Terence Morgan,https://collections.uwindsor.ca/files/original/51a43c735a5eb29add69de56a5655ebc26575bbe.pdf
2,atmosphere; style,635,"November 30, 1936 (afternoon)","November 30, 1936",https://collections.uwindsor.ca/chekhov/item/635,"Rainis, Jānis, 1865-1929. The Golden steed",Alan Harkness; atmosphere; Golden Steed; Rainis; style,https://collections.uwindsor.ca/files/original/f5f25b6195e7aa7124605bfdc0544382e9b54d1e.pdf
2,scene; atmosphere,1063,"November 5, 1941","November 5, 1941",https://collections.uwindsor.ca/chekhov/item/1063,The robbers (scene),atmosphere; exercises; feeling of ease; imagination; incorporation; robbers scene,https://collections.uwindsor.ca/files/original/d9eda4a524360149b98cdd819eb6dd7bd4e1609a.pdf
2,scene; atmosphere,761,"October 12, 1937","October 12, 1937",https://collections.uwindsor.ca/chekhov/item/761,"Berger, Henning, 1872-1924. The Deluge; The fishing scene",atmosphere; Berger; Deluge; fishing scene; improvisation; John Schoepperle,https://collections.uwindsor.ca/files/original/fed5875c558b36c832758fde3fde1cdc1957319b.pdf
2,atmosphere; objective,764,"October 16, 1937","October 16, 1937",https://collections.uwindsor.ca/chekhov/item/764,"Shakespeare, William, 1564-1616. Hamlet",anticipation; atmosphere; concentration; contact; Hamlet; imagination; improvisation; incorporation; ingenuity; inspiration; objective; open heart; originality; preparation; radiating; Shakespeare; the pause,https://collections.uwindsor.ca/files/original/91fd9ed55b23b5db8f336de841fa51e7f166b720.pdf
2,tempo; form,766,"October 19, 1937","October 19, 1937",https://collections.uwindsor.ca/chekhov/item/766,"Goethe, Johann Wolfgang von, 1749-1832.",archetype; concentration; exercises; feeling of beauty; feeling of ease; feeling of form; feeling of the whole; Goethe; movement; speech; tempo,https://collections.uwindsor.ca/files/original/c9b04bd9b0a9a95e9a7059660a0f23a8a6dbb7e2.pdf
2,atmosphere; theatre,606,"October 22, 1936","October 22, 1936",https://collections.uwindsor.ca/chekhov/item/606,,atmosphere; Henry Lyon Young; imagination; Paul Rogers; theatre of the future,https://collections.uwindsor.ca/files/original/4704031cec2eb4294972c805144479d0a31db580.pdf
2,atmosphere; style,770,"October 25, 1937","October 25, 1937",https://collections.uwindsor.ca/chekhov/item/770,"Shakespeare, William, 1564-1616. Twelfth night; Shakespeare, William, 1564-1616. Hamlet; Gogol, Nikolai Vasilevich, 1809-1852. The Inspector general",atmosphere; Beatrice Straight; Blair Cutting; Gogol; Hamlet; Henry Lyon Young; improvisation; Inspector General; Paul Rogers; Peter Tunnard; psychological gesture; Shakespeare; significance; style; Twelfth Night,https://collections.uwindsor.ca/files/original/8641e87823769212d822db98d0c7db353845dd56.pdf
2,mise; ensemble,771,"October 27, 1937","October 27, 1937",https://collections.uwindsor.ca/chekhov/item/771,"Shakespeare, William, 1564-1616. Hamlet",center; contact; ensemble feeling; exercises; feeling of the whole; Hamlet; imagination; mise en scène; Shakespeare,https://collections.uwindsor.ca/files/original/4dc2a03c704e844592849c4ff717742798f2695d.pdf
2,scene; atmosphere,757,"October 7, 1937","October 7, 1937",https://collections.uwindsor.ca/chekhov/item/757,"Słowacki, Juliusz, 1809-1849. Balladina; The fairy tale / Two kings (scene); Shakespeare, William, 1564-1616. Romeo and Juliet; Shakespeare, William, 1564-1616. Hamlet; Moissi, Alexander, 1879-1935",atmosphere; Balladina; fairy tale; Hamlet; improvisation; inspiration; method [Chekhov]; Moissi; Romeo and Juliet; Shakespeare; Słowacki,https://collections.uwindsor.ca/files/original/911300096ef9d9819775ec8c835cf590dbb86f13.pdf
2,atmosphere; objective,758,"October 8, 1937","October 8, 1937",https://collections.uwindsor.ca/chekhov/item/758,"Stanislavsky, Konstantin, 1863-1938; Sulerzhit︠s︡kiĭ, L. A. (Leopolʹd Antonovich), 1872-1916; Chekhov, Anton Pavlovich, 1860-1904",Anton Chekhov; archetype; atmosphere; center; improvisation; John Schoepperle; naturalism; objective; Paula Morel; psychological gesture; Stanislavsky,https://collections.uwindsor.ca/files/original/85f9f3af5730694d0ef1ac558dc23295e820dc04.pdf
2,director; action,1057,"October 9, 1940","October 9, 1940",https://collections.uwindsor.ca/chekhov/item/1057,"Shakespeare, William, 1564-1616. Twelfth night; Aristotle; Goethe, Johann Wolfgang von, 1749-1832; Shakespeare, William, 1564-1616. Romeo and Juliet",action; Aristotle; director; Goethe; Romeo and Juliet; Shakespeare; Twelfth Night,https://collections.uwindsor.ca/files/original/e0cdae8c0d6269e5e4b6ff04f617e77103429341.pdf
2,atmosphere; rhythm,994,"September 1, 1939","September 1, 1939",https://collections.uwindsor.ca/chekhov/item/994,"Dickens, Charles, 1812-1870. Pickwick papers",atmosphere; Dickens; Pickwick Papers; rhythm,https://collections.uwindsor.ca/files/original/0eb74921a5f67bb7bdcd1676c934269c1f7faee3.pdf
2,style; play,1000,"September 15, 1939","September 15, 1939",https://collections.uwindsor.ca/chekhov/item/1000,"Shdanoff, George, 1905-1998. The Possessed",fire; George Shdanoff; idea of the play; Possessed; presence; radiating; style,https://collections.uwindsor.ca/files/original/bbcbd3d9027bb3848f96ac8167691056f71c1ea5.pdf
2,play; objective,1005,"September 25, 1939","September 25, 1939",https://collections.uwindsor.ca/chekhov/item/1005,"Shdanoff, George, 1905-1998. The Possessed; Thompson, Dorothy, 1893-1961; Stanislavsky, Konstantin, 1863-1938",Dorothy Thompson; fire; flying over the play; George Shdanoff; objective; Possessed; Stanislavsky,https://collections.uwindsor.ca/files/original/cedd29704eece9309c92b0c28fa38ddcf1591888.pdf
1,theatre,1990,Chekhov Theatre Studio,,https://collections.uwindsor.ca/chekhov/item/1990,,,https://collections.uwindsor.ca/files/original/5293a62a5f93e4747fb40eb8a5afb6fa239869b0.jpg
1,theatre,1807,"Chekhov Theatre Studio, contact page",,https://collections.uwindsor.ca/chekhov/item/1807,,,https://collections.uwindsor.ca/files/original/4ac059425a5babb96e5cfd765d410b7e2bf5f4e9.jpg
1,theatre,1739,"Chekhov Theatre Studio, front cover",,https://collections.uwindsor.ca/chekhov/item/1739,,,https://collections.uwindsor.ca/files/original/0bcddee4d6c686f14f514d3d6c582b1980ff12c5.jpg
1,theatre,1741,"Chekhov Theatre Studio, half title",,https://collections.uwindsor.ca/chekhov/item/1741,,,https://collections.uwindsor.ca/files/original/eea3db8bb729031c3d88cbfe46d147492d637f8d.jpg
1,theatre,1761,"Chekhov Theatre Studio, page 10 and plate 3 caption",,https://collections.uwindsor.ca/chekhov/item/1761,,,https://collections.uwindsor.ca/files/original/42f915cc54edbd3d2b22654aa1df79f7568d7381.jpg
1,theatre,1751,"Chekhov Theatre Studio, page 2 and plate 2 caption",,https://collections.uwindsor.ca/chekhov/item/1751,,,https://collections.uwindsor.ca/files/original/c0a5d9e605fc443b5e14301057e8ee7e7ed536f4.jpg
1,theatre,1785,"Chekhov Theatre Studio, page 26 and plate 5 caption",,https://collections.uwindsor.ca/chekhov/item/1785,,,https://collections.uwindsor.ca/files/original/3ba28d1a7d8551dfd4f143bbb7c6ad8f0efde74e.jpg
1,theatre,1801,"Chekhov Theatre Studio, page 34 and plate 7 caption",,https://collections.uwindsor.ca/chekhov/item/1801,,,https://collections.uwindsor.ca/files/original/5f25b602917104a18a6acf2e742079e4430c8deb.jpg
1,theatre,1767,"Chekhov Theatre Studio, pages 12-13",,https://collections.uwindsor.ca/chekhov/item/1767,,,https://collections.uwindsor.ca/files/original/b3c8c5ca7b83dbad8734b34cb2542d7fc6592d58.jpg
1,theatre,1769,"Chekhov Theatre Studio, pages 14-15",,https://collections.uwindsor.ca/chekhov/item/1769,,,https://collections.uwindsor.ca/files/original/2603db1222c6aeb305d5785b6e256941568f7dc4.jpg
1,theatre,1779,"Chekhov Theatre Studio, pages 20-21",,https://collections.uwindsor.ca/chekhov/item/1779,,,https://collections.uwindsor.ca/files/original/c73e0da05e60db06e0c44f69a1a7b122750dde00.jpg
1,theatre,1781,"Chekhov Theatre Studio, pages 22-23",,https://collections.uwindsor.ca/chekhov/item/1781,,,https://collections.uwindsor.ca/files/original/5c111bb9dc1efdf60a2e40b80af7ac6165efabc7.jpg
1,theatre,1783,"Chekhov Theatre Studio, pages 24-25",,https://collections.uwindsor.ca/chekhov/item/1783,,,https://collections.uwindsor.ca/files/original/0e4c0a3890554531719c196d6ab57b4c9f790611.jpg
1,theatre,1791,"Chekhov Theatre Studio, pages 28-29",,https://collections.uwindsor.ca/chekhov/item/1791,,,https://collections.uwindsor.ca/files/original/f644c2d4680d50b17575b9bd7e3c5983a77c59f8.jpg
1,theatre,1799,"Chekhov Theatre Studio, pages 32-33",,https://collections.uwindsor.ca/chekhov/item/1799,,,https://collections.uwindsor.ca/files/original/d58ca5e0a2164ec9557c8c9ca5ccc38915a6d3b5.jpg
1,theatre,1755,"Chekhov Theatre Studio, pages 4-5",,https://collections.uwindsor.ca/chekhov/item/1755,,,https://collections.uwindsor.ca/files/original/961f197b1487fcf0188a6c6de72c23afe2ef1335.jpg
1,theatre,1757,"Chekhov Theatre Studio, pages 6-7",,https://collections.uwindsor.ca/chekhov/item/1757,,,https://collections.uwindsor.ca/files/original/698e36cd5042759d91c0927f698aad8a78334c41.jpg
1,theatre,1759,"Chekhov Theatre Studio, pages 8-9",,https://collections.uwindsor.ca/chekhov/item/1759,,,https://collections.uwindsor.ca/files/original/1edfc97efd73e5434b703fce44424d310caa7ee0.jpg
1,theatre,1771,"Chekhov Theatre Studio, pates 16-17",,https://collections.uwindsor.ca/chekhov/item/1771,,,https://collections.uwindsor.ca/files/original/5033e0f0cb32b3f7cd94ad4d763b98d80766271a.jpg
1,theatre,1749,"Chekhov Theatre Studio, plate 1 and page 1",,https://collections.uwindsor.ca/chekhov/item/1749,,,https://collections.uwindsor.ca/files/original/2c1bd360d97fe7766de983df8e1d0cab8009caab.jpg
1,theatre,1753,"Chekhov Theatre Studio, plate 2 and page 3",,https://collections.uwindsor.ca/chekhov/item/1753,,,https://collections.uwindsor.ca/files/original/8893735030852e1b35fc676d87a8ee5710fa5964.jpg
1,theatre,1777,"Chekhov Theatre Studio, plate 4 and page 19",,https://collections.uwindsor.ca/chekhov/item/1777,,,https://collections.uwindsor.ca/files/original/a4d6c44480c6e1af5d47d04f6b319387a4937ef5.jpg
1,theatre,2008,"Chekhov Theatre Studio, plate 6",,https://collections.uwindsor.ca/chekhov/item/2008,,Michael Chekhov,https://collections.uwindsor.ca/files/original/d83341aa459587e6581f06319a9769bcf2321a5b.jpg
1,theatre,1797,"Chekhov Theatre Studio, plate 6 and page 31",,https://collections.uwindsor.ca/chekhov/item/1797,,,https://collections.uwindsor.ca/files/original/942471e23df3e2f5fec2d80c3d8506eea91e30ed.jpg
1,theatre,1765,"Chekhov Theatre Studio, showing page 11",,https://collections.uwindsor.ca/chekhov/item/1765,,,https://collections.uwindsor.ca/files/original/303fa0bbc94e610f4b897a366be228a51dbfee2e.jpg
1,theatre,1773,"Chekhov Theatre Studio, showing page 18",,https://collections.uwindsor.ca/chekhov/item/1773,,,https://collections.uwindsor.ca/files/original/6b90abc15a2121fda759cd8d945f30957a8724ae.jpg
1,theatre,1789,"Chekhov Theatre Studio, showing page 27",,https://collections.uwindsor.ca/chekhov/item/1789,,,https://collections.uwindsor.ca/files/original/205fae339fc8383bf46b15ccf52676d2a6455060.jpg
1,theatre,1793,"Chekhov Theatre Studio, showing page 30",,https://collections.uwindsor.ca/chekhov/item/1793,,,https://collections.uwindsor.ca/files/original/0b718dde56458533fe7fbf776c43c9fe1659f011.jpg
1,theatre,1805,"Chekhov Theatre Studio, showing page 35",,https://collections.uwindsor.ca/chekhov/item/1805,,,https://collections.uwindsor.ca/files/original/ee03deaee1e6d6a8e5026d1ebaacb72e73f8f9d3.jpg
1,theatre,1763,"Chekhov Theatre Studio, showing plate 3",,https://collections.uwindsor.ca/chekhov/item/1763,,,https://collections.uwindsor.ca/files/original/a1dfa0a10e2ac5ddbba1ae2ebfecc33434efcf36.jpg
1,theatre,1775,"Chekhov Theatre Studio, showing plate 4",,https://collections.uwindsor.ca/chekhov/item/1775,,,https://collections.uwindsor.ca/files/original/9c4c0cab5005c67dab115c1394778c21cb1625b8.jpg
1,theatre,1787,"Chekhov Theatre Studio, showing plate 5",,https://collections.uwindsor.ca/chekhov/item/1787,,,https://collections.uwindsor.ca/files/original/84f2b245fd26ba7dbdc47961f8a0fe8fc7de1520.jpg
1,theatre,1795,"Chekhov Theatre Studio, showing plate 6 caption",,https://collections.uwindsor.ca/chekhov/item/1795,,,https://collections.uwindsor.ca/files/original/545ab2a9a7fc08fcd6ab176fc3c61d1850addc66.jpg
1,theatre,1803,"Chekhov Theatre Studio, showing plate 7",,https://collections.uwindsor.ca/chekhov/item/1803,,,https://collections.uwindsor.ca/files/original/701a322b97320e37977e43999173046e57720ac3.jpg
1,theatre,1747,"Chekhov Theatre Studio, table of contents verso and plate 1 caption",,https://collections.uwindsor.ca/chekhov/item/1747,,,https://collections.uwindsor.ca/files/original/9e45380af080f94decf960bed868e33b8ece4e5e.jpg
1,theatre,1743,"Chekhov Theatre Studio, title page",,https://collections.uwindsor.ca/chekhov/item/1743,,,https://collections.uwindsor.ca/files/original/0e44c51480c80504c14c9958a1e5fcacf762907f.jpg
1,theatre,1745,"Chekhov Theatre Studio, title page verso and table of contents",,https://collections.uwindsor.ca/chekhov/item/1745,,,https://collections.uwindsor.ca/files/original/26fe693c604c03a284927901791f1bf764ee2291.jpg
1,group,1902,Group at Lake Mamanasco,,https://collections.uwindsor.ca/chekhov/item/1902,,Deirdre Hurst; Sonia Schatz; Xenia Chekhov,https://collections.uwindsor.ca/files/original/5c1cf323f0a209cc32beb33fcb8f3aaac2313b24.jpg
1,group,1904,Group at Lake Mamanasco,,https://collections.uwindsor.ca/chekhov/item/1904,,Baby Michele; Deirdre Hurst; Sonia Schatz; Xenia Chekhov,https://collections.uwindsor.ca/files/original/dcff7872504b9fe48282008499b0071377b123fa.jpg
1,group,1906,Group at Lake Mamanasco,,https://collections.uwindsor.ca/chekhov/item/1906,,Deirdre Hurst; Nonny Gardner; Sonia Schatz; Xenia Chekhov,https://collections.uwindsor.ca/files/original/1cf9e092a38dde864ea5e6b675fc6732d20e71b0.jpg
1,group,1851,Group on steps,,https://collections.uwindsor.ca/chekhov/item/1851,,Andrei Singer; Deirdre Hurst; Ford Rainey; Hurd Hatfield; Lucy Singer; Ludmila Chirikov; Margaret Draper; Mary Lou Taylor; Ronald Bennett,https://collections.uwindsor.ca/files/original/fe7fc8823649e89bb526513df52a5d0f312bf742.jpg
1,group,1908,Group on steps,,https://collections.uwindsor.ca/chekhov/item/1908,,Andrei Singer; George Shdanoff; Joseph Wood; Lucy Singer,https://collections.uwindsor.ca/files/original/78667307f0a68c5e8aeba2c5829518dc2d13c9fa.jpg
1,group,1857,Group photo,,https://collections.uwindsor.ca/chekhov/item/1857,,Alan Harkness; Alice Crowther; Barbara Joyce; Beatrice Straight; Blair Cutting; Carl Jacobs; Daphne Moore; Deyna Krugliak; Eleana Barrie; Erika Kapralik Chambliss; Eugene Somoff; Ford Rainey; George Shdanoff; Hurd Hatfield; James Legendre; John Flynn; Joseph Wood; Katherine Ann Faulder; Margaret Draper; Mary Lou Taylor; Michael Chekhov; Robert Woods; Ronald Bennett; Sam Schatz; Tom Hughes; Woodrow Chambliss; Xenia Chekhov,https://collections.uwindsor.ca/files/original/863a8cd91d42123364e6cb5e48d2079612a4eb3f.jpg
1,group,1859,Group photo,,https://collections.uwindsor.ca/chekhov/item/1859,,Alan Harkness; Alice Crowther; Andrei Singer; Barbara Joyce; Beatrice Straight; Daphne Moore; Erika Kapralik Chambliss; Ford Rainey; Hurd Hatfield; John Flynn; Katherine Ann Faulder; Lucy Singer; Margaret Draper; Mary Lou Taylor; Michael Chekhov; Ronald Bennett; Sam Schatz; Woodrow Chambliss,https://collections.uwindsor.ca/files/original/a3f01cc694b8ca2b3684207b048805509ba69960.jpg
1,group,1946,Group sitting on a wall,,https://collections.uwindsor.ca/chekhov/item/1946,,Alan Harkness; Andrei Singer; Eleana Barrie; Erika Kapralik Chambliss; Hal Sanders; Iris Tree; Lucy Singer; Ludmila Chirikov,https://collections.uwindsor.ca/files/original/b2fc5dc2a22c3935fe41a94cd2482255dd3f2cf7.jpg
1,group,1853,Group with Xenia Chekhov's dogs,,https://collections.uwindsor.ca/chekhov/item/1853,,Assik; Beatrice Straight; Eleana Barrie; Hurd Hatfield; Iris Tree; Margaret Draper; Mary Lou Taylor; Robert Woods,https://collections.uwindsor.ca/files/original/cb7e27e08710de5493bc5ad55698c3b692da856f.jpg
1,group,1900,Group with Xenia Chekhov's dogs,,https://collections.uwindsor.ca/chekhov/item/1900,,Assik; Eleana Barrie; Mary Lou Taylor; Xenia Chekhov,https://collections.uwindsor.ca/files/original/749a68682677639e0a9925e9040e31d60c3b7b60.jpg
1,theatre,571,Lecture flyer: Michael Chekhov -- The actor and the theatre of tomorrow,,https://collections.uwindsor.ca/chekhov/item/571,"Sayler, Oliver M., 1887-1958",Sayler; theatre of the future,https://collections.uwindsor.ca/files/original/b0addbf58259bf1b37e458ffb675d1a80ccdef55.pdf
1,theatre,569,"Michael Chekhov biography, incomplete, no page number",,https://collections.uwindsor.ca/chekhov/item/569,"Chekhov, Anton Pavlovich, 1860-1904; Stanislavsky, Konstantin, 1863-1938; Moscow Art Theatre; Sulerzhit︠s︡kiĭ, L. A. (Leopolʹd Antonovich), 1872-1916; Boleslavsky, Richard, 1889-1937; Vakhtangov, Evgenii, 1883-1922",Anton Chekhov; Boleslavsky; Moscow Art Theatre; Stanislavsky; Vakhtangov,https://collections.uwindsor.ca/files/original/4b55a1746f63011a02d70297b000aae75ddc420a.pdf
1,group,2002,Paula Morel,,https://collections.uwindsor.ca/chekhov/item/2002,,Paula Morel,https://collections.uwindsor.ca/files/original/6bce23da323c6f4cdc88b1d2f024761d2dbfc24d.jpg
1,theatre,568,Preface,,https://collections.uwindsor.ca/chekhov/item/568,"Moscow Art Theatre; Meyerhold, Vsevolod, 1874-1940; Stanislavsky, Konstantin, 1863-1938. My life in art",Meyerhold; Moscow Art Theatre; Stanislavsky; Strasberg,https://collections.uwindsor.ca/files/original/db84d81d3b56023ad3752a9eebcb4747a8adc19a.pdf
1,form,581,"May 1, 1936: Lessons to teachers: Lesson VI",01-May-36,https://collections.uwindsor.ca/chekhov/item/581,"Goethe, Johann Wolfgang von, 1749-1832",concentration; exercises; feeling of form; imagination; movement; pedagogy; speech,https://collections.uwindsor.ca/files/original/7b86c4b63e6d11a54aa9c5f5d2396db31274a40f.pdf
1,rhythm,591,"June 2, 1936: Lessons to teachers: Lesson XVI",02-Jun-36,https://collections.uwindsor.ca/chekhov/item/591,,Beatrice Straight; Deirdre Hurst; Gielgud; pedagogy; rhythm,https://collections.uwindsor.ca/files/original/812d675e54a88b56c34334fbd8de32ea46a30616.pdf
1,atmosphere,612,"November 2, 1936",02-Nov-36,https://collections.uwindsor.ca/chekhov/item/612,"Rainis, Jānis, 1865-1929. The Golden steed; Molière, 1622-1673. Le Bourgeois gentilhomme; Schnitzler, Arthur, 1862-1931. The Green cockatoo",atmosphere; Bourgeois Gentilhomme; exercises; Golden Steed; Green Cockatoo; Molière; Rainis; Schnitzler,https://collections.uwindsor.ca/files/original/844b5687f8400b1c116f0197f7f0a88a9e04a376.pdf
1,atmosphere,613,"November 2, 1936",02-Nov-36,https://collections.uwindsor.ca/chekhov/item/613,,atmosphere; movement; speech,https://collections.uwindsor.ca/files/original/db0e25ba2cfe9cc99a2de7e9a7032409de21a861.pdf
1,theatre,547,The Actor's Problem: Preface to the Memoirs of M. A. Chekhov,04-Nov-27,https://collections.uwindsor.ca/chekhov/item/547,"Moscow Art Theatre; Dostoyevsky, Fyodor, 1821-1881; Vakhtangov, Evgenii, 1883-1922",Blok; Dostoyevsky; Moscow Art Theatre; Novitsky; Vakhtangov,https://collections.uwindsor.ca/files/original/6ee6b8a22b8b6a3df1a18266cc1947b0d60b2577.pdf
1,theatre,594,"October 5, 1936: Opening Day -- Chekhov Theatre Studio",05-Oct-36,https://collections.uwindsor.ca/chekhov/item/594,,concentration; exercises,https://collections.uwindsor.ca/files/original/e3e46b981d41a5642ca0a71044f4be1f252922fb.pdf
1,atmosphere,593,"June 8, 1936: Lessons to teachers: Lesson XVIII",08-Jun-36,https://collections.uwindsor.ca/chekhov/item/593,"Goethe, Johann Wolfgang von, 1749-1832; Steiner, Rudolf, 1861-1925",atmosphere; color; Goethe; pedagogy; Steiner,https://collections.uwindsor.ca/files/original/e86d869e3781213ecccaa3fee2657537dc261a98.pdf
1,rhythm,618,"November 8, 1936",08-Nov-36,https://collections.uwindsor.ca/chekhov/item/618,"Rainis, Jānis, 1865-1929. The Golden steed; Shakespeare, William, 1564-1616. King Lear; Stanislavsky, Konstantin, 1863-1938",gesture; Golden Steed; King Lear; Rainis; rhythm; Shakespeare; speech; Stanislavsky; work,https://collections.uwindsor.ca/files/original/706afbbf9c4209789b8313b088c6648f73816097.pdf
1,audience,598,"October 10, 1936: Demonstration lecture for audience",10-Oct-36,https://collections.uwindsor.ca/chekhov/item/598,,exercises,https://collections.uwindsor.ca/files/original/77c3ed8c52b35c2b416ba02461a75c25836a7856.pdf
1,composition,553,"March 16, 1935: Three lessons given to Beatrice Straight and Deirdre Hurst: First Lesson",16-Mar-35,https://collections.uwindsor.ca/chekhov/item/553,,Beatrice Straight; center; composition; concentration; Deirdre Hurst; imagination; movement; scenic time; voice,https://collections.uwindsor.ca/files/original/f3e3f4a8063d37448ed8a47f772057928f5bbf42.pdf
1,atmosphere,603,"October 16, 1936",16-Oct-36,https://collections.uwindsor.ca/chekhov/item/603,,atmosphere,https://collections.uwindsor.ca/files/original/5a0ee195fb3b6a9b6aa95fa9d211c81411bafee7.pdf
1,theatre,546,"""The First Studio Grows Up."" Inside the Moscow Art Theatre. (New York, Brentano's, Inc., 1925), pp. 162-172",1925,https://collections.uwindsor.ca/chekhov/item/546,"Moscow Art Theatre; Dickens, Charles, 1812-1870. Cricket on the hearth; Nemirovich-Danchenko, Vasiliĭ Ivanovich, 1848-1936; Sayler, Oliver M., 1887-1958",Cricket on the Hearth; Dickens; Moscow Art Theatre; Nemirovich-Danchenko; Sayler,https://collections.uwindsor.ca/files/original/f8588b4d4f1d6f60d07610f0ce8dc88d8517f9d1.pdf
1,theatre,557,The path of the actor,1926; translation 1936,https://collections.uwindsor.ca/chekhov/item/557,"Chekhov, Michael, 1891-1955. The Path of the actor",Chekhov Theatre Studio; Dartington Hall,https://collections.uwindsor.ca/files/original/eec6697c1345c044f57e8672c66f0b3bb34b3485.pdf
1,theatre,556,Chekhov Theatre Studio,1936,https://collections.uwindsor.ca/chekhov/item/556,,Chekhov Theatre Studio; Dartington Hall,https://collections.uwindsor.ca/files/original/d6d5a6376b47b491ade982d4fb4ba849e913d3ba.pdf
1,theatre,558,The theatre of the future,1936,https://collections.uwindsor.ca/chekhov/item/558,,anticipation; imagination; incorporation; inspiration; preparation; theatre of the future,https://collections.uwindsor.ca/files/original/aaf14603c5c621a5d40a63735d020981cc99921c.pdf
1,atmosphere,561,Chart of exploration given by Michael Chekhov as a guide for using his method,1937,https://collections.uwindsor.ca/chekhov/item/561,,atmosphere; characterization; imagination; incorporation; movement; psychological gesture; radiating,https://collections.uwindsor.ca/files/original/135a2bd8c25a88794ee585653beeb1aa46cbe336.pdf
1,audience,562,Suggestions for article by M. Chekhov,1940-41,https://collections.uwindsor.ca/chekhov/item/562,,audience; performance,https://collections.uwindsor.ca/files/original/883f432d84a9dd92cfac54a52ae76bdd272b1c35.pdf
1,director,564,King Lear and its appeal to the director,1941,https://collections.uwindsor.ca/chekhov/item/564,"Shakespeare, William, 1564-1616. King Lear",King Lear; Shakespeare; tragedy,https://collections.uwindsor.ca/files/original/799073635b23c4857d9c8f3ed68a4296e5215aa2.pdf
1,theatre,574,The actor is the theatre (title page and introduction),1977,https://collections.uwindsor.ca/chekhov/item/574,"Tree, Iris, 1897-1968. Troublemaker-Doublemaker; Chekhov, Michael, 1891-1955. To the actor, on the technique of acting",Hurd Hatfield; Iris Tree; Moscow Art Theatre; Stanislavsky; Vakhtangov,https://collections.uwindsor.ca/files/original/8bc56f45513c28ae1ce6adc875dad55ec705c2da.pdf
1,atmosphere,604,"October 20, 1936",20-Oct-36,https://collections.uwindsor.ca/chekhov/item/604,,atmosphere; exercises,https://collections.uwindsor.ca/files/original/5c7428ba250a0c25cbd23522c93509eaff47cd3e.pdf
1,tempo,555,"March 22, 1935: Three lessons given to Beatrice Straight and Deirdre Hurst: Third lesson",22-Mar-35,https://collections.uwindsor.ca/chekhov/item/555,,Beatrice Straight; concentration; Deirdre Hurst; imagination; movement; tempo; will,https://collections.uwindsor.ca/files/original/cc746a53429e8efaddd58af7d45765417bab4008.pdf
1,atmosphere,607,"October 23, 1936",23-Oct-36,https://collections.uwindsor.ca/chekhov/item/607,"Shakespeare, William, 1564-1616. Hamlet",atmosphere; Hamlet; imagination; Shakespeare,https://collections.uwindsor.ca/files/original/c9791868df81f511b84d7fcc2b943e499cf17702.pdf
1,atmosphere,609,"October 27, 1936",27-Oct-36,https://collections.uwindsor.ca/chekhov/item/609,"Schnitzler, Arthur, 1862-1931. The Green cockatoo; Shakespeare, William, 1564-1616. Hamlet; Goethe, Johann Wolfgang von, 1749-1832. Faust; Rainis, Jānis, 1865-1929. The Golden steed",atmosphere; exercises; Faust; Goethe; Golden Steed; Green Cockatoo; Hamlet; Paul Rogers; Rainis; Schnitzler; Shakespeare,https://collections.uwindsor.ca/files/original/ad878a92a2466c692c2bfb52524c82a2c8ebf1a5.pdf
1,atmosphere,610,"October 28, 1936",28-Oct-36,https://collections.uwindsor.ca/chekhov/item/610,"Rainis, Jānis, 1865-1929. The Golden steed; Schnitzler, Arthur, 1862-1931. The Green cockatoo",atmosphere; contact; Eleanor Paison; exercises; Golden Steed; Green Cockatoo; Rainis; Schnitzler,https://collections.uwindsor.ca/files/original/199ec3e15214c51cc97d77bd2d51f3837439b158.pdf
1,theatre,611,"October 30, 1936",30-Oct-36,https://collections.uwindsor.ca/chekhov/item/611,"Rainis, Jānis, 1865-1929. The Golden steed; Schnitzler, Arthur, 1862-1931. The Green cockatoo",Deirdre Hurst; Dorothy Elmhirst; Golden Steed; Green Cockatoo; Rainis; Schnitzler; theatre of the future,https://collections.uwindsor.ca/files/original/0b1b3b87fdc0bd1575c4e78a1bdae8cfdfc939f9.pdf
1,theatre,1088,"April 16, 1942: Lecture at Hunter College, New York: The actor in the theatre of today","April 16, 1942",https://collections.uwindsor.ca/chekhov/item/1088,"Shakespeare, William, 1564-1616. Macbeth; Saroyan, William, 1908-1981; Hitler, Adolf, 1889-1945; Dickens, Charles, 1812-1870. Cricket on the hearth",characterization; Cricket on the Hearth; Dickens; Hitler; image; imagination; Macbeth; method [Chekhov]; radiating; Saroyan; Shakespeare,https://collections.uwindsor.ca/files/original/fecda8beee8d766d56d2d8fbb30abe7d7a26ce0d.pdf
1,style,984,"August 16, 1939","August 16, 1939",https://collections.uwindsor.ca/chekhov/item/984,"Dickens, Charles, 1812-1870. Pickwick papers; Chekhov, Anton Pavlovich, 1860-1904. The Seagull",Anton Chekhov; characterization; comedy; Dickens; feeling of truth; method [Chekhov]; Pickwick Papers; psychology; Seagull; style,https://collections.uwindsor.ca/files/original/dab8c7d1d56f894d19e2d4eb89b9dad899f50499.pdf
1,rhythm,988,"August 21, 1939","August 21, 1939",https://collections.uwindsor.ca/chekhov/item/988,"Dickens, Charles, 1812-1870. Pickwick papers; Shakespeare, William, 1564-1616. King Lear",Dickens; feeling of the whole; King Lear; Pickwick Papers; psychological gesture; rhythm; setting; Shakespeare,https://collections.uwindsor.ca/files/original/7d6f4147bcfcc688cc4926e73c756f7d76530a41.pdf
1,theatre,990,"August 30, 1939","August 30, 1939",https://collections.uwindsor.ca/chekhov/item/990,"Stanislavsky, Konstantin, 1863-1938; Hitler, Adolf, 1889-1945; Chamberlain, Neville, 1869-1940; Brothers Grimm",Brothers Grimm; Chamberlain; fairy tale; Hitler; imagination; method [Chekhov]; method [Stanislavsky]; Stanislavsky; theatre of the future,https://collections.uwindsor.ca/files/original/f46a0f003f34d9fd982c40c33c57a1e86aaf5606.pdf
1,theatre,992,"August, 1939: Discussion between Michael Chekhov and Dorothy Elmhirst: ""What is the role of the theatre in life?""","August, 1939",https://collections.uwindsor.ca/chekhov/item/992,"Hitler, Adolf, 1889-1945; Steiner, Rudolf, 1861-1925; Chaliapin, Fyodor Ivanovich, 1873-1938",Chaliapin; Dorothy Elmhirst; Hitler; method [Chekhov]; Steiner,https://collections.uwindsor.ca/files/original/dd7af6d26388cd1f36574c9ea8dbc5a6e48973f7.pdf
1,rhythm,644,"December 10, 1936","December 10, 1936",https://collections.uwindsor.ca/chekhov/item/644,"Rainis, Jānis, 1865-1929. The Golden steed; Wagner, Richard, 1813-1883. Parsifal",Golden Steed; Parsifal; Rainis; rhythm; Wagner,https://collections.uwindsor.ca/files/original/48f008bc53d13f5d3118f5efa55cad4938f2d796.pdf
1,theatre,645,"December 10, 1936: Exploring our world of the theatre: The appointment of Beatrice Straight and Alan Harkness to the staff","December 10, 1936",https://collections.uwindsor.ca/chekhov/item/645,"Steiner, Rudolf, 1861-1925; Jaques-Dalcroze, Émile, 1865-1950",Alan Harkness; Beatrice Straight; Jaques-Dalcroze; Steiner,https://collections.uwindsor.ca/files/original/1b67902eae41af9bd81eade70ceabdaacab6dce5.pdf
1,style,1018,"December 10, 1939","December 10, 1939",https://collections.uwindsor.ca/chekhov/item/1018,"Dickens, Charles, 1812-1870. Cricket on the hearth; Dickens, Charles, 1812-1870. Christmas carol; Dickens, Charles, 1812-1870. Chimes",Chimes; Christmas Carol; Cricket on the Hearth; Dickens; improvisation; radiating; style; technique; transitions,https://collections.uwindsor.ca/files/original/bf73b864717261f44ebedf8c687563ab3ecdbcc1.pdf
1,theatre,1068,"December 11, 1941: The future of the Chekhov Theatre Studio","December 11, 1941",https://collections.uwindsor.ca/chekhov/item/1068,"Shakespeare, William, 1564-1616",Shakespeare; theatre of the future,https://collections.uwindsor.ca/files/original/b2fe0536f84601ce8d459cc985429e2f45805610.pdf
1,play,647,"December 12, 1936","December 12, 1936",https://collections.uwindsor.ca/chekhov/item/647,"Rainis, Jānis, 1865-1929. The Golden steed",feeling of the whole; feeling of truth; flying over the play; Golden Steed; radiating; Rainis,https://collections.uwindsor.ca/files/original/afee452e619b62a64ca17ce27829b2cd9e221584.pdf
1,tempo,1080,"December 12, 1941: Michael Chekhov's eleventh class for professional actors: Psychological gesture","December 12, 1941",https://collections.uwindsor.ca/chekhov/item/1080,"Shakespeare, William, 1564-1616. Hamlet",Hamlet; movement; psychological gesture; Shakespeare; tempo,https://collections.uwindsor.ca/files/original/fb0dcca0ac38df5bd944f999e94c397ecf757be4.pdf
1,objective,799,"December 14, 1937","December 14, 1937",https://collections.uwindsor.ca/chekhov/item/799,"Molière, 1622-1673. Le Bourgeois gentilhomme; Oppenheim, Hans; Tobey, Mark; Menuhin, Yehudi, 1916-1999",body; Bourgeois Gentilhomme; exercises; feeling of ease; improvisation; Menuhin; method [Chekhov]; Molière; objective; Oppenheim; Tobey,https://collections.uwindsor.ca/files/original/75d3f1df239b051e5ca8534bcea5d8e88a44c762.pdf
1,director,649,"December 15, 1936","December 15, 1936",https://collections.uwindsor.ca/chekhov/item/649,"Rainis, Jānis, 1865-1929. The Golden steed",director; feeling of truth; Golden Steed; improvisation; Rainis,https://collections.uwindsor.ca/files/original/ae3dc51031afaa2f526c279db21d7e3ad67948ff.pdf
1,atmosphere,650,"December 16, 1936","December 16, 1936",https://collections.uwindsor.ca/chekhov/item/650,"Rainis, Jānis, 1865-1929. The Golden steed",atmosphere; Golden Steed; Rainis,https://collections.uwindsor.ca/files/original/aee8e657266959d1476bc85e20ed168eb26ff2e8.pdf
1,ensemble,801,"December 16, 1937 (afternoon)","December 16, 1937",https://collections.uwindsor.ca/chekhov/item/801,,contact; ensemble feeling; exercises; Gretel Schreiber; intellect; the pause,https://collections.uwindsor.ca/files/original/98c72871d55e14d84fa27db586e9ce62f8a7cdda.pdf
1,rhythm,1083,"December 29, 1941: Michael Chekhov's fourteenth class for professional actors: Continuous acting","December 29, 1941",https://collections.uwindsor.ca/chekhov/item/1083,"Shaw, Bernard, 1856-1950; Shakespeare, William, 1564-1616. Othello; Stanislavsky, Konstantin, 1863-1938; Schopenhauer, Arthur, 1788-1860",archetype; cliché; creativity; exercises; improvisation; Othello; Peter Frye; psychology; rhythm; Schopenhauer; Shakespeare; Shaw; Stanislavsky; transitions,https://collections.uwindsor.ca/files/original/7594e836cb38d354f43b64f72f19ad3492a03c3b.pdf
1,theatre,638,"December 3, 1936: The Theatre as a Building: Second Lecture Given by Miss Georgette Boner","December 3, 1936",https://collections.uwindsor.ca/chekhov/item/638,"Rainis, Jānis, 1865-1929. The Golden steed",Alan Harkness; Eleanor Paison; Georgette Boner; Golden Steed; John Schoepperle; Rainis,https://collections.uwindsor.ca/files/original/ab0742acb7de4529ff92f6124829ba282e56f6b8.pdf
1,style,793,"December 6, 1937","December 6, 1937",https://collections.uwindsor.ca/chekhov/item/793,,imagination; improvisation; method [Chekhov]; style,https://collections.uwindsor.ca/files/original/01fac26f77325c5ac40c0c4d720270e87822e33f.pdf
1,theatre,641,"December 7, 1936: Miss Boner's lecture, ""The Theatre as A  Buillding,"" continued","December 7, 1936",https://collections.uwindsor.ca/chekhov/item/641,"Rainis, Jānis, 1865-1929. The Golden steed; Stanislavsky, Konstantin, 1863-1938",characterization; exercises; feeling of truth; Georgette Boner; Golden Steed; Rainis; Stanislavsky,https://collections.uwindsor.ca/files/original/bde8a45762c191be0e05c3cb13321aab5e500f77.pdf
1,objective,795,"December 8, 1937","December 8, 1937",https://collections.uwindsor.ca/chekhov/item/795,"Shakespeare, William, 1564-1616. Hamlet; Dostoyevsky, Fyodor, 1821-1881",Dostoyevsky; Hamlet; objective; Shakespeare; speech,https://collections.uwindsor.ca/files/original/346d2aab8b3537d67527ce2b9439e2c88adfbb16.pdf
1,tempo,1017,"December 8, 1939","December 8, 1939",https://collections.uwindsor.ca/chekhov/item/1017,"Shakespeare, William, 1564-1616. Hamlet; Shakespeare, William, 1564-1616. Romeo and Juliet; Gillette, William, 1853-1937. Sherlock Holmes; Shakespeare, William, 1564-1616. King Lear; Chaliapin, Fyodor Ivanovich, 1873-1938; Stanislavsky, Konstantin, 1863-1938",Chaliapin; exercises; Gillette; Hamlet; imagination; King Lear; Romeo and Juliet; Shakespeare; Sherlock Holmes; Stanislavsky; tempo; transitions,https://collections.uwindsor.ca/files/original/c600d2b933a230dc99b75e12e0a2bc56885e4f62.pdf
1,scene,1079,"December 8, 1941: Michael Chekhov's tenth class for professional actors: Criticism of scene by Peter Frye","December 8, 1941",https://collections.uwindsor.ca/chekhov/item/1079,"Chaliapin, Fyodor Ivanovich, 1873-1938; Molnár, Ferenc, 1878-1952. Liliom; Cervantes Saavedra, Miguel de, 1547-1616. Don Quixote; Shakespeare, William, 1564-1616. Romeo and Juliet; Goethe, Johann Wolfgang von, 1749-1832. Faust; Steiner, Rudolf, 1861-1925",Cervantes; Chaliapin; Don Quixote; exercises; Faust; Goethe; Liliom; method [Chekhov]; Molnár; Peter Frye; psychological gesture; radiating; Romeo and Juliet; Shakespeare; significance; Steiner,https://collections.uwindsor.ca/files/original/e38e6444d4f667436d8450dc2f0cbad5b34f6afb.pdf
1,style,815,"February 1, 1938 (afternoon)","February 1, 1938",https://collections.uwindsor.ca/chekhov/item/815,"Young, Henry Lyon. Spanish evening",Henry Lyon Young; imagination; improvisation; Spanish Evening; style; Woodrow Chambliss,https://collections.uwindsor.ca/files/original/1e39fc23492a00fca32d6888f76f2727f7ee8243.pdf
1,atmosphere,1027,"February 1, 1940","February 1, 1940",https://collections.uwindsor.ca/chekhov/item/1027,"Shakespeare, William, 1564-1616. Twelfth night",atmosphere; characterization; Shakespeare; Twelfth Night,https://collections.uwindsor.ca/files/original/4a3c621cb86f04b8d718b4357d97e1c341b4aef3.pdf
1,theatre,825,"February 11, 1938","February 11, 1938",https://collections.uwindsor.ca/chekhov/item/825,"Moscow Art Theatre; Stanislavsky, Konstantin, 1863-1938; Nemirovich-Danchenko, Vasiliĭ Ivanovich, 1848-1936; Shdanoff, George, 1905-1998. The Possessed; Chekhov, Anton Pavlovich, 1860-1904",Anton Chekhov; archetype; center; contact; Deirdre Hurst; exercises; Gavin; George Shdanoff; John Schoepperle; Moscow Art Theatre; Nemirovich-Danchenko; Patrick Harvey; Possessed; Stanislavsky; Terence Morgan,https://collections.uwindsor.ca/files/original/767a42ea6d214084df8dc278527a567cc84c9c60.pdf
1,form,829,"February 15, 1938 (afternoon)","February 15, 1938",https://collections.uwindsor.ca/chekhov/item/829,"Shdanoff, George, 1905-1998. The Possessed",characterization; form; George Shdanoff; Possessed; psychology,https://collections.uwindsor.ca/files/original/0d4b5f3c9da0008b3700cb15b96f40d1213144be.pdf
1,objective,939,"February 15, 1939","February 15, 1939",https://collections.uwindsor.ca/chekhov/item/939,"Stanislavsky, Konstantin, 1863-1938; Cervantes Saavedra, Miguel de, 1547-1616. Don Quixote",Cervantes; Don Quixote; feeling of truth; humor; justification; objective; Stanislavsky; will,https://collections.uwindsor.ca/files/original/908af576a51c5f608f40f49141fd6b41504caabb.pdf
1,rhythm,830,"February 17, 1938","February 17, 1938",https://collections.uwindsor.ca/chekhov/item/830,"Shdanoff, George, 1905-1998. The Possessed; Steiner, Rudolf, 1861-1925",George Shdanoff; Possessed; psychological gesture; rhythm; Steiner,https://collections.uwindsor.ca/files/original/bad86e955a69a0aacceb630255af2e6115e12452.pdf
1,rhythm,1060,"February 17, 1941","February 17, 1941",https://collections.uwindsor.ca/chekhov/item/1060,"Shakespeare, William, 1564-1616. King Lear; Goethe, Johann Wolfgang von, 1749-1832",archetype; exercises; Goethe; King Lear; movement; rhythm; Shakespeare; speech; transitions,https://collections.uwindsor.ca/files/original/5a1a27b91b4c1b6286014c7db247496f62ccbaf1.pdf
1,style,831,"February 18, 1938","February 18, 1938",https://collections.uwindsor.ca/chekhov/item/831,"Shakespeare, William, 1564-1616. Othello; Shdanoff, George, 1905-1998. The Possessed",fairy tale; George Shdanoff; imagination; Othello; Possessed; psychological gesture; Shakespeare; space; style,https://collections.uwindsor.ca/files/original/d1b89c233a81d29bf2af65705c03418762fbba60.pdf
1,form,1028,"February 2, 1940","February 2, 1940",https://collections.uwindsor.ca/chekhov/item/1028,"Shakespeare, William, 1564-1616. King Richard III; Chekhov, Anton Pavlovich, 1860-1904. Three sisters; Sheridan, Richard Brinsley, 1751-1816. Rivals",Carl Jacobs; Deyna Krugliak; feeling of form; Helen; Margaret Draper; method [Chekhov]; presence,https://collections.uwindsor.ca/files/original/bc872f9cf7efd344660f7f0a46b9af167e2f9c76.pdf
1,rhythm,832,"February 21, 1938","February 21, 1938",https://collections.uwindsor.ca/chekhov/item/832,"Steiner, Rudolf, 1861-1925; Goethe, Johann Wolfgang von, 1749-1832; Steffen, Albert, 1884-1963; Shdanoff, George, 1905-1998. The Possessed",archetype; contact; fairy tale; George Shdanoff; Goethe; movement; Possessed; psychological gesture; psychology; rhythm; Steffen; Steiner,https://collections.uwindsor.ca/files/original/4b8060d6e50e827af242313313bd4d6ad707c832.pdf
1,objective,835,"February 22, 1938","February 22, 1938",https://collections.uwindsor.ca/chekhov/item/835,"Shdanoff, George, 1905-1998. The Possessed",George Shdanoff; objective; Possessed,https://collections.uwindsor.ca/files/original/511f31dfdf169f80e90342fdbe56f0a00f941be9.pdf
1,style,1036,"February 23, 1940","February 23, 1940",https://collections.uwindsor.ca/chekhov/item/1036,"Shakespeare, William, 1564-1616. Twelfth night",Shakespeare; style; Twelfth Night,https://collections.uwindsor.ca/files/original/0e8be425fa210c0a4ab818ac36e722352dec3474.pdf
1,director,672,"February 25, 1937: Performance of Sketches","February 25, 1937",https://collections.uwindsor.ca/chekhov/item/672,,director,https://collections.uwindsor.ca/files/original/30a40bb2b6f3d5ba98b7ded44367c274f563a654.pdf
1,rhythm,837,"February 25, 1938","February 25, 1938",https://collections.uwindsor.ca/chekhov/item/837,"Shakespeare, William, 1564-1616. King Lear; Tolstoy, Leo, 1828-1910",Eleanor Paison; feeling of the whole; King Lear; Leo Tolstoy; rhythm; Shakespeare; transitions,https://collections.uwindsor.ca/files/original/fea15c939be1bd99d817c7738fb3594c323949bc.pdf
1,atmosphere,1038,"February 29, 1940","February 29, 1940",https://collections.uwindsor.ca/chekhov/item/1038,,archetype; atmosphere; creativity; method [Chekhov]; psychological gesture,https://collections.uwindsor.ca/files/original/291d4cdd9cf12aea33008eac477c9545fa095a04.pdf
1,style,818,"February 3, 1938 (afternoon)","February 3, 1938",https://collections.uwindsor.ca/chekhov/item/818,"Shdanoff, George, 1905-1998. The Possessed; Shakespeare, William, 1564-1616. Hamlet; Shakespeare, William, 1564-1616. Merchant of Venice; Shakespeare, William, 1564-1616. Othello; Stanislavsky, Konstantin, 1863-1938. Actor prepares",Actor Prepares; Alan Harkness; Anna de Goguel; Catherine Gabrielson; Daphne Moore; Deirdre Hurst; exercises; fairy tale; fire; Gavin; George Shdanoff; Hamlet; Hurd Hatfield; Mary Lou Taylor; Merchant of Venice; method [Chekhov]; Othello; Paula Morel; Possessed; Sam Schatz; Shakespeare; speech; Stanislavsky; style; Valerie; Woodrow Chambliss,https://collections.uwindsor.ca/files/original/e8c36288679654f95f2cade6fac2e9acfa5640ba.pdf
1,style,1031,"February 7, 1940","February 7, 1940",https://collections.uwindsor.ca/chekhov/item/1031,"Tree, Iris, 1897-1968. Troublemaker-Doublemaker; Chekhov, Michael, 1891-1955. The Mother",Blair Cutting; characterization; comedy; Deirdre Hurst; fairy tale; Hurd Hatfield; Iris Tree; Katherine Ann Faulder; Lonnie; Mary Lou Taylor; Ronald Bennett; style; Troublemaker-Doublemaker; Woodrow Chambliss,https://collections.uwindsor.ca/files/original/cbe6760b8889dd7c5a2f06fdd20f428f55754cf8.pdf
1,atmosphere,1032,"February 7, 1940 (afternoon)","February 7, 1940",https://collections.uwindsor.ca/chekhov/item/1032,"Shakespeare, William, 1564-1616. Twelfth night; Dickens, Charles, 1812-1870. Cricket on the hearth",atmosphere; Cricket on the Hearth; Dickens; psychology; Shakespeare; Twelfth Night,https://collections.uwindsor.ca/files/original/a61bd84ab57f3b325875a5b95b2abcb6f1af4de9.pdf
1,action,1059,"February 7, 1941","February 7, 1941",https://collections.uwindsor.ca/chekhov/item/1059,"Shakespeare, William, 1564-1616. Hamlet",action; exercises; feeling of the whole; Hamlet; preparation; Shakespeare; sustaining,https://collections.uwindsor.ca/files/original/1bfdd7afc3521a04f6d22e5c306cebd91a06926c.pdf
1,style,1033,"February 8, 1940","February 8, 1940",https://collections.uwindsor.ca/chekhov/item/1033,"Shakespeare, William, 1564-1616. Twelfth night; Dickens, Charles, 1812-1870. Cricket on the hearth; Chekhov, Michael, 1891-1955. The Mother",costume; Cricket on the Hearth; Dickens; Michael Chekhov; setting; Shakespeare; style; The Mother; Twelfth Night,https://collections.uwindsor.ca/files/original/5f144536cff8602a93cff7fef028a42f01048c71.pdf
1,objective,937,"February 9, 1939","February 9, 1939",https://collections.uwindsor.ca/chekhov/item/937,"Stanislavsky, Konstantin, 1863-1938",exercises; method [Chekhov]; objective; Stanislavsky; will,https://collections.uwindsor.ca/files/original/08478b34e7e55de40f24988fa6932ec50c0ac422.pdf
1,theatre,803,"January 16, 1938 (afternoon)","January 16, 1938",https://collections.uwindsor.ca/chekhov/item/803,"Shaw, Bernard, 1856-1950. St. Joan; Shakespeare, William, 1564-1616. Merchant of Venice; Shakespeare, William, 1564-1616. Romeo and Juliet; Shakespeare, William, 1564-1616. Othello; Michelangelo Buonarroti, 1475-1564; Ibsen, Henrik, 1828-1906. Brand",Beatrice Straight; Brand; Deirdre Hurst; exercises; humor; Ibsen; inspiration; Merchant of Venice; Michelangelo; Othello; Romeo and Juliet; Shakespeare; Shaw; St. Joan; Terence Morgan; theatre of the future,https://collections.uwindsor.ca/files/original/8656b022f38cc6535e3bea1f1caf5f6b413a2809.pdf
1,style,927,"January 17, 1939","January 17, 1939",https://collections.uwindsor.ca/chekhov/item/927,"Shdanoff, George, 1905-1998. The Possessed; Young, Henry Lyon. Spanish evening",George Shdanoff; Henry Lyon Young; imagination; movement; Possessed; Spanish Evening; style,https://collections.uwindsor.ca/files/original/2b10eaaf79f48e2b83b3e7b9eac9c43421bc1344.pdf
1,scene,654,"January 18, 1937","January 18, 1937",https://collections.uwindsor.ca/chekhov/item/654,"Słowacki, Juliusz, 1809-1849. Balladina; Ibsen, Henrik, 1828-1906. Peer Gynt; Cervantes Saavedra, Miguel de, 1547-1616. Don Quixote; Shakespeare, William, 1564-1616. King Lear; The fairy tale / Two kings (scene); Clowns (scene)",Balladina; Cervantes; clown; Don Quixote; fairy tale; Ibsen; King Lear; Peer Gynt; Shakespeare; Słowacki,https://collections.uwindsor.ca/files/original/cd1b93f5706028be7e07cc35d8c55e75503b6554.pdf
1,director,657,"January 20, 1937","January 20, 1937",https://collections.uwindsor.ca/chekhov/item/657,"Słowacki, Juliusz, 1809-1849. Balladina",Balladina; director; psychological gesture; Słowacki,https://collections.uwindsor.ca/files/original/1044a181ba177ca1449f67799dc2f549d8df6354.pdf
1,form,805,"January 20, 1938","January 20, 1938",https://collections.uwindsor.ca/chekhov/item/805,"Shakespeare, William, 1564-1616. King Lear",activity; exercises; feeling of beauty; feeling of ease; feeling of form; King Lear; Shakespeare; significance,https://collections.uwindsor.ca/files/original/31a0516225beb717f19d245290c63c44a54af95d.pdf
1,style,808,"January 24, 1938 (afternoon)","January 24, 1938",https://collections.uwindsor.ca/chekhov/item/808,"Young, Henry Lyon. Spanish evening",characterization; commedia dell'arte; Deirdre Hurst; Dorothy Elmhirst; Henry Lyon Young; Spanish Evening; style,https://collections.uwindsor.ca/files/original/e48669d05a8bb7d4d63aa17db04f4ba0959e7636.pdf
1,style,812,"January 27, 1938 (afternoon)","January 27, 1938",https://collections.uwindsor.ca/chekhov/item/812,"Shdanoff, George, 1905-1998. The Possessed; Chekhov, Anton Pavlovich, 1860-1904; Ibsen, Henrik, 1828-1906",Anton Chekhov; George Shdanoff; Ibsen; Possessed; psychological gesture; style,https://collections.uwindsor.ca/files/original/3c5bc6f2019ae3647e86186bb329b6b2507db3da.pdf
1,objective,1024,"January 29, 1940","January 29, 1940",https://collections.uwindsor.ca/chekhov/item/1024,"Shakespeare, William, 1564-1616. Hamlet; Shakespeare, William, 1564-1616. King Lear",archetype; concentration; exercises; Hamlet; King Lear; method [Chekhov]; objective; psychology; Shakespeare,https://collections.uwindsor.ca/files/original/0f3f8c3ba73e3cb7146e1bd3d461e6bb7bfc73a5.pdf
1,scene,814,"January 31, 1938 (afternoon)","January 31, 1938",https://collections.uwindsor.ca/chekhov/item/814,"Shakespeare, William, 1564-1616. Othello; Shakespeare, William, 1564-1616. Romeo and Juliet; Shakespeare, William, 1564-1616. Merchant of Venice; Shdanoff, George, 1905-1998. The Possessed; Young, Henry Lyon. Spanish evening; The fairy tale / Two kings (scene); Shaw, Bernard, 1856-1950. St. Joan",Alan Harkness; Alice Crowther; Beatrice Straight; commedia dell'arte; Dennis; Dorothy Elmhirst; Eleanor Paison; Eurhythmy; fairy tale; Felicity Cumming; George Shdanoff; Henry Lyon Young; Hurd Hatfield; Mary Lou Taylor; Merchant of Venice; method [Chekhov]; Othello; Paul Rogers; Peter Tunnard; Possessed; Romeo and Juliet; Sam Schatz; Shakespeare; Shaw; Spanish Evening; speech; St. Joan; Terence Morgan; Valerie; Woodrow Chambliss,https://collections.uwindsor.ca/files/original/5192467b7a17a8cec2026155b5b69b5470f72692.pdf
1,play,1026,"January 31, 1940: The Mother: A fairy tale play - by Michael Chekhov","January 31, 1940",https://collections.uwindsor.ca/chekhov/item/1026,"Chekhov, Michael, 1891-1955. The Mother",fairy tale; The Mother,https://collections.uwindsor.ca/files/original/98daa575556e579f65997a5908ddc0d001d7d8f3.pdf
1,scene,741,"July 12, 1937","July 12, 1937",https://collections.uwindsor.ca/chekhov/item/741,The fishing scene,feeling of truth; fishing scene; justification; method [Chekhov],https://collections.uwindsor.ca/files/original/a46b5e62526087d6395c60649a317620e4d59f07.pdf
1,director,742,"July 13, 1937","July 13, 1937",https://collections.uwindsor.ca/chekhov/item/742,,director; justification,https://collections.uwindsor.ca/files/original/cb757793246df8d3b70668b9fc28c8bf80d1bd95.pdf
1,scene,744,"July 15, 1937","July 15, 1937",https://collections.uwindsor.ca/chekhov/item/744,"Rainis, Jānis, 1865-1929. The Golden steed; The fishing scene; Ibsen, Henrik, 1828-1906. Peer Gynt; Słowacki, Juliusz, 1809-1849. Balladina",Balladina; exercises; fishing scene; Golden Steed; Ibsen; life power; Peer Gynt; Rainis; Słowacki,https://collections.uwindsor.ca/files/original/06f5a89e22abd3e2418d7051339c2cd2e6248dbf.pdf
1,atmosphere,905,"July 15, 1938","July 15, 1938",https://collections.uwindsor.ca/chekhov/item/905,"Cervantes Saavedra, Miguel de, 1547-1616. Don Quixote",atmosphere; improvisation; method [Chekhov],https://collections.uwindsor.ca/files/original/849e039a8868384334168fcdf10ddef287b1b31c.pdf
1,atmosphere,973,"July, 1939","July, 1939",https://collections.uwindsor.ca/chekhov/item/973,"Dickens, Charles, 1812-1870. Pickwick papers",atmosphere; Dickens; Pickwick Papers,https://collections.uwindsor.ca/files/original/16565ed9ec2ad682e0f6731d9de34fbfc58556f1.pdf
1,style,890,"June 10, 1938","June 10, 1938",https://collections.uwindsor.ca/chekhov/item/890,"Young, Henry Lyon. Spanish evening",comedy; drama; Henry Lyon Young; Spanish Evening; style,https://collections.uwindsor.ca/files/original/5864e357162f549a7a218b56502e90517cde472f.pdf
1,objective,718,"June 12, 1937","June 12, 1937",https://collections.uwindsor.ca/chekhov/item/718,,objective,https://collections.uwindsor.ca/files/original/532e2638296bc0a0313873c1806ebd7dedb8f773.pdf
1,scene,720,"June 15, 1937","June 15, 1937",https://collections.uwindsor.ca/chekhov/item/720,"Słowacki, Juliusz, 1809-1849. Balladina; The fishing scene; Ibsen, Henrik, 1828-1906. Peer Gynt; Carnival (scene)",Balladina; Carnival scene; fishing scene; Ibsen; justification; Peer Gynt; rhythmical gesture; Słowacki,https://collections.uwindsor.ca/files/original/ac8b8c235d4bb0d5f596c275abc4fa4e50a5d26d.pdf
1,theatre,721,"June 16, 1937","June 16, 1937",https://collections.uwindsor.ca/chekhov/item/721,"Stanislavsky, Konstantin, 1863-1938; Moscow Art Theatre; Vakhtangov, Evgenii, 1883-1922; Princess Turandot; Dickens, Charles, 1812-1870. Cricket on the hearth",Cricket on the Hearth; Dickens; feeling of truth; intellect; Moscow Art Theatre; Princess Turandot; Stanislavsky; Vakhtangov,https://collections.uwindsor.ca/files/original/a9b693bf64bc363245512b90a2ae857eba201ad6.pdf
1,objective,722,"June 17, 1937","June 17, 1937",https://collections.uwindsor.ca/chekhov/item/722,"Słowacki, Juliusz, 1809-1849. Balladina; Ibsen, Henrik, 1828-1906. Peer Gynt",Balladina; costume; feeling of truth; Ibsen; justification; objective; Peer Gynt; Słowacki,https://collections.uwindsor.ca/files/original/0f4e31680496cd985b7e97f237d567c739256b70.pdf
1,theatre,893,"June 19, 1938","June 19, 1938",https://collections.uwindsor.ca/chekhov/item/893,"Young, Henry Lyon. Spanish evening; Stanislavsky, Konstantin, 1863-1938; Moscow Art Theatre; Cervantes Saavedra, Miguel de, 1547-1616. Don Quixote; Steiner, Rudolf, 1861-1925",archetype; body; center; Cervantes; characterization; Don Quixote; Eurhythmy; Henry Lyon Young; imagination; incorporation; method [Chekhov]; method [Stanislavsky]; psychological gesture; Spanish Evening; Stanislavsky; Steiner,https://collections.uwindsor.ca/files/original/0ed98209495501e14c8b81b953cace9ec7405702.pdf
1,scene,725,"June 22, 1937","June 22, 1937",https://collections.uwindsor.ca/chekhov/item/725,"Steiner, Rudolf, 1861-1925; Rainis, Jānis, 1865-1929. The Golden steed; The fishing scene",concentration; exercises; fishing scene; Golden Steed; Jānis; Rainis; Steiner,https://collections.uwindsor.ca/files/original/6f6e05e8fc04a3b5b19f59331a52a09210d60ee0.pdf
1,scene,727,"June 24, 1937","June 24, 1937",https://collections.uwindsor.ca/chekhov/item/727,The fishing scene,color; fishing scene; inspiration; lighting,https://collections.uwindsor.ca/files/original/836e265906a18333954a1443c108144133238489.pdf
1,rhythm,733,"June 29, 1937 (afternoon)","June 29, 1937",https://collections.uwindsor.ca/chekhov/item/733,"Shakespeare, William, 1564-1616. Hamlet",Beatrice Straight; Hamlet; rhythm; Shakespeare,https://collections.uwindsor.ca/files/original/69ac44a29557f0ae267a898cdf246eec8b8927d7.pdf
1,style,964,"June 29, 1939","June 29, 1939",https://collections.uwindsor.ca/chekhov/item/964,"Dickens, Charles, 1812-1870; Cruikshank, George, 1792-1878; Shakespeare, William, 1564-1616",characterization; costume; style; transitions,https://collections.uwindsor.ca/files/original/bbe24be51485c649745a491bb79f72396c39507d.pdf
1,style,965,"June 29, 1939: Suggestions for style for Pickwick","June 29, 1939",https://collections.uwindsor.ca/chekhov/item/965,"Dickens, Charles, 1812-1870. Pickwick papers; Cruikshank, George, 1792-1878",Cruikshank; Dickens; imagination; Pickwick Papers; transitions,https://collections.uwindsor.ca/files/original/03efe6a944ef5c6bf2c29d5cc210f9e285d73543.pdf
1,rhythm,900,"June 30, 1938","June 30, 1938",https://collections.uwindsor.ca/chekhov/item/900,"Young, Henry Lyon. Spanish evening",Henry Lyon Young; rhythm; Spanish Evening,https://collections.uwindsor.ca/files/original/00e978ebf542744231802ea2d777fed55b834cd0.pdf
1,theatre,884,"June 6, 1938","June 6, 1938",https://collections.uwindsor.ca/chekhov/item/884,"Young, Henry Lyon. Spanish evening; Shaw, Bernard, 1856-1950",author; Henry Lyon Young; method [Chekhov]; Shaw; Spanish Evening; theatre of the future,https://collections.uwindsor.ca/files/original/d8cc65b99eaba3450827e4f3286911f1b3a60b83.pdf
1,style,713,"June 7, 1937","June 7, 1937",https://collections.uwindsor.ca/chekhov/item/713,,style,https://collections.uwindsor.ca/files/original/5e40a0bdbbf6e535ca4c3f131901997f67fadf18.pdf
1,objective,959,"June 7, 1939","June 7, 1939",https://collections.uwindsor.ca/chekhov/item/959,,exercises; objective; rhythmical gesture,https://collections.uwindsor.ca/files/original/5b14a1fadd4ef6815a4773373c6de6c9150f61ce.pdf
1,theatre,887,"June 8, 1938: Suggestions for an article about Michael Chekhov","June 8, 1938",https://collections.uwindsor.ca/chekhov/item/887,"Stanislavsky, Konstantin, 1863-1938; Moscow Art Theatre; Steiner, Rudolf, 1861-1925; Markov, P. A. (Pavel Aleksandrovich), 1897-1980",Dorothy Elmhirst; George Shdanoff; Markov; method [Stanislavsky]; Moscow Art Theatre; Stanislavsky; Steiner,https://collections.uwindsor.ca/files/original/3a9eca64b473b28484fe9e47df26e4b8cc5a4177.pdf
1,theatre,1044,"June 8, 1940: Meeting with all students","June 8, 1940",https://collections.uwindsor.ca/chekhov/item/1044,"Shakespeare, William, 1564-1616. Twelfth night",Beatrice Straight; Shakespeare; theatre of the future; Twelfth Night,https://collections.uwindsor.ca/files/original/ba7c96a828100b3d4802a79b13037805fcdd3cd5.pdf
1,scene,961,"June 9, 1939","June 9, 1939",https://collections.uwindsor.ca/chekhov/item/961,"Draper, Ruth, 1884-1956; The robbers (scene)",Draper; exercises; movement; presence; radiating; robbers scene; significance,https://collections.uwindsor.ca/files/original/ba8b73cfebcba5d2ae2b2b23364dac6c587b933e.pdf
1,theatre,566,To the reader,"June, 1977",https://collections.uwindsor.ca/chekhov/item/566,"Chekhov, Michael, 1891-1955. To the actor, on the technique of acting; Strindberg, August, 1849-1912. Erik XIV; Vakhtangov, Evgenii, 1883-1922; Steiner, Rudolf, 1861-1925; Stanislavsky, Konstantin, 1863-1938; Reinhardt, Max, 1873-1943; Shakespeare, William, 1564-1616. Twelfth night; Shakespeare, William, 1564-1616. Hamlet",Chekhov Theatre Studio; Dartington Hall; Erik XIV; Georgette Boner; Hamlet; Reinhardt; Shakespeare; Stanislavsky; Steiner; Strindberg; Twelfth Night; Vakhtangov,https://collections.uwindsor.ca/files/original/3b5bcf2f7234d053c363a237b2ddc58981508708.pdf
1,theatre,841,"March 1, 1938","March 1, 1938",https://collections.uwindsor.ca/chekhov/item/841,"Young, Henry Lyon. Spanish evening; Shdanoff, George, 1905-1998. The Possessed; Moscow Art Theatre; Stanislavsky, Konstantin, 1863-1938; Nemirovich-Danchenko, Vasiliĭ Ivanovich, 1848-1936; Sulerzhit︠s︡kiĭ, L. A. (Leopolʹd Antonovich), 1872-1916; Vakhtangov, Evgenii, 1883-1922",Blair Cutting; Deirdre Hurst; Eleanor Paison; George Shdanoff; Henry Lyon Young; individuality; Possessed; space; Spanish Evening; urgency,https://collections.uwindsor.ca/files/original/ef1b12b953c3d466890980075434adef807d0061.pdf
1,ensemble,678,"March 12, 1937","March 12, 1937",https://collections.uwindsor.ca/chekhov/item/678,,ensemble feeling; feeling of the whole; threshold,https://collections.uwindsor.ca/files/original/637e2c81692e595e4a4c8b419f81591f997c4ae4.pdf
1,rhythm,857,"March 16, 1938","March 16, 1938",https://collections.uwindsor.ca/chekhov/item/857,"Shdanoff, George, 1905-1998. The Possessed",exercises; feeling of the whole; George Shdanoff; Possessed; rhythm,https://collections.uwindsor.ca/files/original/f86af6b8855ca611ef7a1751e13b83503409b655.pdf
1,tempo,946,"March 16, 1939","March 16, 1939",https://collections.uwindsor.ca/chekhov/item/946,"Shdanoff, George, 1905-1998. The Possessed",Beatrice Straight; Frances; George Shdanoff; John Flynn; Peter Tunnard; Possessed; tempo; Woodrow Chambliss,https://collections.uwindsor.ca/files/original/abcaaa412f360d12a89c3adc6f34d74937601428.pdf
1,rhythm,859,"March 17, 1938","March 17, 1938",https://collections.uwindsor.ca/chekhov/item/859,"Shakespeare, William, 1564-1616. King Lear",anticipation; climax; improvisation; King Lear; preparation; psychological gesture; rhythm; Shakespeare,https://collections.uwindsor.ca/files/original/a89fcf996d4197e9e6cd41279ef18565e64ff7df.pdf
1,style,860,"March 17, 1938 (afternoon)","March 17, 1938",https://collections.uwindsor.ca/chekhov/item/860,"Shdanoff, George, 1905-1998. The Possessed",George Shdanoff; Possessed; presence; style,https://collections.uwindsor.ca/files/original/5a97c10e73af2cd93673232f4b3f4793bf91d986.pdf
1,rhythm,861,"March 18, 1938","March 18, 1938",https://collections.uwindsor.ca/chekhov/item/861,"Berger, Henning, 1872-1924. The Deluge",Berger; Deluge; feeling of the whole; rhythm; the pause,https://collections.uwindsor.ca/files/original/ae6438dc92b7fc7632d282f7ad2688a8607e4936.pdf
1,director,684,"March 19, 1937: Advice for directors","March 19, 1937",https://collections.uwindsor.ca/chekhov/item/684,"Ibsen, Henrik, 1828-1906. Peer Gynt",director; Ibsen; Peer Gynt; psychological gesture,https://collections.uwindsor.ca/files/original/3a1badbc51c3509291ed81c5dc80b0ceb11ca9be.pdf
1,ensemble,673,"March 2, 1937","March 2, 1937",https://collections.uwindsor.ca/chekhov/item/673,,ensemble feeling,https://collections.uwindsor.ca/files/original/30cb11e460edafbe849f20fc7b6afc7eb30f6279.pdf
1,atmosphere,864,"March 21, 1938 (afternoon)","March 21, 1938",https://collections.uwindsor.ca/chekhov/item/864,"Shdanoff, George, 1905-1998. The Possessed",atmosphere; body; George Shdanoff; imagination; incorporation; Possessed,https://collections.uwindsor.ca/files/original/dadb46f94afaef96d5f350220765a9f5b62fe15b.pdf
1,audience,865,"March 22, 1938","March 22, 1938",https://collections.uwindsor.ca/chekhov/item/865,"Shdanoff, George, 1905-1998. The Possessed; Vakhtangov, Evgenii, 1883-1922",audience; George Shdanoff; Hurd Hatfield; imagination; John Schoepperle; Possessed; Vakhtangov,https://collections.uwindsor.ca/files/original/cefa544450302cf0146416f2dda5a6723d8f9dc1.pdf
1,rhythm,1086,"March 26, 1942: Lecture to members of ""Actors' Cue""","March 26, 1942",https://collections.uwindsor.ca/chekhov/item/1086,"Shakespeare, William, 1564-1616. King Lear; Hitler, Adolf, 1889-1945; Mussolini, Benito, 1883-1945",body; contrast; creativity; Hitler; imagination; ingenuity; King Lear; movement; Mussolini; rhythm; Shakespeare; speech,https://collections.uwindsor.ca/files/original/4fc22a8a7ba264b364801fdcd981a7fd5669995c.pdf
1,style,1040,"March 27, 1940","March 27, 1940",https://collections.uwindsor.ca/chekhov/item/1040,"Young, Henry Lyon. Spanish evening; Gorky, Maksim, 1868-1936. The Lower depths; Shakespeare, William, 1564-1616. King Richard III; Anderson, Maxwell, 1888-1959. Winterset; Shaw, Bernard, 1856-1950. Pygmalion; Molnár, Ferenc, 1878-1952. Liliom; Strindberg, August, 1849-1912. Stronger; Chaliapin, Fyodor Ivanovich, 1873-1938",Anderson; Barbara Joyce; Chaliapin; clown; commedia dell'arte; Esther; exercises; Gorky; Guy; Henry Lyon Young; improvisation; Liliom; Lower Depths; Molnár; psychological gesture; Pygmalion; Richard III; Shakespeare; Shaw; Spanish Evening; speech; Strindberg; Stronger; style; Virginia; Winterset,https://collections.uwindsor.ca/files/original/23bee73c9af91fe4cdc328b700ac3116326e2377.pdf
1,objective,689,"March 29, 1937","March 29, 1937",https://collections.uwindsor.ca/chekhov/item/689,"Stanislavsky, Konstantin, 1863-1938; Shakespeare, William, 1564-1616. Hamlet",Hamlet; objective; Shakespeare; Stanislavsky,https://collections.uwindsor.ca/files/original/e74634c1bd795010f6cc2a37319230a2b999158c.pdf
1,form,843,"March 3, 1938","March 3, 1938",https://collections.uwindsor.ca/chekhov/item/843,"Shdanoff, George, 1905-1998. The Possessed",feeling of form; George Shdanoff; Possessed; psychology,https://collections.uwindsor.ca/files/original/42e649a2331bbcf6b93514a14830fb791c639736.pdf
1,director,690,"March 30, 1937","March 30, 1937",https://collections.uwindsor.ca/chekhov/item/690,"Słowacki, Juliusz, 1809-1849. Balladina",director; Dorothy Elmhirst; Eleanor Paison; psychological gesture,https://collections.uwindsor.ca/files/original/3894d14d40359cecc0e84c4fd7b6664d2f88a4dd.pdf
1,style,844,"March 4, 1938","March 4, 1938",https://collections.uwindsor.ca/chekhov/item/844,"Shdanoff, George, 1905-1998. The Possessed; Young, Henry Lyon. Spanish evening",characterization; George Shdanoff; Henry Lyon Young; Possessed; Spanish Evening; style,https://collections.uwindsor.ca/files/original/de68843d17eb0cd495656cc7f58b38cde77d02e0.pdf
1,style,846,"March 7, 1938","March 7, 1938",https://collections.uwindsor.ca/chekhov/item/846,"Shdanoff, George, 1905-1998. The Possessed; Berger, Henning, 1872-1924. The Deluge",Berger; Deluge; George Shdanoff; Possessed; presence; style,https://collections.uwindsor.ca/files/original/a19fe4deed8c2af91df765aaf91f26161feb3d03.pdf
1,mise,848,"March 8, 1938 (afternoon)","March 8, 1938",https://collections.uwindsor.ca/chekhov/item/848,"Shakespeare, William, 1564-1616. Merchant of Venice; Shakespeare, William, 1564-1616. Othello; Shakespeare, William, 1564-1616. Romeo and Juliet",Blair Cutting; costume; Daphne Moore; Dennis; Hurd Hatfield; imagination; Mary Lou Taylor; Merchant of Venice; mise en scène; psychological gesture; Sam Schatz; Shakespeare; Valerie; Woodrow Chambliss,https://collections.uwindsor.ca/files/original/c8278710ab789a625d44cebe6841eae32d9223f0.pdf
1,theatre,677,"March 9, 1937: Appraisal or evaluation of performance: The First Studio (Moscow Art Theatre Second)","March 9, 1937",https://collections.uwindsor.ca/chekhov/item/677,Moscow Art Theatre,Moscow Art Theatre,https://collections.uwindsor.ca/files/original/f9c12a50970c6d1fd1b7b50a97bebc4ee3535a3f.pdf
1,theatre,565,"Impressions of Michael Chekhov, the actor, and recollections of the Chekhov Theatre Studio","March, 1976",https://collections.uwindsor.ca/chekhov/item/565,"Gogol, Nikolai Vasilevich, 1809-1852. The Inspector general; Berger, Henning, 1872-1924. The Deluge; Shakespeare, William, 1564-1616. Hamlet; Chekhov, Michael, 1891-1955. To the actor, on the technique of acting",Anton Chekhov; Berger; Chekhov Theatre Studio; Dartington Hall; Deirdre Hurst; Deluge; Gogol; Hamlet; Inspector General; Shakespeare; To the Actor,https://collections.uwindsor.ca/files/original/a71648f493a7c7a39240c501ff731d49582edf79.pdf
1,director,697,"May 1, 1937","May 1, 1937",https://collections.uwindsor.ca/chekhov/item/697,"Meyerhold, Vsevolod, 1874-1940; Słowacki, Juliusz, 1809-1849. Balladina; Shakespeare, William, 1564-1616. Macbeth; Rainis, Jānis, 1865-1929. The Golden steed; Mussolini, Benito, 1883-1945",Alan Harkness; Balladina; Deirdre Hurst; director; Macbeth; Meyerhold; Mussolini; psychological gesture; Shakespeare; Słowacki,https://collections.uwindsor.ca/files/original/79e80060df35e157a58dc0344137d4bd28b9689f.pdf
1,style,873,"May 10, 1938 (afternoon)","May 10, 1938",https://collections.uwindsor.ca/chekhov/item/873,"Shdanoff, George, 1905-1998. The Possessed; Young, Henry Lyon. Spanish evening",feeling of truth; George Shdanoff; Henry Lyon Young; justification; method [Chekhov]; Possessed; psychological gesture; Spanish Evening; style; technique,https://collections.uwindsor.ca/files/original/7deedba3c73650ce7d5bcc86221bcf51fac9f964.pdf
1,form,872,"May 10, 1938 (morning)","May 10, 1938",https://collections.uwindsor.ca/chekhov/item/872,"Shdanoff, George, 1905-1998. The Possessed; Stanislavsky, Konstantin, 1863-1938",characterization; form; George Shdanoff; method [Chekhov]; Possessed; psychological gesture; Stanislavsky,https://collections.uwindsor.ca/files/original/3b7720c2f690a45781d830df0938fd562254adef.pdf
1,director,701,"May 11, 1937","May 11, 1937",https://collections.uwindsor.ca/chekhov/item/701,"Słowacki, Juliusz, 1809-1849. Balladina",Balladina; director; movement; Słowacki,https://collections.uwindsor.ca/files/original/533a75b43620f63536130de7c67806fc7320f33c.pdf
1,atmosphere,874,"May 12, 1938","May 12, 1938",https://collections.uwindsor.ca/chekhov/item/874,"Shdanoff, George, 1905-1998. The Possessed",atmosphere; George Shdanoff; method [Chekhov]; Possessed,https://collections.uwindsor.ca/files/original/15470ac5bd1a88bc2f19e2a023478f5a31b36beb.pdf
1,style,875,"May 17, 1938","May 17, 1938",https://collections.uwindsor.ca/chekhov/item/875,"Young, Henry Lyon. Spanish evening",Alan Harkness; Blair Cutting; characterization; Dorothy Elmhirst; Peter Tunnard; Sam Schatz; style; Terence Morgan,https://collections.uwindsor.ca/files/original/3195564f7d75df451d18ba6baaa30bc99c3dd6ca.pdf
1,tempo,956,"May 18, 1939","May 18, 1939",https://collections.uwindsor.ca/chekhov/item/956,"Gorky, Maksim, 1868-1936. The Lower depths; Shdanoff, George, 1905-1998. The Possessed",Alan Harkness; Blair Cutting; Catharine; Erika Kapralik Chambliss; George Shdanoff; Gorky; Jean[ne]; Lower Depths; Possessed; psychological gesture; Sam Schatz; tempo,https://collections.uwindsor.ca/files/original/0d1f60b3dd441c8b89bc7adec1f6c7f1c316b344.pdf
1,objective,704,"May 19, 1937","May 19, 1937",https://collections.uwindsor.ca/chekhov/item/704,"Shakespeare, William, 1564-1616. King Lear; Słowacki, Juliusz, 1809-1849. Balladina",Balladina; King Lear; metamorphosis; objective; Shakespeare; Słowacki,https://collections.uwindsor.ca/files/original/6ccc475fa9368768054e26efae61fbb7767bbd09.pdf
1,objective,878,"May 21, 1938 (afternoon)","May 21, 1938",https://collections.uwindsor.ca/chekhov/item/878,"Stanislavsky, Konstantin, 1863-1938; Shakespeare, William, 1564-1616. Hamlet; Steiner, Rudolf, 1861-1925",Alan Harkness; body; gesture; Hamlet; objective; Shakespeare; Stanislavsky; Steiner; will,https://collections.uwindsor.ca/files/original/998a6c46918b896aa442b5d090fee04a37f2046d.pdf
1,style,879,"May 21, 1938 (afternoon)","May 22, 1938",https://collections.uwindsor.ca/chekhov/item/879,"Shdanoff, George, 1905-1998. The Possessed; Dostoyevsky, Fyodor, 1821-1881. Crime and punishment",Crime and Punishment; Deirdre Hurst; Dorothy Elmhirst; Dostoyevsky; fire; George Shdanoff; John Schoepperle; Possessed; psychology; style,https://collections.uwindsor.ca/files/original/3c402c0d36af2f071006d46c0d9815fabc0b91ce.pdf
1,atmosphere,957,"May 22, 1939","May 22, 1939",https://collections.uwindsor.ca/chekhov/item/957,,atmosphere; speech,https://collections.uwindsor.ca/files/original/74f1e68e2f66dd173683ae7d68c92a558a149b5e.pdf
1,style,880,"May 25, 1938","May 26, 1938",https://collections.uwindsor.ca/chekhov/item/880,"Young, Henry Lyon. Spanish evening",Henry Lyon Young; Spanish Evening; style,https://collections.uwindsor.ca/files/original/fb03aa69f3c2150ebd9c0f458fc5f4a23bd4c487.pdf
1,style,869,"May 3, 1938 (afternoon)","May 3, 1938",https://collections.uwindsor.ca/chekhov/item/869,"Young, Henry Lyon. Spanish evening",Henry Lyon Young; inspiration; method [Chekhov]; radiating; Spanish Evening; style,https://collections.uwindsor.ca/files/original/afb5a06eee0e2162b6ad24ea76af9a3c4bdf49b2.pdf
1,atmosphere,882,"May 30, 1938","May 30, 1938",https://collections.uwindsor.ca/chekhov/item/882,"Stanislavsky, Konstantin, 1863-1938; Chekhov, Anton Pavlovich, 1860-1904; Ibsen, Henrik, 1828-1906",Alan Harkness; atmosphere; Blair Cutting; creativity; Hurd Hatfield; improvisation; Jean[ne]; John Schoepperle; Mary La; Mary Lou Taylor; method [Chekhov]; Paul Rogers; Peter Tunnard; René; Sam Schatz; Veronica; Woodrow Chambliss,https://collections.uwindsor.ca/files/original/65cd2883e3f661d1a646ac6214ada42caca629c0.pdf
1,play,708,"May 31, 1937","May 31, 1937",https://collections.uwindsor.ca/chekhov/item/708,"Rainis, Jānis, 1865-1929. The Golden steed",flying over the play; Golden Steed; Rainis,https://collections.uwindsor.ca/files/original/81a67196825c067f8137f23472784fd954f077d2.pdf
1,atmosphere,1011,"November 1, 1939","November 1, 1939",https://collections.uwindsor.ca/chekhov/item/1011,"Shdanoff, George, 1905-1998. The Possessed; Dickens, Charles, 1812-1870. Pickwick papers; Rembrandt Harmenszoon van Rijn, 1606-1669",atmosphere; Beatrice Straight; Dickens; George Shdanoff; method [Chekhov]; Pickwick Papers; Possessed; presence; Rembrandt,https://collections.uwindsor.ca/files/original/ceec1253d5e5e0101dcee6ca8a20d4fff3fb2728.pdf
1,play,1012,"November 1, 1939: Interview with the Christian Science Monitor","November 1, 1939",https://collections.uwindsor.ca/chekhov/item/1012,"Chekhov, Anton Pavlovich, 1860-1904; Shakespeare, William, 1564-1616",Anton Chekhov; archetype; characterization; humor; idea of the play; Shakespeare,https://collections.uwindsor.ca/files/original/3c4a964c34f4300fc3eb92bd3b6912595a758879.pdf
1,rhythm,779,"November 11, 1937","November 11, 1937",https://collections.uwindsor.ca/chekhov/item/779,"Michelangelo Buonarroti, 1475-1564",exercises; improvisation; Michelangelo; rhythm,https://collections.uwindsor.ca/files/original/7729879927c02561133403a906e8f06ab0d77aaa.pdf
1,tempo,923,"November 12, 1938","November 12, 1938",https://collections.uwindsor.ca/chekhov/item/923,"Young, Henry Lyon. Spanish evening",fire; Henry Lyon Young; Spanish Evening; tempo,https://collections.uwindsor.ca/files/original/5d97b70d0275b0d59053a07ada5e78723a2b28fb.pdf
1,style,1058,"November 12, 1940","November 12, 1940",https://collections.uwindsor.ca/chekhov/item/1058,,clown; comedy; drama; style; tragedy,https://collections.uwindsor.ca/files/original/5725971c12d0c2a8afa0a4ba0e69077b30e2b1dd.pdf
1,rhythm,782,"November 15, 1937","November 15, 1937",https://collections.uwindsor.ca/chekhov/item/782,"Shakespeare, William, 1564-1616. Hamlet; Vakhtangov, Evgenii, 1883-1922",cliché; Hamlet; improvisation; incorporation; rhythm; Shakespeare; the pause; Vakhtangov,https://collections.uwindsor.ca/files/original/a1f9a8f5fbd8a3be35f49ec7da696f663832574f.pdf
1,tempo,1014,"November 15, 1939","November 15, 1939",https://collections.uwindsor.ca/chekhov/item/1014,"Dickens, Charles, 1812-1870. Pickwick papers",characterization; Dickens; fairy tale; feeling of truth; Pickwick Papers; tempo; transitions,https://collections.uwindsor.ca/files/original/75694d17b66cd0e4ec5799014b6c74b8b82aebdc.pdf
1,atmosphere,624,"November 17, 1936","November 17, 1936",https://collections.uwindsor.ca/chekhov/item/624,"Rainis, Jānis, 1865-1929. The Golden steed",atmosphere; feeling of truth,https://collections.uwindsor.ca/files/original/9c8d3345f2c7b4484c9cd4b668aac2a0de6cbac3.pdf
1,objective,783,"November 17, 1937","November 17, 1937",https://collections.uwindsor.ca/chekhov/item/783,"Shakespeare, William, 1564-1616. Hamlet",Hamlet; improvisation; objective; Shakespeare,https://collections.uwindsor.ca/files/original/5a5566edada535b25e77ec14c97c36c7ca6c00f6.pdf
1,group,1015,"November 17, 1939: Meeting with members of the group","November 17, 1939",https://collections.uwindsor.ca/chekhov/item/1015,,Alice Crowther; Beatrice Straight; Blair Cutting; Erika Kapralik Chambliss; Eugene Somoff; George Shdanoff; Hurd Hatfield; John Flynn; Lonnie; Louise; Mary La; Mary Lou Taylor; Sam Schatz; Tanny; Tom Hughes; Woodrow Chambliss,https://collections.uwindsor.ca/files/original/b1f56dc393b31b404a0b9d2ba57c7f57e872f10c.pdf
1,atmosphere,1073,"November 17, 1941: Michael Chekhov's fourth class for professional actors: Theory and practice","November 17, 1941",https://collections.uwindsor.ca/chekhov/item/1073,,anticipation; atmosphere; exercises; feeling of ease; improvisation; preparation; sustaining; the pause,https://collections.uwindsor.ca/files/original/fe33316a32a0bea25bea3376610b57ce766b5c5b.pdf
1,play,625,"November 18, 1936","November 18, 1936",https://collections.uwindsor.ca/chekhov/item/625,"Rainis, Jānis, 1865-1929. The Golden steed",flying over the play; movement; Peter Tunnard,https://collections.uwindsor.ca/files/original/1fcc365e54c7f999468c84b1fa503062c497bb0a.pdf
1,objective,776,"November 2, 1937","November 2, 1937",https://collections.uwindsor.ca/chekhov/item/776,"Berger, Henning, 1872-1924. The Deluge",Berger; Deluge; improvisation; incorporation; objective; psychological gesture,https://collections.uwindsor.ca/files/original/ea90be8cd12879825db3e36cb3af21770fee742c.pdf
1,form,627,"November 21, 1936","November 21, 1936",https://collections.uwindsor.ca/chekhov/item/627,"Rainis, Jānis, 1865-1929. The Golden steed",dynamics; feeling of form; Golden Steed; Rainis,https://collections.uwindsor.ca/files/original/cdbe14f3a5fcaa28017108631105830c2b86a218.pdf
1,form,628,"November 23, 1936","November 23, 1936",https://collections.uwindsor.ca/chekhov/item/628,"Rainis, Jānis, 1865-1929. The Golden steed; Stanislavsky, Konstantin, 1863-1938; Delsarte, François, 1811-1871",Alan Harkness; Delsarte; Eleanor Paison; Esme Hubbard; Eurhythmy; feeling of form; Golden Steed; Peter Tunnard; psychological gesture; Rainis; Stanislavsky; Volkonsky,https://collections.uwindsor.ca/files/original/b62d4d3482fbe142f228ba33193a845ce74bf7d7.pdf
1,form,1075,"November 24, 1941: Michael Chekhov's sixth class for professional actors: The creative process -- The inspiration -- The method","November 24, 1941",https://collections.uwindsor.ca/chekhov/item/1075,"Tolstoy, Leo, 1828-1910",body; characterization; creativity; Dickens; exercises; feeling of ease; feeling of form; imagination; inspiration; intellect; Leo Tolstoy; method [Chekhov]; movement; Pickwick Papers,https://collections.uwindsor.ca/files/original/08f95e8a833eb7b3958cb11238ab06cc63364865.pdf
1,scene,630,"November 25, 1936","November 25, 1936",https://collections.uwindsor.ca/chekhov/item/630,"Rainis, Jānis, 1865-1929. The Golden steed; Vakhtangov, Evgenii, 1883-1922; The fishing scene",Eleanor Paison; fishing scene; Golden Steed; Rainis; Vakhtangov,https://collections.uwindsor.ca/files/original/e4a101509cf81616fff4e765f38a6043b821c080.pdf
1,ensemble,632,"November 26, 1936","November 26, 1936",https://collections.uwindsor.ca/chekhov/item/632,"Rainis, Jānis, 1865-1929. The Golden steed; Shakespeare, William, 1564-1616. Hamlet",ensemble feeling; Golden Steed; radiating; Rainis; space; the pause,https://collections.uwindsor.ca/files/original/dd20ccab6d711a44b7e436376f9ed4a455d7ff64.pdf
1,style,1067,"November 28, 1941","November 28, 1941",https://collections.uwindsor.ca/chekhov/item/1067,"Chekhov, Anton Pavlovich, 1860-1904; Ibsen, Henrik, 1828-1906; Shakespeare, William, 1564-1616",Anton Chekhov; clown; comedy; creativity; drama; exercises; style; tragedy,https://collections.uwindsor.ca/files/original/a86e222e9092ec39ba794e2cbbefc9b69bf8931c.pdf
1,rehearsal,920,"November 3, 1938: Rehearsal suggestions for Spanish Evening and The Possessed","November 3, 1938",https://collections.uwindsor.ca/chekhov/item/920,"Young, Henry Lyon. Spanish evening; Shdanoff, George, 1905-1998. The Possessed",George Shdanoff; Henry Lyon Young; Mary La; Paul Rogers; Possessed; Spanish Evening,https://collections.uwindsor.ca/files/original/281ab53a0aaf4c919730ce6cb77ba2f62fcb18bd.pdf
1,form,1064,"November 7, 1941: Lesson for students in New York class","November 7, 1941",https://collections.uwindsor.ca/chekhov/item/1064,,center; exercises; feeling of ease; feeling of form,https://collections.uwindsor.ca/files/original/40aa7563dda05c50cc8f768341fd6977f8491b22.pdf
1,atmosphere,765,"October 18, 1937","October 18, 1937",https://collections.uwindsor.ca/chekhov/item/765,,atmosphere; exercises; improvisation; psychological gesture,https://collections.uwindsor.ca/files/original/b7fee2a5a39507463087432edf601b503d0691ba.pdf
1,atmosphere,754,"October 2, 1937","October 2, 1937",https://collections.uwindsor.ca/chekhov/item/754,"Dostoyevsky, Fyodor, 1821-1881",atmosphere; characterization; contact; Dostoyevsky; exercises; improvisation; inspiration; open heart,https://collections.uwindsor.ca/files/original/6b9ebbfe21dcbec1bbf3b0c5d43433f53b1b4232.pdf
1,objective,767,"October 20, 1937","October 20, 1937",https://collections.uwindsor.ca/chekhov/item/767,,characterization; exercises; movement; objective,https://collections.uwindsor.ca/files/original/5270b20d787d2745216ab88fa56c3b07ad1f517e.pdf
1,ensemble,1062,"October 21, 1941: First lesson to students in New York class","October 21, 1941",https://collections.uwindsor.ca/chekhov/item/1062,,body; ensemble feeling; psychology; soul,https://collections.uwindsor.ca/files/original/bc5f8e8bf812c56419933a452ce10e97949c0f79.pdf
1,tempo,916,"October 28, 1938","October 28, 1938",https://collections.uwindsor.ca/chekhov/item/916,"Young, Henry Lyon. Spanish evening; Cervantes Saavedra, Miguel de, 1547-1616. Don Quixote",Cervantes; characterization; commedia dell'arte; Don Quixote; Henry Lyon Young; humor; Hurd Hatfield; Paul Rogers; Spanish Evening; tempo,https://collections.uwindsor.ca/files/original/e9a085e5d09bbf9b8aad66da63f48c5a53ab1408.pdf
1,theatre,917,"October 31, 1938","October 31, 1938",https://collections.uwindsor.ca/chekhov/item/917,"Young, Henry Lyon. Spanish evening; Moscow Art Theatre; Stanislavsky, Konstantin, 1863-1938",Deirdre Hurst; Erika Kapralik Chambliss; Henry Lyon Young; Mary Lou Taylor; Moscow Art Theatre; Paul Rogers; psychological gesture; Spanish Evening; Stanislavsky; Woodrow Chambliss,https://collections.uwindsor.ca/files/original/24657eed29c229dad7cb4c5bbecdb6d8dbfd0a89.pdf
1,scene,755,"October 4, 1937","October 4, 1937",https://collections.uwindsor.ca/chekhov/item/755,"Gogol, Nikolai Vasilevich, 1809-1852. The Inspector general; Shakespeare, William, 1564-1616. King Lear; Shakespeare, William, 1564-1616. Hamlet; The fishing scene; Chekhov, Anton Pavlovich, 1860-1904. Three sisters",Anton Chekhov; concentration; contact; exercises; fishing scene; Gogol; Hamlet; imagination; improvisation; Inspector General; King Lear; Shakespeare; Three Sisters,https://collections.uwindsor.ca/files/original/0f5b47ae117ec9f9a7c8450938e35ae555992c61.pdf
1,director,911,"October 5, 1938: Transform director's suggestion into actor's desire","October 5, 1938",https://collections.uwindsor.ca/chekhov/item/911,"Shdanoff, George, 1905-1998. The Possessed",Cervantes; director; Don Quixote; George Shdanoff; Possessed,https://collections.uwindsor.ca/files/original/f00c4aef9d5917d8441d218d0db59853a3011a1d.pdf
1,form,1009,"October 5, 1939","October 5, 1939",https://collections.uwindsor.ca/chekhov/item/1009,"Goethe, Johann Wolfgang von, 1749-1832; Shakespeare, William, 1564-1616. Hamlet; Shdanoff, George, 1905-1998. The Possessed",body; exercises; feeling of ease; feeling of form; George Shdanoff; Goethe; Hamlet; imagination; method [Chekhov]; Possessed; Shakespeare; will,https://collections.uwindsor.ca/files/original/98c45cf1ef8febc856259a9ed76e8fd7ae406676.pdf
1,theatre,1010,"October 5, 1939: Graduation of six students -- Recipients of actor's diplomas and teacher's certificates","October 5, 1939",https://collections.uwindsor.ca/chekhov/item/1010,"Moscow Art Theatre; Reinhardt, Max, 1873-1943; Jilinsky, Andrius",Alan Harkness; Beatrice Straight; Blair Cutting; Deirdre Hurst; Dorothy Elmhirst; Peter Tunnard,https://collections.uwindsor.ca/files/original/6d3c957087b84856b46fe2b52589695cb8abaa5b.pdf
1,scene,756,"October 6, 1937","October 6, 1937",https://collections.uwindsor.ca/chekhov/item/756,The fishing scene,concentration; contact; exercises; fishing scene; imagination; incorporation; inspiration; movement,https://collections.uwindsor.ca/files/original/c77fa30a6041c117083363507ab8d35ef1f2b306.pdf
1,style,998,"September 11, 1939","September 11, 1939",https://collections.uwindsor.ca/chekhov/item/998,"Shdanoff, George, 1905-1998. The Possessed; Shakespeare, William, 1564-1616. Hamlet",fire; George Shdanoff; Hamlet; Possessed; Shakespeare; style,https://collections.uwindsor.ca/files/original/6dc2b7a54633f63f519b6a386817dc04252a2ede.pdf
1,ensemble,1053,"September 16, 1940","September 16, 1940",https://collections.uwindsor.ca/chekhov/item/1053,"Strindberg, August, 1849-1912. Stronger",ensemble feeling; Pas; Penny; radiating; Strindberg; Stronger; transitions,https://collections.uwindsor.ca/files/original/addeb94bf683ca6b97d722fe6dd80cee5612e4b2.pdf
1,ensemble,1055,"September 16, 1940","September 16, 1940",https://collections.uwindsor.ca/chekhov/item/1055,"Steiner, Rudolf, 1861-1925",body; ensemble feeling; exercises; psychology; Steiner,https://collections.uwindsor.ca/files/original/fa12174b68eaa980d00203b6ef0191e3b1b42265.pdf
1,form,1054,"September 16, 1940 (afternoon)","September 16, 1940",https://collections.uwindsor.ca/chekhov/item/1054,"Dickens, Charles, 1812-1870. Pickwick papers",Dickens; exercises; feeling of ease; feeling of form; Pickwick Papers,https://collections.uwindsor.ca/files/original/0b171f5b66ebf7c14dd9ae0ea7dfec96d1d80dee.pdf
1,tempo,1001,"September 20, 1939","September 20, 1939",https://collections.uwindsor.ca/chekhov/item/1001,"Shakespeare, William, 1564-1616. King Lear",exercises; King Lear; presence; radiating; Shakespeare; tempo,https://collections.uwindsor.ca/files/original/736a4878a0cb7d490bb413e1f391ef54f7ff90a2.pdf
1,atmosphere,1056,"September 23, 1940","September 23, 1940",https://collections.uwindsor.ca/chekhov/item/1056,"Shakespeare, William, 1564-1616. Hamlet",atmosphere; Hamlet; inspiration; psychology; Shakespeare; soul; will,https://collections.uwindsor.ca/files/original/b8e587cd8a4fea17f7a67569a9f10b9e763662aa.pdf
1,tempo,1003,"September 24, 1939","September 24, 1939",https://collections.uwindsor.ca/chekhov/item/1003,"Shakespeare, William, 1564-1616. King Lear; Moissi, Alexander, 1879-1935; Shakespeare, William, 1564-1616. Hamlet",exercises; fire; Hamlet; King Lear; Moissi; radiating; Shakespeare; tempo; transitions,https://collections.uwindsor.ca/files/original/6746c5c0fe38cb389497f2ef241306c22442960f.pdf
1,tempo,1004,"September 25, 1939","September 25, 1939",https://collections.uwindsor.ca/chekhov/item/1004,,exercises; tempo,https://collections.uwindsor.ca/files/original/bd3e1400816e6641ab840bd36b787f1be9e78e15.pdf
1,scene,749,"September 27, 1937 (afternoon)","September 27, 1937",https://collections.uwindsor.ca/chekhov/item/749,"The fairy tale / Two kings (scene); The fishing scene; Chaliapin, Fyodor Ivanovich, 1873-1938; Shakespeare, William, 1564-1616. King Lear",archetype; Chaliapin; fairy tale; fishing scene; King Lear; Shakespeare,https://collections.uwindsor.ca/files/original/cf9684a3b207bd3c6399f2ffad5260d688bb15e5.pdf
1,objective,752,"September 30, 1937","September 30, 1937",https://collections.uwindsor.ca/chekhov/item/752,"Stanislavsky, Konstantin, 1863-1938. Actor prepares; Shakespeare, William, 1564-1616. Hamlet; Strindberg, August, 1849-1912. Erik XIV; Klemperer, Otto, 1885-1973; Vakhtangov, Evgenii, 1883-1922; Chekhov, Anton Pavlovich, 1860-1904. Three sisters",Actor Prepares; Anton Chekhov; characterization; concentration; Erik XIV; Hamlet; imagination; improvisation; incorporation; Klemperer; objective; psychological gesture; Shakespeare; Stanislavsky; Strindberg; Three Sisters; Vakhtangov,https://collections.uwindsor.ca/files/original/3fb3acda7bf7faff226f074d6d2416ed443c2ba5.pdf
1,atmosphere,995,"September 5, 1939","September 5, 1939",https://collections.uwindsor.ca/chekhov/item/995,"Shdanoff, George, 1905-1998. The Possessed; Hitler, Adolf, 1889-1945; Steiner, Rudolf, 1861-1925; Schopenhauer, Arthur, 1788-1860",atmosphere; Beatrice Straight; body; Catherine Gabrielson; characterization; Ellen Van Volkenberg; George Shdanoff; Hitler; Hurd Hatfield; performance; Peter Tunnard; Schopenhauer; soul; Steiner,https://collections.uwindsor.ca/files/original/b81b422023c2b07c4f448307e4e59f66320b21cf.pdf
1,atmosphere,996,"September 6, 1939","September 6, 1939",https://collections.uwindsor.ca/chekhov/item/996,"Shdanoff, George, 1905-1998. The Possessed",atmosphere; Beatrice Straight; Blair Cutting; fairy tale; George Shdanoff; Hurd Hatfield; John Flynn; Lonnie; Mary Lou Taylor; Peter Tunnard; Possessed; Tom Hughes,https://collections.uwindsor.ca/files/original/6c556befb326e4f9beb67d175b12b867d6623de0.pdf
1,ensemble,1052,"September 6, 1940","September 6, 1940",https://collections.uwindsor.ca/chekhov/item/1052,"Tree, Iris, 1897-1968. Troublemaker-Doublemaker",characterization; ensemble feeling; exercises; imagination; Iris Tree; Troublemaker-Doublemaker,https://collections.uwindsor.ca/files/original/0b6c92b01981a78520dec6b677a8ebf117dc81e2.pdf
1,atmosphere,997,"September 7, 1939","September 7, 1939",https://collections.uwindsor.ca/chekhov/item/997,"Shdanoff, George, 1905-1998. The Possessed",atmosphere; characterization; George Shdanoff; Possessed,https://collections.uwindsor.ca/files/original/0a0a8939b14fa3db6a4341e7381d1a5ed68be70a.pdf
1,play,993,"September, 1939: The Possessed by Dostoyevsky: The historical background and some of the ideas underlying the play as described by Eugene Somoff","September, 1939",https://collections.uwindsor.ca/chekhov/item/993,"Dostoyevsky, Fyodor, 1821-1881. The Possessed; Marx, Karl, 1818-1883; Stalin, Joseph, 1878-1953; Lenin, Vladimir Ilʹich, 1870-1924",Dostoyevsky; Lenin; Marx; Possessed; Stalin,https://collections.uwindsor.ca/files/original/529f92b0f40902f8e1355a1eb2e8da691940c408.pdf
